JeffCoFacilityID,UniqueID,SchoolName,SystemCategory,AssetType,PriorityScore,ConditionSource,ReplacementCost
101,CO-1420-0030,Adams ES,00_general,ADA compliance,,,
101,CO-1420-0030,Adams ES,01_new construction,Demolition,,,
101,CO-1420-0030,Adams ES,01_new construction,New construction ES,,,
101,CO-1420-0030,Adams ES,01_new construction,New construction HS,,,
101,CO-1420-0030,Adams ES,01_new construction,New construction K-8,,,
101,CO-1420-0030,Adams ES,01_new construction,New construction MS,,,
101,CO-1420-0030,Adams ES,01_new construction,New auditorium,,,
101,CO-1420-0030,Adams ES,04_campus upgrade,Add shade structure(s),,1,
101,CO-1420-0030,Adams ES,04_campus upgrade,Campus landscaping upgrade,,,
101,CO-1420-0030,Adams ES,04_campus upgrade,Parking lot expansion,,,
101,CO-1420-0030,Adams ES,04_campus upgrade,"Front of school branding, landscape upgrades",,0.9,
101,CO-1420-0030,Adams ES,04_campus upgrade,Furniture upgrades,,0.225,
101,CO-1420-0030,Adams ES,04_campus upgrade,Improve drop-off / pick-up zone,,0.541666667,
101,CO-1420-0030,Adams ES,04_campus upgrade,New outdoor classroom,,1,
101,CO-1420-0030,Adams ES,04_campus upgrade,Playground replacement (ages 2-5),,0.75,
101,CO-1420-0030,Adams ES,04_campus upgrade,Playground replacement (ages 5-12),,0.75,
101,CO-1420-0030,Adams ES,04_campus upgrade,Resurface asphalt,,,
101,CO-1420-0030,Adams ES,04_campus upgrade,Resurface concrete,,,
101,CO-1420-0030,Adams ES,04_campus upgrade,Artificial turf field replacement and track resurfacing - HS,,,
101,CO-1420-0030,Adams ES,05_Modernization,Modernize admin,,0.933333333,
101,CO-1420-0030,Adams ES,05_Modernization,Modernize classrooms,,0.663777778,
101,CO-1420-0030,Adams ES,05_Modernization,Modernize gym / assembly space,,0.505087209,
101,CO-1420-0030,Adams ES,05_Modernization,Modernize kitchen,,,
101,CO-1420-0030,Adams ES,05_Modernization,Modernize cafeteria,,0.411337209,
101,CO-1420-0030,Adams ES,05_Modernization,Modernize multipurpose room,,Does not apply,
101,CO-1420-0030,Adams ES,05_Modernization,Heavily modernize restrooms,,0.666666667,
101,CO-1420-0030,Adams ES,05_Modernization,Heavily modernize STEM / CTE / specialized labs (MS/HS),,Does not apply,
101,CO-1420-0030,Adams ES,05_Modernization,Lightly modernize corridors,,1,
101,CO-1420-0030,Adams ES,05_Modernization,Lightly modernize entry lobby,,0.658333333,
101,CO-1420-0030,Adams ES,05_Modernization,Lightly modernize library/media center,,,
101,CO-1420-0030,Adams ES,04_campus upgrade,Security package,,0.7825,
102,CO-1420-0724,Belmar School of Integrated Arts,00_general,ADA compliance,,,
102,CO-1420-0724,Belmar School of Integrated Arts,01_new construction,Demolition,,,
102,CO-1420-0724,Belmar School of Integrated Arts,01_new construction,New construction ES,,,
102,CO-1420-0724,Belmar School of Integrated Arts,01_new construction,New construction HS,,,
102,CO-1420-0724,Belmar School of Integrated Arts,01_new construction,New construction K-8,,,
102,CO-1420-0724,Belmar School of Integrated Arts,01_new construction,New construction MS,,,
102,CO-1420-0724,Belmar School of Integrated Arts,01_new construction,New auditorium,,,
102,CO-1420-0724,Belmar School of Integrated Arts,04_campus upgrade,Add shade structure(s),,0,
102,CO-1420-0724,Belmar School of Integrated Arts,04_campus upgrade,Campus landscaping upgrade,,,
102,CO-1420-0724,Belmar School of Integrated Arts,04_campus upgrade,Parking lot expansion,,,
102,CO-1420-0724,Belmar School of Integrated Arts,04_campus upgrade,"Front of school branding, landscape upgrades",,0.7375,
102,CO-1420-0724,Belmar School of Integrated Arts,04_campus upgrade,Furniture upgrades,,0.225,
102,CO-1420-0724,Belmar School of Integrated Arts,04_campus upgrade,Improve drop-off / pick-up zone,,0.9,
102,CO-1420-0724,Belmar School of Integrated Arts,04_campus upgrade,New outdoor classroom,,0,
102,CO-1420-0724,Belmar School of Integrated Arts,04_campus upgrade,Playground replacement (ages 2-5),,Does not apply,
102,CO-1420-0724,Belmar School of Integrated Arts,04_campus upgrade,Playground replacement (ages 5-12),,0.5,
102,CO-1420-0724,Belmar School of Integrated Arts,04_campus upgrade,Resurface asphalt,,,
102,CO-1420-0724,Belmar School of Integrated Arts,04_campus upgrade,Resurface concrete,,,
102,CO-1420-0724,Belmar School of Integrated Arts,04_campus upgrade,Artificial turf field replacement and track resurfacing - HS,,,
102,CO-1420-0724,Belmar School of Integrated Arts,05_Modernization,Modernize admin,,0.427777778,
102,CO-1420-0724,Belmar School of Integrated Arts,05_Modernization,Modernize classrooms,,0.619419338,
102,CO-1420-0724,Belmar School of Integrated Arts,05_Modernization,Modernize gym / assembly space,,0.411337209,
102,CO-1420-0724,Belmar School of Integrated Arts,05_Modernization,Modernize kitchen,,,
102,CO-1420-0724,Belmar School of Integrated Arts,05_Modernization,Modernize cafeteria,,0.562257752,
102,CO-1420-0724,Belmar School of Integrated Arts,05_Modernization,Modernize multipurpose room,,Does not apply,
102,CO-1420-0724,Belmar School of Integrated Arts,05_Modernization,Heavily modernize restrooms,,1,
102,CO-1420-0724,Belmar School of Integrated Arts,05_Modernization,Heavily modernize STEM / CTE / specialized labs (MS/HS),,Does not apply,
102,CO-1420-0724,Belmar School of Integrated Arts,05_Modernization,Lightly modernize corridors,,1,
102,CO-1420-0724,Belmar School of Integrated Arts,05_Modernization,Lightly modernize entry lobby,,0.75,
102,CO-1420-0724,Belmar School of Integrated Arts,05_Modernization,Lightly modernize library/media center,,,
102,CO-1420-0724,Belmar School of Integrated Arts,04_campus upgrade,Security package,,0.691785714,
103,CO-1420-0779,Bergen Valley ES,00_general,ADA compliance,,,
103,CO-1420-0779,Bergen Valley ES,01_new construction,Demolition,,,
103,CO-1420-0779,Bergen Valley ES,01_new construction,New construction ES,,,
103,CO-1420-0779,Bergen Valley ES,01_new construction,New construction HS,,,
103,CO-1420-0779,Bergen Valley ES,01_new construction,New construction K-8,,,
103,CO-1420-0779,Bergen Valley ES,01_new construction,New construction MS,,,
103,CO-1420-0779,Bergen Valley ES,01_new construction,New auditorium,,,
103,CO-1420-0779,Bergen Valley ES,04_campus upgrade,Add shade structure(s),,1,
103,CO-1420-0779,Bergen Valley ES,04_campus upgrade,Campus landscaping upgrade,,,
103,CO-1420-0779,Bergen Valley ES,04_campus upgrade,Parking lot expansion,,,
103,CO-1420-0779,Bergen Valley ES,04_campus upgrade,"Front of school branding, landscape upgrades",,0.9,
103,CO-1420-0779,Bergen Valley ES,04_campus upgrade,Furniture upgrades,,0.225,
103,CO-1420-0779,Bergen Valley ES,04_campus upgrade,Improve drop-off / pick-up zone,,0.575,
103,CO-1420-0779,Bergen Valley ES,04_campus upgrade,New outdoor classroom,,1,
103,CO-1420-0779,Bergen Valley ES,04_campus upgrade,Playground replacement (ages 2-5),,0.75,
103,CO-1420-0779,Bergen Valley ES,04_campus upgrade,Playground replacement (ages 5-12),,0.75,
103,CO-1420-0779,Bergen Valley ES,04_campus upgrade,Resurface asphalt,,,
103,CO-1420-0779,Bergen Valley ES,04_campus upgrade,Resurface concrete,,,
103,CO-1420-0779,Bergen Valley ES,04_campus upgrade,Artificial turf field replacement and track resurfacing - HS,,,
103,CO-1420-0779,Bergen Valley ES,05_Modernization,Modernize admin,,0.672222222,
103,CO-1420-0779,Bergen Valley ES,05_Modernization,Modernize classrooms,,0.71888312,
103,CO-1420-0779,Bergen Valley ES,05_Modernization,Modernize gym / assembly space,,0.40625,
103,CO-1420-0779,Bergen Valley ES,05_Modernization,Modernize kitchen,,,
103,CO-1420-0779,Bergen Valley ES,05_Modernization,Modernize cafeteria,,0.21875,
103,CO-1420-0779,Bergen Valley ES,05_Modernization,Modernize multipurpose room,,Does not apply,
103,CO-1420-0779,Bergen Valley ES,05_Modernization,Heavily modernize restrooms,,1,
103,CO-1420-0779,Bergen Valley ES,05_Modernization,Heavily modernize STEM / CTE / specialized labs (MS/HS),,Does not apply,
103,CO-1420-0779,Bergen Valley ES,05_Modernization,Lightly modernize corridors,,1,
103,CO-1420-0779,Bergen Valley ES,05_Modernization,Lightly modernize entry lobby,,0.658333333,
103,CO-1420-0779,Bergen Valley ES,05_Modernization,Lightly modernize library/media center,,,
103,CO-1420-0779,Bergen Valley ES,04_campus upgrade,Security package,,0.843076923,
104,CO-1420-0951,Blue Heron ES,00_general,ADA compliance,,,
104,CO-1420-0951,Blue Heron ES,01_new construction,Demolition,,,
104,CO-1420-0951,Blue Heron ES,01_new construction,New construction ES,,,
104,CO-1420-0951,Blue Heron ES,01_new construction,New construction HS,,,
104,CO-1420-0951,Blue Heron ES,01_new construction,New construction K-8,,,
104,CO-1420-0951,Blue Heron ES,01_new construction,New construction MS,,,
104,CO-1420-0951,Blue Heron ES,01_new construction,New auditorium,,,
104,CO-1420-0951,Blue Heron ES,04_campus upgrade,Add shade structure(s),,0,
104,CO-1420-0951,Blue Heron ES,04_campus upgrade,Campus landscaping upgrade,,,
104,CO-1420-0951,Blue Heron ES,04_campus upgrade,Parking lot expansion,,,
104,CO-1420-0951,Blue Heron ES,04_campus upgrade,"Front of school branding, landscape upgrades",,0.675,
104,CO-1420-0951,Blue Heron ES,04_campus upgrade,Furniture upgrades,,0.225,
104,CO-1420-0951,Blue Heron ES,04_campus upgrade,Improve drop-off / pick-up zone,,0.708333333,
104,CO-1420-0951,Blue Heron ES,04_campus upgrade,New outdoor classroom,,0,
104,CO-1420-0951,Blue Heron ES,04_campus upgrade,Playground replacement (ages 2-5),,0,
104,CO-1420-0951,Blue Heron ES,04_campus upgrade,Playground replacement (ages 5-12),,0,
104,CO-1420-0951,Blue Heron ES,04_campus upgrade,Resurface asphalt,,,
104,CO-1420-0951,Blue Heron ES,04_campus upgrade,Resurface concrete,,,
104,CO-1420-0951,Blue Heron ES,04_campus upgrade,Artificial turf field replacement and track resurfacing - HS,,,
104,CO-1420-0951,Blue Heron ES,05_Modernization,Modernize admin,,0.805555556,
104,CO-1420-0951,Blue Heron ES,05_Modernization,Modernize classrooms,,0.596222863,
104,CO-1420-0951,Blue Heron ES,05_Modernization,Modernize gym / assembly space,,0.463662791,
104,CO-1420-0951,Blue Heron ES,05_Modernization,Modernize kitchen,,,
104,CO-1420-0951,Blue Heron ES,05_Modernization,Modernize cafeteria,,0.328246124,
104,CO-1420-0951,Blue Heron ES,05_Modernization,Modernize multipurpose room,,Does not apply,
104,CO-1420-0951,Blue Heron ES,05_Modernization,Heavily modernize restrooms,,0.333333333,
104,CO-1420-0951,Blue Heron ES,05_Modernization,Heavily modernize STEM / CTE / specialized labs (MS/HS),,Does not apply,
104,CO-1420-0951,Blue Heron ES,05_Modernization,Lightly modernize corridors,,0.8,
104,CO-1420-0951,Blue Heron ES,05_Modernization,Lightly modernize entry lobby,,0.658333333,
104,CO-1420-0951,Blue Heron ES,05_Modernization,Lightly modernize library/media center,,,
104,CO-1420-0951,Blue Heron ES,04_campus upgrade,Security package,,0.7525,
105,CO-1420-1244,Campbell Preschool,00_general,ADA compliance,,,
105,CO-1420-1244,Campbell Preschool,01_new construction,Demolition,,,
105,CO-1420-1244,Campbell Preschool,01_new construction,New construction ES,,,
105,CO-1420-1244,Campbell Preschool,01_new construction,New construction HS,,,
105,CO-1420-1244,Campbell Preschool,01_new construction,New construction K-8,,,
105,CO-1420-1244,Campbell Preschool,01_new construction,New construction MS,,,
105,CO-1420-1244,Campbell Preschool,01_new construction,New auditorium,,,
105,CO-1420-1244,Campbell Preschool,04_campus upgrade,Add shade structure(s),,1,
105,CO-1420-1244,Campbell Preschool,04_campus upgrade,Campus landscaping upgrade,,,
105,CO-1420-1244,Campbell Preschool,04_campus upgrade,Parking lot expansion,,,
105,CO-1420-1244,Campbell Preschool,04_campus upgrade,"Front of school branding, landscape upgrades",,0.75,
105,CO-1420-1244,Campbell Preschool,04_campus upgrade,Furniture upgrades,,1,
105,CO-1420-1244,Campbell Preschool,04_campus upgrade,Improve drop-off / pick-up zone,,0.791666667,
105,CO-1420-1244,Campbell Preschool,04_campus upgrade,New outdoor classroom,,1,
105,CO-1420-1244,Campbell Preschool,04_campus upgrade,Playground replacement (ages 2-5),,0.75,
105,CO-1420-1244,Campbell Preschool,04_campus upgrade,Playground replacement (ages 5-12),,Does not apply,
105,CO-1420-1244,Campbell Preschool,04_campus upgrade,Resurface asphalt,,,
105,CO-1420-1244,Campbell Preschool,04_campus upgrade,Resurface concrete,,,
105,CO-1420-1244,Campbell Preschool,04_campus upgrade,Artificial turf field replacement and track resurfacing - HS,,,
105,CO-1420-1244,Campbell Preschool,05_Modernization,Modernize admin,,0.933333333,
105,CO-1420-1244,Campbell Preschool,05_Modernization,Modernize classrooms,,0.750865385,
105,CO-1420-1244,Campbell Preschool,05_Modernization,Modernize gym / assembly space,,0.275,
105,CO-1420-1244,Campbell Preschool,05_Modernization,Modernize kitchen,,,
105,CO-1420-1244,Campbell Preschool,05_Modernization,Modernize cafeteria,,0.322916667,
105,CO-1420-1244,Campbell Preschool,05_Modernization,Modernize multipurpose room,,Does not apply,
105,CO-1420-1244,Campbell Preschool,05_Modernization,Heavily modernize restrooms,,0.333333333,
105,CO-1420-1244,Campbell Preschool,05_Modernization,Heavily modernize STEM / CTE / specialized labs (MS/HS),,Does not apply,
105,CO-1420-1244,Campbell Preschool,05_Modernization,Lightly modernize corridors,,0.4,
105,CO-1420-1244,Campbell Preschool,05_Modernization,Lightly modernize entry lobby,,0.533333333,
105,CO-1420-1244,Campbell Preschool,05_Modernization,Lightly modernize library/media center,,,
105,CO-1420-1244,Campbell Preschool,04_campus upgrade,Security package,,0.775,
106,CO-1420-1861,Columbine Hills ES,00_general,ADA compliance,,,
106,CO-1420-1861,Columbine Hills ES,01_new construction,Demolition,,,
106,CO-1420-1861,Columbine Hills ES,01_new construction,New construction ES,,,
106,CO-1420-1861,Columbine Hills ES,01_new construction,New construction HS,,,
106,CO-1420-1861,Columbine Hills ES,01_new construction,New construction K-8,,,
106,CO-1420-1861,Columbine Hills ES,01_new construction,New construction MS,,,
106,CO-1420-1861,Columbine Hills ES,01_new construction,New auditorium,,,
106,CO-1420-1861,Columbine Hills ES,04_campus upgrade,Add shade structure(s),,1,
106,CO-1420-1861,Columbine Hills ES,04_campus upgrade,Campus landscaping upgrade,,,
106,CO-1420-1861,Columbine Hills ES,04_campus upgrade,Parking lot expansion,,,
106,CO-1420-1861,Columbine Hills ES,04_campus upgrade,"Front of school branding, landscape upgrades",,0.9,
106,CO-1420-1861,Columbine Hills ES,04_campus upgrade,Furniture upgrades,,0.775,
106,CO-1420-1861,Columbine Hills ES,04_campus upgrade,Improve drop-off / pick-up zone,,0.791666667,
106,CO-1420-1861,Columbine Hills ES,04_campus upgrade,New outdoor classroom,,1,
106,CO-1420-1861,Columbine Hills ES,04_campus upgrade,Playground replacement (ages 2-5),,0.75,
106,CO-1420-1861,Columbine Hills ES,04_campus upgrade,Playground replacement (ages 5-12),,0.75,
106,CO-1420-1861,Columbine Hills ES,04_campus upgrade,Resurface asphalt,,,
106,CO-1420-1861,Columbine Hills ES,04_campus upgrade,Resurface concrete,,,
106,CO-1420-1861,Columbine Hills ES,04_campus upgrade,Artificial turf field replacement and track resurfacing - HS,,,
106,CO-1420-1861,Columbine Hills ES,05_Modernization,Modernize admin,,0.622222222,
106,CO-1420-1861,Columbine Hills ES,05_Modernization,Modernize classrooms,,0.753605685,
106,CO-1420-1861,Columbine Hills ES,05_Modernization,Modernize gym / assembly space,,0.579166667,
106,CO-1420-1861,Columbine Hills ES,05_Modernization,Modernize kitchen,,,
106,CO-1420-1861,Columbine Hills ES,05_Modernization,Modernize cafeteria,,0.589583333,
106,CO-1420-1861,Columbine Hills ES,05_Modernization,Modernize multipurpose room,,Does not apply,
106,CO-1420-1861,Columbine Hills ES,05_Modernization,Heavily modernize restrooms,,1,
106,CO-1420-1861,Columbine Hills ES,05_Modernization,Heavily modernize STEM / CTE / specialized labs (MS/HS),,Does not apply,
106,CO-1420-1861,Columbine Hills ES,05_Modernization,Lightly modernize corridors,,1,
106,CO-1420-1861,Columbine Hills ES,05_Modernization,Lightly modernize entry lobby,,0.75,
106,CO-1420-1861,Columbine Hills ES,05_Modernization,Lightly modernize library/media center,,,
106,CO-1420-1861,Columbine Hills ES,04_campus upgrade,Security package,,0.693333333,
107,CO-1420-1876,Coronado ES,00_general,ADA compliance,,,
107,CO-1420-1876,Coronado ES,01_new construction,Demolition,,,
107,CO-1420-1876,Coronado ES,01_new construction,New construction ES,,,
107,CO-1420-1876,Coronado ES,01_new construction,New construction HS,,,
107,CO-1420-1876,Coronado ES,01_new construction,New construction K-8,,,
107,CO-1420-1876,Coronado ES,01_new construction,New construction MS,,,
107,CO-1420-1876,Coronado ES,01_new construction,New auditorium,,,
107,CO-1420-1876,Coronado ES,04_campus upgrade,Add shade structure(s),,1,
107,CO-1420-1876,Coronado ES,04_campus upgrade,Campus landscaping upgrade,,,
107,CO-1420-1876,Coronado ES,04_campus upgrade,Parking lot expansion,,,
107,CO-1420-1876,Coronado ES,04_campus upgrade,"Front of school branding, landscape upgrades",,0.9,
107,CO-1420-1876,Coronado ES,04_campus upgrade,Furniture upgrades,,0.675,
107,CO-1420-1876,Coronado ES,04_campus upgrade,Improve drop-off / pick-up zone,,0.583333333,
107,CO-1420-1876,Coronado ES,04_campus upgrade,New outdoor classroom,,1,
107,CO-1420-1876,Coronado ES,04_campus upgrade,Playground replacement (ages 2-5),,1,
107,CO-1420-1876,Coronado ES,04_campus upgrade,Playground replacement (ages 5-12),,1,
107,CO-1420-1876,Coronado ES,04_campus upgrade,Resurface asphalt,,,
107,CO-1420-1876,Coronado ES,04_campus upgrade,Resurface concrete,,,
107,CO-1420-1876,Coronado ES,04_campus upgrade,Artificial turf field replacement and track resurfacing - HS,,,
107,CO-1420-1876,Coronado ES,05_Modernization,Modernize admin,,0.916666667,
107,CO-1420-1876,Coronado ES,05_Modernization,Modernize classrooms,,0.810025,
107,CO-1420-1876,Coronado ES,05_Modernization,Modernize gym / assembly space,,0.68125,
107,CO-1420-1876,Coronado ES,05_Modernization,Modernize kitchen,,,
107,CO-1420-1876,Coronado ES,05_Modernization,Modernize cafeteria,,0.65,
107,CO-1420-1876,Coronado ES,05_Modernization,Modernize multipurpose room,,Does not apply,
107,CO-1420-1876,Coronado ES,05_Modernization,Heavily modernize restrooms,,1,
107,CO-1420-1876,Coronado ES,05_Modernization,Heavily modernize STEM / CTE / specialized labs (MS/HS),,Does not apply,
107,CO-1420-1876,Coronado ES,05_Modernization,Lightly modernize corridors,,1,
107,CO-1420-1876,Coronado ES,05_Modernization,Lightly modernize entry lobby,,0.875,
107,CO-1420-1876,Coronado ES,05_Modernization,Lightly modernize library/media center,,,
107,CO-1420-1876,Coronado ES,04_campus upgrade,Security package,,0.75,
108,CO-1420-8090,Deane ES,00_general,ADA compliance,,,
108,CO-1420-8090,Deane ES,01_new construction,Demolition,,,
108,CO-1420-8090,Deane ES,01_new construction,New construction ES,,,
108,CO-1420-8090,Deane ES,01_new construction,New construction HS,,,
108,CO-1420-8090,Deane ES,01_new construction,New construction K-8,,,
108,CO-1420-8090,Deane ES,01_new construction,New construction MS,,,
108,CO-1420-8090,Deane ES,01_new construction,New auditorium,,,
108,CO-1420-8090,Deane ES,04_campus upgrade,Add shade structure(s),,0,
108,CO-1420-8090,Deane ES,04_campus upgrade,Campus landscaping upgrade,,,
108,CO-1420-8090,Deane ES,04_campus upgrade,Parking lot expansion,,,
108,CO-1420-8090,Deane ES,04_campus upgrade,"Front of school branding, landscape upgrades",,0.9,
108,CO-1420-8090,Deane ES,04_campus upgrade,Furniture upgrades,,0.325,
108,CO-1420-8090,Deane ES,04_campus upgrade,Improve drop-off / pick-up zone,,0.9,
108,CO-1420-8090,Deane ES,04_campus upgrade,New outdoor classroom,,1,
108,CO-1420-8090,Deane ES,04_campus upgrade,Playground replacement (ages 2-5),,0.5,
108,CO-1420-8090,Deane ES,04_campus upgrade,Playground replacement (ages 5-12),,0.5,
108,CO-1420-8090,Deane ES,04_campus upgrade,Resurface asphalt,,,
108,CO-1420-8090,Deane ES,04_campus upgrade,Resurface concrete,,,
108,CO-1420-8090,Deane ES,04_campus upgrade,Artificial turf field replacement and track resurfacing - HS,,,
108,CO-1420-8090,Deane ES,05_Modernization,Modernize admin,,0.733333333,
108,CO-1420-8090,Deane ES,05_Modernization,Modernize classrooms,,0.579183761,
108,CO-1420-8090,Deane ES,05_Modernization,Modernize gym / assembly space,,0.182170543,
108,CO-1420-8090,Deane ES,05_Modernization,Modernize kitchen,,,
108,CO-1420-8090,Deane ES,05_Modernization,Modernize cafeteria,,0.328003876,
108,CO-1420-8090,Deane ES,05_Modernization,Modernize multipurpose room,,Does not apply,
108,CO-1420-8090,Deane ES,05_Modernization,Heavily modernize restrooms,,0.666666667,
108,CO-1420-8090,Deane ES,05_Modernization,Heavily modernize STEM / CTE / specialized labs (MS/HS),,Does not apply,
108,CO-1420-8090,Deane ES,05_Modernization,Lightly modernize corridors,,0.8,
108,CO-1420-8090,Deane ES,05_Modernization,Lightly modernize entry lobby,,0.733333333,
108,CO-1420-8090,Deane ES,05_Modernization,Lightly modernize library/media center,,,
108,CO-1420-8090,Deane ES,04_campus upgrade,Security package,,0.8575,
109,CO-1420-9432,Dennison ES,00_general,ADA compliance,,,
109,CO-1420-9432,Dennison ES,01_new construction,Demolition,,,
109,CO-1420-9432,Dennison ES,01_new construction,New construction ES,,,
109,CO-1420-9432,Dennison ES,01_new construction,New construction HS,,,
109,CO-1420-9432,Dennison ES,01_new construction,New construction K-8,,,
109,CO-1420-9432,Dennison ES,01_new construction,New construction MS,,,
109,CO-1420-9432,Dennison ES,01_new construction,New auditorium,,,
109,CO-1420-9432,Dennison ES,04_campus upgrade,Add shade structure(s),,1,
109,CO-1420-9432,Dennison ES,04_campus upgrade,Campus landscaping upgrade,,,
109,CO-1420-9432,Dennison ES,04_campus upgrade,Parking lot expansion,,,
109,CO-1420-9432,Dennison ES,04_campus upgrade,"Front of school branding, landscape upgrades",,0.9,
109,CO-1420-9432,Dennison ES,04_campus upgrade,Furniture upgrades,,0.225,
109,CO-1420-9432,Dennison ES,04_campus upgrade,Improve drop-off / pick-up zone,,0.875,
109,CO-1420-9432,Dennison ES,04_campus upgrade,New outdoor classroom,,1,
109,CO-1420-9432,Dennison ES,04_campus upgrade,Playground replacement (ages 2-5),,0.75,
109,CO-1420-9432,Dennison ES,04_campus upgrade,Playground replacement (ages 5-12),,0.75,
109,CO-1420-9432,Dennison ES,04_campus upgrade,Resurface asphalt,,,
109,CO-1420-9432,Dennison ES,04_campus upgrade,Resurface concrete,,,
109,CO-1420-9432,Dennison ES,04_campus upgrade,Artificial turf field replacement and track resurfacing - HS,,,
109,CO-1420-9432,Dennison ES,05_Modernization,Modernize admin,,0.733333333,
109,CO-1420-9432,Dennison ES,05_Modernization,Modernize classrooms,,0.61309375,
109,CO-1420-9432,Dennison ES,05_Modernization,Modernize gym / assembly space,,0.429166667,
109,CO-1420-9432,Dennison ES,05_Modernization,Modernize kitchen,,,
109,CO-1420-9432,Dennison ES,05_Modernization,Modernize cafeteria,,0.589583333,
109,CO-1420-9432,Dennison ES,05_Modernization,Modernize multipurpose room,,Does not apply,
109,CO-1420-9432,Dennison ES,05_Modernization,Heavily modernize restrooms,,0.666666667,
109,CO-1420-9432,Dennison ES,05_Modernization,Heavily modernize STEM / CTE / specialized labs (MS/HS),,Does not apply,
109,CO-1420-9432,Dennison ES,05_Modernization,Lightly modernize corridors,,0.6,
109,CO-1420-9432,Dennison ES,05_Modernization,Lightly modernize entry lobby,,1,
109,CO-1420-9432,Dennison ES,05_Modernization,Lightly modernize library/media center,,,
109,CO-1420-9432,Dennison ES,04_campus upgrade,Security package,,0.746666667,
110,CO-1420-2194,Devinny ES,00_general,ADA compliance,,,
110,CO-1420-2194,Devinny ES,01_new construction,Demolition,,,
110,CO-1420-2194,Devinny ES,01_new construction,New construction ES,,,
110,CO-1420-2194,Devinny ES,01_new construction,New construction HS,,,
110,CO-1420-2194,Devinny ES,01_new construction,New construction K-8,,,
110,CO-1420-2194,Devinny ES,01_new construction,New construction MS,,,
110,CO-1420-2194,Devinny ES,01_new construction,New auditorium,,,
110,CO-1420-2194,Devinny ES,04_campus upgrade,Add shade structure(s),,1,
110,CO-1420-2194,Devinny ES,04_campus upgrade,Campus landscaping upgrade,,,
110,CO-1420-2194,Devinny ES,04_campus upgrade,Parking lot expansion,,,
110,CO-1420-2194,Devinny ES,04_campus upgrade,"Front of school branding, landscape upgrades",,1,
110,CO-1420-2194,Devinny ES,04_campus upgrade,Furniture upgrades,,1,
110,CO-1420-2194,Devinny ES,04_campus upgrade,Improve drop-off / pick-up zone,,0.775,
110,CO-1420-2194,Devinny ES,04_campus upgrade,New outdoor classroom,,1,
110,CO-1420-2194,Devinny ES,04_campus upgrade,Playground replacement (ages 2-5),,0,
110,CO-1420-2194,Devinny ES,04_campus upgrade,Playground replacement (ages 5-12),,0.5,
110,CO-1420-2194,Devinny ES,04_campus upgrade,Resurface asphalt,,,
110,CO-1420-2194,Devinny ES,04_campus upgrade,Resurface concrete,,,
110,CO-1420-2194,Devinny ES,04_campus upgrade,Artificial turf field replacement and track resurfacing - HS,,,
110,CO-1420-2194,Devinny ES,05_Modernization,Modernize admin,,0.733333333,
110,CO-1420-2194,Devinny ES,05_Modernization,Modernize classrooms,,0.866270833,
110,CO-1420-2194,Devinny ES,05_Modernization,Modernize gym / assembly space,,0.713662791,
110,CO-1420-2194,Devinny ES,05_Modernization,Modernize kitchen,,,
110,CO-1420-2194,Devinny ES,05_Modernization,Modernize cafeteria,,0.692829457,
110,CO-1420-2194,Devinny ES,05_Modernization,Modernize multipurpose room,,Does not apply,
110,CO-1420-2194,Devinny ES,05_Modernization,Heavily modernize restrooms,,1,
110,CO-1420-2194,Devinny ES,05_Modernization,Heavily modernize STEM / CTE / specialized labs (MS/HS),,Does not apply,
110,CO-1420-2194,Devinny ES,05_Modernization,Lightly modernize corridors,,1,
110,CO-1420-2194,Devinny ES,05_Modernization,Lightly modernize entry lobby,,0.658333333,
110,CO-1420-2194,Devinny ES,05_Modernization,Lightly modernize library/media center,,,
110,CO-1420-2194,Devinny ES,04_campus upgrade,Security package,,0.749166667,
111,CO-1420-2322,Dutch Creek ES,00_general,ADA compliance,,,
111,CO-1420-2322,Dutch Creek ES,01_new construction,Demolition,,,
111,CO-1420-2322,Dutch Creek ES,01_new construction,New construction ES,,,
111,CO-1420-2322,Dutch Creek ES,01_new construction,New construction HS,,,
111,CO-1420-2322,Dutch Creek ES,01_new construction,New construction K-8,,,
111,CO-1420-2322,Dutch Creek ES,01_new construction,New construction MS,,,
111,CO-1420-2322,Dutch Creek ES,01_new construction,New auditorium,,,
111,CO-1420-2322,Dutch Creek ES,04_campus upgrade,Add shade structure(s),,0,
111,CO-1420-2322,Dutch Creek ES,04_campus upgrade,Campus landscaping upgrade,,,
111,CO-1420-2322,Dutch Creek ES,04_campus upgrade,Parking lot expansion,,,
111,CO-1420-2322,Dutch Creek ES,04_campus upgrade,"Front of school branding, landscape upgrades",,1,
111,CO-1420-2322,Dutch Creek ES,04_campus upgrade,Furniture upgrades,,0.45,
111,CO-1420-2322,Dutch Creek ES,04_campus upgrade,Improve drop-off / pick-up zone,,0.5,
111,CO-1420-2322,Dutch Creek ES,04_campus upgrade,New outdoor classroom,,0,
111,CO-1420-2322,Dutch Creek ES,04_campus upgrade,Playground replacement (ages 2-5),,0.25,
111,CO-1420-2322,Dutch Creek ES,04_campus upgrade,Playground replacement (ages 5-12),,0.25,
111,CO-1420-2322,Dutch Creek ES,04_campus upgrade,Resurface asphalt,,,
111,CO-1420-2322,Dutch Creek ES,04_campus upgrade,Resurface concrete,,,
111,CO-1420-2322,Dutch Creek ES,04_campus upgrade,Artificial turf field replacement and track resurfacing - HS,,,
111,CO-1420-2322,Dutch Creek ES,05_Modernization,Modernize admin,,0.866666667,
111,CO-1420-2322,Dutch Creek ES,05_Modernization,Modernize classrooms,,0.641780342,
111,CO-1420-2322,Dutch Creek ES,05_Modernization,Modernize gym / assembly space,,0.473837209,
111,CO-1420-2322,Dutch Creek ES,05_Modernization,Modernize kitchen,,,
111,CO-1420-2322,Dutch Creek ES,05_Modernization,Modernize cafeteria,,0.307170543,
111,CO-1420-2322,Dutch Creek ES,05_Modernization,Modernize multipurpose room,,Does not apply,
111,CO-1420-2322,Dutch Creek ES,05_Modernization,Heavily modernize restrooms,,0.666666667,
111,CO-1420-2322,Dutch Creek ES,05_Modernization,Heavily modernize STEM / CTE / specialized labs (MS/HS),,Does not apply,
111,CO-1420-2322,Dutch Creek ES,05_Modernization,Lightly modernize corridors,,0.6,
111,CO-1420-2322,Dutch Creek ES,05_Modernization,Lightly modernize entry lobby,,0.75,
111,CO-1420-2322,Dutch Creek ES,05_Modernization,Lightly modernize library/media center,,,
111,CO-1420-2322,Dutch Creek ES,04_campus upgrade,Security package,,0.678333333,
112,CO-1420-2496,Edgewater ES,00_general,ADA compliance,,,
112,CO-1420-2496,Edgewater ES,01_new construction,Demolition,,,
112,CO-1420-2496,Edgewater ES,01_new construction,New construction ES,,,
112,CO-1420-2496,Edgewater ES,01_new construction,New construction HS,,,
112,CO-1420-2496,Edgewater ES,01_new construction,New construction K-8,,,
112,CO-1420-2496,Edgewater ES,01_new construction,New construction MS,,,
112,CO-1420-2496,Edgewater ES,01_new construction,New auditorium,,,
112,CO-1420-2496,Edgewater ES,04_campus upgrade,Add shade structure(s),,0,
112,CO-1420-2496,Edgewater ES,04_campus upgrade,Campus landscaping upgrade,,,
112,CO-1420-2496,Edgewater ES,04_campus upgrade,Parking lot expansion,,,
112,CO-1420-2496,Edgewater ES,04_campus upgrade,"Front of school branding, landscape upgrades",,0.686567164,
112,CO-1420-2496,Edgewater ES,04_campus upgrade,Furniture upgrades,,0.225,
112,CO-1420-2496,Edgewater ES,04_campus upgrade,Improve drop-off / pick-up zone,,0.65,
112,CO-1420-2496,Edgewater ES,04_campus upgrade,New outdoor classroom,,0,
112,CO-1420-2496,Edgewater ES,04_campus upgrade,Playground replacement (ages 2-5),,0,
112,CO-1420-2496,Edgewater ES,04_campus upgrade,Playground replacement (ages 5-12),,0,
112,CO-1420-2496,Edgewater ES,04_campus upgrade,Resurface asphalt,,,
112,CO-1420-2496,Edgewater ES,04_campus upgrade,Resurface concrete,,,
112,CO-1420-2496,Edgewater ES,04_campus upgrade,Artificial turf field replacement and track resurfacing - HS,,,
112,CO-1420-2496,Edgewater ES,05_Modernization,Modernize admin,,0.538888889,
112,CO-1420-2496,Edgewater ES,05_Modernization,Modernize classrooms,,0.689889103,
112,CO-1420-2496,Edgewater ES,05_Modernization,Modernize gym / assembly space,,0.307170543,
112,CO-1420-2496,Edgewater ES,05_Modernization,Modernize kitchen,,,
112,CO-1420-2496,Edgewater ES,05_Modernization,Modernize cafeteria,,0.125,
112,CO-1420-2496,Edgewater ES,05_Modernization,Modernize multipurpose room,,Does not apply,
112,CO-1420-2496,Edgewater ES,05_Modernization,Heavily modernize restrooms,,0.666666667,
112,CO-1420-2496,Edgewater ES,05_Modernization,Heavily modernize STEM / CTE / specialized labs (MS/HS),,Does not apply,
112,CO-1420-2496,Edgewater ES,05_Modernization,Lightly modernize corridors,,0.6,
112,CO-1420-2496,Edgewater ES,05_Modernization,Lightly modernize entry lobby,,0.516666667,
112,CO-1420-2496,Edgewater ES,05_Modernization,Lightly modernize library/media center,,,
112,CO-1420-2496,Edgewater ES,04_campus upgrade,Security package,,0.7625,
113,CO-1420-2550,Eiber ES,00_general,ADA compliance,,,
113,CO-1420-2550,Eiber ES,01_new construction,Demolition,,,
113,CO-1420-2550,Eiber ES,01_new construction,New construction ES,,,
113,CO-1420-2550,Eiber ES,01_new construction,New construction HS,,,
113,CO-1420-2550,Eiber ES,01_new construction,New construction K-8,,,
113,CO-1420-2550,Eiber ES,01_new construction,New construction MS,,,
113,CO-1420-2550,Eiber ES,01_new construction,New auditorium,,,
113,CO-1420-2550,Eiber ES,04_campus upgrade,Add shade structure(s),,1,
113,CO-1420-2550,Eiber ES,04_campus upgrade,Campus landscaping upgrade,,,
113,CO-1420-2550,Eiber ES,04_campus upgrade,Parking lot expansion,,,
113,CO-1420-2550,Eiber ES,04_campus upgrade,"Front of school branding, landscape upgrades",,1,
113,CO-1420-2550,Eiber ES,04_campus upgrade,Furniture upgrades,,1,
113,CO-1420-2550,Eiber ES,04_campus upgrade,Improve drop-off / pick-up zone,,0.708333333,
113,CO-1420-2550,Eiber ES,04_campus upgrade,New outdoor classroom,,1,
113,CO-1420-2550,Eiber ES,04_campus upgrade,Playground replacement (ages 2-5),,0.75,
113,CO-1420-2550,Eiber ES,04_campus upgrade,Playground replacement (ages 5-12),,0.75,
113,CO-1420-2550,Eiber ES,04_campus upgrade,Resurface asphalt,,,
113,CO-1420-2550,Eiber ES,04_campus upgrade,Resurface concrete,,,
113,CO-1420-2550,Eiber ES,04_campus upgrade,Artificial turf field replacement and track resurfacing - HS,,,
113,CO-1420-2550,Eiber ES,05_Modernization,Modernize admin,,0.783333333,
113,CO-1420-2550,Eiber ES,05_Modernization,Modernize classrooms,,0.795036111,
113,CO-1420-2550,Eiber ES,05_Modernization,Modernize gym / assembly space,,0.542829457,
113,CO-1420-2550,Eiber ES,05_Modernization,Modernize kitchen,,,
113,CO-1420-2550,Eiber ES,05_Modernization,Modernize cafeteria,,0.459496124,
113,CO-1420-2550,Eiber ES,05_Modernization,Modernize multipurpose room,,Does not apply,
113,CO-1420-2550,Eiber ES,05_Modernization,Heavily modernize restrooms,,0,
113,CO-1420-2550,Eiber ES,05_Modernization,Heavily modernize STEM / CTE / specialized labs (MS/HS),,Does not apply,
113,CO-1420-2550,Eiber ES,05_Modernization,Lightly modernize corridors,,1,
113,CO-1420-2550,Eiber ES,05_Modernization,Lightly modernize entry lobby,,0.875,
113,CO-1420-2550,Eiber ES,05_Modernization,Lightly modernize library/media center,,,
113,CO-1420-2550,Eiber ES,04_campus upgrade,Security package,,0.6175,
114,CO-1420-2616,Elk Creek ES,00_general,ADA compliance,,,
114,CO-1420-2616,Elk Creek ES,01_new construction,Demolition,,,
114,CO-1420-2616,Elk Creek ES,01_new construction,New construction ES,,,
114,CO-1420-2616,Elk Creek ES,01_new construction,New construction HS,,,
114,CO-1420-2616,Elk Creek ES,01_new construction,New construction K-8,,,
114,CO-1420-2616,Elk Creek ES,01_new construction,New construction MS,,,
114,CO-1420-2616,Elk Creek ES,01_new construction,New auditorium,,,
114,CO-1420-2616,Elk Creek ES,04_campus upgrade,Add shade structure(s),,1,
114,CO-1420-2616,Elk Creek ES,04_campus upgrade,Campus landscaping upgrade,,,
114,CO-1420-2616,Elk Creek ES,04_campus upgrade,Parking lot expansion,,,
114,CO-1420-2616,Elk Creek ES,04_campus upgrade,"Front of school branding, landscape upgrades",,1,
114,CO-1420-2616,Elk Creek ES,04_campus upgrade,Furniture upgrades,,1,
114,CO-1420-2616,Elk Creek ES,04_campus upgrade,Improve drop-off / pick-up zone,,0.916666667,
114,CO-1420-2616,Elk Creek ES,04_campus upgrade,New outdoor classroom,,1,
114,CO-1420-2616,Elk Creek ES,04_campus upgrade,Playground replacement (ages 2-5),,0.5,
114,CO-1420-2616,Elk Creek ES,04_campus upgrade,Playground replacement (ages 5-12),,0.5,
114,CO-1420-2616,Elk Creek ES,04_campus upgrade,Resurface asphalt,,,
114,CO-1420-2616,Elk Creek ES,04_campus upgrade,Resurface concrete,,,
114,CO-1420-2616,Elk Creek ES,04_campus upgrade,Artificial turf field replacement and track resurfacing - HS,,,
114,CO-1420-2616,Elk Creek ES,05_Modernization,Modernize admin,,0.822222222,
114,CO-1420-2616,Elk Creek ES,05_Modernization,Modernize classrooms,,0.840390323,
114,CO-1420-2616,Elk Creek ES,05_Modernization,Modernize gym / assembly space,,0.3125,
114,CO-1420-2616,Elk Creek ES,05_Modernization,Modernize kitchen,,,
114,CO-1420-2616,Elk Creek ES,05_Modernization,Modernize cafeteria,,0.3375,
114,CO-1420-2616,Elk Creek ES,05_Modernization,Modernize multipurpose room,,Does not apply,
114,CO-1420-2616,Elk Creek ES,05_Modernization,Heavily modernize restrooms,,1,
114,CO-1420-2616,Elk Creek ES,05_Modernization,Heavily modernize STEM / CTE / specialized labs (MS/HS),,Does not apply,
114,CO-1420-2616,Elk Creek ES,05_Modernization,Lightly modernize corridors,,0.8,
114,CO-1420-2616,Elk Creek ES,05_Modernization,Lightly modernize entry lobby,,1,
114,CO-1420-2616,Elk Creek ES,05_Modernization,Lightly modernize library/media center,,,
114,CO-1420-2616,Elk Creek ES,04_campus upgrade,Security package,,0.7075,
115,CO-1420-2866,Fairmount ES,00_general,ADA compliance,,,
115,CO-1420-2866,Fairmount ES,01_new construction,Demolition,,,
115,CO-1420-2866,Fairmount ES,01_new construction,New construction ES,,,
115,CO-1420-2866,Fairmount ES,01_new construction,New construction HS,,,
115,CO-1420-2866,Fairmount ES,01_new construction,New construction K-8,,,
115,CO-1420-2866,Fairmount ES,01_new construction,New construction MS,,,
115,CO-1420-2866,Fairmount ES,01_new construction,New auditorium,,,
115,CO-1420-2866,Fairmount ES,04_campus upgrade,Add shade structure(s),,0,
115,CO-1420-2866,Fairmount ES,04_campus upgrade,Campus landscaping upgrade,,,
115,CO-1420-2866,Fairmount ES,04_campus upgrade,Parking lot expansion,,,
115,CO-1420-2866,Fairmount ES,04_campus upgrade,"Front of school branding, landscape upgrades",,0.8375,
115,CO-1420-2866,Fairmount ES,04_campus upgrade,Furniture upgrades,,0.419354839,
115,CO-1420-2866,Fairmount ES,04_campus upgrade,Improve drop-off / pick-up zone,,0.775,
115,CO-1420-2866,Fairmount ES,04_campus upgrade,New outdoor classroom,,0,
115,CO-1420-2866,Fairmount ES,04_campus upgrade,Playground replacement (ages 2-5),,Does not apply,
115,CO-1420-2866,Fairmount ES,04_campus upgrade,Playground replacement (ages 5-12),,0.25,
115,CO-1420-2866,Fairmount ES,04_campus upgrade,Resurface asphalt,,,
115,CO-1420-2866,Fairmount ES,04_campus upgrade,Resurface concrete,,,
115,CO-1420-2866,Fairmount ES,04_campus upgrade,Artificial turf field replacement and track resurfacing - HS,,,
115,CO-1420-2866,Fairmount ES,05_Modernization,Modernize admin,,0.85,
115,CO-1420-2866,Fairmount ES,05_Modernization,Modernize classrooms,,0.530058873,
115,CO-1420-2866,Fairmount ES,05_Modernization,Modernize gym / assembly space,,0.567587209,
115,CO-1420-2866,Fairmount ES,05_Modernization,Modernize kitchen,,,
115,CO-1420-2866,Fairmount ES,05_Modernization,Modernize cafeteria,,0.25,
115,CO-1420-2866,Fairmount ES,05_Modernization,Modernize multipurpose room,,Does not apply,
115,CO-1420-2866,Fairmount ES,05_Modernization,Heavily modernize restrooms,,0.333333333,
115,CO-1420-2866,Fairmount ES,05_Modernization,Heavily modernize STEM / CTE / specialized labs (MS/HS),,Does not apply,
115,CO-1420-2866,Fairmount ES,05_Modernization,Lightly modernize corridors,,0.8,
115,CO-1420-2866,Fairmount ES,05_Modernization,Lightly modernize entry lobby,,1,
115,CO-1420-2866,Fairmount ES,05_Modernization,Lightly modernize library/media center,,,
115,CO-1420-2866,Fairmount ES,04_campus upgrade,Security package,,0.79,
116,CO-1420-3025,Foothills ES,00_general,ADA compliance,,,
116,CO-1420-3025,Foothills ES,01_new construction,Demolition,,,
116,CO-1420-3025,Foothills ES,01_new construction,New construction ES,,,
116,CO-1420-3025,Foothills ES,01_new construction,New construction HS,,,
116,CO-1420-3025,Foothills ES,01_new construction,New construction K-8,,,
116,CO-1420-3025,Foothills ES,01_new construction,New construction MS,,,
116,CO-1420-3025,Foothills ES,01_new construction,New auditorium,,,
116,CO-1420-3025,Foothills ES,04_campus upgrade,Add shade structure(s),,1,
116,CO-1420-3025,Foothills ES,04_campus upgrade,Campus landscaping upgrade,,,
116,CO-1420-3025,Foothills ES,04_campus upgrade,Parking lot expansion,,,
116,CO-1420-3025,Foothills ES,04_campus upgrade,"Front of school branding, landscape upgrades",,1,
116,CO-1420-3025,Foothills ES,04_campus upgrade,Furniture upgrades,,0.675,
116,CO-1420-3025,Foothills ES,04_campus upgrade,Improve drop-off / pick-up zone,,0.833333333,
116,CO-1420-3025,Foothills ES,04_campus upgrade,New outdoor classroom,,1,
116,CO-1420-3025,Foothills ES,04_campus upgrade,Playground replacement (ages 2-5),,1,
116,CO-1420-3025,Foothills ES,04_campus upgrade,Playground replacement (ages 5-12),,1,
116,CO-1420-3025,Foothills ES,04_campus upgrade,Resurface asphalt,,,
116,CO-1420-3025,Foothills ES,04_campus upgrade,Resurface concrete,,,
116,CO-1420-3025,Foothills ES,04_campus upgrade,Artificial turf field replacement and track resurfacing - HS,,,
116,CO-1420-3025,Foothills ES,05_Modernization,Modernize admin,,0.65,
116,CO-1420-3025,Foothills ES,05_Modernization,Modernize classrooms,,0.679388889,
116,CO-1420-3025,Foothills ES,05_Modernization,Modernize gym / assembly space,,0.477083333,
116,CO-1420-3025,Foothills ES,05_Modernization,Modernize kitchen,,,
116,CO-1420-3025,Foothills ES,05_Modernization,Modernize cafeteria,,0.6125,
116,CO-1420-3025,Foothills ES,05_Modernization,Modernize multipurpose room,,Does not apply,
116,CO-1420-3025,Foothills ES,05_Modernization,Heavily modernize restrooms,,1,
116,CO-1420-3025,Foothills ES,05_Modernization,Heavily modernize STEM / CTE / specialized labs (MS/HS),,Does not apply,
116,CO-1420-3025,Foothills ES,05_Modernization,Lightly modernize corridors,,0.4,
116,CO-1420-3025,Foothills ES,05_Modernization,Lightly modernize entry lobby,,0.75,
116,CO-1420-3025,Foothills ES,05_Modernization,Lightly modernize library/media center,,,
116,CO-1420-3025,Foothills ES,04_campus upgrade,Security package,,0.6375,
117,CO-1420-3216,Fremont ES,00_general,ADA compliance,,,
117,CO-1420-3216,Fremont ES,01_new construction,Demolition,,,
117,CO-1420-3216,Fremont ES,01_new construction,New construction ES,,,
117,CO-1420-3216,Fremont ES,01_new construction,New construction HS,,,
117,CO-1420-3216,Fremont ES,01_new construction,New construction K-8,,,
117,CO-1420-3216,Fremont ES,01_new construction,New construction MS,,,
117,CO-1420-3216,Fremont ES,01_new construction,New auditorium,,,
117,CO-1420-3216,Fremont ES,04_campus upgrade,Add shade structure(s),,0,
117,CO-1420-3216,Fremont ES,04_campus upgrade,Campus landscaping upgrade,,,
117,CO-1420-3216,Fremont ES,04_campus upgrade,Parking lot expansion,,,
117,CO-1420-3216,Fremont ES,04_campus upgrade,"Front of school branding, landscape upgrades",,0.8375,
117,CO-1420-3216,Fremont ES,04_campus upgrade,Furniture upgrades,,0.333333333,
117,CO-1420-3216,Fremont ES,04_campus upgrade,Improve drop-off / pick-up zone,,0.775,
117,CO-1420-3216,Fremont ES,04_campus upgrade,New outdoor classroom,,1,
117,CO-1420-3216,Fremont ES,04_campus upgrade,Playground replacement (ages 2-5),,0.25,
117,CO-1420-3216,Fremont ES,04_campus upgrade,Playground replacement (ages 5-12),,0.25,
117,CO-1420-3216,Fremont ES,04_campus upgrade,Resurface asphalt,,,
117,CO-1420-3216,Fremont ES,04_campus upgrade,Resurface concrete,,,
117,CO-1420-3216,Fremont ES,04_campus upgrade,Artificial turf field replacement and track resurfacing - HS,,,
117,CO-1420-3216,Fremont ES,05_Modernization,Modernize admin,,0.783333333,
117,CO-1420-3216,Fremont ES,05_Modernization,Modernize classrooms,,0.611162014,
117,CO-1420-3216,Fremont ES,05_Modernization,Modernize gym / assembly space,,0.345833333,
117,CO-1420-3216,Fremont ES,05_Modernization,Modernize kitchen,,,
117,CO-1420-3216,Fremont ES,05_Modernization,Modernize cafeteria,,0,
117,CO-1420-3216,Fremont ES,05_Modernization,Modernize multipurpose room,,Does not apply,
117,CO-1420-3216,Fremont ES,05_Modernization,Heavily modernize restrooms,,0.333333333,
117,CO-1420-3216,Fremont ES,05_Modernization,Heavily modernize STEM / CTE / specialized labs (MS/HS),,Does not apply,
117,CO-1420-3216,Fremont ES,05_Modernization,Lightly modernize corridors,,0,
117,CO-1420-3216,Fremont ES,05_Modernization,Lightly modernize entry lobby,,0.875,
117,CO-1420-3216,Fremont ES,05_Modernization,Lightly modernize library/media center,,,
117,CO-1420-3216,Fremont ES,04_campus upgrade,Security package,,0.694285714,
118,CO-1420-3536,Governor's Ranch ES,00_general,ADA compliance,,,
118,CO-1420-3536,Governor's Ranch ES,01_new construction,Demolition,,,
118,CO-1420-3536,Governor's Ranch ES,01_new construction,New construction ES,,,
118,CO-1420-3536,Governor's Ranch ES,01_new construction,New construction HS,,,
118,CO-1420-3536,Governor's Ranch ES,01_new construction,New construction K-8,,,
118,CO-1420-3536,Governor's Ranch ES,01_new construction,New construction MS,,,
118,CO-1420-3536,Governor's Ranch ES,01_new construction,New auditorium,,,
118,CO-1420-3536,Governor's Ranch ES,04_campus upgrade,Add shade structure(s),,0,
118,CO-1420-3536,Governor's Ranch ES,04_campus upgrade,Campus landscaping upgrade,,,
118,CO-1420-3536,Governor's Ranch ES,04_campus upgrade,Parking lot expansion,,,
118,CO-1420-3536,Governor's Ranch ES,04_campus upgrade,"Front of school branding, landscape upgrades",,0.7375,
118,CO-1420-3536,Governor's Ranch ES,04_campus upgrade,Furniture upgrades,,0.45,
118,CO-1420-3536,Governor's Ranch ES,04_campus upgrade,Improve drop-off / pick-up zone,,0.775,
118,CO-1420-3536,Governor's Ranch ES,04_campus upgrade,New outdoor classroom,,0,
118,CO-1420-3536,Governor's Ranch ES,04_campus upgrade,Playground replacement (ages 2-5),,0.5,
118,CO-1420-3536,Governor's Ranch ES,04_campus upgrade,Playground replacement (ages 5-12),,0.5,
118,CO-1420-3536,Governor's Ranch ES,04_campus upgrade,Resurface asphalt,,,
118,CO-1420-3536,Governor's Ranch ES,04_campus upgrade,Resurface concrete,,,
118,CO-1420-3536,Governor's Ranch ES,04_campus upgrade,Artificial turf field replacement and track resurfacing - HS,,,
118,CO-1420-3536,Governor's Ranch ES,05_Modernization,Modernize admin,,0.933333333,
118,CO-1420-3536,Governor's Ranch ES,05_Modernization,Modernize classrooms,,0.51662906,
118,CO-1420-3536,Governor's Ranch ES,05_Modernization,Modernize gym / assembly space,,Does not apply,
118,CO-1420-3536,Governor's Ranch ES,05_Modernization,Modernize kitchen,,,
118,CO-1420-3536,Governor's Ranch ES,05_Modernization,Modernize cafeteria,,Does not apply,
118,CO-1420-3536,Governor's Ranch ES,05_Modernization,Modernize multipurpose room,,0.0625,
118,CO-1420-3536,Governor's Ranch ES,05_Modernization,Heavily modernize restrooms,,0.333333333,
118,CO-1420-3536,Governor's Ranch ES,05_Modernization,Heavily modernize STEM / CTE / specialized labs (MS/HS),,Does not apply,
118,CO-1420-3536,Governor's Ranch ES,05_Modernization,Lightly modernize corridors,,0.2,
118,CO-1420-3536,Governor's Ranch ES,05_Modernization,Lightly modernize entry lobby,,0.8,
118,CO-1420-3536,Governor's Ranch ES,05_Modernization,Lightly modernize library/media center,,,
118,CO-1420-3536,Governor's Ranch ES,04_campus upgrade,Security package,,0.7975,
119,CO-1420-3622,Green Gables ES,00_general,ADA compliance,,,
119,CO-1420-3622,Green Gables ES,01_new construction,Demolition,,,
119,CO-1420-3622,Green Gables ES,01_new construction,New construction ES,,,
119,CO-1420-3622,Green Gables ES,01_new construction,New construction HS,,,
119,CO-1420-3622,Green Gables ES,01_new construction,New construction K-8,,,
119,CO-1420-3622,Green Gables ES,01_new construction,New construction MS,,,
119,CO-1420-3622,Green Gables ES,01_new construction,New auditorium,,,
119,CO-1420-3622,Green Gables ES,04_campus upgrade,Add shade structure(s),,0,
119,CO-1420-3622,Green Gables ES,04_campus upgrade,Campus landscaping upgrade,,,
119,CO-1420-3622,Green Gables ES,04_campus upgrade,Parking lot expansion,,,
119,CO-1420-3622,Green Gables ES,04_campus upgrade,"Front of school branding, landscape upgrades",,0.675,
119,CO-1420-3622,Green Gables ES,04_campus upgrade,Furniture upgrades,,0.45,
119,CO-1420-3622,Green Gables ES,04_campus upgrade,Improve drop-off / pick-up zone,,0.35,
119,CO-1420-3622,Green Gables ES,04_campus upgrade,New outdoor classroom,,0,
119,CO-1420-3622,Green Gables ES,04_campus upgrade,Playground replacement (ages 2-5),,0.5,
119,CO-1420-3622,Green Gables ES,04_campus upgrade,Playground replacement (ages 5-12),,0.5,
119,CO-1420-3622,Green Gables ES,04_campus upgrade,Resurface asphalt,,,
119,CO-1420-3622,Green Gables ES,04_campus upgrade,Resurface concrete,,,
119,CO-1420-3622,Green Gables ES,04_campus upgrade,Artificial turf field replacement and track resurfacing - HS,,,
119,CO-1420-3622,Green Gables ES,05_Modernization,Modernize admin,,0.605555556,
119,CO-1420-3622,Green Gables ES,05_Modernization,Modernize classrooms,,0.489883974,
119,CO-1420-3622,Green Gables ES,05_Modernization,Modernize gym / assembly space,,0.15625,
119,CO-1420-3622,Green Gables ES,05_Modernization,Modernize kitchen,,,
119,CO-1420-3622,Green Gables ES,05_Modernization,Modernize cafeteria,,0.182170543,
119,CO-1420-3622,Green Gables ES,05_Modernization,Modernize multipurpose room,,Does not apply,
119,CO-1420-3622,Green Gables ES,05_Modernization,Heavily modernize restrooms,,1,
119,CO-1420-3622,Green Gables ES,05_Modernization,Heavily modernize STEM / CTE / specialized labs (MS/HS),,Does not apply,
119,CO-1420-3622,Green Gables ES,05_Modernization,Lightly modernize corridors,,1,
119,CO-1420-3622,Green Gables ES,05_Modernization,Lightly modernize entry lobby,,0.875,
119,CO-1420-3622,Green Gables ES,05_Modernization,Lightly modernize library/media center,,,
119,CO-1420-3622,Green Gables ES,04_campus upgrade,Security package,,0.736785714,
120,CO-1420-3726,Hackberry Hill ES,00_general,ADA compliance,,,
120,CO-1420-3726,Hackberry Hill ES,01_new construction,Demolition,,,
120,CO-1420-3726,Hackberry Hill ES,01_new construction,New construction ES,,,
120,CO-1420-3726,Hackberry Hill ES,01_new construction,New construction HS,,,
120,CO-1420-3726,Hackberry Hill ES,01_new construction,New construction K-8,,,
120,CO-1420-3726,Hackberry Hill ES,01_new construction,New construction MS,,,
120,CO-1420-3726,Hackberry Hill ES,01_new construction,New auditorium,,,
120,CO-1420-3726,Hackberry Hill ES,04_campus upgrade,Add shade structure(s),,1,
120,CO-1420-3726,Hackberry Hill ES,04_campus upgrade,Campus landscaping upgrade,,,
120,CO-1420-3726,Hackberry Hill ES,04_campus upgrade,Parking lot expansion,,,
120,CO-1420-3726,Hackberry Hill ES,04_campus upgrade,"Front of school branding, landscape upgrades",,0.9,
120,CO-1420-3726,Hackberry Hill ES,04_campus upgrade,Furniture upgrades,,1,
120,CO-1420-3726,Hackberry Hill ES,04_campus upgrade,Improve drop-off / pick-up zone,,1,
120,CO-1420-3726,Hackberry Hill ES,04_campus upgrade,New outdoor classroom,,1,
120,CO-1420-3726,Hackberry Hill ES,04_campus upgrade,Playground replacement (ages 2-5),,Does not apply,
120,CO-1420-3726,Hackberry Hill ES,04_campus upgrade,Playground replacement (ages 5-12),,0.75,
120,CO-1420-3726,Hackberry Hill ES,04_campus upgrade,Resurface asphalt,,,
120,CO-1420-3726,Hackberry Hill ES,04_campus upgrade,Resurface concrete,,,
120,CO-1420-3726,Hackberry Hill ES,04_campus upgrade,Artificial turf field replacement and track resurfacing - HS,,,
120,CO-1420-3726,Hackberry Hill ES,05_Modernization,Modernize admin,,0.8,
120,CO-1420-3726,Hackberry Hill ES,05_Modernization,Modernize classrooms,,0.768795139,
120,CO-1420-3726,Hackberry Hill ES,05_Modernization,Modernize gym / assembly space,,Does not apply,
120,CO-1420-3726,Hackberry Hill ES,05_Modernization,Modernize kitchen,,,
120,CO-1420-3726,Hackberry Hill ES,05_Modernization,Modernize cafeteria,,Does not apply,
120,CO-1420-3726,Hackberry Hill ES,05_Modernization,Modernize multipurpose room,,0.514583333,
120,CO-1420-3726,Hackberry Hill ES,05_Modernization,Heavily modernize restrooms,,0.333333333,
120,CO-1420-3726,Hackberry Hill ES,05_Modernization,Heavily modernize STEM / CTE / specialized labs (MS/HS),,Does not apply,
120,CO-1420-3726,Hackberry Hill ES,05_Modernization,Lightly modernize corridors,,0.6,
120,CO-1420-3726,Hackberry Hill ES,05_Modernization,Lightly modernize entry lobby,,1,
120,CO-1420-3726,Hackberry Hill ES,05_Modernization,Lightly modernize library/media center,,,
120,CO-1420-3726,Hackberry Hill ES,04_campus upgrade,Security package,,0.721666667,
121,CO-1420-4190,Hutchinson ES,00_general,ADA compliance,,,
121,CO-1420-4190,Hutchinson ES,01_new construction,Demolition,,,
121,CO-1420-4190,Hutchinson ES,01_new construction,New construction ES,,,
121,CO-1420-4190,Hutchinson ES,01_new construction,New construction HS,,,
121,CO-1420-4190,Hutchinson ES,01_new construction,New construction K-8,,,
121,CO-1420-4190,Hutchinson ES,01_new construction,New construction MS,,,
121,CO-1420-4190,Hutchinson ES,01_new construction,New auditorium,,,
121,CO-1420-4190,Hutchinson ES,04_campus upgrade,Add shade structure(s),,1,
121,CO-1420-4190,Hutchinson ES,04_campus upgrade,Campus landscaping upgrade,,,
121,CO-1420-4190,Hutchinson ES,04_campus upgrade,Parking lot expansion,,,
121,CO-1420-4190,Hutchinson ES,04_campus upgrade,"Front of school branding, landscape upgrades",,0.9,
121,CO-1420-4190,Hutchinson ES,04_campus upgrade,Furniture upgrades,,0.775,
121,CO-1420-4190,Hutchinson ES,04_campus upgrade,Improve drop-off / pick-up zone,,0.625,
121,CO-1420-4190,Hutchinson ES,04_campus upgrade,New outdoor classroom,,1,
121,CO-1420-4190,Hutchinson ES,04_campus upgrade,Playground replacement (ages 2-5),,0.5,
121,CO-1420-4190,Hutchinson ES,04_campus upgrade,Playground replacement (ages 5-12),,0.5,
121,CO-1420-4190,Hutchinson ES,04_campus upgrade,Resurface asphalt,,,
121,CO-1420-4190,Hutchinson ES,04_campus upgrade,Resurface concrete,,,
121,CO-1420-4190,Hutchinson ES,04_campus upgrade,Artificial turf field replacement and track resurfacing - HS,,,
121,CO-1420-4190,Hutchinson ES,05_Modernization,Modernize admin,,0.8,
121,CO-1420-4190,Hutchinson ES,05_Modernization,Modernize classrooms,,0.667368314,
121,CO-1420-4190,Hutchinson ES,05_Modernization,Modernize gym / assembly space,,0.6875,
121,CO-1420-4190,Hutchinson ES,05_Modernization,Modernize kitchen,,,
121,CO-1420-4190,Hutchinson ES,05_Modernization,Modernize cafeteria,,0.6125,
121,CO-1420-4190,Hutchinson ES,05_Modernization,Modernize multipurpose room,,Does not apply,
121,CO-1420-4190,Hutchinson ES,05_Modernization,Heavily modernize restrooms,,1,
121,CO-1420-4190,Hutchinson ES,05_Modernization,Heavily modernize STEM / CTE / specialized labs (MS/HS),,Does not apply,
121,CO-1420-4190,Hutchinson ES,05_Modernization,Lightly modernize corridors,,0.8,
121,CO-1420-4190,Hutchinson ES,05_Modernization,Lightly modernize entry lobby,,0.733333333,
121,CO-1420-4190,Hutchinson ES,05_Modernization,Lightly modernize library/media center,,,
121,CO-1420-4190,Hutchinson ES,04_campus upgrade,Security package,,0.682222222,
122,CO-1420-6539,Jefferson County Open Elementary School,00_general,ADA compliance,,,
122,CO-1420-6539,Jefferson County Open Elementary School,01_new construction,Demolition,,,
122,CO-1420-6539,Jefferson County Open Elementary School,01_new construction,New construction ES,,,
122,CO-1420-6539,Jefferson County Open Elementary School,01_new construction,New construction HS,,,
122,CO-1420-6539,Jefferson County Open Elementary School,01_new construction,New construction K-8,,,
122,CO-1420-6539,Jefferson County Open Elementary School,01_new construction,New construction MS,,,
122,CO-1420-6539,Jefferson County Open Elementary School,01_new construction,New auditorium,,,
122,CO-1420-6539,Jefferson County Open Elementary School,04_campus upgrade,Add shade structure(s),,0,
122,CO-1420-6539,Jefferson County Open Elementary School,04_campus upgrade,Campus landscaping upgrade,,,
122,CO-1420-6539,Jefferson County Open Elementary School,04_campus upgrade,Parking lot expansion,,,
122,CO-1420-6539,Jefferson County Open Elementary School,04_campus upgrade,"Front of school branding, landscape upgrades",,1,
122,CO-1420-6539,Jefferson County Open Elementary School,04_campus upgrade,Furniture upgrades,,1,
122,CO-1420-6539,Jefferson County Open Elementary School,04_campus upgrade,Improve drop-off / pick-up zone,,0.833333333,
122,CO-1420-6539,Jefferson County Open Elementary School,04_campus upgrade,New outdoor classroom,,1,
122,CO-1420-6539,Jefferson County Open Elementary School,04_campus upgrade,Playground replacement (ages 2-5),,0.5,
122,CO-1420-6539,Jefferson County Open Elementary School,04_campus upgrade,Playground replacement (ages 5-12),,0.5,
122,CO-1420-6539,Jefferson County Open Elementary School,04_campus upgrade,Resurface asphalt,,,
122,CO-1420-6539,Jefferson County Open Elementary School,04_campus upgrade,Resurface concrete,,,
122,CO-1420-6539,Jefferson County Open Elementary School,04_campus upgrade,Artificial turf field replacement and track resurfacing - HS,,,
122,CO-1420-6539,Jefferson County Open Elementary School,05_Modernization,Modernize admin,,0.716666667,
122,CO-1420-6539,Jefferson County Open Elementary School,05_Modernization,Modernize classrooms,,0.723767019,
122,CO-1420-6539,Jefferson County Open Elementary School,05_Modernization,Modernize gym / assembly space,,0.514583333,
122,CO-1420-6539,Jefferson County Open Elementary School,05_Modernization,Modernize kitchen,,,
122,CO-1420-6539,Jefferson County Open Elementary School,05_Modernization,Modernize cafeteria,,1,
122,CO-1420-6539,Jefferson County Open Elementary School,05_Modernization,Modernize multipurpose room,,Does not apply,
122,CO-1420-6539,Jefferson County Open Elementary School,05_Modernization,Heavily modernize restrooms,,0.666666667,
122,CO-1420-6539,Jefferson County Open Elementary School,05_Modernization,Heavily modernize STEM / CTE / specialized labs (MS/HS),,Does not apply,
122,CO-1420-6539,Jefferson County Open Elementary School,05_Modernization,Lightly modernize corridors,,1,
122,CO-1420-6539,Jefferson County Open Elementary School,05_Modernization,Lightly modernize entry lobby,,1,
122,CO-1420-6539,Jefferson County Open Elementary School,05_Modernization,Lightly modernize library/media center,,,
122,CO-1420-6539,Jefferson County Open Elementary School,04_campus upgrade,Security package,,0.6865,
123,CO-1420-4549,Kendallvue ES,00_general,ADA compliance,,,
123,CO-1420-4549,Kendallvue ES,01_new construction,Demolition,,,
123,CO-1420-4549,Kendallvue ES,01_new construction,New construction ES,,,
123,CO-1420-4549,Kendallvue ES,01_new construction,New construction HS,,,
123,CO-1420-4549,Kendallvue ES,01_new construction,New construction K-8,,,
123,CO-1420-4549,Kendallvue ES,01_new construction,New construction MS,,,
123,CO-1420-4549,Kendallvue ES,01_new construction,New auditorium,,,
123,CO-1420-4549,Kendallvue ES,04_campus upgrade,Add shade structure(s),,0,
123,CO-1420-4549,Kendallvue ES,04_campus upgrade,Campus landscaping upgrade,,,
123,CO-1420-4549,Kendallvue ES,04_campus upgrade,Parking lot expansion,,,
123,CO-1420-4549,Kendallvue ES,04_campus upgrade,"Front of school branding, landscape upgrades",,0.9,
123,CO-1420-4549,Kendallvue ES,04_campus upgrade,Furniture upgrades,,1,
123,CO-1420-4549,Kendallvue ES,04_campus upgrade,Improve drop-off / pick-up zone,,0.583333333,
123,CO-1420-4549,Kendallvue ES,04_campus upgrade,New outdoor classroom,,0,
123,CO-1420-4549,Kendallvue ES,04_campus upgrade,Playground replacement (ages 2-5),,0.5,
123,CO-1420-4549,Kendallvue ES,04_campus upgrade,Playground replacement (ages 5-12),,0.5,
123,CO-1420-4549,Kendallvue ES,04_campus upgrade,Resurface asphalt,,,
123,CO-1420-4549,Kendallvue ES,04_campus upgrade,Resurface concrete,,,
123,CO-1420-4549,Kendallvue ES,04_campus upgrade,Artificial turf field replacement and track resurfacing - HS,,,
123,CO-1420-4549,Kendallvue ES,05_Modernization,Modernize admin,,0.875,
123,CO-1420-4549,Kendallvue ES,05_Modernization,Modernize classrooms,,0.738079487,
123,CO-1420-4549,Kendallvue ES,05_Modernization,Modernize gym / assembly space,,Does not apply,
123,CO-1420-4549,Kendallvue ES,05_Modernization,Modernize kitchen,,,
123,CO-1420-4549,Kendallvue ES,05_Modernization,Modernize cafeteria,,Does not apply,
123,CO-1420-4549,Kendallvue ES,05_Modernization,Modernize multipurpose room,,0.875,
123,CO-1420-4549,Kendallvue ES,05_Modernization,Heavily modernize restrooms,,0.666666667,
123,CO-1420-4549,Kendallvue ES,05_Modernization,Heavily modernize STEM / CTE / specialized labs (MS/HS),,Does not apply,
123,CO-1420-4549,Kendallvue ES,05_Modernization,Lightly modernize corridors,,1,
123,CO-1420-4549,Kendallvue ES,05_Modernization,Lightly modernize entry lobby,,1,
123,CO-1420-4549,Kendallvue ES,05_Modernization,Lightly modernize library/media center,,,
123,CO-1420-4549,Kendallvue ES,04_campus upgrade,Security package,,0.678333333,
124,CO-1420-4550,Kendrick Lakes ES,00_general,ADA compliance,,,
124,CO-1420-4550,Kendrick Lakes ES,01_new construction,Demolition,,,
124,CO-1420-4550,Kendrick Lakes ES,01_new construction,New construction ES,,,
124,CO-1420-4550,Kendrick Lakes ES,01_new construction,New construction HS,,,
124,CO-1420-4550,Kendrick Lakes ES,01_new construction,New construction K-8,,,
124,CO-1420-4550,Kendrick Lakes ES,01_new construction,New construction MS,,,
124,CO-1420-4550,Kendrick Lakes ES,01_new construction,New auditorium,,,
124,CO-1420-4550,Kendrick Lakes ES,04_campus upgrade,Add shade structure(s),,1,
124,CO-1420-4550,Kendrick Lakes ES,04_campus upgrade,Campus landscaping upgrade,,,
124,CO-1420-4550,Kendrick Lakes ES,04_campus upgrade,Parking lot expansion,,,
124,CO-1420-4550,Kendrick Lakes ES,04_campus upgrade,"Front of school branding, landscape upgrades",,1,
124,CO-1420-4550,Kendrick Lakes ES,04_campus upgrade,Furniture upgrades,,0.775,
124,CO-1420-4550,Kendrick Lakes ES,04_campus upgrade,Improve drop-off / pick-up zone,,0.833333333,
124,CO-1420-4550,Kendrick Lakes ES,04_campus upgrade,New outdoor classroom,,1,
124,CO-1420-4550,Kendrick Lakes ES,04_campus upgrade,Playground replacement (ages 2-5),,1,
124,CO-1420-4550,Kendrick Lakes ES,04_campus upgrade,Playground replacement (ages 5-12),,1,
124,CO-1420-4550,Kendrick Lakes ES,04_campus upgrade,Resurface asphalt,,,
124,CO-1420-4550,Kendrick Lakes ES,04_campus upgrade,Resurface concrete,,,
124,CO-1420-4550,Kendrick Lakes ES,04_campus upgrade,Artificial turf field replacement and track resurfacing - HS,,,
124,CO-1420-4550,Kendrick Lakes ES,05_Modernization,Modernize admin,,0.916666667,
124,CO-1420-4550,Kendrick Lakes ES,05_Modernization,Modernize classrooms,,0.839027778,
124,CO-1420-4550,Kendrick Lakes ES,05_Modernization,Modernize gym / assembly space,,0.90625,
124,CO-1420-4550,Kendrick Lakes ES,05_Modernization,Modernize kitchen,,,
124,CO-1420-4550,Kendrick Lakes ES,05_Modernization,Modernize cafeteria,,0.797674419,
124,CO-1420-4550,Kendrick Lakes ES,05_Modernization,Modernize multipurpose room,,Does not apply,
124,CO-1420-4550,Kendrick Lakes ES,05_Modernization,Heavily modernize restrooms,,1,
124,CO-1420-4550,Kendrick Lakes ES,05_Modernization,Heavily modernize STEM / CTE / specialized labs (MS/HS),,Does not apply,
124,CO-1420-4550,Kendrick Lakes ES,05_Modernization,Lightly modernize corridors,,1,
124,CO-1420-4550,Kendrick Lakes ES,05_Modernization,Lightly modernize entry lobby,,0.75,
124,CO-1420-4550,Kendrick Lakes ES,05_Modernization,Lightly modernize library/media center,,,
124,CO-1420-4550,Kendrick Lakes ES,04_campus upgrade,Security package,,0.775,
125,CO-1420-4830,Kyffin ES,00_general,ADA compliance,,,
125,CO-1420-4830,Kyffin ES,01_new construction,Demolition,,,
125,CO-1420-4830,Kyffin ES,01_new construction,New construction ES,,,
125,CO-1420-4830,Kyffin ES,01_new construction,New construction HS,,,
125,CO-1420-4830,Kyffin ES,01_new construction,New construction K-8,,,
125,CO-1420-4830,Kyffin ES,01_new construction,New construction MS,,,
125,CO-1420-4830,Kyffin ES,01_new construction,New auditorium,,,
125,CO-1420-4830,Kyffin ES,04_campus upgrade,Add shade structure(s),,1,
125,CO-1420-4830,Kyffin ES,04_campus upgrade,Campus landscaping upgrade,,,
125,CO-1420-4830,Kyffin ES,04_campus upgrade,Parking lot expansion,,,
125,CO-1420-4830,Kyffin ES,04_campus upgrade,"Front of school branding, landscape upgrades",,1,
125,CO-1420-4830,Kyffin ES,04_campus upgrade,Furniture upgrades,,0.45,
125,CO-1420-4830,Kyffin ES,04_campus upgrade,Improve drop-off / pick-up zone,,0.791666667,
125,CO-1420-4830,Kyffin ES,04_campus upgrade,New outdoor classroom,,1,
125,CO-1420-4830,Kyffin ES,04_campus upgrade,Playground replacement (ages 2-5),,1,
125,CO-1420-4830,Kyffin ES,04_campus upgrade,Playground replacement (ages 5-12),,1,
125,CO-1420-4830,Kyffin ES,04_campus upgrade,Resurface asphalt,,,
125,CO-1420-4830,Kyffin ES,04_campus upgrade,Resurface concrete,,,
125,CO-1420-4830,Kyffin ES,04_campus upgrade,Artificial turf field replacement and track resurfacing - HS,,,
125,CO-1420-4830,Kyffin ES,05_Modernization,Modernize admin,,0.866666667,
125,CO-1420-4830,Kyffin ES,05_Modernization,Modernize classrooms,,0.763869444,
125,CO-1420-4830,Kyffin ES,05_Modernization,Modernize gym / assembly space,,0.654166667,
125,CO-1420-4830,Kyffin ES,05_Modernization,Modernize kitchen,,,
125,CO-1420-4830,Kyffin ES,05_Modernization,Modernize cafeteria,,0.752083333,
125,CO-1420-4830,Kyffin ES,05_Modernization,Modernize multipurpose room,,Does not apply,
125,CO-1420-4830,Kyffin ES,05_Modernization,Heavily modernize restrooms,,0.666666667,
125,CO-1420-4830,Kyffin ES,05_Modernization,Heavily modernize STEM / CTE / specialized labs (MS/HS),,Does not apply,
125,CO-1420-4830,Kyffin ES,05_Modernization,Lightly modernize corridors,,1,
125,CO-1420-4830,Kyffin ES,05_Modernization,Lightly modernize entry lobby,,1,
125,CO-1420-4830,Kyffin ES,05_Modernization,Lightly modernize library/media center,,,
125,CO-1420-4830,Kyffin ES,04_campus upgrade,Security package,,0.785,
126,CO-1420-5004,Lasley ES,00_general,ADA compliance,,,
126,CO-1420-5004,Lasley ES,01_new construction,Demolition,,,
126,CO-1420-5004,Lasley ES,01_new construction,New construction ES,,,
126,CO-1420-5004,Lasley ES,01_new construction,New construction HS,,,
126,CO-1420-5004,Lasley ES,01_new construction,New construction K-8,,,
126,CO-1420-5004,Lasley ES,01_new construction,New construction MS,,,
126,CO-1420-5004,Lasley ES,01_new construction,New auditorium,,,
126,CO-1420-5004,Lasley ES,04_campus upgrade,Add shade structure(s),,1,
126,CO-1420-5004,Lasley ES,04_campus upgrade,Campus landscaping upgrade,,,
126,CO-1420-5004,Lasley ES,04_campus upgrade,Parking lot expansion,,,
126,CO-1420-5004,Lasley ES,04_campus upgrade,"Front of school branding, landscape upgrades",,1,
126,CO-1420-5004,Lasley ES,04_campus upgrade,Furniture upgrades,,0.45,
126,CO-1420-5004,Lasley ES,04_campus upgrade,Improve drop-off / pick-up zone,,0.9,
126,CO-1420-5004,Lasley ES,04_campus upgrade,New outdoor classroom,,0,
126,CO-1420-5004,Lasley ES,04_campus upgrade,Playground replacement (ages 2-5),,0,
126,CO-1420-5004,Lasley ES,04_campus upgrade,Playground replacement (ages 5-12),,0.75,
126,CO-1420-5004,Lasley ES,04_campus upgrade,Resurface asphalt,,,
126,CO-1420-5004,Lasley ES,04_campus upgrade,Resurface concrete,,,
126,CO-1420-5004,Lasley ES,04_campus upgrade,Artificial turf field replacement and track resurfacing - HS,,,
126,CO-1420-5004,Lasley ES,05_Modernization,Modernize admin,,0.538888889,
126,CO-1420-5004,Lasley ES,05_Modernization,Modernize classrooms,,0.761510417,
126,CO-1420-5004,Lasley ES,05_Modernization,Modernize gym / assembly space,,0.539583333,
126,CO-1420-5004,Lasley ES,05_Modernization,Modernize kitchen,,,
126,CO-1420-5004,Lasley ES,05_Modernization,Modernize cafeteria,,0.51875,
126,CO-1420-5004,Lasley ES,05_Modernization,Modernize multipurpose room,,Does not apply,
126,CO-1420-5004,Lasley ES,05_Modernization,Heavily modernize restrooms,,1,
126,CO-1420-5004,Lasley ES,05_Modernization,Heavily modernize STEM / CTE / specialized labs (MS/HS),,Does not apply,
126,CO-1420-5004,Lasley ES,05_Modernization,Lightly modernize corridors,,0.6,
126,CO-1420-5004,Lasley ES,05_Modernization,Lightly modernize entry lobby,,0.733333333,
126,CO-1420-5004,Lasley ES,05_Modernization,Lightly modernize library/media center,,,
126,CO-1420-5004,Lasley ES,04_campus upgrade,Security package,,0.643809524,
127,CO-1420-5024,Lawrence ES,00_general,ADA compliance,,,
127,CO-1420-5024,Lawrence ES,01_new construction,Demolition,,,
127,CO-1420-5024,Lawrence ES,01_new construction,New construction ES,,,
127,CO-1420-5024,Lawrence ES,01_new construction,New construction HS,,,
127,CO-1420-5024,Lawrence ES,01_new construction,New construction K-8,,,
127,CO-1420-5024,Lawrence ES,01_new construction,New construction MS,,,
127,CO-1420-5024,Lawrence ES,01_new construction,New auditorium,,,
127,CO-1420-5024,Lawrence ES,04_campus upgrade,Add shade structure(s),,0,
127,CO-1420-5024,Lawrence ES,04_campus upgrade,Campus landscaping upgrade,,,
127,CO-1420-5024,Lawrence ES,04_campus upgrade,Parking lot expansion,,,
127,CO-1420-5024,Lawrence ES,04_campus upgrade,"Front of school branding, landscape upgrades",,0.8375,
127,CO-1420-5024,Lawrence ES,04_campus upgrade,Furniture upgrades,,0.775,
127,CO-1420-5024,Lawrence ES,04_campus upgrade,Improve drop-off / pick-up zone,,1,
127,CO-1420-5024,Lawrence ES,04_campus upgrade,New outdoor classroom,,0,
127,CO-1420-5024,Lawrence ES,04_campus upgrade,Playground replacement (ages 2-5),,0,
127,CO-1420-5024,Lawrence ES,04_campus upgrade,Playground replacement (ages 5-12),,0.75,
127,CO-1420-5024,Lawrence ES,04_campus upgrade,Resurface asphalt,,,
127,CO-1420-5024,Lawrence ES,04_campus upgrade,Resurface concrete,,,
127,CO-1420-5024,Lawrence ES,04_campus upgrade,Artificial turf field replacement and track resurfacing - HS,,,
127,CO-1420-5024,Lawrence ES,05_Modernization,Modernize admin,,0.888888889,
127,CO-1420-5024,Lawrence ES,05_Modernization,Modernize classrooms,,0.832133013,
127,CO-1420-5024,Lawrence ES,05_Modernization,Modernize gym / assembly space,,0.591666667,
127,CO-1420-5024,Lawrence ES,05_Modernization,Modernize kitchen,,,
127,CO-1420-5024,Lawrence ES,05_Modernization,Modernize cafeteria,,0.6875,
127,CO-1420-5024,Lawrence ES,05_Modernization,Modernize multipurpose room,,Does not apply,
127,CO-1420-5024,Lawrence ES,05_Modernization,Heavily modernize restrooms,,0.333333333,
127,CO-1420-5024,Lawrence ES,05_Modernization,Heavily modernize STEM / CTE / specialized labs (MS/HS),,Does not apply,
127,CO-1420-5024,Lawrence ES,05_Modernization,Lightly modernize corridors,,1,
127,CO-1420-5024,Lawrence ES,05_Modernization,Lightly modernize entry lobby,,1,
127,CO-1420-5024,Lawrence ES,05_Modernization,Lightly modernize library/media center,,,
127,CO-1420-5024,Lawrence ES,04_campus upgrade,Security package,,0.873333333,
128,CO-1420-5036,Leawood ES,00_general,ADA compliance,,,
128,CO-1420-5036,Leawood ES,01_new construction,Demolition,,,
128,CO-1420-5036,Leawood ES,01_new construction,New construction ES,,,
128,CO-1420-5036,Leawood ES,01_new construction,New construction HS,,,
128,CO-1420-5036,Leawood ES,01_new construction,New construction K-8,,,
128,CO-1420-5036,Leawood ES,01_new construction,New construction MS,,,
128,CO-1420-5036,Leawood ES,01_new construction,New auditorium,,,
128,CO-1420-5036,Leawood ES,04_campus upgrade,Add shade structure(s),,1,
128,CO-1420-5036,Leawood ES,04_campus upgrade,Campus landscaping upgrade,,,
128,CO-1420-5036,Leawood ES,04_campus upgrade,Parking lot expansion,,,
128,CO-1420-5036,Leawood ES,04_campus upgrade,"Front of school branding, landscape upgrades",,1,
128,CO-1420-5036,Leawood ES,04_campus upgrade,Furniture upgrades,,0.225,
128,CO-1420-5036,Leawood ES,04_campus upgrade,Improve drop-off / pick-up zone,,0.583333333,
128,CO-1420-5036,Leawood ES,04_campus upgrade,New outdoor classroom,,1,
128,CO-1420-5036,Leawood ES,04_campus upgrade,Playground replacement (ages 2-5),,0.75,
128,CO-1420-5036,Leawood ES,04_campus upgrade,Playground replacement (ages 5-12),,0.75,
128,CO-1420-5036,Leawood ES,04_campus upgrade,Resurface asphalt,,,
128,CO-1420-5036,Leawood ES,04_campus upgrade,Resurface concrete,,,
128,CO-1420-5036,Leawood ES,04_campus upgrade,Artificial turf field replacement and track resurfacing - HS,,,
128,CO-1420-5036,Leawood ES,05_Modernization,Modernize admin,,0.783333333,
128,CO-1420-5036,Leawood ES,05_Modernization,Modernize classrooms,,0.566729915,
128,CO-1420-5036,Leawood ES,05_Modernization,Modernize gym / assembly space,,0.411337209,
128,CO-1420-5036,Leawood ES,05_Modernization,Modernize kitchen,,,
128,CO-1420-5036,Leawood ES,05_Modernization,Modernize cafeteria,,0.338420543,
128,CO-1420-5036,Leawood ES,05_Modernization,Modernize multipurpose room,,Does not apply,
128,CO-1420-5036,Leawood ES,05_Modernization,Heavily modernize restrooms,,0.666666667,
128,CO-1420-5036,Leawood ES,05_Modernization,Heavily modernize STEM / CTE / specialized labs (MS/HS),,Does not apply,
128,CO-1420-5036,Leawood ES,05_Modernization,Lightly modernize corridors,,0.4,
128,CO-1420-5036,Leawood ES,05_Modernization,Lightly modernize entry lobby,,1,
128,CO-1420-5036,Leawood ES,05_Modernization,Lightly modernize library/media center,,,
128,CO-1420-5036,Leawood ES,04_campus upgrade,Security package,,0.86,
129,CO-1420-5222,Little ES,00_general,ADA compliance,,,
129,CO-1420-5222,Little ES,01_new construction,Demolition,,,
129,CO-1420-5222,Little ES,01_new construction,New construction ES,,,
129,CO-1420-5222,Little ES,01_new construction,New construction HS,,,
129,CO-1420-5222,Little ES,01_new construction,New construction K-8,,,
129,CO-1420-5222,Little ES,01_new construction,New construction MS,,,
129,CO-1420-5222,Little ES,01_new construction,New auditorium,,,
129,CO-1420-5222,Little ES,04_campus upgrade,Add shade structure(s),,1,
129,CO-1420-5222,Little ES,04_campus upgrade,Campus landscaping upgrade,,,
129,CO-1420-5222,Little ES,04_campus upgrade,Parking lot expansion,,,
129,CO-1420-5222,Little ES,04_campus upgrade,"Front of school branding, landscape upgrades",,0.675,
129,CO-1420-5222,Little ES,04_campus upgrade,Furniture upgrades,,0.775,
129,CO-1420-5222,Little ES,04_campus upgrade,Improve drop-off / pick-up zone,,0.45,
129,CO-1420-5222,Little ES,04_campus upgrade,New outdoor classroom,,1,
129,CO-1420-5222,Little ES,04_campus upgrade,Playground replacement (ages 2-5),,Does not apply,
129,CO-1420-5222,Little ES,04_campus upgrade,Playground replacement (ages 5-12),,0.5,
129,CO-1420-5222,Little ES,04_campus upgrade,Resurface asphalt,,,
129,CO-1420-5222,Little ES,04_campus upgrade,Resurface concrete,,,
129,CO-1420-5222,Little ES,04_campus upgrade,Artificial turf field replacement and track resurfacing - HS,,,
129,CO-1420-5222,Little ES,05_Modernization,Modernize admin,,0.738888889,
129,CO-1420-5222,Little ES,05_Modernization,Modernize classrooms,,0.6393336,
129,CO-1420-5222,Little ES,05_Modernization,Modernize gym / assembly space,,0.442587209,
129,CO-1420-5222,Little ES,05_Modernization,Modernize kitchen,,,
129,CO-1420-5222,Little ES,05_Modernization,Modernize cafeteria,,0,
129,CO-1420-5222,Little ES,05_Modernization,Modernize multipurpose room,,Does not apply,
129,CO-1420-5222,Little ES,05_Modernization,Heavily modernize restrooms,,0.333333333,
129,CO-1420-5222,Little ES,05_Modernization,Heavily modernize STEM / CTE / specialized labs (MS/HS),,Does not apply,
129,CO-1420-5222,Little ES,05_Modernization,Lightly modernize corridors,,0.6,
129,CO-1420-5222,Little ES,05_Modernization,Lightly modernize entry lobby,,0.783333333,
129,CO-1420-5222,Little ES,05_Modernization,Lightly modernize library/media center,,,
129,CO-1420-5222,Little ES,04_campus upgrade,Security package,,0.791666667,
130,CO-1420-5350,Lukas ES,00_general,ADA compliance,,,
130,CO-1420-5350,Lukas ES,01_new construction,Demolition,,,
130,CO-1420-5350,Lukas ES,01_new construction,New construction ES,,,
130,CO-1420-5350,Lukas ES,01_new construction,New construction HS,,,
130,CO-1420-5350,Lukas ES,01_new construction,New construction K-8,,,
130,CO-1420-5350,Lukas ES,01_new construction,New construction MS,,,
130,CO-1420-5350,Lukas ES,01_new construction,New auditorium,,,
130,CO-1420-5350,Lukas ES,04_campus upgrade,Add shade structure(s),,1,
130,CO-1420-5350,Lukas ES,04_campus upgrade,Campus landscaping upgrade,,,
130,CO-1420-5350,Lukas ES,04_campus upgrade,Parking lot expansion,,,
130,CO-1420-5350,Lukas ES,04_campus upgrade,"Front of school branding, landscape upgrades",,0.9,
130,CO-1420-5350,Lukas ES,04_campus upgrade,Furniture upgrades,,1,
130,CO-1420-5350,Lukas ES,04_campus upgrade,Improve drop-off / pick-up zone,,0.75,
130,CO-1420-5350,Lukas ES,04_campus upgrade,New outdoor classroom,,0,
130,CO-1420-5350,Lukas ES,04_campus upgrade,Playground replacement (ages 2-5),,Does not apply,
130,CO-1420-5350,Lukas ES,04_campus upgrade,Playground replacement (ages 5-12),,1,
130,CO-1420-5350,Lukas ES,04_campus upgrade,Resurface asphalt,,,
130,CO-1420-5350,Lukas ES,04_campus upgrade,Resurface concrete,,,
130,CO-1420-5350,Lukas ES,04_campus upgrade,Artificial turf field replacement and track resurfacing - HS,,,
130,CO-1420-5350,Lukas ES,05_Modernization,Modernize admin,,0.8,
130,CO-1420-5350,Lukas ES,05_Modernization,Modernize classrooms,,0.767340278,
130,CO-1420-5350,Lukas ES,05_Modernization,Modernize gym / assembly space,,Does not apply,
130,CO-1420-5350,Lukas ES,05_Modernization,Modernize kitchen,,,
130,CO-1420-5350,Lukas ES,05_Modernization,Modernize cafeteria,,Does not apply,
130,CO-1420-5350,Lukas ES,05_Modernization,Modernize multipurpose room,,0.8125,
130,CO-1420-5350,Lukas ES,05_Modernization,Heavily modernize restrooms,,1,
130,CO-1420-5350,Lukas ES,05_Modernization,Heavily modernize STEM / CTE / specialized labs (MS/HS),,Does not apply,
130,CO-1420-5350,Lukas ES,05_Modernization,Lightly modernize corridors,,0.6,
130,CO-1420-5350,Lukas ES,05_Modernization,Lightly modernize entry lobby,,1,
130,CO-1420-5350,Lukas ES,05_Modernization,Lightly modernize library/media center,,,
130,CO-1420-5350,Lukas ES,04_campus upgrade,Security package,,0.86,
131,CO-1420-5354,Lumberg ES,00_general,ADA compliance,,,
131,CO-1420-5354,Lumberg ES,01_new construction,Demolition,,,
131,CO-1420-5354,Lumberg ES,01_new construction,New construction ES,,,
131,CO-1420-5354,Lumberg ES,01_new construction,New construction HS,,,
131,CO-1420-5354,Lumberg ES,01_new construction,New construction K-8,,,
131,CO-1420-5354,Lumberg ES,01_new construction,New construction MS,,,
131,CO-1420-5354,Lumberg ES,01_new construction,New auditorium,,,
131,CO-1420-5354,Lumberg ES,04_campus upgrade,Add shade structure(s),,0,
131,CO-1420-5354,Lumberg ES,04_campus upgrade,Campus landscaping upgrade,,,
131,CO-1420-5354,Lumberg ES,04_campus upgrade,Parking lot expansion,,,
131,CO-1420-5354,Lumberg ES,04_campus upgrade,"Front of school branding, landscape upgrades",,0.7375,
131,CO-1420-5354,Lumberg ES,04_campus upgrade,Furniture upgrades,,0.225,
131,CO-1420-5354,Lumberg ES,04_campus upgrade,Improve drop-off / pick-up zone,,0.916666667,
131,CO-1420-5354,Lumberg ES,04_campus upgrade,New outdoor classroom,,0,
131,CO-1420-5354,Lumberg ES,04_campus upgrade,Playground replacement (ages 2-5),,0,
131,CO-1420-5354,Lumberg ES,04_campus upgrade,Playground replacement (ages 5-12),,0,
131,CO-1420-5354,Lumberg ES,04_campus upgrade,Resurface asphalt,,,
131,CO-1420-5354,Lumberg ES,04_campus upgrade,Resurface concrete,,,
131,CO-1420-5354,Lumberg ES,04_campus upgrade,Artificial turf field replacement and track resurfacing - HS,,,
131,CO-1420-5354,Lumberg ES,05_Modernization,Modernize admin,,0.805555556,
131,CO-1420-5354,Lumberg ES,05_Modernization,Modernize classrooms,,0.650524145,
131,CO-1420-5354,Lumberg ES,05_Modernization,Modernize gym / assembly space,,0.473837209,
131,CO-1420-5354,Lumberg ES,05_Modernization,Modernize kitchen,,,
131,CO-1420-5354,Lumberg ES,05_Modernization,Modernize cafeteria,,0.411579457,
131,CO-1420-5354,Lumberg ES,05_Modernization,Modernize multipurpose room,,Does not apply,
131,CO-1420-5354,Lumberg ES,05_Modernization,Heavily modernize restrooms,,0.666666667,
131,CO-1420-5354,Lumberg ES,05_Modernization,Heavily modernize STEM / CTE / specialized labs (MS/HS),,Does not apply,
131,CO-1420-5354,Lumberg ES,05_Modernization,Lightly modernize corridors,,0.6,
131,CO-1420-5354,Lumberg ES,05_Modernization,Lightly modernize entry lobby,,0.875,
131,CO-1420-5354,Lumberg ES,05_Modernization,Lightly modernize library/media center,,,
131,CO-1420-5354,Lumberg ES,04_campus upgrade,Security package,,0.710833333,
132,CO-1420-5524,Maple Grove ES,00_general,ADA compliance,,,
132,CO-1420-5524,Maple Grove ES,01_new construction,Demolition,,,
132,CO-1420-5524,Maple Grove ES,01_new construction,New construction ES,,,
132,CO-1420-5524,Maple Grove ES,01_new construction,New construction HS,,,
132,CO-1420-5524,Maple Grove ES,01_new construction,New construction K-8,,,
132,CO-1420-5524,Maple Grove ES,01_new construction,New construction MS,,,
132,CO-1420-5524,Maple Grove ES,01_new construction,New auditorium,,,
132,CO-1420-5524,Maple Grove ES,04_campus upgrade,Add shade structure(s),,0,
132,CO-1420-5524,Maple Grove ES,04_campus upgrade,Campus landscaping upgrade,,,
132,CO-1420-5524,Maple Grove ES,04_campus upgrade,Parking lot expansion,,,
132,CO-1420-5524,Maple Grove ES,04_campus upgrade,"Front of school branding, landscape upgrades",,0.8375,
132,CO-1420-5524,Maple Grove ES,04_campus upgrade,Furniture upgrades,,0.225,
132,CO-1420-5524,Maple Grove ES,04_campus upgrade,Improve drop-off / pick-up zone,,0.9,
132,CO-1420-5524,Maple Grove ES,04_campus upgrade,New outdoor classroom,,1,
132,CO-1420-5524,Maple Grove ES,04_campus upgrade,Playground replacement (ages 2-5),,0.5,
132,CO-1420-5524,Maple Grove ES,04_campus upgrade,Playground replacement (ages 5-12),,0.5,
132,CO-1420-5524,Maple Grove ES,04_campus upgrade,Resurface asphalt,,,
132,CO-1420-5524,Maple Grove ES,04_campus upgrade,Resurface concrete,,,
132,CO-1420-5524,Maple Grove ES,04_campus upgrade,Artificial turf field replacement and track resurfacing - HS,,,
132,CO-1420-5524,Maple Grove ES,05_Modernization,Modernize admin,,0.716666667,
132,CO-1420-5524,Maple Grove ES,05_Modernization,Modernize classrooms,,0.634591026,
132,CO-1420-5524,Maple Grove ES,05_Modernization,Modernize gym / assembly space,,0.473837209,
132,CO-1420-5524,Maple Grove ES,05_Modernization,Modernize kitchen,,,
132,CO-1420-5524,Maple Grove ES,05_Modernization,Modernize cafeteria,,0.453003876,
132,CO-1420-5524,Maple Grove ES,05_Modernization,Modernize multipurpose room,,Does not apply,
132,CO-1420-5524,Maple Grove ES,05_Modernization,Heavily modernize restrooms,,1,
132,CO-1420-5524,Maple Grove ES,05_Modernization,Heavily modernize STEM / CTE / specialized labs (MS/HS),,Does not apply,
132,CO-1420-5524,Maple Grove ES,05_Modernization,Lightly modernize corridors,,0.8,
132,CO-1420-5524,Maple Grove ES,05_Modernization,Lightly modernize entry lobby,,1,
132,CO-1420-5524,Maple Grove ES,05_Modernization,Lightly modernize library/media center,,,
132,CO-1420-5524,Maple Grove ES,04_campus upgrade,Security package,,0.82,
133,CO-1420-5580,Marshdale ES,00_general,ADA compliance,,,
133,CO-1420-5580,Marshdale ES,01_new construction,Demolition,,,
133,CO-1420-5580,Marshdale ES,01_new construction,New construction ES,,,
133,CO-1420-5580,Marshdale ES,01_new construction,New construction HS,,,
133,CO-1420-5580,Marshdale ES,01_new construction,New construction K-8,,,
133,CO-1420-5580,Marshdale ES,01_new construction,New construction MS,,,
133,CO-1420-5580,Marshdale ES,01_new construction,New auditorium,,,
133,CO-1420-5580,Marshdale ES,04_campus upgrade,Add shade structure(s),,1,
133,CO-1420-5580,Marshdale ES,04_campus upgrade,Campus landscaping upgrade,,,
133,CO-1420-5580,Marshdale ES,04_campus upgrade,Parking lot expansion,,,
133,CO-1420-5580,Marshdale ES,04_campus upgrade,"Front of school branding, landscape upgrades",,0.9,
133,CO-1420-5580,Marshdale ES,04_campus upgrade,Furniture upgrades,,1,
133,CO-1420-5580,Marshdale ES,04_campus upgrade,Improve drop-off / pick-up zone,,0.9,
133,CO-1420-5580,Marshdale ES,04_campus upgrade,New outdoor classroom,,1,
133,CO-1420-5580,Marshdale ES,04_campus upgrade,Playground replacement (ages 2-5),,1,
133,CO-1420-5580,Marshdale ES,04_campus upgrade,Playground replacement (ages 5-12),,1,
133,CO-1420-5580,Marshdale ES,04_campus upgrade,Resurface asphalt,,,
133,CO-1420-5580,Marshdale ES,04_campus upgrade,Resurface concrete,,,
133,CO-1420-5580,Marshdale ES,04_campus upgrade,Artificial turf field replacement and track resurfacing - HS,,,
133,CO-1420-5580,Marshdale ES,05_Modernization,Modernize admin,,0.866666667,
133,CO-1420-5580,Marshdale ES,05_Modernization,Modernize classrooms,,0.901236111,
133,CO-1420-5580,Marshdale ES,05_Modernization,Modernize gym / assembly space,,0.9625,
133,CO-1420-5580,Marshdale ES,05_Modernization,Modernize kitchen,,,
133,CO-1420-5580,Marshdale ES,05_Modernization,Modernize cafeteria,,0.64375,
133,CO-1420-5580,Marshdale ES,05_Modernization,Modernize multipurpose room,,Does not apply,
133,CO-1420-5580,Marshdale ES,05_Modernization,Heavily modernize restrooms,,1,
133,CO-1420-5580,Marshdale ES,05_Modernization,Heavily modernize STEM / CTE / specialized labs (MS/HS),,Does not apply,
133,CO-1420-5580,Marshdale ES,05_Modernization,Lightly modernize corridors,,1,
133,CO-1420-5580,Marshdale ES,05_Modernization,Lightly modernize entry lobby,,1,
133,CO-1420-5580,Marshdale ES,05_Modernization,Lightly modernize library/media center,,,
133,CO-1420-5580,Marshdale ES,04_campus upgrade,Security package,,0.889166667,
134,CO-1420-5758,Meiklejohn ES,00_general,ADA compliance,,,
134,CO-1420-5758,Meiklejohn ES,01_new construction,Demolition,,,
134,CO-1420-5758,Meiklejohn ES,01_new construction,New construction ES,,,
134,CO-1420-5758,Meiklejohn ES,01_new construction,New construction HS,,,
134,CO-1420-5758,Meiklejohn ES,01_new construction,New construction K-8,,,
134,CO-1420-5758,Meiklejohn ES,01_new construction,New construction MS,,,
134,CO-1420-5758,Meiklejohn ES,01_new construction,New auditorium,,,
134,CO-1420-5758,Meiklejohn ES,04_campus upgrade,Add shade structure(s),,0,
134,CO-1420-5758,Meiklejohn ES,04_campus upgrade,Campus landscaping upgrade,,,
134,CO-1420-5758,Meiklejohn ES,04_campus upgrade,Parking lot expansion,,,
134,CO-1420-5758,Meiklejohn ES,04_campus upgrade,"Front of school branding, landscape upgrades",,0.8375,
134,CO-1420-5758,Meiklejohn ES,04_campus upgrade,Furniture upgrades,,0.870967742,
134,CO-1420-5758,Meiklejohn ES,04_campus upgrade,Improve drop-off / pick-up zone,,0.566666667,
134,CO-1420-5758,Meiklejohn ES,04_campus upgrade,New outdoor classroom,,1,
134,CO-1420-5758,Meiklejohn ES,04_campus upgrade,Playground replacement (ages 2-5),,0.75,
134,CO-1420-5758,Meiklejohn ES,04_campus upgrade,Playground replacement (ages 5-12),,0.75,
134,CO-1420-5758,Meiklejohn ES,04_campus upgrade,Resurface asphalt,,,
134,CO-1420-5758,Meiklejohn ES,04_campus upgrade,Resurface concrete,,,
134,CO-1420-5758,Meiklejohn ES,04_campus upgrade,Artificial turf field replacement and track resurfacing - HS,,,
134,CO-1420-5758,Meiklejohn ES,05_Modernization,Modernize admin,,0.933333333,
134,CO-1420-5758,Meiklejohn ES,05_Modernization,Modernize classrooms,,0.841867108,
134,CO-1420-5758,Meiklejohn ES,05_Modernization,Modernize gym / assembly space,,0.4125,
134,CO-1420-5758,Meiklejohn ES,05_Modernization,Modernize kitchen,,,
134,CO-1420-5758,Meiklejohn ES,05_Modernization,Modernize cafeteria,,0.435416667,
134,CO-1420-5758,Meiklejohn ES,05_Modernization,Modernize multipurpose room,,Does not apply,
134,CO-1420-5758,Meiklejohn ES,05_Modernization,Heavily modernize restrooms,,0.666666667,
134,CO-1420-5758,Meiklejohn ES,05_Modernization,Heavily modernize STEM / CTE / specialized labs (MS/HS),,Does not apply,
134,CO-1420-5758,Meiklejohn ES,05_Modernization,Lightly modernize corridors,,0.8,
134,CO-1420-5758,Meiklejohn ES,05_Modernization,Lightly modernize entry lobby,,0.466666667,
134,CO-1420-5758,Meiklejohn ES,05_Modernization,Lightly modernize library/media center,,,
134,CO-1420-5758,Meiklejohn ES,04_campus upgrade,Security package,,0.520714286,
135,CO-1420-5944,Mitchell ES,00_general,ADA compliance,,,
135,CO-1420-5944,Mitchell ES,01_new construction,Demolition,,,
135,CO-1420-5944,Mitchell ES,01_new construction,New construction ES,,,
135,CO-1420-5944,Mitchell ES,01_new construction,New construction HS,,,
135,CO-1420-5944,Mitchell ES,01_new construction,New construction K-8,,,
135,CO-1420-5944,Mitchell ES,01_new construction,New construction MS,,,
135,CO-1420-5944,Mitchell ES,01_new construction,New auditorium,,,
135,CO-1420-5944,Mitchell ES,04_campus upgrade,Add shade structure(s),,1,
135,CO-1420-5944,Mitchell ES,04_campus upgrade,Campus landscaping upgrade,,,
135,CO-1420-5944,Mitchell ES,04_campus upgrade,Parking lot expansion,,,
135,CO-1420-5944,Mitchell ES,04_campus upgrade,"Front of school branding, landscape upgrades",,0.675,
135,CO-1420-5944,Mitchell ES,04_campus upgrade,Furniture upgrades,,0.45,
135,CO-1420-5944,Mitchell ES,04_campus upgrade,Improve drop-off / pick-up zone,,0.55,
135,CO-1420-5944,Mitchell ES,04_campus upgrade,New outdoor classroom,,1,
135,CO-1420-5944,Mitchell ES,04_campus upgrade,Playground replacement (ages 2-5),,Does not apply,
135,CO-1420-5944,Mitchell ES,04_campus upgrade,Playground replacement (ages 5-12),,0.25,
135,CO-1420-5944,Mitchell ES,04_campus upgrade,Resurface asphalt,,,
135,CO-1420-5944,Mitchell ES,04_campus upgrade,Resurface concrete,,,
135,CO-1420-5944,Mitchell ES,04_campus upgrade,Artificial turf field replacement and track resurfacing - HS,,,
135,CO-1420-5944,Mitchell ES,05_Modernization,Modernize admin,,0.644444444,
135,CO-1420-5944,Mitchell ES,05_Modernization,Modernize classrooms,,0.679167692,
135,CO-1420-5944,Mitchell ES,05_Modernization,Modernize gym / assembly space,,Does not apply,
135,CO-1420-5944,Mitchell ES,05_Modernization,Modernize kitchen,,,
135,CO-1420-5944,Mitchell ES,05_Modernization,Modernize cafeteria,,Does not apply,
135,CO-1420-5944,Mitchell ES,05_Modernization,Modernize multipurpose room,,0.260174419,
135,CO-1420-5944,Mitchell ES,05_Modernization,Heavily modernize restrooms,,0.666666667,
135,CO-1420-5944,Mitchell ES,05_Modernization,Heavily modernize STEM / CTE / specialized labs (MS/HS),,Does not apply,
135,CO-1420-5944,Mitchell ES,05_Modernization,Lightly modernize corridors,,0.8,
135,CO-1420-5944,Mitchell ES,05_Modernization,Lightly modernize entry lobby,,0.658333333,
135,CO-1420-5944,Mitchell ES,05_Modernization,Lightly modernize library/media center,,,
135,CO-1420-5944,Mitchell ES,04_campus upgrade,Security package,,0.8575,
136,CO-1420-6133,Mortensen ES,00_general,ADA compliance,,,
136,CO-1420-6133,Mortensen ES,01_new construction,Demolition,,,
136,CO-1420-6133,Mortensen ES,01_new construction,New construction ES,,,
136,CO-1420-6133,Mortensen ES,01_new construction,New construction HS,,,
136,CO-1420-6133,Mortensen ES,01_new construction,New construction K-8,,,
136,CO-1420-6133,Mortensen ES,01_new construction,New construction MS,,,
136,CO-1420-6133,Mortensen ES,01_new construction,New auditorium,,,
136,CO-1420-6133,Mortensen ES,04_campus upgrade,Add shade structure(s),,1,
136,CO-1420-6133,Mortensen ES,04_campus upgrade,Campus landscaping upgrade,,,
136,CO-1420-6133,Mortensen ES,04_campus upgrade,Parking lot expansion,,,
136,CO-1420-6133,Mortensen ES,04_campus upgrade,"Front of school branding, landscape upgrades",,0.9,
136,CO-1420-6133,Mortensen ES,04_campus upgrade,Furniture upgrades,,0.9,
136,CO-1420-6133,Mortensen ES,04_campus upgrade,Improve drop-off / pick-up zone,,0.875,
136,CO-1420-6133,Mortensen ES,04_campus upgrade,New outdoor classroom,,0,
136,CO-1420-6133,Mortensen ES,04_campus upgrade,Playground replacement (ages 2-5),,0.75,
136,CO-1420-6133,Mortensen ES,04_campus upgrade,Playground replacement (ages 5-12),,0.75,
136,CO-1420-6133,Mortensen ES,04_campus upgrade,Resurface asphalt,,,
136,CO-1420-6133,Mortensen ES,04_campus upgrade,Resurface concrete,,,
136,CO-1420-6133,Mortensen ES,04_campus upgrade,Artificial turf field replacement and track resurfacing - HS,,,
136,CO-1420-6133,Mortensen ES,05_Modernization,Modernize admin,,0.783333333,
136,CO-1420-6133,Mortensen ES,05_Modernization,Modernize classrooms,,0.791475,
136,CO-1420-6133,Mortensen ES,05_Modernization,Modernize gym / assembly space,,0.577083333,
136,CO-1420-6133,Mortensen ES,05_Modernization,Modernize kitchen,,,
136,CO-1420-6133,Mortensen ES,05_Modernization,Modernize cafeteria,,0.547916667,
136,CO-1420-6133,Mortensen ES,05_Modernization,Modernize multipurpose room,,Does not apply,
136,CO-1420-6133,Mortensen ES,05_Modernization,Heavily modernize restrooms,,1,
136,CO-1420-6133,Mortensen ES,05_Modernization,Heavily modernize STEM / CTE / specialized labs (MS/HS),,Does not apply,
136,CO-1420-6133,Mortensen ES,05_Modernization,Lightly modernize corridors,,0.8,
136,CO-1420-6133,Mortensen ES,05_Modernization,Lightly modernize entry lobby,,0.875,
136,CO-1420-6133,Mortensen ES,05_Modernization,Lightly modernize library/media center,,,
136,CO-1420-6133,Mortensen ES,04_campus upgrade,Security package,,0.757706553,
137,CO-1420-6135,Mount Carbon ES,00_general,ADA compliance,,,
137,CO-1420-6135,Mount Carbon ES,01_new construction,Demolition,,,
137,CO-1420-6135,Mount Carbon ES,01_new construction,New construction ES,,,
137,CO-1420-6135,Mount Carbon ES,01_new construction,New construction HS,,,
137,CO-1420-6135,Mount Carbon ES,01_new construction,New construction K-8,,,
137,CO-1420-6135,Mount Carbon ES,01_new construction,New construction MS,,,
137,CO-1420-6135,Mount Carbon ES,01_new construction,New auditorium,,,
137,CO-1420-6135,Mount Carbon ES,04_campus upgrade,Add shade structure(s),,1,
137,CO-1420-6135,Mount Carbon ES,04_campus upgrade,Campus landscaping upgrade,,,
137,CO-1420-6135,Mount Carbon ES,04_campus upgrade,Parking lot expansion,,,
137,CO-1420-6135,Mount Carbon ES,04_campus upgrade,"Front of school branding, landscape upgrades",,0.7375,
137,CO-1420-6135,Mount Carbon ES,04_campus upgrade,Furniture upgrades,,0.225,
137,CO-1420-6135,Mount Carbon ES,04_campus upgrade,Improve drop-off / pick-up zone,,0.583333333,
137,CO-1420-6135,Mount Carbon ES,04_campus upgrade,New outdoor classroom,,1,
137,CO-1420-6135,Mount Carbon ES,04_campus upgrade,Playground replacement (ages 2-5),,0.25,
137,CO-1420-6135,Mount Carbon ES,04_campus upgrade,Playground replacement (ages 5-12),,0.25,
137,CO-1420-6135,Mount Carbon ES,04_campus upgrade,Resurface asphalt,,,
137,CO-1420-6135,Mount Carbon ES,04_campus upgrade,Resurface concrete,,,
137,CO-1420-6135,Mount Carbon ES,04_campus upgrade,Artificial turf field replacement and track resurfacing - HS,,,
137,CO-1420-6135,Mount Carbon ES,05_Modernization,Modernize admin,,0.805555556,
137,CO-1420-6135,Mount Carbon ES,05_Modernization,Modernize classrooms,,0.545442521,
137,CO-1420-6135,Mount Carbon ES,05_Modernization,Modernize gym / assembly space,,0.385174419,
137,CO-1420-6135,Mount Carbon ES,05_Modernization,Modernize kitchen,,,
137,CO-1420-6135,Mount Carbon ES,05_Modernization,Modernize cafeteria,,0.421753876,
137,CO-1420-6135,Mount Carbon ES,05_Modernization,Modernize multipurpose room,,Does not apply,
137,CO-1420-6135,Mount Carbon ES,05_Modernization,Heavily modernize restrooms,,0.666666667,
137,CO-1420-6135,Mount Carbon ES,05_Modernization,Heavily modernize STEM / CTE / specialized labs (MS/HS),,Does not apply,
137,CO-1420-6135,Mount Carbon ES,05_Modernization,Lightly modernize corridors,,0.6,
137,CO-1420-6135,Mount Carbon ES,05_Modernization,Lightly modernize entry lobby,,0.658333333,
137,CO-1420-6135,Mount Carbon ES,05_Modernization,Lightly modernize library/media center,,,
137,CO-1420-6135,Mount Carbon ES,04_campus upgrade,Security package,,0.9175,
138,CO-1420-6285,Norma Anderson Early Learning Center,00_general,ADA compliance,,,
138,CO-1420-6285,Norma Anderson Early Learning Center,01_new construction,Demolition,,,
138,CO-1420-6285,Norma Anderson Early Learning Center,01_new construction,New construction ES,,,
138,CO-1420-6285,Norma Anderson Early Learning Center,01_new construction,New construction HS,,,
138,CO-1420-6285,Norma Anderson Early Learning Center,01_new construction,New construction K-8,,,
138,CO-1420-6285,Norma Anderson Early Learning Center,01_new construction,New construction MS,,,
138,CO-1420-6285,Norma Anderson Early Learning Center,01_new construction,New auditorium,,,
138,CO-1420-6285,Norma Anderson Early Learning Center,04_campus upgrade,Add shade structure(s),,1,
138,CO-1420-6285,Norma Anderson Early Learning Center,04_campus upgrade,Campus landscaping upgrade,,,
138,CO-1420-6285,Norma Anderson Early Learning Center,04_campus upgrade,Parking lot expansion,,,
138,CO-1420-6285,Norma Anderson Early Learning Center,04_campus upgrade,"Front of school branding, landscape upgrades",,0.7375,
138,CO-1420-6285,Norma Anderson Early Learning Center,04_campus upgrade,Furniture upgrades,,1,
138,CO-1420-6285,Norma Anderson Early Learning Center,04_campus upgrade,Improve drop-off / pick-up zone,,0.416666667,
138,CO-1420-6285,Norma Anderson Early Learning Center,04_campus upgrade,New outdoor classroom,,0,
138,CO-1420-6285,Norma Anderson Early Learning Center,04_campus upgrade,Playground replacement (ages 2-5),,1,
138,CO-1420-6285,Norma Anderson Early Learning Center,04_campus upgrade,Playground replacement (ages 5-12),,1,
138,CO-1420-6285,Norma Anderson Early Learning Center,04_campus upgrade,Resurface asphalt,,,
138,CO-1420-6285,Norma Anderson Early Learning Center,04_campus upgrade,Resurface concrete,,,
138,CO-1420-6285,Norma Anderson Early Learning Center,04_campus upgrade,Artificial turf field replacement and track resurfacing - HS,,,
138,CO-1420-6285,Norma Anderson Early Learning Center,05_Modernization,Modernize admin,,1,
138,CO-1420-6285,Norma Anderson Early Learning Center,05_Modernization,Modernize classrooms,,0.807645833,
138,CO-1420-6285,Norma Anderson Early Learning Center,05_Modernization,Modernize gym / assembly space,,Does not apply,
138,CO-1420-6285,Norma Anderson Early Learning Center,05_Modernization,Modernize kitchen,,,
138,CO-1420-6285,Norma Anderson Early Learning Center,05_Modernization,Modernize cafeteria,,0.78125,
138,CO-1420-6285,Norma Anderson Early Learning Center,05_Modernization,Modernize multipurpose room,,Does not apply,
138,CO-1420-6285,Norma Anderson Early Learning Center,05_Modernization,Heavily modernize restrooms,,0,
138,CO-1420-6285,Norma Anderson Early Learning Center,05_Modernization,Heavily modernize STEM / CTE / specialized labs (MS/HS),,Does not apply,
138,CO-1420-6285,Norma Anderson Early Learning Center,05_Modernization,Lightly modernize corridors,,1,
138,CO-1420-6285,Norma Anderson Early Learning Center,05_Modernization,Lightly modernize entry lobby,,0.625,
138,CO-1420-6285,Norma Anderson Early Learning Center,05_Modernization,Lightly modernize library/media center,,,
138,CO-1420-6285,Norma Anderson Early Learning Center,04_campus upgrade,Security package,,0.66,
139,CO-1420-6286,Normandy ES,00_general,ADA compliance,,,
139,CO-1420-6286,Normandy ES,01_new construction,Demolition,,,
139,CO-1420-6286,Normandy ES,01_new construction,New construction ES,,,
139,CO-1420-6286,Normandy ES,01_new construction,New construction HS,,,
139,CO-1420-6286,Normandy ES,01_new construction,New construction K-8,,,
139,CO-1420-6286,Normandy ES,01_new construction,New construction MS,,,
139,CO-1420-6286,Normandy ES,01_new construction,New auditorium,,,
139,CO-1420-6286,Normandy ES,04_campus upgrade,Add shade structure(s),,1,
139,CO-1420-6286,Normandy ES,04_campus upgrade,Campus landscaping upgrade,,,
139,CO-1420-6286,Normandy ES,04_campus upgrade,Parking lot expansion,,,
139,CO-1420-6286,Normandy ES,04_campus upgrade,"Front of school branding, landscape upgrades",,0.575,
139,CO-1420-6286,Normandy ES,04_campus upgrade,Furniture upgrades,,0.225,
139,CO-1420-6286,Normandy ES,04_campus upgrade,Improve drop-off / pick-up zone,,0.75,
139,CO-1420-6286,Normandy ES,04_campus upgrade,New outdoor classroom,,1,
139,CO-1420-6286,Normandy ES,04_campus upgrade,Playground replacement (ages 2-5),,0.25,
139,CO-1420-6286,Normandy ES,04_campus upgrade,Playground replacement (ages 5-12),,0.25,
139,CO-1420-6286,Normandy ES,04_campus upgrade,Resurface asphalt,,,
139,CO-1420-6286,Normandy ES,04_campus upgrade,Resurface concrete,,,
139,CO-1420-6286,Normandy ES,04_campus upgrade,Artificial turf field replacement and track resurfacing - HS,,,
139,CO-1420-6286,Normandy ES,05_Modernization,Modernize admin,,0.472222222,
139,CO-1420-6286,Normandy ES,05_Modernization,Modernize classrooms,,0.591404915,
139,CO-1420-6286,Normandy ES,05_Modernization,Modernize gym / assembly space,,Does not apply,
139,CO-1420-6286,Normandy ES,05_Modernization,Modernize kitchen,,,
139,CO-1420-6286,Normandy ES,05_Modernization,Modernize cafeteria,,Does not apply,
139,CO-1420-6286,Normandy ES,05_Modernization,Modernize multipurpose room,,0.260174419,
139,CO-1420-6286,Normandy ES,05_Modernization,Heavily modernize restrooms,,1,
139,CO-1420-6286,Normandy ES,05_Modernization,Heavily modernize STEM / CTE / specialized labs (MS/HS),,Does not apply,
139,CO-1420-6286,Normandy ES,05_Modernization,Lightly modernize corridors,,0.8,
139,CO-1420-6286,Normandy ES,05_Modernization,Lightly modernize entry lobby,,0.733333333,
139,CO-1420-6286,Normandy ES,05_Modernization,Lightly modernize library/media center,,,
139,CO-1420-6286,Normandy ES,04_campus upgrade,Security package,,0.765833333,
140,CO-1420-6804,Parmalee ES,00_general,ADA compliance,,,
140,CO-1420-6804,Parmalee ES,01_new construction,Demolition,,,
140,CO-1420-6804,Parmalee ES,01_new construction,New construction ES,,,
140,CO-1420-6804,Parmalee ES,01_new construction,New construction HS,,,
140,CO-1420-6804,Parmalee ES,01_new construction,New construction K-8,,,
140,CO-1420-6804,Parmalee ES,01_new construction,New construction MS,,,
140,CO-1420-6804,Parmalee ES,01_new construction,New auditorium,,,
140,CO-1420-6804,Parmalee ES,04_campus upgrade,Add shade structure(s),,1,
140,CO-1420-6804,Parmalee ES,04_campus upgrade,Campus landscaping upgrade,,,
140,CO-1420-6804,Parmalee ES,04_campus upgrade,Parking lot expansion,,,
140,CO-1420-6804,Parmalee ES,04_campus upgrade,"Front of school branding, landscape upgrades",,0.8375,
140,CO-1420-6804,Parmalee ES,04_campus upgrade,Furniture upgrades,,1,
140,CO-1420-6804,Parmalee ES,04_campus upgrade,Improve drop-off / pick-up zone,,0.45,
140,CO-1420-6804,Parmalee ES,04_campus upgrade,New outdoor classroom,,1,
140,CO-1420-6804,Parmalee ES,04_campus upgrade,Playground replacement (ages 2-5),,0,
140,CO-1420-6804,Parmalee ES,04_campus upgrade,Playground replacement (ages 5-12),,0.25,
140,CO-1420-6804,Parmalee ES,04_campus upgrade,Resurface asphalt,,,
140,CO-1420-6804,Parmalee ES,04_campus upgrade,Resurface concrete,,,
140,CO-1420-6804,Parmalee ES,04_campus upgrade,Artificial turf field replacement and track resurfacing - HS,,,
140,CO-1420-6804,Parmalee ES,05_Modernization,Modernize admin,,0.666666667,
140,CO-1420-6804,Parmalee ES,05_Modernization,Modernize classrooms,,0.776472222,
140,CO-1420-6804,Parmalee ES,05_Modernization,Modernize gym / assembly space,,0.295833333,
140,CO-1420-6804,Parmalee ES,05_Modernization,Modernize kitchen,,,
140,CO-1420-6804,Parmalee ES,05_Modernization,Modernize cafeteria,,0.227083333,
140,CO-1420-6804,Parmalee ES,05_Modernization,Modernize multipurpose room,,Does not apply,
140,CO-1420-6804,Parmalee ES,05_Modernization,Heavily modernize restrooms,,0.333333333,
140,CO-1420-6804,Parmalee ES,05_Modernization,Heavily modernize STEM / CTE / specialized labs (MS/HS),,Does not apply,
140,CO-1420-6804,Parmalee ES,05_Modernization,Lightly modernize corridors,,0,
140,CO-1420-6804,Parmalee ES,05_Modernization,Lightly modernize entry lobby,,0.875,
140,CO-1420-6804,Parmalee ES,05_Modernization,Lightly modernize library/media center,,,
140,CO-1420-6804,Parmalee ES,04_campus upgrade,Security package,,0.774285714,
141,CO-1420-6808,Patterson Elementary,00_general,ADA compliance,,,
141,CO-1420-6808,Patterson Elementary,01_new construction,Demolition,,,
141,CO-1420-6808,Patterson Elementary,01_new construction,New construction ES,,,
141,CO-1420-6808,Patterson Elementary,01_new construction,New construction HS,,,
141,CO-1420-6808,Patterson Elementary,01_new construction,New construction K-8,,,
141,CO-1420-6808,Patterson Elementary,01_new construction,New construction MS,,,
141,CO-1420-6808,Patterson Elementary,01_new construction,New auditorium,,,
141,CO-1420-6808,Patterson Elementary,04_campus upgrade,Add shade structure(s),,1,
141,CO-1420-6808,Patterson Elementary,04_campus upgrade,Campus landscaping upgrade,,,
141,CO-1420-6808,Patterson Elementary,04_campus upgrade,Parking lot expansion,,,
141,CO-1420-6808,Patterson Elementary,04_campus upgrade,"Front of school branding, landscape upgrades",,0.7375,
141,CO-1420-6808,Patterson Elementary,04_campus upgrade,Furniture upgrades,,0.225,
141,CO-1420-6808,Patterson Elementary,04_campus upgrade,Improve drop-off / pick-up zone,,0.8,
141,CO-1420-6808,Patterson Elementary,04_campus upgrade,New outdoor classroom,,1,
141,CO-1420-6808,Patterson Elementary,04_campus upgrade,Playground replacement (ages 2-5),,0.25,
141,CO-1420-6808,Patterson Elementary,04_campus upgrade,Playground replacement (ages 5-12),,0.25,
141,CO-1420-6808,Patterson Elementary,04_campus upgrade,Resurface asphalt,,,
141,CO-1420-6808,Patterson Elementary,04_campus upgrade,Resurface concrete,,,
141,CO-1420-6808,Patterson Elementary,04_campus upgrade,Artificial turf field replacement and track resurfacing - HS,,,
141,CO-1420-6808,Patterson Elementary,05_Modernization,Modernize admin,,0.65,
141,CO-1420-6808,Patterson Elementary,05_Modernization,Modernize classrooms,,0.535443376,
141,CO-1420-6808,Patterson Elementary,05_Modernization,Modernize gym / assembly space,,0.255087209,
141,CO-1420-6808,Patterson Elementary,05_Modernization,Modernize kitchen,,,
141,CO-1420-6808,Patterson Elementary,05_Modernization,Modernize cafeteria,,0.437257752,
141,CO-1420-6808,Patterson Elementary,05_Modernization,Modernize multipurpose room,,Does not apply,
141,CO-1420-6808,Patterson Elementary,05_Modernization,Heavily modernize restrooms,,0.333333333,
141,CO-1420-6808,Patterson Elementary,05_Modernization,Heavily modernize STEM / CTE / specialized labs (MS/HS),,Does not apply,
141,CO-1420-6808,Patterson Elementary,05_Modernization,Lightly modernize corridors,,0.6,
141,CO-1420-6808,Patterson Elementary,05_Modernization,Lightly modernize entry lobby,,0.8,
141,CO-1420-6808,Patterson Elementary,05_Modernization,Lightly modernize library/media center,,,
141,CO-1420-6808,Patterson Elementary,04_campus upgrade,Security package,,0.664166667,
142,CO-1420-6848,Peak Expeditionary School at Pennington,00_general,ADA compliance,,,
142,CO-1420-6848,Peak Expeditionary School at Pennington,01_new construction,Demolition,,,
142,CO-1420-6848,Peak Expeditionary School at Pennington,01_new construction,New construction ES,,,
142,CO-1420-6848,Peak Expeditionary School at Pennington,01_new construction,New construction HS,,,
142,CO-1420-6848,Peak Expeditionary School at Pennington,01_new construction,New construction K-8,,,
142,CO-1420-6848,Peak Expeditionary School at Pennington,01_new construction,New construction MS,,,
142,CO-1420-6848,Peak Expeditionary School at Pennington,01_new construction,New auditorium,,,
142,CO-1420-6848,Peak Expeditionary School at Pennington,04_campus upgrade,Add shade structure(s),,1,
142,CO-1420-6848,Peak Expeditionary School at Pennington,04_campus upgrade,Campus landscaping upgrade,,,
142,CO-1420-6848,Peak Expeditionary School at Pennington,04_campus upgrade,Parking lot expansion,,,
142,CO-1420-6848,Peak Expeditionary School at Pennington,04_campus upgrade,"Front of school branding, landscape upgrades",,0.8375,
142,CO-1420-6848,Peak Expeditionary School at Pennington,04_campus upgrade,Furniture upgrades,,0.675,
142,CO-1420-6848,Peak Expeditionary School at Pennington,04_campus upgrade,Improve drop-off / pick-up zone,,0.5,
142,CO-1420-6848,Peak Expeditionary School at Pennington,04_campus upgrade,New outdoor classroom,,1,
142,CO-1420-6848,Peak Expeditionary School at Pennington,04_campus upgrade,Playground replacement (ages 2-5),,0.5,
142,CO-1420-6848,Peak Expeditionary School at Pennington,04_campus upgrade,Playground replacement (ages 5-12),,0.5,
142,CO-1420-6848,Peak Expeditionary School at Pennington,04_campus upgrade,Resurface asphalt,,,
142,CO-1420-6848,Peak Expeditionary School at Pennington,04_campus upgrade,Resurface concrete,,,
142,CO-1420-6848,Peak Expeditionary School at Pennington,04_campus upgrade,Artificial turf field replacement and track resurfacing - HS,,,
142,CO-1420-6848,Peak Expeditionary School at Pennington,05_Modernization,Modernize admin,,0.933333333,
142,CO-1420-6848,Peak Expeditionary School at Pennington,05_Modernization,Modernize classrooms,,0.645880556,
142,CO-1420-6848,Peak Expeditionary School at Pennington,05_Modernization,Modernize gym / assembly space,,0.4625,
142,CO-1420-6848,Peak Expeditionary School at Pennington,05_Modernization,Modernize kitchen,,,
142,CO-1420-6848,Peak Expeditionary School at Pennington,05_Modernization,Modernize cafeteria,,0.435416667,
142,CO-1420-6848,Peak Expeditionary School at Pennington,05_Modernization,Modernize multipurpose room,,Does not apply,
142,CO-1420-6848,Peak Expeditionary School at Pennington,05_Modernization,Heavily modernize restrooms,,0.666666667,
142,CO-1420-6848,Peak Expeditionary School at Pennington,05_Modernization,Heavily modernize STEM / CTE / specialized labs (MS/HS),,Does not apply,
142,CO-1420-6848,Peak Expeditionary School at Pennington,05_Modernization,Lightly modernize corridors,,0.6,
142,CO-1420-6848,Peak Expeditionary School at Pennington,05_Modernization,Lightly modernize entry lobby,,0.875,
142,CO-1420-6848,Peak Expeditionary School at Pennington,05_Modernization,Lightly modernize library/media center,,,
142,CO-1420-6848,Peak Expeditionary School at Pennington,04_campus upgrade,Security package,,0.774642857,
143,CO-1420-7128,Powderhorn ES,00_general,ADA compliance,,,
143,CO-1420-7128,Powderhorn ES,01_new construction,Demolition,,,
143,CO-1420-7128,Powderhorn ES,01_new construction,New construction ES,,,
143,CO-1420-7128,Powderhorn ES,01_new construction,New construction HS,,,
143,CO-1420-7128,Powderhorn ES,01_new construction,New construction K-8,,,
143,CO-1420-7128,Powderhorn ES,01_new construction,New construction MS,,,
143,CO-1420-7128,Powderhorn ES,01_new construction,New auditorium,,,
143,CO-1420-7128,Powderhorn ES,04_campus upgrade,Add shade structure(s),,0,
143,CO-1420-7128,Powderhorn ES,04_campus upgrade,Campus landscaping upgrade,,,
143,CO-1420-7128,Powderhorn ES,04_campus upgrade,Parking lot expansion,,,
143,CO-1420-7128,Powderhorn ES,04_campus upgrade,"Front of school branding, landscape upgrades",,0.9,
143,CO-1420-7128,Powderhorn ES,04_campus upgrade,Furniture upgrades,,0.325,
143,CO-1420-7128,Powderhorn ES,04_campus upgrade,Improve drop-off / pick-up zone,,0.9,
143,CO-1420-7128,Powderhorn ES,04_campus upgrade,New outdoor classroom,,0,
143,CO-1420-7128,Powderhorn ES,04_campus upgrade,Playground replacement (ages 2-5),,0.5,
143,CO-1420-7128,Powderhorn ES,04_campus upgrade,Playground replacement (ages 5-12),,0.5,
143,CO-1420-7128,Powderhorn ES,04_campus upgrade,Resurface asphalt,,,
143,CO-1420-7128,Powderhorn ES,04_campus upgrade,Resurface concrete,,,
143,CO-1420-7128,Powderhorn ES,04_campus upgrade,Artificial turf field replacement and track resurfacing - HS,,,
143,CO-1420-7128,Powderhorn ES,05_Modernization,Modernize admin,,0.783333333,
143,CO-1420-7128,Powderhorn ES,05_Modernization,Modernize classrooms,,0.648001282,
143,CO-1420-7128,Powderhorn ES,05_Modernization,Modernize gym / assembly space,,0.375,
143,CO-1420-7128,Powderhorn ES,05_Modernization,Modernize kitchen,,,
143,CO-1420-7128,Powderhorn ES,05_Modernization,Modernize cafeteria,,0.539583333,
143,CO-1420-7128,Powderhorn ES,05_Modernization,Modernize multipurpose room,,Does not apply,
143,CO-1420-7128,Powderhorn ES,05_Modernization,Heavily modernize restrooms,,0.333333333,
143,CO-1420-7128,Powderhorn ES,05_Modernization,Heavily modernize STEM / CTE / specialized labs (MS/HS),,Does not apply,
143,CO-1420-7128,Powderhorn ES,05_Modernization,Lightly modernize corridors,,1,
143,CO-1420-7128,Powderhorn ES,05_Modernization,Lightly modernize entry lobby,,0.875,
143,CO-1420-7128,Powderhorn ES,05_Modernization,Lightly modernize library/media center,,,
143,CO-1420-7128,Powderhorn ES,04_campus upgrade,Security package,,0.7375,
144,CO-1420-7190,Prospect Valley ES,00_general,ADA compliance,,,
144,CO-1420-7190,Prospect Valley ES,01_new construction,Demolition,,,
144,CO-1420-7190,Prospect Valley ES,01_new construction,New construction ES,,,
144,CO-1420-7190,Prospect Valley ES,01_new construction,New construction HS,,,
144,CO-1420-7190,Prospect Valley ES,01_new construction,New construction K-8,,,
144,CO-1420-7190,Prospect Valley ES,01_new construction,New construction MS,,,
144,CO-1420-7190,Prospect Valley ES,01_new construction,New auditorium,,,
144,CO-1420-7190,Prospect Valley ES,04_campus upgrade,Add shade structure(s),,1,
144,CO-1420-7190,Prospect Valley ES,04_campus upgrade,Campus landscaping upgrade,,,
144,CO-1420-7190,Prospect Valley ES,04_campus upgrade,Parking lot expansion,,,
144,CO-1420-7190,Prospect Valley ES,04_campus upgrade,"Front of school branding, landscape upgrades",,0.9,
144,CO-1420-7190,Prospect Valley ES,04_campus upgrade,Furniture upgrades,,0.775,
144,CO-1420-7190,Prospect Valley ES,04_campus upgrade,Improve drop-off / pick-up zone,,0.775,
144,CO-1420-7190,Prospect Valley ES,04_campus upgrade,New outdoor classroom,,1,
144,CO-1420-7190,Prospect Valley ES,04_campus upgrade,Playground replacement (ages 2-5),,1,
144,CO-1420-7190,Prospect Valley ES,04_campus upgrade,Playground replacement (ages 5-12),,1,
144,CO-1420-7190,Prospect Valley ES,04_campus upgrade,Resurface asphalt,,,
144,CO-1420-7190,Prospect Valley ES,04_campus upgrade,Resurface concrete,,,
144,CO-1420-7190,Prospect Valley ES,04_campus upgrade,Artificial turf field replacement and track resurfacing - HS,,,
144,CO-1420-7190,Prospect Valley ES,05_Modernization,Modernize admin,,0.85,
144,CO-1420-7190,Prospect Valley ES,05_Modernization,Modernize classrooms,,0.802378472,
144,CO-1420-7190,Prospect Valley ES,05_Modernization,Modernize gym / assembly space,,0.704166667,
144,CO-1420-7190,Prospect Valley ES,05_Modernization,Modernize kitchen,,,
144,CO-1420-7190,Prospect Valley ES,05_Modernization,Modernize cafeteria,,Does not apply,
144,CO-1420-7190,Prospect Valley ES,05_Modernization,Modernize multipurpose room,,Does not apply,
144,CO-1420-7190,Prospect Valley ES,05_Modernization,Heavily modernize restrooms,,1,
144,CO-1420-7190,Prospect Valley ES,05_Modernization,Heavily modernize STEM / CTE / specialized labs (MS/HS),,Does not apply,
144,CO-1420-7190,Prospect Valley ES,05_Modernization,Lightly modernize corridors,,1,
144,CO-1420-7190,Prospect Valley ES,05_Modernization,Lightly modernize entry lobby,,0.875,
144,CO-1420-7190,Prospect Valley ES,05_Modernization,Lightly modernize library/media center,,,
144,CO-1420-7190,Prospect Valley ES,04_campus upgrade,Security package,,0.86787037,
145,CO-1420-7238,Ralston ES,00_general,ADA compliance,,,
145,CO-1420-7238,Ralston ES,01_new construction,Demolition,,,
145,CO-1420-7238,Ralston ES,01_new construction,New construction ES,,,
145,CO-1420-7238,Ralston ES,01_new construction,New construction HS,,,
145,CO-1420-7238,Ralston ES,01_new construction,New construction K-8,,,
145,CO-1420-7238,Ralston ES,01_new construction,New construction MS,,,
145,CO-1420-7238,Ralston ES,01_new construction,New auditorium,,,
145,CO-1420-7238,Ralston ES,04_campus upgrade,Add shade structure(s),,1,
145,CO-1420-7238,Ralston ES,04_campus upgrade,Campus landscaping upgrade,,,
145,CO-1420-7238,Ralston ES,04_campus upgrade,Parking lot expansion,,,
145,CO-1420-7238,Ralston ES,04_campus upgrade,"Front of school branding, landscape upgrades",,0.9,
145,CO-1420-7238,Ralston ES,04_campus upgrade,Furniture upgrades,,0.225,
145,CO-1420-7238,Ralston ES,04_campus upgrade,Improve drop-off / pick-up zone,,0.9,
145,CO-1420-7238,Ralston ES,04_campus upgrade,New outdoor classroom,,1,
145,CO-1420-7238,Ralston ES,04_campus upgrade,Playground replacement (ages 2-5),,Does not apply,
145,CO-1420-7238,Ralston ES,04_campus upgrade,Playground replacement (ages 5-12),,0.75,
145,CO-1420-7238,Ralston ES,04_campus upgrade,Resurface asphalt,,,
145,CO-1420-7238,Ralston ES,04_campus upgrade,Resurface concrete,,,
145,CO-1420-7238,Ralston ES,04_campus upgrade,Artificial turf field replacement and track resurfacing - HS,,,
145,CO-1420-7238,Ralston ES,05_Modernization,Modernize admin,,0.755555556,
145,CO-1420-7238,Ralston ES,05_Modernization,Modernize classrooms,,0.709410256,
145,CO-1420-7238,Ralston ES,05_Modernization,Modernize gym / assembly space,,0.674418605,
145,CO-1420-7238,Ralston ES,05_Modernization,Modernize kitchen,,,
145,CO-1420-7238,Ralston ES,05_Modernization,Modernize cafeteria,,Does not apply,
145,CO-1420-7238,Ralston ES,05_Modernization,Modernize multipurpose room,,Does not apply,
145,CO-1420-7238,Ralston ES,05_Modernization,Heavily modernize restrooms,,0.666666667,
145,CO-1420-7238,Ralston ES,05_Modernization,Heavily modernize STEM / CTE / specialized labs (MS/HS),,Does not apply,
145,CO-1420-7238,Ralston ES,05_Modernization,Lightly modernize corridors,,1,
145,CO-1420-7238,Ralston ES,05_Modernization,Lightly modernize entry lobby,,0.875,
145,CO-1420-7238,Ralston ES,05_Modernization,Lightly modernize library/media center,,,
145,CO-1420-7238,Ralston ES,04_campus upgrade,Security package,,0.665833333,
146,CO-1420-7282,Red Rocks ES,00_general,ADA compliance,,,
146,CO-1420-7282,Red Rocks ES,01_new construction,Demolition,,,
146,CO-1420-7282,Red Rocks ES,01_new construction,New construction ES,,,
146,CO-1420-7282,Red Rocks ES,01_new construction,New construction HS,,,
146,CO-1420-7282,Red Rocks ES,01_new construction,New construction K-8,,,
146,CO-1420-7282,Red Rocks ES,01_new construction,New construction MS,,,
146,CO-1420-7282,Red Rocks ES,01_new construction,New auditorium,,,
146,CO-1420-7282,Red Rocks ES,04_campus upgrade,Add shade structure(s),,0,
146,CO-1420-7282,Red Rocks ES,04_campus upgrade,Campus landscaping upgrade,,,
146,CO-1420-7282,Red Rocks ES,04_campus upgrade,Parking lot expansion,,,
146,CO-1420-7282,Red Rocks ES,04_campus upgrade,"Front of school branding, landscape upgrades",,0.8375,
146,CO-1420-7282,Red Rocks ES,04_campus upgrade,Furniture upgrades,,0.675,
146,CO-1420-7282,Red Rocks ES,04_campus upgrade,Improve drop-off / pick-up zone,,0.775,
146,CO-1420-7282,Red Rocks ES,04_campus upgrade,New outdoor classroom,,0,
146,CO-1420-7282,Red Rocks ES,04_campus upgrade,Playground replacement (ages 2-5),,0.75,
146,CO-1420-7282,Red Rocks ES,04_campus upgrade,Playground replacement (ages 5-12),,0.75,
146,CO-1420-7282,Red Rocks ES,04_campus upgrade,Resurface asphalt,,,
146,CO-1420-7282,Red Rocks ES,04_campus upgrade,Resurface concrete,,,
146,CO-1420-7282,Red Rocks ES,04_campus upgrade,Artificial turf field replacement and track resurfacing - HS,,,
146,CO-1420-7282,Red Rocks ES,05_Modernization,Modernize admin,,0.511111111,
146,CO-1420-7282,Red Rocks ES,05_Modernization,Modernize classrooms,,0.759170299,
146,CO-1420-7282,Red Rocks ES,05_Modernization,Modernize gym / assembly space,,0.417829457,
146,CO-1420-7282,Red Rocks ES,05_Modernization,Modernize kitchen,,,
146,CO-1420-7282,Red Rocks ES,05_Modernization,Modernize cafeteria,,0.791666667,
146,CO-1420-7282,Red Rocks ES,05_Modernization,Modernize multipurpose room,,Does not apply,
146,CO-1420-7282,Red Rocks ES,05_Modernization,Heavily modernize restrooms,,0.666666667,
146,CO-1420-7282,Red Rocks ES,05_Modernization,Heavily modernize STEM / CTE / specialized labs (MS/HS),,Does not apply,
146,CO-1420-7282,Red Rocks ES,05_Modernization,Lightly modernize corridors,,0.8,
146,CO-1420-7282,Red Rocks ES,05_Modernization,Lightly modernize entry lobby,,0.75,
146,CO-1420-7282,Red Rocks ES,05_Modernization,Lightly modernize library/media center,,,
146,CO-1420-7282,Red Rocks ES,04_campus upgrade,Security package,,0.715,
147,CO-1420-7483,Rooney Ranch ES,00_general,ADA compliance,,,
147,CO-1420-7483,Rooney Ranch ES,01_new construction,Demolition,,,
147,CO-1420-7483,Rooney Ranch ES,01_new construction,New construction ES,,,
147,CO-1420-7483,Rooney Ranch ES,01_new construction,New construction HS,,,
147,CO-1420-7483,Rooney Ranch ES,01_new construction,New construction K-8,,,
147,CO-1420-7483,Rooney Ranch ES,01_new construction,New construction MS,,,
147,CO-1420-7483,Rooney Ranch ES,01_new construction,New auditorium,,,
147,CO-1420-7483,Rooney Ranch ES,04_campus upgrade,Add shade structure(s),,0,
147,CO-1420-7483,Rooney Ranch ES,04_campus upgrade,Campus landscaping upgrade,,,
147,CO-1420-7483,Rooney Ranch ES,04_campus upgrade,Parking lot expansion,,,
147,CO-1420-7483,Rooney Ranch ES,04_campus upgrade,"Front of school branding, landscape upgrades",,0.8375,
147,CO-1420-7483,Rooney Ranch ES,04_campus upgrade,Furniture upgrades,,1,
147,CO-1420-7483,Rooney Ranch ES,04_campus upgrade,Improve drop-off / pick-up zone,,0.45,
147,CO-1420-7483,Rooney Ranch ES,04_campus upgrade,New outdoor classroom,,0,
147,CO-1420-7483,Rooney Ranch ES,04_campus upgrade,Playground replacement (ages 2-5),,0.5,
147,CO-1420-7483,Rooney Ranch ES,04_campus upgrade,Playground replacement (ages 5-12),,0.5,
147,CO-1420-7483,Rooney Ranch ES,04_campus upgrade,Resurface asphalt,,,
147,CO-1420-7483,Rooney Ranch ES,04_campus upgrade,Resurface concrete,,,
147,CO-1420-7483,Rooney Ranch ES,04_campus upgrade,Artificial turf field replacement and track resurfacing - HS,,,
147,CO-1420-7483,Rooney Ranch ES,05_Modernization,Modernize admin,,0.8,
147,CO-1420-7483,Rooney Ranch ES,05_Modernization,Modernize classrooms,,0.705838248,
147,CO-1420-7483,Rooney Ranch ES,05_Modernization,Modernize gym / assembly space,,0.775,
147,CO-1420-7483,Rooney Ranch ES,05_Modernization,Modernize kitchen,,,
147,CO-1420-7483,Rooney Ranch ES,05_Modernization,Modernize cafeteria,,0.817829457,
147,CO-1420-7483,Rooney Ranch ES,05_Modernization,Modernize multipurpose room,,Does not apply,
147,CO-1420-7483,Rooney Ranch ES,05_Modernization,Heavily modernize restrooms,,0.666666667,
147,CO-1420-7483,Rooney Ranch ES,05_Modernization,Heavily modernize STEM / CTE / specialized labs (MS/HS),,Does not apply,
147,CO-1420-7483,Rooney Ranch ES,05_Modernization,Lightly modernize corridors,,0,
147,CO-1420-7483,Rooney Ranch ES,05_Modernization,Lightly modernize entry lobby,,1,
147,CO-1420-7483,Rooney Ranch ES,05_Modernization,Lightly modernize library/media center,,,
147,CO-1420-7483,Rooney Ranch ES,04_campus upgrade,Security package,,0.8225,
148,CO-1420-7468,Rose Stein International ES,00_general,ADA compliance,,,
148,CO-1420-7468,Rose Stein International ES,01_new construction,Demolition,,,
148,CO-1420-7468,Rose Stein International ES,01_new construction,New construction ES,,,
148,CO-1420-7468,Rose Stein International ES,01_new construction,New construction HS,,,
148,CO-1420-7468,Rose Stein International ES,01_new construction,New construction K-8,,,
148,CO-1420-7468,Rose Stein International ES,01_new construction,New construction MS,,,
148,CO-1420-7468,Rose Stein International ES,01_new construction,New auditorium,,,
148,CO-1420-7468,Rose Stein International ES,04_campus upgrade,Add shade structure(s),,0,
148,CO-1420-7468,Rose Stein International ES,04_campus upgrade,Campus landscaping upgrade,,,
148,CO-1420-7468,Rose Stein International ES,04_campus upgrade,Parking lot expansion,,,
148,CO-1420-7468,Rose Stein International ES,04_campus upgrade,"Front of school branding, landscape upgrades",,0.8375,
148,CO-1420-7468,Rose Stein International ES,04_campus upgrade,Furniture upgrades,,0.45,
148,CO-1420-7468,Rose Stein International ES,04_campus upgrade,Improve drop-off / pick-up zone,,0.208333333,
148,CO-1420-7468,Rose Stein International ES,04_campus upgrade,New outdoor classroom,,0,
148,CO-1420-7468,Rose Stein International ES,04_campus upgrade,Playground replacement (ages 2-5),,0.25,
148,CO-1420-7468,Rose Stein International ES,04_campus upgrade,Playground replacement (ages 5-12),,0.25,
148,CO-1420-7468,Rose Stein International ES,04_campus upgrade,Resurface asphalt,,,
148,CO-1420-7468,Rose Stein International ES,04_campus upgrade,Resurface concrete,,,
148,CO-1420-7468,Rose Stein International ES,04_campus upgrade,Artificial turf field replacement and track resurfacing - HS,,,
148,CO-1420-7468,Rose Stein International ES,05_Modernization,Modernize admin,,0.783333333,
148,CO-1420-7468,Rose Stein International ES,05_Modernization,Modernize classrooms,,0.741705556,
148,CO-1420-7468,Rose Stein International ES,05_Modernization,Modernize gym / assembly space,,0.265503876,
148,CO-1420-7468,Rose Stein International ES,05_Modernization,Modernize kitchen,,,
148,CO-1420-7468,Rose Stein International ES,05_Modernization,Modernize cafeteria,,0.390503876,
148,CO-1420-7468,Rose Stein International ES,05_Modernization,Modernize multipurpose room,,Does not apply,
148,CO-1420-7468,Rose Stein International ES,05_Modernization,Heavily modernize restrooms,,0.333333333,
148,CO-1420-7468,Rose Stein International ES,05_Modernization,Heavily modernize STEM / CTE / specialized labs (MS/HS),,Does not apply,
148,CO-1420-7468,Rose Stein International ES,05_Modernization,Lightly modernize corridors,,0.6,
148,CO-1420-7468,Rose Stein International ES,05_Modernization,Lightly modernize entry lobby,,0.875,
148,CO-1420-7468,Rose Stein International ES,05_Modernization,Lightly modernize library/media center,,,
148,CO-1420-7468,Rose Stein International ES,04_campus upgrade,Security package,,0.7025,
149,CO-1420-7529,Ryan ES,00_general,ADA compliance,,,
149,CO-1420-7529,Ryan ES,01_new construction,Demolition,,,
149,CO-1420-7529,Ryan ES,01_new construction,New construction ES,,,
149,CO-1420-7529,Ryan ES,01_new construction,New construction HS,,,
149,CO-1420-7529,Ryan ES,01_new construction,New construction K-8,,,
149,CO-1420-7529,Ryan ES,01_new construction,New construction MS,,,
149,CO-1420-7529,Ryan ES,01_new construction,New auditorium,,,
149,CO-1420-7529,Ryan ES,04_campus upgrade,Add shade structure(s),,1,
149,CO-1420-7529,Ryan ES,04_campus upgrade,Campus landscaping upgrade,,,
149,CO-1420-7529,Ryan ES,04_campus upgrade,Parking lot expansion,,,
149,CO-1420-7529,Ryan ES,04_campus upgrade,"Front of school branding, landscape upgrades",,1,
149,CO-1420-7529,Ryan ES,04_campus upgrade,Furniture upgrades,,0.775,
149,CO-1420-7529,Ryan ES,04_campus upgrade,Improve drop-off / pick-up zone,,0.916666667,
149,CO-1420-7529,Ryan ES,04_campus upgrade,New outdoor classroom,,0,
149,CO-1420-7529,Ryan ES,04_campus upgrade,Playground replacement (ages 2-5),,0.75,
149,CO-1420-7529,Ryan ES,04_campus upgrade,Playground replacement (ages 5-12),,0.75,
149,CO-1420-7529,Ryan ES,04_campus upgrade,Resurface asphalt,,,
149,CO-1420-7529,Ryan ES,04_campus upgrade,Resurface concrete,,,
149,CO-1420-7529,Ryan ES,04_campus upgrade,Artificial turf field replacement and track resurfacing - HS,,,
149,CO-1420-7529,Ryan ES,05_Modernization,Modernize admin,,0.933333333,
149,CO-1420-7529,Ryan ES,05_Modernization,Modernize classrooms,,0.720133333,
149,CO-1420-7529,Ryan ES,05_Modernization,Modernize gym / assembly space,,Does not apply,
149,CO-1420-7529,Ryan ES,05_Modernization,Modernize kitchen,,,
149,CO-1420-7529,Ryan ES,05_Modernization,Modernize cafeteria,,Does not apply,
149,CO-1420-7529,Ryan ES,05_Modernization,Modernize multipurpose room,,0.545833333,
149,CO-1420-7529,Ryan ES,05_Modernization,Heavily modernize restrooms,,1,
149,CO-1420-7529,Ryan ES,05_Modernization,Heavily modernize STEM / CTE / specialized labs (MS/HS),,Does not apply,
149,CO-1420-7529,Ryan ES,05_Modernization,Lightly modernize corridors,,0.8,
149,CO-1420-7529,Ryan ES,05_Modernization,Lightly modernize entry lobby,,0.875,
149,CO-1420-7529,Ryan ES,05_Modernization,Lightly modernize library/media center,,,
149,CO-1420-7529,Ryan ES,04_campus upgrade,Security package,,0.8,
150,CO-1420-7708,Secrest ES,00_general,ADA compliance,,,
150,CO-1420-7708,Secrest ES,01_new construction,Demolition,,,
150,CO-1420-7708,Secrest ES,01_new construction,New construction ES,,,
150,CO-1420-7708,Secrest ES,01_new construction,New construction HS,,,
150,CO-1420-7708,Secrest ES,01_new construction,New construction K-8,,,
150,CO-1420-7708,Secrest ES,01_new construction,New construction MS,,,
150,CO-1420-7708,Secrest ES,01_new construction,New auditorium,,,
150,CO-1420-7708,Secrest ES,04_campus upgrade,Add shade structure(s),,1,
150,CO-1420-7708,Secrest ES,04_campus upgrade,Campus landscaping upgrade,,,
150,CO-1420-7708,Secrest ES,04_campus upgrade,Parking lot expansion,,,
150,CO-1420-7708,Secrest ES,04_campus upgrade,"Front of school branding, landscape upgrades",,1,
150,CO-1420-7708,Secrest ES,04_campus upgrade,Furniture upgrades,,0.775,
150,CO-1420-7708,Secrest ES,04_campus upgrade,Improve drop-off / pick-up zone,,0.916666667,
150,CO-1420-7708,Secrest ES,04_campus upgrade,New outdoor classroom,,1,
150,CO-1420-7708,Secrest ES,04_campus upgrade,Playground replacement (ages 2-5),,0.75,
150,CO-1420-7708,Secrest ES,04_campus upgrade,Playground replacement (ages 5-12),,0.75,
150,CO-1420-7708,Secrest ES,04_campus upgrade,Resurface asphalt,,,
150,CO-1420-7708,Secrest ES,04_campus upgrade,Resurface concrete,,,
150,CO-1420-7708,Secrest ES,04_campus upgrade,Artificial turf field replacement and track resurfacing - HS,,,
150,CO-1420-7708,Secrest ES,05_Modernization,Modernize admin,,0.633333333,
150,CO-1420-7708,Secrest ES,05_Modernization,Modernize classrooms,,0.734277778,
150,CO-1420-7708,Secrest ES,05_Modernization,Modernize gym / assembly space,,0.216666667,
150,CO-1420-7708,Secrest ES,05_Modernization,Modernize kitchen,,,
150,CO-1420-7708,Secrest ES,05_Modernization,Modernize cafeteria,,0.258333333,
150,CO-1420-7708,Secrest ES,05_Modernization,Modernize multipurpose room,,Does not apply,
150,CO-1420-7708,Secrest ES,05_Modernization,Heavily modernize restrooms,,0.333333333,
150,CO-1420-7708,Secrest ES,05_Modernization,Heavily modernize STEM / CTE / specialized labs (MS/HS),,Does not apply,
150,CO-1420-7708,Secrest ES,05_Modernization,Lightly modernize corridors,,0.8,
150,CO-1420-7708,Secrest ES,05_Modernization,Lightly modernize entry lobby,,1,
150,CO-1420-7708,Secrest ES,05_Modernization,Lightly modernize library/media center,,,
150,CO-1420-7708,Secrest ES,04_campus upgrade,Security package,,0.8,
151,CO-1420-7753,Semper ES,00_general,ADA compliance,,,
151,CO-1420-7753,Semper ES,01_new construction,Demolition,,,
151,CO-1420-7753,Semper ES,01_new construction,New construction ES,,,
151,CO-1420-7753,Semper ES,01_new construction,New construction HS,,,
151,CO-1420-7753,Semper ES,01_new construction,New construction K-8,,,
151,CO-1420-7753,Semper ES,01_new construction,New construction MS,,,
151,CO-1420-7753,Semper ES,01_new construction,New auditorium,,,
151,CO-1420-7753,Semper ES,04_campus upgrade,Add shade structure(s),,1,
151,CO-1420-7753,Semper ES,04_campus upgrade,Campus landscaping upgrade,,,
151,CO-1420-7753,Semper ES,04_campus upgrade,Parking lot expansion,,,
151,CO-1420-7753,Semper ES,04_campus upgrade,"Front of school branding, landscape upgrades",,0.9,
151,CO-1420-7753,Semper ES,04_campus upgrade,Furniture upgrades,,0.325,
151,CO-1420-7753,Semper ES,04_campus upgrade,Improve drop-off / pick-up zone,,0.666666667,
151,CO-1420-7753,Semper ES,04_campus upgrade,New outdoor classroom,,1,
151,CO-1420-7753,Semper ES,04_campus upgrade,Playground replacement (ages 2-5),,0.5,
151,CO-1420-7753,Semper ES,04_campus upgrade,Playground replacement (ages 5-12),,0.5,
151,CO-1420-7753,Semper ES,04_campus upgrade,Resurface asphalt,,,
151,CO-1420-7753,Semper ES,04_campus upgrade,Resurface concrete,,,
151,CO-1420-7753,Semper ES,04_campus upgrade,Artificial turf field replacement and track resurfacing - HS,,,
151,CO-1420-7753,Semper ES,05_Modernization,Modernize admin,,0.85,
151,CO-1420-7753,Semper ES,05_Modernization,Modernize classrooms,,0.627487393,
151,CO-1420-7753,Semper ES,05_Modernization,Modernize gym / assembly space,,0.505087209,
151,CO-1420-7753,Semper ES,05_Modernization,Modernize kitchen,,,
151,CO-1420-7753,Semper ES,05_Modernization,Modernize cafeteria,,0.369670543,
151,CO-1420-7753,Semper ES,05_Modernization,Modernize multipurpose room,,Does not apply,
151,CO-1420-7753,Semper ES,05_Modernization,Heavily modernize restrooms,,0.666666667,
151,CO-1420-7753,Semper ES,05_Modernization,Heavily modernize STEM / CTE / specialized labs (MS/HS),,Does not apply,
151,CO-1420-7753,Semper ES,05_Modernization,Lightly modernize corridors,,0.4,
151,CO-1420-7753,Semper ES,05_Modernization,Lightly modernize entry lobby,,0.708333333,
151,CO-1420-7753,Semper ES,05_Modernization,Lightly modernize library/media center,,,
151,CO-1420-7753,Semper ES,04_campus upgrade,Security package,,0.8475,
152,CO-1420-7780,Shaffer ES,00_general,ADA compliance,,,
152,CO-1420-7780,Shaffer ES,01_new construction,Demolition,,,
152,CO-1420-7780,Shaffer ES,01_new construction,New construction ES,,,
152,CO-1420-7780,Shaffer ES,01_new construction,New construction HS,,,
152,CO-1420-7780,Shaffer ES,01_new construction,New construction K-8,,,
152,CO-1420-7780,Shaffer ES,01_new construction,New construction MS,,,
152,CO-1420-7780,Shaffer ES,01_new construction,New auditorium,,,
152,CO-1420-7780,Shaffer ES,04_campus upgrade,Add shade structure(s),,1,
152,CO-1420-7780,Shaffer ES,04_campus upgrade,Campus landscaping upgrade,,,
152,CO-1420-7780,Shaffer ES,04_campus upgrade,Parking lot expansion,,,
152,CO-1420-7780,Shaffer ES,04_campus upgrade,"Front of school branding, landscape upgrades",,0.9,
152,CO-1420-7780,Shaffer ES,04_campus upgrade,Furniture upgrades,,1,
152,CO-1420-7780,Shaffer ES,04_campus upgrade,Improve drop-off / pick-up zone,,0.916666667,
152,CO-1420-7780,Shaffer ES,04_campus upgrade,New outdoor classroom,,1,
152,CO-1420-7780,Shaffer ES,04_campus upgrade,Playground replacement (ages 2-5),,0.5,
152,CO-1420-7780,Shaffer ES,04_campus upgrade,Playground replacement (ages 5-12),,0.5,
152,CO-1420-7780,Shaffer ES,04_campus upgrade,Resurface asphalt,,,
152,CO-1420-7780,Shaffer ES,04_campus upgrade,Resurface concrete,,,
152,CO-1420-7780,Shaffer ES,04_campus upgrade,Artificial turf field replacement and track resurfacing - HS,,,
152,CO-1420-7780,Shaffer ES,05_Modernization,Modernize admin,,0.916666667,
152,CO-1420-7780,Shaffer ES,05_Modernization,Modernize classrooms,,0.819541731,
152,CO-1420-7780,Shaffer ES,05_Modernization,Modernize gym / assembly space,,0.7125,
152,CO-1420-7780,Shaffer ES,05_Modernization,Modernize kitchen,,,
152,CO-1420-7780,Shaffer ES,05_Modernization,Modernize cafeteria,,0.808333333,
152,CO-1420-7780,Shaffer ES,05_Modernization,Modernize multipurpose room,,Does not apply,
152,CO-1420-7780,Shaffer ES,05_Modernization,Heavily modernize restrooms,,1,
152,CO-1420-7780,Shaffer ES,05_Modernization,Heavily modernize STEM / CTE / specialized labs (MS/HS),,Does not apply,
152,CO-1420-7780,Shaffer ES,05_Modernization,Lightly modernize corridors,,1,
152,CO-1420-7780,Shaffer ES,05_Modernization,Lightly modernize entry lobby,,1,
152,CO-1420-7780,Shaffer ES,05_Modernization,Lightly modernize library/media center,,,
152,CO-1420-7780,Shaffer ES,04_campus upgrade,Security package,,0.8325,
153,CO-1420-7833,Shelton ES,00_general,ADA compliance,,,
153,CO-1420-7833,Shelton ES,01_new construction,Demolition,,,
153,CO-1420-7833,Shelton ES,01_new construction,New construction ES,,,
153,CO-1420-7833,Shelton ES,01_new construction,New construction HS,,,
153,CO-1420-7833,Shelton ES,01_new construction,New construction K-8,,,
153,CO-1420-7833,Shelton ES,01_new construction,New construction MS,,,
153,CO-1420-7833,Shelton ES,01_new construction,New auditorium,,,
153,CO-1420-7833,Shelton ES,04_campus upgrade,Add shade structure(s),,1,
153,CO-1420-7833,Shelton ES,04_campus upgrade,Campus landscaping upgrade,,,
153,CO-1420-7833,Shelton ES,04_campus upgrade,Parking lot expansion,,,
153,CO-1420-7833,Shelton ES,04_campus upgrade,"Front of school branding, landscape upgrades",,1,
153,CO-1420-7833,Shelton ES,04_campus upgrade,Furniture upgrades,,0.290322581,
153,CO-1420-7833,Shelton ES,04_campus upgrade,Improve drop-off / pick-up zone,,0.416666667,
153,CO-1420-7833,Shelton ES,04_campus upgrade,New outdoor classroom,,1,
153,CO-1420-7833,Shelton ES,04_campus upgrade,Playground replacement (ages 2-5),,0,
153,CO-1420-7833,Shelton ES,04_campus upgrade,Playground replacement (ages 5-12),,0,
153,CO-1420-7833,Shelton ES,04_campus upgrade,Resurface asphalt,,,
153,CO-1420-7833,Shelton ES,04_campus upgrade,Resurface concrete,,,
153,CO-1420-7833,Shelton ES,04_campus upgrade,Artificial turf field replacement and track resurfacing - HS,,,
153,CO-1420-7833,Shelton ES,05_Modernization,Modernize admin,,0.738888889,
153,CO-1420-7833,Shelton ES,05_Modernization,Modernize classrooms,,0.670202001,
153,CO-1420-7833,Shelton ES,05_Modernization,Modernize gym / assembly space,,0.40625,
153,CO-1420-7833,Shelton ES,05_Modernization,Modernize kitchen,,,
153,CO-1420-7833,Shelton ES,05_Modernization,Modernize cafeteria,,0.375,
153,CO-1420-7833,Shelton ES,05_Modernization,Modernize multipurpose room,,Does not apply,
153,CO-1420-7833,Shelton ES,05_Modernization,Heavily modernize restrooms,,1,
153,CO-1420-7833,Shelton ES,05_Modernization,Heavily modernize STEM / CTE / specialized labs (MS/HS),,Does not apply,
153,CO-1420-7833,Shelton ES,05_Modernization,Lightly modernize corridors,,1,
153,CO-1420-7833,Shelton ES,05_Modernization,Lightly modernize entry lobby,,0.75,
153,CO-1420-7833,Shelton ES,05_Modernization,Lightly modernize library/media center,,,
153,CO-1420-7833,Shelton ES,04_campus upgrade,Security package,,0.69,
154,CO-1420-7870,Sierra ES,00_general,ADA compliance,,,
154,CO-1420-7870,Sierra ES,01_new construction,Demolition,,,
154,CO-1420-7870,Sierra ES,01_new construction,New construction ES,,,
154,CO-1420-7870,Sierra ES,01_new construction,New construction HS,,,
154,CO-1420-7870,Sierra ES,01_new construction,New construction K-8,,,
154,CO-1420-7870,Sierra ES,01_new construction,New construction MS,,,
154,CO-1420-7870,Sierra ES,01_new construction,New auditorium,,,
154,CO-1420-7870,Sierra ES,04_campus upgrade,Add shade structure(s),,1,
154,CO-1420-7870,Sierra ES,04_campus upgrade,Campus landscaping upgrade,,,
154,CO-1420-7870,Sierra ES,04_campus upgrade,Parking lot expansion,,,
154,CO-1420-7870,Sierra ES,04_campus upgrade,"Front of school branding, landscape upgrades",,0.9,
154,CO-1420-7870,Sierra ES,04_campus upgrade,Furniture upgrades,,0.9,
154,CO-1420-7870,Sierra ES,04_campus upgrade,Improve drop-off / pick-up zone,,0.5,
154,CO-1420-7870,Sierra ES,04_campus upgrade,New outdoor classroom,,1,
154,CO-1420-7870,Sierra ES,04_campus upgrade,Playground replacement (ages 2-5),,1,
154,CO-1420-7870,Sierra ES,04_campus upgrade,Playground replacement (ages 5-12),,1,
154,CO-1420-7870,Sierra ES,04_campus upgrade,Resurface asphalt,,,
154,CO-1420-7870,Sierra ES,04_campus upgrade,Resurface concrete,,,
154,CO-1420-7870,Sierra ES,04_campus upgrade,Artificial turf field replacement and track resurfacing - HS,,,
154,CO-1420-7870,Sierra ES,05_Modernization,Modernize admin,,0.722222222,
154,CO-1420-7870,Sierra ES,05_Modernization,Modernize classrooms,,0.891683333,
154,CO-1420-7870,Sierra ES,05_Modernization,Modernize gym / assembly space,,0.929166667,
154,CO-1420-7870,Sierra ES,05_Modernization,Modernize kitchen,,,
154,CO-1420-7870,Sierra ES,05_Modernization,Modernize cafeteria,,1,
154,CO-1420-7870,Sierra ES,05_Modernization,Modernize multipurpose room,,Does not apply,
154,CO-1420-7870,Sierra ES,05_Modernization,Heavily modernize restrooms,,1,
154,CO-1420-7870,Sierra ES,05_Modernization,Heavily modernize STEM / CTE / specialized labs (MS/HS),,Does not apply,
154,CO-1420-7870,Sierra ES,05_Modernization,Lightly modernize corridors,,1,
154,CO-1420-7870,Sierra ES,05_Modernization,Lightly modernize entry lobby,,1,
154,CO-1420-7870,Sierra ES,05_Modernization,Lightly modernize library/media center,,,
154,CO-1420-7870,Sierra ES,04_campus upgrade,Security package,,0.885,
155,CO-1420-7962,Slater ES,00_general,ADA compliance,,,
155,CO-1420-7962,Slater ES,01_new construction,Demolition,,,
155,CO-1420-7962,Slater ES,01_new construction,New construction ES,,,
155,CO-1420-7962,Slater ES,01_new construction,New construction HS,,,
155,CO-1420-7962,Slater ES,01_new construction,New construction K-8,,,
155,CO-1420-7962,Slater ES,01_new construction,New construction MS,,,
155,CO-1420-7962,Slater ES,01_new construction,New auditorium,,,
155,CO-1420-7962,Slater ES,04_campus upgrade,Add shade structure(s),,1,
155,CO-1420-7962,Slater ES,04_campus upgrade,Campus landscaping upgrade,,,
155,CO-1420-7962,Slater ES,04_campus upgrade,Parking lot expansion,,,
155,CO-1420-7962,Slater ES,04_campus upgrade,"Front of school branding, landscape upgrades",,0.8375,
155,CO-1420-7962,Slater ES,04_campus upgrade,Furniture upgrades,,0.675,
155,CO-1420-7962,Slater ES,04_campus upgrade,Improve drop-off / pick-up zone,,0.5,
155,CO-1420-7962,Slater ES,04_campus upgrade,New outdoor classroom,,1,
155,CO-1420-7962,Slater ES,04_campus upgrade,Playground replacement (ages 2-5),,0.25,
155,CO-1420-7962,Slater ES,04_campus upgrade,Playground replacement (ages 5-12),,0.25,
155,CO-1420-7962,Slater ES,04_campus upgrade,Resurface asphalt,,,
155,CO-1420-7962,Slater ES,04_campus upgrade,Resurface concrete,,,
155,CO-1420-7962,Slater ES,04_campus upgrade,Artificial turf field replacement and track resurfacing - HS,,,
155,CO-1420-7962,Slater ES,05_Modernization,Modernize admin,,0.688888889,
155,CO-1420-7962,Slater ES,05_Modernization,Modernize classrooms,,0.568224573,
155,CO-1420-7962,Slater ES,05_Modernization,Modernize gym / assembly space,,0.265503876,
155,CO-1420-7962,Slater ES,05_Modernization,Modernize kitchen,,,
155,CO-1420-7962,Slater ES,05_Modernization,Modernize cafeteria,,0.192587209,
155,CO-1420-7962,Slater ES,05_Modernization,Modernize multipurpose room,,Does not apply,
155,CO-1420-7962,Slater ES,05_Modernization,Heavily modernize restrooms,,0.333333333,
155,CO-1420-7962,Slater ES,05_Modernization,Heavily modernize STEM / CTE / specialized labs (MS/HS),,Does not apply,
155,CO-1420-7962,Slater ES,05_Modernization,Lightly modernize corridors,,0.8,
155,CO-1420-7962,Slater ES,05_Modernization,Lightly modernize entry lobby,,0.875,
155,CO-1420-7962,Slater ES,05_Modernization,Lightly modernize library/media center,,,
155,CO-1420-7962,Slater ES,04_campus upgrade,Security package,,0.8275,
156,CO-1420-8102,South Lakewood ES,00_general,ADA compliance,,,
156,CO-1420-8102,South Lakewood ES,01_new construction,Demolition,,,
156,CO-1420-8102,South Lakewood ES,01_new construction,New construction ES,,,
156,CO-1420-8102,South Lakewood ES,01_new construction,New construction HS,,,
156,CO-1420-8102,South Lakewood ES,01_new construction,New construction K-8,,,
156,CO-1420-8102,South Lakewood ES,01_new construction,New construction MS,,,
156,CO-1420-8102,South Lakewood ES,01_new construction,New auditorium,,,
156,CO-1420-8102,South Lakewood ES,04_campus upgrade,Add shade structure(s),,1,
156,CO-1420-8102,South Lakewood ES,04_campus upgrade,Campus landscaping upgrade,,,
156,CO-1420-8102,South Lakewood ES,04_campus upgrade,Parking lot expansion,,,
156,CO-1420-8102,South Lakewood ES,04_campus upgrade,"Front of school branding, landscape upgrades",,1,
156,CO-1420-8102,South Lakewood ES,04_campus upgrade,Furniture upgrades,,0.775,
156,CO-1420-8102,South Lakewood ES,04_campus upgrade,Improve drop-off / pick-up zone,,0.65,
156,CO-1420-8102,South Lakewood ES,04_campus upgrade,New outdoor classroom,,1,
156,CO-1420-8102,South Lakewood ES,04_campus upgrade,Playground replacement (ages 2-5),,Does not apply,
156,CO-1420-8102,South Lakewood ES,04_campus upgrade,Playground replacement (ages 5-12),,0.5,
156,CO-1420-8102,South Lakewood ES,04_campus upgrade,Resurface asphalt,,,
156,CO-1420-8102,South Lakewood ES,04_campus upgrade,Resurface concrete,,,
156,CO-1420-8102,South Lakewood ES,04_campus upgrade,Artificial turf field replacement and track resurfacing - HS,,,
156,CO-1420-8102,South Lakewood ES,05_Modernization,Modernize admin,,0.866666667,
156,CO-1420-8102,South Lakewood ES,05_Modernization,Modernize classrooms,,0.755409722,
156,CO-1420-8102,South Lakewood ES,05_Modernization,Modernize gym / assembly space,,0.366666667,
156,CO-1420-8102,South Lakewood ES,05_Modernization,Modernize kitchen,,,
156,CO-1420-8102,South Lakewood ES,05_Modernization,Modernize cafeteria,,0.4125,
156,CO-1420-8102,South Lakewood ES,05_Modernization,Modernize multipurpose room,,Does not apply,
156,CO-1420-8102,South Lakewood ES,05_Modernization,Heavily modernize restrooms,,0.666666667,
156,CO-1420-8102,South Lakewood ES,05_Modernization,Heavily modernize STEM / CTE / specialized labs (MS/HS),,Does not apply,
156,CO-1420-8102,South Lakewood ES,05_Modernization,Lightly modernize corridors,,0.4,
156,CO-1420-8102,South Lakewood ES,05_Modernization,Lightly modernize entry lobby,,1,
156,CO-1420-8102,South Lakewood ES,05_Modernization,Lightly modernize library/media center,,,
156,CO-1420-8102,South Lakewood ES,04_campus upgrade,Security package,,0.868571429,
157,CO-1420-8223,Stevens ES,00_general,ADA compliance,,,
157,CO-1420-8223,Stevens ES,01_new construction,Demolition,,,
157,CO-1420-8223,Stevens ES,01_new construction,New construction ES,,,
157,CO-1420-8223,Stevens ES,01_new construction,New construction HS,,,
157,CO-1420-8223,Stevens ES,01_new construction,New construction K-8,,,
157,CO-1420-8223,Stevens ES,01_new construction,New construction MS,,,
157,CO-1420-8223,Stevens ES,01_new construction,New auditorium,,,
157,CO-1420-8223,Stevens ES,04_campus upgrade,Add shade structure(s),,,
157,CO-1420-8223,Stevens ES,04_campus upgrade,Campus landscaping upgrade,,,
157,CO-1420-8223,Stevens ES,04_campus upgrade,Parking lot expansion,,,
157,CO-1420-8223,Stevens ES,04_campus upgrade,"Front of school branding, landscape upgrades",,,
157,CO-1420-8223,Stevens ES,04_campus upgrade,Furniture upgrades,,0.775,
157,CO-1420-8223,Stevens ES,04_campus upgrade,Improve drop-off / pick-up zone,,,
157,CO-1420-8223,Stevens ES,04_campus upgrade,New outdoor classroom,,,
157,CO-1420-8223,Stevens ES,04_campus upgrade,Playground replacement (ages 2-5),,0,
157,CO-1420-8223,Stevens ES,04_campus upgrade,Playground replacement (ages 5-12),,0,
157,CO-1420-8223,Stevens ES,04_campus upgrade,Resurface asphalt,,,
157,CO-1420-8223,Stevens ES,04_campus upgrade,Resurface concrete,,,
157,CO-1420-8223,Stevens ES,04_campus upgrade,Artificial turf field replacement and track resurfacing - HS,,,
157,CO-1420-8223,Stevens ES,05_Modernization,Modernize admin,,0.8,
157,CO-1420-8223,Stevens ES,05_Modernization,Modernize classrooms,,0.723397222,
157,CO-1420-8223,Stevens ES,05_Modernization,Modernize gym / assembly space,,0.633333333,
157,CO-1420-8223,Stevens ES,05_Modernization,Modernize kitchen,,,
157,CO-1420-8223,Stevens ES,05_Modernization,Modernize cafeteria,,0.820833333,
157,CO-1420-8223,Stevens ES,05_Modernization,Modernize multipurpose room,,Does not apply,
157,CO-1420-8223,Stevens ES,05_Modernization,Heavily modernize restrooms,,1,
157,CO-1420-8223,Stevens ES,05_Modernization,Heavily modernize STEM / CTE / specialized labs (MS/HS),,Does not apply,
157,CO-1420-8223,Stevens ES,05_Modernization,Lightly modernize corridors,,0.6,
157,CO-1420-8223,Stevens ES,05_Modernization,Lightly modernize entry lobby,,1,
157,CO-1420-8223,Stevens ES,05_Modernization,Lightly modernize library/media center,,,
157,CO-1420-8223,Stevens ES,04_campus upgrade,Security package,,0.65,
158,CO-1420-8276,Stober ES,00_general,ADA compliance,,,
158,CO-1420-8276,Stober ES,01_new construction,Demolition,,,
158,CO-1420-8276,Stober ES,01_new construction,New construction ES,,,
158,CO-1420-8276,Stober ES,01_new construction,New construction HS,,,
158,CO-1420-8276,Stober ES,01_new construction,New construction K-8,,,
158,CO-1420-8276,Stober ES,01_new construction,New construction MS,,,
158,CO-1420-8276,Stober ES,01_new construction,New auditorium,,,
158,CO-1420-8276,Stober ES,04_campus upgrade,Add shade structure(s),,0,
158,CO-1420-8276,Stober ES,04_campus upgrade,Campus landscaping upgrade,,,
158,CO-1420-8276,Stober ES,04_campus upgrade,Parking lot expansion,,,
158,CO-1420-8276,Stober ES,04_campus upgrade,"Front of school branding, landscape upgrades",,0.8375,
158,CO-1420-8276,Stober ES,04_campus upgrade,Furniture upgrades,,1,
158,CO-1420-8276,Stober ES,04_campus upgrade,Improve drop-off / pick-up zone,,0.55,
158,CO-1420-8276,Stober ES,04_campus upgrade,New outdoor classroom,,0,
158,CO-1420-8276,Stober ES,04_campus upgrade,Playground replacement (ages 2-5),,0.5,
158,CO-1420-8276,Stober ES,04_campus upgrade,Playground replacement (ages 5-12),,0.5,
158,CO-1420-8276,Stober ES,04_campus upgrade,Resurface asphalt,,,
158,CO-1420-8276,Stober ES,04_campus upgrade,Resurface concrete,,,
158,CO-1420-8276,Stober ES,04_campus upgrade,Artificial turf field replacement and track resurfacing - HS,,,
158,CO-1420-8276,Stober ES,05_Modernization,Modernize admin,,0.783333333,
158,CO-1420-8276,Stober ES,05_Modernization,Modernize classrooms,,0.865100694,
158,CO-1420-8276,Stober ES,05_Modernization,Modernize gym / assembly space,,0.533333333,
158,CO-1420-8276,Stober ES,05_Modernization,Modernize kitchen,,,
158,CO-1420-8276,Stober ES,05_Modernization,Modernize cafeteria,,0.739341085,
158,CO-1420-8276,Stober ES,05_Modernization,Modernize multipurpose room,,Does not apply,
158,CO-1420-8276,Stober ES,05_Modernization,Heavily modernize restrooms,,1,
158,CO-1420-8276,Stober ES,05_Modernization,Heavily modernize STEM / CTE / specialized labs (MS/HS),,Does not apply,
158,CO-1420-8276,Stober ES,05_Modernization,Lightly modernize corridors,,1,
158,CO-1420-8276,Stober ES,05_Modernization,Lightly modernize entry lobby,,0.658333333,
158,CO-1420-8276,Stober ES,05_Modernization,Lightly modernize library/media center,,,
158,CO-1420-8276,Stober ES,04_campus upgrade,Security package,,0.638928571,
159,CO-1420-8280,Stony Creek ES,00_general,ADA compliance,,,
159,CO-1420-8280,Stony Creek ES,01_new construction,Demolition,,,
159,CO-1420-8280,Stony Creek ES,01_new construction,New construction ES,,,
159,CO-1420-8280,Stony Creek ES,01_new construction,New construction HS,,,
159,CO-1420-8280,Stony Creek ES,01_new construction,New construction K-8,,,
159,CO-1420-8280,Stony Creek ES,01_new construction,New construction MS,,,
159,CO-1420-8280,Stony Creek ES,01_new construction,New auditorium,,,
159,CO-1420-8280,Stony Creek ES,04_campus upgrade,Add shade structure(s),,1,
159,CO-1420-8280,Stony Creek ES,04_campus upgrade,Campus landscaping upgrade,,,
159,CO-1420-8280,Stony Creek ES,04_campus upgrade,Parking lot expansion,,,
159,CO-1420-8280,Stony Creek ES,04_campus upgrade,"Front of school branding, landscape upgrades",,0.8375,
159,CO-1420-8280,Stony Creek ES,04_campus upgrade,Furniture upgrades,,0.675,
159,CO-1420-8280,Stony Creek ES,04_campus upgrade,Improve drop-off / pick-up zone,,0.916666667,
159,CO-1420-8280,Stony Creek ES,04_campus upgrade,New outdoor classroom,,1,
159,CO-1420-8280,Stony Creek ES,04_campus upgrade,Playground replacement (ages 2-5),,0.5,
159,CO-1420-8280,Stony Creek ES,04_campus upgrade,Playground replacement (ages 5-12),,0.5,
159,CO-1420-8280,Stony Creek ES,04_campus upgrade,Resurface asphalt,,,
159,CO-1420-8280,Stony Creek ES,04_campus upgrade,Resurface concrete,,,
159,CO-1420-8280,Stony Creek ES,04_campus upgrade,Artificial turf field replacement and track resurfacing - HS,,,
159,CO-1420-8280,Stony Creek ES,05_Modernization,Modernize admin,,0.716666667,
159,CO-1420-8280,Stony Creek ES,05_Modernization,Modernize classrooms,,0.782094509,
159,CO-1420-8280,Stony Creek ES,05_Modernization,Modernize gym / assembly space,,0.775,
159,CO-1420-8280,Stony Creek ES,05_Modernization,Modernize kitchen,,,
159,CO-1420-8280,Stony Creek ES,05_Modernization,Modernize cafeteria,,0.5625,
159,CO-1420-8280,Stony Creek ES,05_Modernization,Modernize multipurpose room,,Does not apply,
159,CO-1420-8280,Stony Creek ES,05_Modernization,Heavily modernize restrooms,,0.666666667,
159,CO-1420-8280,Stony Creek ES,05_Modernization,Heavily modernize STEM / CTE / specialized labs (MS/HS),,Does not apply,
159,CO-1420-8280,Stony Creek ES,05_Modernization,Lightly modernize corridors,,1,
159,CO-1420-8280,Stony Creek ES,05_Modernization,Lightly modernize entry lobby,,0.875,
159,CO-1420-8280,Stony Creek ES,05_Modernization,Lightly modernize library/media center,,,
159,CO-1420-8280,Stony Creek ES,04_campus upgrade,Security package,,0.735,
160,CO-1420-8300,Stott ES,00_general,ADA compliance,,,
160,CO-1420-8300,Stott ES,01_new construction,Demolition,,,
160,CO-1420-8300,Stott ES,01_new construction,New construction ES,,,
160,CO-1420-8300,Stott ES,01_new construction,New construction HS,,,
160,CO-1420-8300,Stott ES,01_new construction,New construction K-8,,,
160,CO-1420-8300,Stott ES,01_new construction,New construction MS,,,
160,CO-1420-8300,Stott ES,01_new construction,New auditorium,,,
160,CO-1420-8300,Stott ES,04_campus upgrade,Add shade structure(s),,1,
160,CO-1420-8300,Stott ES,04_campus upgrade,Campus landscaping upgrade,,,
160,CO-1420-8300,Stott ES,04_campus upgrade,Parking lot expansion,,,
160,CO-1420-8300,Stott ES,04_campus upgrade,"Front of school branding, landscape upgrades",,1,
160,CO-1420-8300,Stott ES,04_campus upgrade,Furniture upgrades,,0.775,
160,CO-1420-8300,Stott ES,04_campus upgrade,Improve drop-off / pick-up zone,,0.666666667,
160,CO-1420-8300,Stott ES,04_campus upgrade,New outdoor classroom,,1,
160,CO-1420-8300,Stott ES,04_campus upgrade,Playground replacement (ages 2-5),,0.75,
160,CO-1420-8300,Stott ES,04_campus upgrade,Playground replacement (ages 5-12),,0.75,
160,CO-1420-8300,Stott ES,04_campus upgrade,Resurface asphalt,,,
160,CO-1420-8300,Stott ES,04_campus upgrade,Resurface concrete,,,
160,CO-1420-8300,Stott ES,04_campus upgrade,Artificial turf field replacement and track resurfacing - HS,,,
160,CO-1420-8300,Stott ES,05_Modernization,Modernize admin,,0.866666667,
160,CO-1420-8300,Stott ES,05_Modernization,Modernize classrooms,,0.684727001,
160,CO-1420-8300,Stott ES,05_Modernization,Modernize gym / assembly space,,0.470833333,
160,CO-1420-8300,Stott ES,05_Modernization,Modernize kitchen,,,
160,CO-1420-8300,Stott ES,05_Modernization,Modernize cafeteria,,0.352083333,
160,CO-1420-8300,Stott ES,05_Modernization,Modernize multipurpose room,,Does not apply,
160,CO-1420-8300,Stott ES,05_Modernization,Heavily modernize restrooms,,0.333333333,
160,CO-1420-8300,Stott ES,05_Modernization,Heavily modernize STEM / CTE / specialized labs (MS/HS),,Does not apply,
160,CO-1420-8300,Stott ES,05_Modernization,Lightly modernize corridors,,0.8,
160,CO-1420-8300,Stott ES,05_Modernization,Lightly modernize entry lobby,,0.733333333,
160,CO-1420-8300,Stott ES,05_Modernization,Lightly modernize library/media center,,,
160,CO-1420-8300,Stott ES,04_campus upgrade,Security package,,0.8575,
161,CO-1420-8432,Swanson ES,00_general,ADA compliance,,,
161,CO-1420-8432,Swanson ES,01_new construction,Demolition,,,
161,CO-1420-8432,Swanson ES,01_new construction,New construction ES,,,
161,CO-1420-8432,Swanson ES,01_new construction,New construction HS,,,
161,CO-1420-8432,Swanson ES,01_new construction,New construction K-8,,,
161,CO-1420-8432,Swanson ES,01_new construction,New construction MS,,,
161,CO-1420-8432,Swanson ES,01_new construction,New auditorium,,,
161,CO-1420-8432,Swanson ES,04_campus upgrade,Add shade structure(s),,1,
161,CO-1420-8432,Swanson ES,04_campus upgrade,Campus landscaping upgrade,,,
161,CO-1420-8432,Swanson ES,04_campus upgrade,Parking lot expansion,,,
161,CO-1420-8432,Swanson ES,04_campus upgrade,"Front of school branding, landscape upgrades",,0.8375,
161,CO-1420-8432,Swanson ES,04_campus upgrade,Furniture upgrades,,0.9,
161,CO-1420-8432,Swanson ES,04_campus upgrade,Improve drop-off / pick-up zone,,1,
161,CO-1420-8432,Swanson ES,04_campus upgrade,New outdoor classroom,,1,
161,CO-1420-8432,Swanson ES,04_campus upgrade,Playground replacement (ages 2-5),,Does not apply,
161,CO-1420-8432,Swanson ES,04_campus upgrade,Playground replacement (ages 5-12),,0.75,
161,CO-1420-8432,Swanson ES,04_campus upgrade,Resurface asphalt,,,
161,CO-1420-8432,Swanson ES,04_campus upgrade,Resurface concrete,,,
161,CO-1420-8432,Swanson ES,04_campus upgrade,Artificial turf field replacement and track resurfacing - HS,,,
161,CO-1420-8432,Swanson ES,05_Modernization,Modernize admin,,0.8,
161,CO-1420-8432,Swanson ES,05_Modernization,Modernize classrooms,,0.679315972,
161,CO-1420-8432,Swanson ES,05_Modernization,Modernize gym / assembly space,,Does not apply,
161,CO-1420-8432,Swanson ES,05_Modernization,Modernize kitchen,,,
161,CO-1420-8432,Swanson ES,05_Modernization,Modernize cafeteria,,Does not apply,
161,CO-1420-8432,Swanson ES,05_Modernization,Modernize multipurpose room,,0.664583333,
161,CO-1420-8432,Swanson ES,05_Modernization,Heavily modernize restrooms,,0.333333333,
161,CO-1420-8432,Swanson ES,05_Modernization,Heavily modernize STEM / CTE / specialized labs (MS/HS),,Does not apply,
161,CO-1420-8432,Swanson ES,05_Modernization,Lightly modernize corridors,,0.8,
161,CO-1420-8432,Swanson ES,05_Modernization,Lightly modernize entry lobby,,0.925,
161,CO-1420-8432,Swanson ES,05_Modernization,Lightly modernize library/media center,,,
161,CO-1420-8432,Swanson ES,04_campus upgrade,Security package,,0.823809524,
162,CO-1420-9008,Ute Meadows ES,00_general,ADA compliance,,,
162,CO-1420-9008,Ute Meadows ES,01_new construction,Demolition,,,
162,CO-1420-9008,Ute Meadows ES,01_new construction,New construction ES,,,
162,CO-1420-9008,Ute Meadows ES,01_new construction,New construction HS,,,
162,CO-1420-9008,Ute Meadows ES,01_new construction,New construction K-8,,,
162,CO-1420-9008,Ute Meadows ES,01_new construction,New construction MS,,,
162,CO-1420-9008,Ute Meadows ES,01_new construction,New auditorium,,,
162,CO-1420-9008,Ute Meadows ES,04_campus upgrade,Add shade structure(s),,1,
162,CO-1420-9008,Ute Meadows ES,04_campus upgrade,Campus landscaping upgrade,,,
162,CO-1420-9008,Ute Meadows ES,04_campus upgrade,Parking lot expansion,,,
162,CO-1420-9008,Ute Meadows ES,04_campus upgrade,"Front of school branding, landscape upgrades",,0.9,
162,CO-1420-9008,Ute Meadows ES,04_campus upgrade,Furniture upgrades,,1,
162,CO-1420-9008,Ute Meadows ES,04_campus upgrade,Improve drop-off / pick-up zone,,0.791666667,
162,CO-1420-9008,Ute Meadows ES,04_campus upgrade,New outdoor classroom,,1,
162,CO-1420-9008,Ute Meadows ES,04_campus upgrade,Playground replacement (ages 2-5),,1,
162,CO-1420-9008,Ute Meadows ES,04_campus upgrade,Playground replacement (ages 5-12),,1,
162,CO-1420-9008,Ute Meadows ES,04_campus upgrade,Resurface asphalt,,,
162,CO-1420-9008,Ute Meadows ES,04_campus upgrade,Resurface concrete,,,
162,CO-1420-9008,Ute Meadows ES,04_campus upgrade,Artificial turf field replacement and track resurfacing - HS,,,
162,CO-1420-9008,Ute Meadows ES,05_Modernization,Modernize admin,,0.822222222,
162,CO-1420-9008,Ute Meadows ES,05_Modernization,Modernize classrooms,,0.713929211,
162,CO-1420-9008,Ute Meadows ES,05_Modernization,Modernize gym / assembly space,,0.545833333,
162,CO-1420-9008,Ute Meadows ES,05_Modernization,Modernize kitchen,,,
162,CO-1420-9008,Ute Meadows ES,05_Modernization,Modernize cafeteria,,0.508333333,
162,CO-1420-9008,Ute Meadows ES,05_Modernization,Modernize multipurpose room,,Does not apply,
162,CO-1420-9008,Ute Meadows ES,05_Modernization,Heavily modernize restrooms,,0.666666667,
162,CO-1420-9008,Ute Meadows ES,05_Modernization,Heavily modernize STEM / CTE / specialized labs (MS/HS),,Does not apply,
162,CO-1420-9008,Ute Meadows ES,05_Modernization,Lightly modernize corridors,,1,
162,CO-1420-9008,Ute Meadows ES,05_Modernization,Lightly modernize entry lobby,,0.658333333,
162,CO-1420-9008,Ute Meadows ES,05_Modernization,Lightly modernize library/media center,,,
162,CO-1420-9008,Ute Meadows ES,04_campus upgrade,Security package,,0.660833333,
163,CO-1420-9052,Van Arsdale ES,00_general,ADA compliance,,,
163,CO-1420-9052,Van Arsdale ES,01_new construction,Demolition,,,
163,CO-1420-9052,Van Arsdale ES,01_new construction,New construction ES,,,
163,CO-1420-9052,Van Arsdale ES,01_new construction,New construction HS,,,
163,CO-1420-9052,Van Arsdale ES,01_new construction,New construction K-8,,,
163,CO-1420-9052,Van Arsdale ES,01_new construction,New construction MS,,,
163,CO-1420-9052,Van Arsdale ES,01_new construction,New auditorium,,,
163,CO-1420-9052,Van Arsdale ES,04_campus upgrade,Add shade structure(s),,1,
163,CO-1420-9052,Van Arsdale ES,04_campus upgrade,Campus landscaping upgrade,,,
163,CO-1420-9052,Van Arsdale ES,04_campus upgrade,Parking lot expansion,,,
163,CO-1420-9052,Van Arsdale ES,04_campus upgrade,"Front of school branding, landscape upgrades",,1,
163,CO-1420-9052,Van Arsdale ES,04_campus upgrade,Furniture upgrades,,1,
163,CO-1420-9052,Van Arsdale ES,04_campus upgrade,Improve drop-off / pick-up zone,,0.625,
163,CO-1420-9052,Van Arsdale ES,04_campus upgrade,New outdoor classroom,,1,
163,CO-1420-9052,Van Arsdale ES,04_campus upgrade,Playground replacement (ages 2-5),,1,
163,CO-1420-9052,Van Arsdale ES,04_campus upgrade,Playground replacement (ages 5-12),,1,
163,CO-1420-9052,Van Arsdale ES,04_campus upgrade,Resurface asphalt,,,
163,CO-1420-9052,Van Arsdale ES,04_campus upgrade,Resurface concrete,,,
163,CO-1420-9052,Van Arsdale ES,04_campus upgrade,Artificial turf field replacement and track resurfacing - HS,,,
163,CO-1420-9052,Van Arsdale ES,05_Modernization,Modernize admin,,0.85,
163,CO-1420-9052,Van Arsdale ES,05_Modernization,Modernize classrooms,,0.696520513,
163,CO-1420-9052,Van Arsdale ES,05_Modernization,Modernize gym / assembly space,,0.1875,
163,CO-1420-9052,Van Arsdale ES,05_Modernization,Modernize kitchen,,,
163,CO-1420-9052,Van Arsdale ES,05_Modernization,Modernize cafeteria,,0.28125,
163,CO-1420-9052,Van Arsdale ES,05_Modernization,Modernize multipurpose room,,Does not apply,
163,CO-1420-9052,Van Arsdale ES,05_Modernization,Heavily modernize restrooms,,0.666666667,
163,CO-1420-9052,Van Arsdale ES,05_Modernization,Heavily modernize STEM / CTE / specialized labs (MS/HS),,Does not apply,
163,CO-1420-9052,Van Arsdale ES,05_Modernization,Lightly modernize corridors,,0,
163,CO-1420-9052,Van Arsdale ES,05_Modernization,Lightly modernize entry lobby,,0.466666667,
163,CO-1420-9052,Van Arsdale ES,05_Modernization,Lightly modernize library/media center,,,
163,CO-1420-9052,Van Arsdale ES,04_campus upgrade,Security package,,0.803571429,
164,CO-1420-9058,Vanderhoof ES,00_general,ADA compliance,,,
164,CO-1420-9058,Vanderhoof ES,01_new construction,Demolition,,,
164,CO-1420-9058,Vanderhoof ES,01_new construction,New construction ES,,,
164,CO-1420-9058,Vanderhoof ES,01_new construction,New construction HS,,,
164,CO-1420-9058,Vanderhoof ES,01_new construction,New construction K-8,,,
164,CO-1420-9058,Vanderhoof ES,01_new construction,New construction MS,,,
164,CO-1420-9058,Vanderhoof ES,01_new construction,New auditorium,,,
164,CO-1420-9058,Vanderhoof ES,04_campus upgrade,Add shade structure(s),,1,
164,CO-1420-9058,Vanderhoof ES,04_campus upgrade,Campus landscaping upgrade,,,
164,CO-1420-9058,Vanderhoof ES,04_campus upgrade,Parking lot expansion,,,
164,CO-1420-9058,Vanderhoof ES,04_campus upgrade,"Front of school branding, landscape upgrades",,1,
164,CO-1420-9058,Vanderhoof ES,04_campus upgrade,Furniture upgrades,,0.225,
164,CO-1420-9058,Vanderhoof ES,04_campus upgrade,Improve drop-off / pick-up zone,,0.9,
164,CO-1420-9058,Vanderhoof ES,04_campus upgrade,New outdoor classroom,,0,
164,CO-1420-9058,Vanderhoof ES,04_campus upgrade,Playground replacement (ages 2-5),,0,
164,CO-1420-9058,Vanderhoof ES,04_campus upgrade,Playground replacement (ages 5-12),,1,
164,CO-1420-9058,Vanderhoof ES,04_campus upgrade,Resurface asphalt,,,
164,CO-1420-9058,Vanderhoof ES,04_campus upgrade,Resurface concrete,,,
164,CO-1420-9058,Vanderhoof ES,04_campus upgrade,Artificial turf field replacement and track resurfacing - HS,,,
164,CO-1420-9058,Vanderhoof ES,05_Modernization,Modernize admin,,0.833333333,
164,CO-1420-9058,Vanderhoof ES,05_Modernization,Modernize classrooms,,0.498932425,
164,CO-1420-9058,Vanderhoof ES,05_Modernization,Modernize gym / assembly space,,0.579166667,
164,CO-1420-9058,Vanderhoof ES,05_Modernization,Modernize kitchen,,,
164,CO-1420-9058,Vanderhoof ES,05_Modernization,Modernize cafeteria,,0.204166667,
164,CO-1420-9058,Vanderhoof ES,05_Modernization,Modernize multipurpose room,,Does not apply,
164,CO-1420-9058,Vanderhoof ES,05_Modernization,Heavily modernize restrooms,,0.333333333,
164,CO-1420-9058,Vanderhoof ES,05_Modernization,Heavily modernize STEM / CTE / specialized labs (MS/HS),,Does not apply,
164,CO-1420-9058,Vanderhoof ES,05_Modernization,Lightly modernize corridors,,0.6,
164,CO-1420-9058,Vanderhoof ES,05_Modernization,Lightly modernize entry lobby,,0.75,
164,CO-1420-9058,Vanderhoof ES,05_Modernization,Lightly modernize library/media center,,,
164,CO-1420-9058,Vanderhoof ES,04_campus upgrade,Security package,,0.812142857,
165,CO-1420-9232,Warder ES,00_general,ADA compliance,,,
165,CO-1420-9232,Warder ES,01_new construction,Demolition,,,
165,CO-1420-9232,Warder ES,01_new construction,New construction ES,,,
165,CO-1420-9232,Warder ES,01_new construction,New construction HS,,,
165,CO-1420-9232,Warder ES,01_new construction,New construction K-8,,,
165,CO-1420-9232,Warder ES,01_new construction,New construction MS,,,
165,CO-1420-9232,Warder ES,01_new construction,New auditorium,,,
165,CO-1420-9232,Warder ES,04_campus upgrade,Add shade structure(s),,1,
165,CO-1420-9232,Warder ES,04_campus upgrade,Campus landscaping upgrade,,,
165,CO-1420-9232,Warder ES,04_campus upgrade,Parking lot expansion,,,
165,CO-1420-9232,Warder ES,04_campus upgrade,"Front of school branding, landscape upgrades",,0.7375,
165,CO-1420-9232,Warder ES,04_campus upgrade,Furniture upgrades,,1,
165,CO-1420-9232,Warder ES,04_campus upgrade,Improve drop-off / pick-up zone,,0.791666667,
165,CO-1420-9232,Warder ES,04_campus upgrade,New outdoor classroom,,0,
165,CO-1420-9232,Warder ES,04_campus upgrade,Playground replacement (ages 2-5),,0.5,
165,CO-1420-9232,Warder ES,04_campus upgrade,Playground replacement (ages 5-12),,0.5,
165,CO-1420-9232,Warder ES,04_campus upgrade,Resurface asphalt,,,
165,CO-1420-9232,Warder ES,04_campus upgrade,Resurface concrete,,,
165,CO-1420-9232,Warder ES,04_campus upgrade,Artificial turf field replacement and track resurfacing - HS,,,
165,CO-1420-9232,Warder ES,05_Modernization,Modernize admin,,0.866666667,
165,CO-1420-9232,Warder ES,05_Modernization,Modernize classrooms,,0.841785842,
165,CO-1420-9232,Warder ES,05_Modernization,Modernize gym / assembly space,,0.727083333,
165,CO-1420-9232,Warder ES,05_Modernization,Modernize kitchen,,,
165,CO-1420-9232,Warder ES,05_Modernization,Modernize cafeteria,,0.477083333,
165,CO-1420-9232,Warder ES,05_Modernization,Modernize multipurpose room,,Does not apply,
165,CO-1420-9232,Warder ES,05_Modernization,Heavily modernize restrooms,,0,
165,CO-1420-9232,Warder ES,05_Modernization,Heavily modernize STEM / CTE / specialized labs (MS/HS),,Does not apply,
165,CO-1420-9232,Warder ES,05_Modernization,Lightly modernize corridors,,1,
165,CO-1420-9232,Warder ES,05_Modernization,Lightly modernize entry lobby,,1,
165,CO-1420-9232,Warder ES,05_Modernization,Lightly modernize library/media center,,,
165,CO-1420-9232,Warder ES,04_campus upgrade,Security package,,0.78,
166,CO-1420-9328,Weber ES,00_general,ADA compliance,,,
166,CO-1420-9328,Weber ES,01_new construction,Demolition,,,
166,CO-1420-9328,Weber ES,01_new construction,New construction ES,,,
166,CO-1420-9328,Weber ES,01_new construction,New construction HS,,,
166,CO-1420-9328,Weber ES,01_new construction,New construction K-8,,,
166,CO-1420-9328,Weber ES,01_new construction,New construction MS,,,
166,CO-1420-9328,Weber ES,01_new construction,New auditorium,,,
166,CO-1420-9328,Weber ES,04_campus upgrade,Add shade structure(s),,1,
166,CO-1420-9328,Weber ES,04_campus upgrade,Campus landscaping upgrade,,,
166,CO-1420-9328,Weber ES,04_campus upgrade,Parking lot expansion,,,
166,CO-1420-9328,Weber ES,04_campus upgrade,"Front of school branding, landscape upgrades",,0.9,
166,CO-1420-9328,Weber ES,04_campus upgrade,Furniture upgrades,,0.775,
166,CO-1420-9328,Weber ES,04_campus upgrade,Improve drop-off / pick-up zone,,0.775,
166,CO-1420-9328,Weber ES,04_campus upgrade,New outdoor classroom,,0,
166,CO-1420-9328,Weber ES,04_campus upgrade,Playground replacement (ages 2-5),,0.75,
166,CO-1420-9328,Weber ES,04_campus upgrade,Playground replacement (ages 5-12),,0.75,
166,CO-1420-9328,Weber ES,04_campus upgrade,Resurface asphalt,,,
166,CO-1420-9328,Weber ES,04_campus upgrade,Resurface concrete,,,
166,CO-1420-9328,Weber ES,04_campus upgrade,Artificial turf field replacement and track resurfacing - HS,,,
166,CO-1420-9328,Weber ES,05_Modernization,Modernize admin,,0.8,
166,CO-1420-9328,Weber ES,05_Modernization,Modernize classrooms,,0.689170707,
166,CO-1420-9328,Weber ES,05_Modernization,Modernize gym / assembly space,,0.40625,
166,CO-1420-9328,Weber ES,05_Modernization,Modernize kitchen,,,
166,CO-1420-9328,Weber ES,05_Modernization,Modernize cafeteria,,0.929166667,
166,CO-1420-9328,Weber ES,05_Modernization,Modernize multipurpose room,,Does not apply,
166,CO-1420-9328,Weber ES,05_Modernization,Heavily modernize restrooms,,1,
166,CO-1420-9328,Weber ES,05_Modernization,Heavily modernize STEM / CTE / specialized labs (MS/HS),,Does not apply,
166,CO-1420-9328,Weber ES,05_Modernization,Lightly modernize corridors,,0.4,
166,CO-1420-9328,Weber ES,05_Modernization,Lightly modernize entry lobby,,1,
166,CO-1420-9328,Weber ES,05_Modernization,Lightly modernize library/media center,,,
166,CO-1420-9328,Weber ES,04_campus upgrade,Security package,,0.775,
167,CO-1420-9342,Welchester ES,00_general,ADA compliance,,,
167,CO-1420-9342,Welchester ES,01_new construction,Demolition,,,
167,CO-1420-9342,Welchester ES,01_new construction,New construction ES,,,
167,CO-1420-9342,Welchester ES,01_new construction,New construction HS,,,
167,CO-1420-9342,Welchester ES,01_new construction,New construction K-8,,,
167,CO-1420-9342,Welchester ES,01_new construction,New construction MS,,,
167,CO-1420-9342,Welchester ES,01_new construction,New auditorium,,,
167,CO-1420-9342,Welchester ES,04_campus upgrade,Add shade structure(s),,0,
167,CO-1420-9342,Welchester ES,04_campus upgrade,Campus landscaping upgrade,,,
167,CO-1420-9342,Welchester ES,04_campus upgrade,Parking lot expansion,,,
167,CO-1420-9342,Welchester ES,04_campus upgrade,"Front of school branding, landscape upgrades",,0.9,
167,CO-1420-9342,Welchester ES,04_campus upgrade,Furniture upgrades,,1,
167,CO-1420-9342,Welchester ES,04_campus upgrade,Improve drop-off / pick-up zone,,0.416666667,
167,CO-1420-9342,Welchester ES,04_campus upgrade,New outdoor classroom,,0,
167,CO-1420-9342,Welchester ES,04_campus upgrade,Playground replacement (ages 2-5),,0.5,
167,CO-1420-9342,Welchester ES,04_campus upgrade,Playground replacement (ages 5-12),,0.5,
167,CO-1420-9342,Welchester ES,04_campus upgrade,Resurface asphalt,,,
167,CO-1420-9342,Welchester ES,04_campus upgrade,Resurface concrete,,,
167,CO-1420-9342,Welchester ES,04_campus upgrade,Artificial turf field replacement and track resurfacing - HS,,,
167,CO-1420-9342,Welchester ES,05_Modernization,Modernize admin,,1,
167,CO-1420-9342,Welchester ES,05_Modernization,Modernize classrooms,,0.915916667,
167,CO-1420-9342,Welchester ES,05_Modernization,Modernize gym / assembly space,,Does not apply,
167,CO-1420-9342,Welchester ES,05_Modernization,Modernize kitchen,,,
167,CO-1420-9342,Welchester ES,05_Modernization,Modernize cafeteria,,0.710416667,
167,CO-1420-9342,Welchester ES,05_Modernization,Modernize multipurpose room,,Does not apply,
167,CO-1420-9342,Welchester ES,05_Modernization,Heavily modernize restrooms,,1,
167,CO-1420-9342,Welchester ES,05_Modernization,Heavily modernize STEM / CTE / specialized labs (MS/HS),,Does not apply,
167,CO-1420-9342,Welchester ES,05_Modernization,Lightly modernize corridors,,1,
167,CO-1420-9342,Welchester ES,05_Modernization,Lightly modernize entry lobby,,0.875,
167,CO-1420-9342,Welchester ES,05_Modernization,Lightly modernize library/media center,,,
167,CO-1420-9342,Welchester ES,04_campus upgrade,Security package,,0.785,
168,CO-1420-9424,West Jefferson ES,00_general,ADA compliance,,,
168,CO-1420-9424,West Jefferson ES,01_new construction,Demolition,,,
168,CO-1420-9424,West Jefferson ES,01_new construction,New construction ES,,,
168,CO-1420-9424,West Jefferson ES,01_new construction,New construction HS,,,
168,CO-1420-9424,West Jefferson ES,01_new construction,New construction K-8,,,
168,CO-1420-9424,West Jefferson ES,01_new construction,New construction MS,,,
168,CO-1420-9424,West Jefferson ES,01_new construction,New auditorium,,,
168,CO-1420-9424,West Jefferson ES,04_campus upgrade,Add shade structure(s),,1,
168,CO-1420-9424,West Jefferson ES,04_campus upgrade,Campus landscaping upgrade,,,
168,CO-1420-9424,West Jefferson ES,04_campus upgrade,Parking lot expansion,,,
168,CO-1420-9424,West Jefferson ES,04_campus upgrade,"Front of school branding, landscape upgrades",,1,
168,CO-1420-9424,West Jefferson ES,04_campus upgrade,Furniture upgrades,,0.775,
168,CO-1420-9424,West Jefferson ES,04_campus upgrade,Improve drop-off / pick-up zone,,1,
168,CO-1420-9424,West Jefferson ES,04_campus upgrade,New outdoor classroom,,1,
168,CO-1420-9424,West Jefferson ES,04_campus upgrade,Playground replacement (ages 2-5),,0.75,
168,CO-1420-9424,West Jefferson ES,04_campus upgrade,Playground replacement (ages 5-12),,0.75,
168,CO-1420-9424,West Jefferson ES,04_campus upgrade,Resurface asphalt,,,
168,CO-1420-9424,West Jefferson ES,04_campus upgrade,Resurface concrete,,,
168,CO-1420-9424,West Jefferson ES,04_campus upgrade,Artificial turf field replacement and track resurfacing - HS,,,
168,CO-1420-9424,West Jefferson ES,05_Modernization,Modernize admin,,0.644444444,
168,CO-1420-9424,West Jefferson ES,05_Modernization,Modernize classrooms,,0.865672222,
168,CO-1420-9424,West Jefferson ES,05_Modernization,Modernize gym / assembly space,,0.6,
168,CO-1420-9424,West Jefferson ES,05_Modernization,Modernize kitchen,,,
168,CO-1420-9424,West Jefferson ES,05_Modernization,Modernize cafeteria,,0.65,
168,CO-1420-9424,West Jefferson ES,05_Modernization,Modernize multipurpose room,,Does not apply,
168,CO-1420-9424,West Jefferson ES,05_Modernization,Heavily modernize restrooms,,1,
168,CO-1420-9424,West Jefferson ES,05_Modernization,Heavily modernize STEM / CTE / specialized labs (MS/HS),,Does not apply,
168,CO-1420-9424,West Jefferson ES,05_Modernization,Lightly modernize corridors,,1,
168,CO-1420-9424,West Jefferson ES,05_Modernization,Lightly modernize entry lobby,,1,
168,CO-1420-9424,West Jefferson ES,05_Modernization,Lightly modernize library/media center,,,
168,CO-1420-9424,West Jefferson ES,04_campus upgrade,Security package,,0.8675,
169,CO-1420-9429,West Woods ES,00_general,ADA compliance,,,
169,CO-1420-9429,West Woods ES,01_new construction,Demolition,,,
169,CO-1420-9429,West Woods ES,01_new construction,New construction ES,,,
169,CO-1420-9429,West Woods ES,01_new construction,New construction HS,,,
169,CO-1420-9429,West Woods ES,01_new construction,New construction K-8,,,
169,CO-1420-9429,West Woods ES,01_new construction,New construction MS,,,
169,CO-1420-9429,West Woods ES,01_new construction,New auditorium,,,
169,CO-1420-9429,West Woods ES,04_campus upgrade,Add shade structure(s),,1,
169,CO-1420-9429,West Woods ES,04_campus upgrade,Campus landscaping upgrade,,,
169,CO-1420-9429,West Woods ES,04_campus upgrade,Parking lot expansion,,,
169,CO-1420-9429,West Woods ES,04_campus upgrade,"Front of school branding, landscape upgrades",,0.8375,
169,CO-1420-9429,West Woods ES,04_campus upgrade,Furniture upgrades,,1,
169,CO-1420-9429,West Woods ES,04_campus upgrade,Improve drop-off / pick-up zone,,0.9,
169,CO-1420-9429,West Woods ES,04_campus upgrade,New outdoor classroom,,0,
169,CO-1420-9429,West Woods ES,04_campus upgrade,Playground replacement (ages 2-5),,Does not apply,
169,CO-1420-9429,West Woods ES,04_campus upgrade,Playground replacement (ages 5-12),,0.5,
169,CO-1420-9429,West Woods ES,04_campus upgrade,Resurface asphalt,,,
169,CO-1420-9429,West Woods ES,04_campus upgrade,Resurface concrete,,,
169,CO-1420-9429,West Woods ES,04_campus upgrade,Artificial turf field replacement and track resurfacing - HS,,,
169,CO-1420-9429,West Woods ES,05_Modernization,Modernize admin,,0.738888889,
169,CO-1420-9429,West Woods ES,05_Modernization,Modernize classrooms,,0.494312767,
169,CO-1420-9429,West Woods ES,05_Modernization,Modernize gym / assembly space,,Does not apply,
169,CO-1420-9429,West Woods ES,05_Modernization,Modernize kitchen,,,
169,CO-1420-9429,West Woods ES,05_Modernization,Modernize cafeteria,,Does not apply,
169,CO-1420-9429,West Woods ES,05_Modernization,Modernize multipurpose room,,0.108333333,
169,CO-1420-9429,West Woods ES,05_Modernization,Heavily modernize restrooms,,0.666666667,
169,CO-1420-9429,West Woods ES,05_Modernization,Heavily modernize STEM / CTE / specialized labs (MS/HS),,Does not apply,
169,CO-1420-9429,West Woods ES,05_Modernization,Lightly modernize corridors,,0.6,
169,CO-1420-9429,West Woods ES,05_Modernization,Lightly modernize entry lobby,,0.875,
169,CO-1420-9429,West Woods ES,05_Modernization,Lightly modernize library/media center,,,
169,CO-1420-9429,West Woods ES,04_campus upgrade,Security package,,0.7975,
170,CO-1420-9412,Westgate ES,00_general,ADA compliance,,,
170,CO-1420-9412,Westgate ES,01_new construction,Demolition,,,
170,CO-1420-9412,Westgate ES,01_new construction,New construction ES,,,
170,CO-1420-9412,Westgate ES,01_new construction,New construction HS,,,
170,CO-1420-9412,Westgate ES,01_new construction,New construction K-8,,,
170,CO-1420-9412,Westgate ES,01_new construction,New construction MS,,,
170,CO-1420-9412,Westgate ES,01_new construction,New auditorium,,,
170,CO-1420-9412,Westgate ES,04_campus upgrade,Add shade structure(s),,1,
170,CO-1420-9412,Westgate ES,04_campus upgrade,Campus landscaping upgrade,,,
170,CO-1420-9412,Westgate ES,04_campus upgrade,Parking lot expansion,,,
170,CO-1420-9412,Westgate ES,04_campus upgrade,"Front of school branding, landscape upgrades",,0.7375,
170,CO-1420-9412,Westgate ES,04_campus upgrade,Furniture upgrades,,0.225,
170,CO-1420-9412,Westgate ES,04_campus upgrade,Improve drop-off / pick-up zone,,0.333333333,
170,CO-1420-9412,Westgate ES,04_campus upgrade,New outdoor classroom,,1,
170,CO-1420-9412,Westgate ES,04_campus upgrade,Playground replacement (ages 2-5),,0,
170,CO-1420-9412,Westgate ES,04_campus upgrade,Playground replacement (ages 5-12),,0.25,
170,CO-1420-9412,Westgate ES,04_campus upgrade,Resurface asphalt,,,
170,CO-1420-9412,Westgate ES,04_campus upgrade,Resurface concrete,,,
170,CO-1420-9412,Westgate ES,04_campus upgrade,Artificial turf field replacement and track resurfacing - HS,,,
170,CO-1420-9412,Westgate ES,05_Modernization,Modernize admin,,0.427777778,
170,CO-1420-9412,Westgate ES,05_Modernization,Modernize classrooms,,0.575480235,
170,CO-1420-9412,Westgate ES,05_Modernization,Modernize gym / assembly space,,0.473837209,
170,CO-1420-9412,Westgate ES,05_Modernization,Modernize kitchen,,,
170,CO-1420-9412,Westgate ES,05_Modernization,Modernize cafeteria,,0.479166667,
170,CO-1420-9412,Westgate ES,05_Modernization,Modernize multipurpose room,,Does not apply,
170,CO-1420-9412,Westgate ES,05_Modernization,Heavily modernize restrooms,,1,
170,CO-1420-9412,Westgate ES,05_Modernization,Heavily modernize STEM / CTE / specialized labs (MS/HS),,Does not apply,
170,CO-1420-9412,Westgate ES,05_Modernization,Lightly modernize corridors,,0.8,
170,CO-1420-9412,Westgate ES,05_Modernization,Lightly modernize entry lobby,,0.783333333,
170,CO-1420-9412,Westgate ES,05_Modernization,Lightly modernize library/media center,,,
170,CO-1420-9412,Westgate ES,04_campus upgrade,Security package,,0.885,
171,CO-1420-9490,Westridge ES,00_general,ADA compliance,,,
171,CO-1420-9490,Westridge ES,01_new construction,Demolition,,,
171,CO-1420-9490,Westridge ES,01_new construction,New construction ES,,,
171,CO-1420-9490,Westridge ES,01_new construction,New construction HS,,,
171,CO-1420-9490,Westridge ES,01_new construction,New construction K-8,,,
171,CO-1420-9490,Westridge ES,01_new construction,New construction MS,,,
171,CO-1420-9490,Westridge ES,01_new construction,New auditorium,,,
171,CO-1420-9490,Westridge ES,04_campus upgrade,Add shade structure(s),,0,
171,CO-1420-9490,Westridge ES,04_campus upgrade,Campus landscaping upgrade,,,
171,CO-1420-9490,Westridge ES,04_campus upgrade,Parking lot expansion,,,
171,CO-1420-9490,Westridge ES,04_campus upgrade,"Front of school branding, landscape upgrades",,0.575,
171,CO-1420-9490,Westridge ES,04_campus upgrade,Furniture upgrades,,0.225,
171,CO-1420-9490,Westridge ES,04_campus upgrade,Improve drop-off / pick-up zone,,0.55,
171,CO-1420-9490,Westridge ES,04_campus upgrade,New outdoor classroom,,0,
171,CO-1420-9490,Westridge ES,04_campus upgrade,Playground replacement (ages 2-5),,Does not apply,
171,CO-1420-9490,Westridge ES,04_campus upgrade,Playground replacement (ages 5-12),,0,
171,CO-1420-9490,Westridge ES,04_campus upgrade,Resurface asphalt,,,
171,CO-1420-9490,Westridge ES,04_campus upgrade,Resurface concrete,,,
171,CO-1420-9490,Westridge ES,04_campus upgrade,Artificial turf field replacement and track resurfacing - HS,,,
171,CO-1420-9490,Westridge ES,05_Modernization,Modernize admin,,0.916666667,
171,CO-1420-9490,Westridge ES,05_Modernization,Modernize classrooms,,0.448711538,
171,CO-1420-9490,Westridge ES,05_Modernization,Modernize gym / assembly space,,Does not apply,
171,CO-1420-9490,Westridge ES,05_Modernization,Modernize kitchen,,,
171,CO-1420-9490,Westridge ES,05_Modernization,Modernize cafeteria,,Does not apply,
171,CO-1420-9490,Westridge ES,05_Modernization,Modernize multipurpose room,,0.161337209,
171,CO-1420-9490,Westridge ES,05_Modernization,Heavily modernize restrooms,,0.333333333,
171,CO-1420-9490,Westridge ES,05_Modernization,Heavily modernize STEM / CTE / specialized labs (MS/HS),,Does not apply,
171,CO-1420-9490,Westridge ES,05_Modernization,Lightly modernize corridors,,0.8,
171,CO-1420-9490,Westridge ES,05_Modernization,Lightly modernize entry lobby,,0.875,
171,CO-1420-9490,Westridge ES,05_Modernization,Lightly modernize library/media center,,,
171,CO-1420-9490,Westridge ES,04_campus upgrade,Security package,,0.746071429,
172,CO-1420-9648,Wilmot ES,00_general,ADA compliance,,,
172,CO-1420-9648,Wilmot ES,01_new construction,Demolition,,,
172,CO-1420-9648,Wilmot ES,01_new construction,New construction ES,,,
172,CO-1420-9648,Wilmot ES,01_new construction,New construction HS,,,
172,CO-1420-9648,Wilmot ES,01_new construction,New construction K-8,,,
172,CO-1420-9648,Wilmot ES,01_new construction,New construction MS,,,
172,CO-1420-9648,Wilmot ES,01_new construction,New auditorium,,,
172,CO-1420-9648,Wilmot ES,04_campus upgrade,Add shade structure(s),,0,
172,CO-1420-9648,Wilmot ES,04_campus upgrade,Campus landscaping upgrade,,,
172,CO-1420-9648,Wilmot ES,04_campus upgrade,Parking lot expansion,,,
172,CO-1420-9648,Wilmot ES,04_campus upgrade,"Front of school branding, landscape upgrades",,1,
172,CO-1420-9648,Wilmot ES,04_campus upgrade,Furniture upgrades,,1,
172,CO-1420-9648,Wilmot ES,04_campus upgrade,Improve drop-off / pick-up zone,,0.791666667,
172,CO-1420-9648,Wilmot ES,04_campus upgrade,New outdoor classroom,,0,
172,CO-1420-9648,Wilmot ES,04_campus upgrade,Playground replacement (ages 2-5),,0.25,
172,CO-1420-9648,Wilmot ES,04_campus upgrade,Playground replacement (ages 5-12),,0.25,
172,CO-1420-9648,Wilmot ES,04_campus upgrade,Resurface asphalt,,,
172,CO-1420-9648,Wilmot ES,04_campus upgrade,Resurface concrete,,,
172,CO-1420-9648,Wilmot ES,04_campus upgrade,Artificial turf field replacement and track resurfacing - HS,,,
172,CO-1420-9648,Wilmot ES,05_Modernization,Modernize admin,,1,
172,CO-1420-9648,Wilmot ES,05_Modernization,Modernize classrooms,,0.802130556,
172,CO-1420-9648,Wilmot ES,05_Modernization,Modernize gym / assembly space,,0.670833333,
172,CO-1420-9648,Wilmot ES,05_Modernization,Modernize kitchen,,,
172,CO-1420-9648,Wilmot ES,05_Modernization,Modernize cafeteria,,0.727083333,
172,CO-1420-9648,Wilmot ES,05_Modernization,Modernize multipurpose room,,Does not apply,
172,CO-1420-9648,Wilmot ES,05_Modernization,Heavily modernize restrooms,,0.666666667,
172,CO-1420-9648,Wilmot ES,05_Modernization,Heavily modernize STEM / CTE / specialized labs (MS/HS),,Does not apply,
172,CO-1420-9648,Wilmot ES,05_Modernization,Lightly modernize corridors,,0.8,
172,CO-1420-9648,Wilmot ES,05_Modernization,Lightly modernize entry lobby,,0.875,
172,CO-1420-9648,Wilmot ES,05_Modernization,Lightly modernize library/media center,,,
172,CO-1420-9648,Wilmot ES,04_campus upgrade,Security package,,0.8625,
201,CO-1420-0694,Bell MS,00_general,ADA compliance,,,
201,CO-1420-0694,Bell MS,01_new construction,Demolition,,,
201,CO-1420-0694,Bell MS,01_new construction,New construction ES,,,
201,CO-1420-0694,Bell MS,01_new construction,New construction HS,,,
201,CO-1420-0694,Bell MS,01_new construction,New construction K-8,,,
201,CO-1420-0694,Bell MS,01_new construction,New construction MS,,,
201,CO-1420-0694,Bell MS,01_new construction,New auditorium,,,
201,CO-1420-0694,Bell MS,04_campus upgrade,Add shade structure(s),,1,
201,CO-1420-0694,Bell MS,04_campus upgrade,Campus landscaping upgrade,,,
201,CO-1420-0694,Bell MS,04_campus upgrade,Parking lot expansion,,,
201,CO-1420-0694,Bell MS,04_campus upgrade,"Front of school branding, landscape upgrades",,0.9,
201,CO-1420-0694,Bell MS,04_campus upgrade,Furniture upgrades,,0.225,
201,CO-1420-0694,Bell MS,04_campus upgrade,Improve drop-off / pick-up zone,,1,
201,CO-1420-0694,Bell MS,04_campus upgrade,New outdoor classroom,,1,
201,CO-1420-0694,Bell MS,04_campus upgrade,Playground replacement (ages 2-5),,Does not apply,
201,CO-1420-0694,Bell MS,04_campus upgrade,Playground replacement (ages 5-12),,Does not apply,
201,CO-1420-0694,Bell MS,04_campus upgrade,Resurface asphalt,,,
201,CO-1420-0694,Bell MS,04_campus upgrade,Resurface concrete,,,
201,CO-1420-0694,Bell MS,04_campus upgrade,Artificial turf field replacement and track resurfacing - HS,,,
201,CO-1420-0694,Bell MS,05_Modernization,Modernize admin,,1,
201,CO-1420-0694,Bell MS,05_Modernization,Modernize classrooms,,0.699701389,
201,CO-1420-0694,Bell MS,05_Modernization,Modernize gym / assembly space,,0.561666667,
201,CO-1420-0694,Bell MS,05_Modernization,Modernize kitchen,,,
201,CO-1420-0694,Bell MS,05_Modernization,Modernize cafeteria,,0.727083333,
201,CO-1420-0694,Bell MS,05_Modernization,Modernize multipurpose room,,Does not apply,
201,CO-1420-0694,Bell MS,05_Modernization,Heavily modernize restrooms,,1,
201,CO-1420-0694,Bell MS,05_Modernization,Heavily modernize STEM / CTE / specialized labs (MS/HS),,0.602840909,
201,CO-1420-0694,Bell MS,05_Modernization,Lightly modernize corridors,,0.8,
201,CO-1420-0694,Bell MS,05_Modernization,Lightly modernize entry lobby,,0.733333333,
201,CO-1420-0694,Bell MS,05_Modernization,Lightly modernize library/media center,,,
201,CO-1420-0694,Bell MS,04_campus upgrade,Security package,,0.753796296,
202,CO-1420-1318,Carmody MS,00_general,ADA compliance,,,
202,CO-1420-1318,Carmody MS,01_new construction,Demolition,,,
202,CO-1420-1318,Carmody MS,01_new construction,New construction ES,,,
202,CO-1420-1318,Carmody MS,01_new construction,New construction HS,,,
202,CO-1420-1318,Carmody MS,01_new construction,New construction K-8,,,
202,CO-1420-1318,Carmody MS,01_new construction,New construction MS,,,
202,CO-1420-1318,Carmody MS,01_new construction,New auditorium,,,
202,CO-1420-1318,Carmody MS,04_campus upgrade,Add shade structure(s),,0,
202,CO-1420-1318,Carmody MS,04_campus upgrade,Campus landscaping upgrade,,,
202,CO-1420-1318,Carmody MS,04_campus upgrade,Parking lot expansion,,,
202,CO-1420-1318,Carmody MS,04_campus upgrade,"Front of school branding, landscape upgrades",,1,
202,CO-1420-1318,Carmody MS,04_campus upgrade,Furniture upgrades,,0.55,
202,CO-1420-1318,Carmody MS,04_campus upgrade,Improve drop-off / pick-up zone,,1,
202,CO-1420-1318,Carmody MS,04_campus upgrade,New outdoor classroom,,0,
202,CO-1420-1318,Carmody MS,04_campus upgrade,Playground replacement (ages 2-5),,Does not apply,
202,CO-1420-1318,Carmody MS,04_campus upgrade,Playground replacement (ages 5-12),,Does not apply,
202,CO-1420-1318,Carmody MS,04_campus upgrade,Resurface asphalt,,,
202,CO-1420-1318,Carmody MS,04_campus upgrade,Resurface concrete,,,
202,CO-1420-1318,Carmody MS,04_campus upgrade,Artificial turf field replacement and track resurfacing - HS,,,
202,CO-1420-1318,Carmody MS,05_Modernization,Modernize admin,,1,
202,CO-1420-1318,Carmody MS,05_Modernization,Modernize classrooms,,0.824768429,
202,CO-1420-1318,Carmody MS,05_Modernization,Modernize gym / assembly space,,0.601666667,
202,CO-1420-1318,Carmody MS,05_Modernization,Modernize kitchen,,,
202,CO-1420-1318,Carmody MS,05_Modernization,Modernize cafeteria,,0.239583333,
202,CO-1420-1318,Carmody MS,05_Modernization,Modernize multipurpose room,,Does not apply,
202,CO-1420-1318,Carmody MS,05_Modernization,Heavily modernize restrooms,,0.666666667,
202,CO-1420-1318,Carmody MS,05_Modernization,Heavily modernize STEM / CTE / specialized labs (MS/HS),,0.853846154,
202,CO-1420-1318,Carmody MS,05_Modernization,Lightly modernize corridors,,0.6,
202,CO-1420-1318,Carmody MS,05_Modernization,Lightly modernize entry lobby,,0.75,
202,CO-1420-1318,Carmody MS,05_Modernization,Lightly modernize library/media center,,,
202,CO-1420-1318,Carmody MS,04_campus upgrade,Security package,,0.638333333,
203,CO-1420-4798,Connections Learning Center,00_general,ADA compliance,,,
203,CO-1420-4798,Connections Learning Center,01_new construction,Demolition,,,
203,CO-1420-4798,Connections Learning Center,01_new construction,New construction ES,,,
203,CO-1420-4798,Connections Learning Center,01_new construction,New construction HS,,,
203,CO-1420-4798,Connections Learning Center,01_new construction,New construction K-8,,,
203,CO-1420-4798,Connections Learning Center,01_new construction,New construction MS,,,
203,CO-1420-4798,Connections Learning Center,01_new construction,New auditorium,,,
203,CO-1420-4798,Connections Learning Center,04_campus upgrade,Add shade structure(s),,1,
203,CO-1420-4798,Connections Learning Center,04_campus upgrade,Campus landscaping upgrade,,,
203,CO-1420-4798,Connections Learning Center,04_campus upgrade,Parking lot expansion,,,
203,CO-1420-4798,Connections Learning Center,04_campus upgrade,"Front of school branding, landscape upgrades",,1,
203,CO-1420-4798,Connections Learning Center,04_campus upgrade,Furniture upgrades,,0.55,
203,CO-1420-4798,Connections Learning Center,04_campus upgrade,Improve drop-off / pick-up zone,,0.775,
203,CO-1420-4798,Connections Learning Center,04_campus upgrade,New outdoor classroom,,0,
203,CO-1420-4798,Connections Learning Center,04_campus upgrade,Playground replacement (ages 2-5),,0,
203,CO-1420-4798,Connections Learning Center,04_campus upgrade,Playground replacement (ages 5-12),,0,
203,CO-1420-4798,Connections Learning Center,04_campus upgrade,Resurface asphalt,,,
203,CO-1420-4798,Connections Learning Center,04_campus upgrade,Resurface concrete,,,
203,CO-1420-4798,Connections Learning Center,04_campus upgrade,Artificial turf field replacement and track resurfacing - HS,,,
203,CO-1420-4798,Connections Learning Center,05_Modernization,Modernize admin,,0.783333333,
203,CO-1420-4798,Connections Learning Center,05_Modernization,Modernize classrooms,,0.828138889,
203,CO-1420-4798,Connections Learning Center,05_Modernization,Modernize gym / assembly space,,Does not apply,
203,CO-1420-4798,Connections Learning Center,05_Modernization,Modernize kitchen,,,
203,CO-1420-4798,Connections Learning Center,05_Modernization,Modernize cafeteria,,0.6875,
203,CO-1420-4798,Connections Learning Center,05_Modernization,Modernize multipurpose room,,Does not apply,
203,CO-1420-4798,Connections Learning Center,05_Modernization,Heavily modernize restrooms,,1,
203,CO-1420-4798,Connections Learning Center,05_Modernization,Heavily modernize STEM / CTE / specialized labs (MS/HS),,0.791287879,
203,CO-1420-4798,Connections Learning Center,05_Modernization,Lightly modernize corridors,,1,
203,CO-1420-4798,Connections Learning Center,05_Modernization,Lightly modernize entry lobby,,0.266666667,
203,CO-1420-4798,Connections Learning Center,05_Modernization,Lightly modernize library/media center,,,
203,CO-1420-4798,Connections Learning Center,04_campus upgrade,Security package,,0.3845,
204,CO-1420-1976,Creighton MS,00_general,ADA compliance,,,
204,CO-1420-1976,Creighton MS,01_new construction,Demolition,,,
204,CO-1420-1976,Creighton MS,01_new construction,New construction ES,,,
204,CO-1420-1976,Creighton MS,01_new construction,New construction HS,,,
204,CO-1420-1976,Creighton MS,01_new construction,New construction K-8,,,
204,CO-1420-1976,Creighton MS,01_new construction,New construction MS,,,
204,CO-1420-1976,Creighton MS,01_new construction,New auditorium,,,
204,CO-1420-1976,Creighton MS,04_campus upgrade,Add shade structure(s),,0,
204,CO-1420-1976,Creighton MS,04_campus upgrade,Campus landscaping upgrade,,,
204,CO-1420-1976,Creighton MS,04_campus upgrade,Parking lot expansion,,,
204,CO-1420-1976,Creighton MS,04_campus upgrade,"Front of school branding, landscape upgrades",,0.7375,
204,CO-1420-1976,Creighton MS,04_campus upgrade,Furniture upgrades,,0.675,
204,CO-1420-1976,Creighton MS,04_campus upgrade,Improve drop-off / pick-up zone,,0.875,
204,CO-1420-1976,Creighton MS,04_campus upgrade,New outdoor classroom,,0,
204,CO-1420-1976,Creighton MS,04_campus upgrade,Playground replacement (ages 2-5),,0,
204,CO-1420-1976,Creighton MS,04_campus upgrade,Playground replacement (ages 5-12),,0,
204,CO-1420-1976,Creighton MS,04_campus upgrade,Resurface asphalt,,,
204,CO-1420-1976,Creighton MS,04_campus upgrade,Resurface concrete,,,
204,CO-1420-1976,Creighton MS,04_campus upgrade,Artificial turf field replacement and track resurfacing - HS,,,
204,CO-1420-1976,Creighton MS,05_Modernization,Modernize admin,,1,
204,CO-1420-1976,Creighton MS,05_Modernization,Modernize classrooms,,0.619604167,
204,CO-1420-1976,Creighton MS,05_Modernization,Modernize gym / assembly space,,0.4,
204,CO-1420-1976,Creighton MS,05_Modernization,Modernize kitchen,,,
204,CO-1420-1976,Creighton MS,05_Modernization,Modernize cafeteria,,0.445833333,
204,CO-1420-1976,Creighton MS,05_Modernization,Modernize multipurpose room,,Does not apply,
204,CO-1420-1976,Creighton MS,05_Modernization,Heavily modernize restrooms,,0.666666667,
204,CO-1420-1976,Creighton MS,05_Modernization,Heavily modernize STEM / CTE / specialized labs (MS/HS),,0.70719697,
204,CO-1420-1976,Creighton MS,05_Modernization,Lightly modernize corridors,,0,
204,CO-1420-1976,Creighton MS,05_Modernization,Lightly modernize entry lobby,,0.608333333,
204,CO-1420-1976,Creighton MS,05_Modernization,Lightly modernize library/media center,,,
204,CO-1420-1976,Creighton MS,04_campus upgrade,Security package,,0.6375,
205,CO-1420-2130,Deer Creek MS,00_general,ADA compliance,,,
205,CO-1420-2130,Deer Creek MS,01_new construction,Demolition,,,
205,CO-1420-2130,Deer Creek MS,01_new construction,New construction ES,,,
205,CO-1420-2130,Deer Creek MS,01_new construction,New construction HS,,,
205,CO-1420-2130,Deer Creek MS,01_new construction,New construction K-8,,,
205,CO-1420-2130,Deer Creek MS,01_new construction,New construction MS,,,
205,CO-1420-2130,Deer Creek MS,01_new construction,New auditorium,,,
205,CO-1420-2130,Deer Creek MS,04_campus upgrade,Add shade structure(s),,0,
205,CO-1420-2130,Deer Creek MS,04_campus upgrade,Campus landscaping upgrade,,,
205,CO-1420-2130,Deer Creek MS,04_campus upgrade,Parking lot expansion,,,
205,CO-1420-2130,Deer Creek MS,04_campus upgrade,"Front of school branding, landscape upgrades",,0.9,
205,CO-1420-2130,Deer Creek MS,04_campus upgrade,Furniture upgrades,,0.45,
205,CO-1420-2130,Deer Creek MS,04_campus upgrade,Improve drop-off / pick-up zone,,1,
205,CO-1420-2130,Deer Creek MS,04_campus upgrade,New outdoor classroom,,0,
205,CO-1420-2130,Deer Creek MS,04_campus upgrade,Playground replacement (ages 2-5),,Does not apply,
205,CO-1420-2130,Deer Creek MS,04_campus upgrade,Playground replacement (ages 5-12),,Does not apply,
205,CO-1420-2130,Deer Creek MS,04_campus upgrade,Resurface asphalt,,,
205,CO-1420-2130,Deer Creek MS,04_campus upgrade,Resurface concrete,,,
205,CO-1420-2130,Deer Creek MS,04_campus upgrade,Artificial turf field replacement and track resurfacing - HS,,,
205,CO-1420-2130,Deer Creek MS,05_Modernization,Modernize admin,,0.933333333,
205,CO-1420-2130,Deer Creek MS,05_Modernization,Modernize classrooms,,0.706763622,
205,CO-1420-2130,Deer Creek MS,05_Modernization,Modernize gym / assembly space,,0.545,
205,CO-1420-2130,Deer Creek MS,05_Modernization,Modernize kitchen,,,
205,CO-1420-2130,Deer Creek MS,05_Modernization,Modernize cafeteria,,0.71875,
205,CO-1420-2130,Deer Creek MS,05_Modernization,Modernize multipurpose room,,Does not apply,
205,CO-1420-2130,Deer Creek MS,05_Modernization,Heavily modernize restrooms,,0.666666667,
205,CO-1420-2130,Deer Creek MS,05_Modernization,Heavily modernize STEM / CTE / specialized labs (MS/HS),,0.58372669,
205,CO-1420-2130,Deer Creek MS,05_Modernization,Lightly modernize corridors,,0.2,
205,CO-1420-2130,Deer Creek MS,05_Modernization,Lightly modernize entry lobby,,0.925,
205,CO-1420-2130,Deer Creek MS,05_Modernization,Lightly modernize library/media center,,,
205,CO-1420-2130,Deer Creek MS,04_campus upgrade,Security package,,0.735833333,
206,CO-1420-2288,Drake MS,00_general,ADA compliance,,,
206,CO-1420-2288,Drake MS,01_new construction,Demolition,,,
206,CO-1420-2288,Drake MS,01_new construction,New construction ES,,,
206,CO-1420-2288,Drake MS,01_new construction,New construction HS,,,
206,CO-1420-2288,Drake MS,01_new construction,New construction K-8,,,
206,CO-1420-2288,Drake MS,01_new construction,New construction MS,,,
206,CO-1420-2288,Drake MS,01_new construction,New auditorium,,,
206,CO-1420-2288,Drake MS,04_campus upgrade,Add shade structure(s),,1,
206,CO-1420-2288,Drake MS,04_campus upgrade,Campus landscaping upgrade,,,
206,CO-1420-2288,Drake MS,04_campus upgrade,Parking lot expansion,,,
206,CO-1420-2288,Drake MS,04_campus upgrade,"Front of school branding, landscape upgrades",,1,
206,CO-1420-2288,Drake MS,04_campus upgrade,Furniture upgrades,,0.290322581,
206,CO-1420-2288,Drake MS,04_campus upgrade,Improve drop-off / pick-up zone,,0.8,
206,CO-1420-2288,Drake MS,04_campus upgrade,New outdoor classroom,,0,
206,CO-1420-2288,Drake MS,04_campus upgrade,Playground replacement (ages 2-5),,0,
206,CO-1420-2288,Drake MS,04_campus upgrade,Playground replacement (ages 5-12),,0.75,
206,CO-1420-2288,Drake MS,04_campus upgrade,Resurface asphalt,,,
206,CO-1420-2288,Drake MS,04_campus upgrade,Resurface concrete,,,
206,CO-1420-2288,Drake MS,04_campus upgrade,Artificial turf field replacement and track resurfacing - HS,,,
206,CO-1420-2288,Drake MS,05_Modernization,Modernize admin,,0.511111111,
206,CO-1420-2288,Drake MS,05_Modernization,Modernize classrooms,,0.814022106,
206,CO-1420-2288,Drake MS,05_Modernization,Modernize gym / assembly space,,0.48,
206,CO-1420-2288,Drake MS,05_Modernization,Modernize kitchen,,,
206,CO-1420-2288,Drake MS,05_Modernization,Modernize cafeteria,,0.614583333,
206,CO-1420-2288,Drake MS,05_Modernization,Modernize multipurpose room,,Does not apply,
206,CO-1420-2288,Drake MS,05_Modernization,Heavily modernize restrooms,,0.666666667,
206,CO-1420-2288,Drake MS,05_Modernization,Heavily modernize STEM / CTE / specialized labs (MS/HS),,0.678146853,
206,CO-1420-2288,Drake MS,05_Modernization,Lightly modernize corridors,,0.8,
206,CO-1420-2288,Drake MS,05_Modernization,Lightly modernize entry lobby,,0.875,
206,CO-1420-2288,Drake MS,05_Modernization,Lightly modernize library/media center,,,
206,CO-1420-2288,Drake MS,04_campus upgrade,Security package,,0.8125,
207,CO-1420-2300,Dunstan MS,00_general,ADA compliance,,,
207,CO-1420-2300,Dunstan MS,01_new construction,Demolition,,,
207,CO-1420-2300,Dunstan MS,01_new construction,New construction ES,,,
207,CO-1420-2300,Dunstan MS,01_new construction,New construction HS,,,
207,CO-1420-2300,Dunstan MS,01_new construction,New construction K-8,,,
207,CO-1420-2300,Dunstan MS,01_new construction,New construction MS,,,
207,CO-1420-2300,Dunstan MS,01_new construction,New auditorium,,,
207,CO-1420-2300,Dunstan MS,04_campus upgrade,Add shade structure(s),,0,
207,CO-1420-2300,Dunstan MS,04_campus upgrade,Campus landscaping upgrade,,,
207,CO-1420-2300,Dunstan MS,04_campus upgrade,Parking lot expansion,,,
207,CO-1420-2300,Dunstan MS,04_campus upgrade,"Front of school branding, landscape upgrades",,0.9,
207,CO-1420-2300,Dunstan MS,04_campus upgrade,Furniture upgrades,,0.45,
207,CO-1420-2300,Dunstan MS,04_campus upgrade,Improve drop-off / pick-up zone,,1,
207,CO-1420-2300,Dunstan MS,04_campus upgrade,New outdoor classroom,,1,
207,CO-1420-2300,Dunstan MS,04_campus upgrade,Playground replacement (ages 2-5),,Does not apply,
207,CO-1420-2300,Dunstan MS,04_campus upgrade,Playground replacement (ages 5-12),,Does not apply,
207,CO-1420-2300,Dunstan MS,04_campus upgrade,Resurface asphalt,,,
207,CO-1420-2300,Dunstan MS,04_campus upgrade,Resurface concrete,,,
207,CO-1420-2300,Dunstan MS,04_campus upgrade,Artificial turf field replacement and track resurfacing - HS,,,
207,CO-1420-2300,Dunstan MS,05_Modernization,Modernize admin,,1,
207,CO-1420-2300,Dunstan MS,05_Modernization,Modernize classrooms,,0.858645833,
207,CO-1420-2300,Dunstan MS,05_Modernization,Modernize gym / assembly space,,0.886666667,
207,CO-1420-2300,Dunstan MS,05_Modernization,Modernize kitchen,,,
207,CO-1420-2300,Dunstan MS,05_Modernization,Modernize cafeteria,,0.90625,
207,CO-1420-2300,Dunstan MS,05_Modernization,Modernize multipurpose room,,Does not apply,
207,CO-1420-2300,Dunstan MS,05_Modernization,Heavily modernize restrooms,,1,
207,CO-1420-2300,Dunstan MS,05_Modernization,Heavily modernize STEM / CTE / specialized labs (MS/HS),,0.986742424,
207,CO-1420-2300,Dunstan MS,05_Modernization,Lightly modernize corridors,,1,
207,CO-1420-2300,Dunstan MS,05_Modernization,Lightly modernize entry lobby,,0.875,
207,CO-1420-2300,Dunstan MS,05_Modernization,Lightly modernize library/media center,,,
207,CO-1420-2300,Dunstan MS,04_campus upgrade,Security package,,0.8775,
208,CO-1420-2832,Evergreen MS,00_general,ADA compliance,,,
208,CO-1420-2832,Evergreen MS,01_new construction,Demolition,,,
208,CO-1420-2832,Evergreen MS,01_new construction,New construction ES,,,
208,CO-1420-2832,Evergreen MS,01_new construction,New construction HS,,,
208,CO-1420-2832,Evergreen MS,01_new construction,New construction K-8,,,
208,CO-1420-2832,Evergreen MS,01_new construction,New construction MS,,,
208,CO-1420-2832,Evergreen MS,01_new construction,New auditorium,,,
208,CO-1420-2832,Evergreen MS,04_campus upgrade,Add shade structure(s),,0,
208,CO-1420-2832,Evergreen MS,04_campus upgrade,Campus landscaping upgrade,,,
208,CO-1420-2832,Evergreen MS,04_campus upgrade,Parking lot expansion,,,
208,CO-1420-2832,Evergreen MS,04_campus upgrade,"Front of school branding, landscape upgrades",,0.7375,
208,CO-1420-2832,Evergreen MS,04_campus upgrade,Furniture upgrades,,0.675,
208,CO-1420-2832,Evergreen MS,04_campus upgrade,Improve drop-off / pick-up zone,,1,
208,CO-1420-2832,Evergreen MS,04_campus upgrade,New outdoor classroom,,1,
208,CO-1420-2832,Evergreen MS,04_campus upgrade,Playground replacement (ages 2-5),,0,
208,CO-1420-2832,Evergreen MS,04_campus upgrade,Playground replacement (ages 5-12),,0,
208,CO-1420-2832,Evergreen MS,04_campus upgrade,Resurface asphalt,,,
208,CO-1420-2832,Evergreen MS,04_campus upgrade,Resurface concrete,,,
208,CO-1420-2832,Evergreen MS,04_campus upgrade,Artificial turf field replacement and track resurfacing - HS,,,
208,CO-1420-2832,Evergreen MS,05_Modernization,Modernize admin,,0.933333333,
208,CO-1420-2832,Evergreen MS,05_Modernization,Modernize classrooms,,0.729664878,
208,CO-1420-2832,Evergreen MS,05_Modernization,Modernize gym / assembly space,,0.805,
208,CO-1420-2832,Evergreen MS,05_Modernization,Modernize kitchen,,,
208,CO-1420-2832,Evergreen MS,05_Modernization,Modernize cafeteria,,0.691666667,
208,CO-1420-2832,Evergreen MS,05_Modernization,Modernize multipurpose room,,Does not apply,
208,CO-1420-2832,Evergreen MS,05_Modernization,Heavily modernize restrooms,,1,
208,CO-1420-2832,Evergreen MS,05_Modernization,Heavily modernize STEM / CTE / specialized labs (MS/HS),,0.836523893,
208,CO-1420-2832,Evergreen MS,05_Modernization,Lightly modernize corridors,,0.8,
208,CO-1420-2832,Evergreen MS,05_Modernization,Lightly modernize entry lobby,,0.875,
208,CO-1420-2832,Evergreen MS,05_Modernization,Lightly modernize library/media center,,,
208,CO-1420-2832,Evergreen MS,04_campus upgrade,Security package,,0.685378788,
209,CO-1420-2820,Everitt MS,00_general,ADA compliance,,,
209,CO-1420-2820,Everitt MS,01_new construction,Demolition,,,
209,CO-1420-2820,Everitt MS,01_new construction,New construction ES,,,
209,CO-1420-2820,Everitt MS,01_new construction,New construction HS,,,
209,CO-1420-2820,Everitt MS,01_new construction,New construction K-8,,,
209,CO-1420-2820,Everitt MS,01_new construction,New construction MS,,,
209,CO-1420-2820,Everitt MS,01_new construction,New auditorium,,,
209,CO-1420-2820,Everitt MS,04_campus upgrade,Add shade structure(s),,0,
209,CO-1420-2820,Everitt MS,04_campus upgrade,Campus landscaping upgrade,,,
209,CO-1420-2820,Everitt MS,04_campus upgrade,Parking lot expansion,,,
209,CO-1420-2820,Everitt MS,04_campus upgrade,"Front of school branding, landscape upgrades",,0.75,
209,CO-1420-2820,Everitt MS,04_campus upgrade,Furniture upgrades,,0.45,
209,CO-1420-2820,Everitt MS,04_campus upgrade,Improve drop-off / pick-up zone,,1,
209,CO-1420-2820,Everitt MS,04_campus upgrade,New outdoor classroom,,0,
209,CO-1420-2820,Everitt MS,04_campus upgrade,Playground replacement (ages 2-5),,Does not apply,
209,CO-1420-2820,Everitt MS,04_campus upgrade,Playground replacement (ages 5-12),,Does not apply,
209,CO-1420-2820,Everitt MS,04_campus upgrade,Resurface asphalt,,,
209,CO-1420-2820,Everitt MS,04_campus upgrade,Resurface concrete,,,
209,CO-1420-2820,Everitt MS,04_campus upgrade,Artificial turf field replacement and track resurfacing - HS,,,
209,CO-1420-2820,Everitt MS,05_Modernization,Modernize admin,,0.755555556,
209,CO-1420-2820,Everitt MS,05_Modernization,Modernize classrooms,,0.687126717,
209,CO-1420-2820,Everitt MS,05_Modernization,Modernize gym / assembly space,,0.685268817,
209,CO-1420-2820,Everitt MS,05_Modernization,Modernize kitchen,,,
209,CO-1420-2820,Everitt MS,05_Modernization,Modernize cafeteria,,0.875,
209,CO-1420-2820,Everitt MS,05_Modernization,Modernize multipurpose room,,Does not apply,
209,CO-1420-2820,Everitt MS,05_Modernization,Heavily modernize restrooms,,0.666666667,
209,CO-1420-2820,Everitt MS,05_Modernization,Heavily modernize STEM / CTE / specialized labs (MS/HS),,0.851194639,
209,CO-1420-2820,Everitt MS,05_Modernization,Lightly modernize corridors,,0.8,
209,CO-1420-2820,Everitt MS,05_Modernization,Lightly modernize entry lobby,,0.833333333,
209,CO-1420-2820,Everitt MS,05_Modernization,Lightly modernize library/media center,,,
209,CO-1420-2820,Everitt MS,04_campus upgrade,Security package,,0.649166667,
210,CO-1420-2963,Falcon Bluffs MS,00_general,ADA compliance,,,
210,CO-1420-2963,Falcon Bluffs MS,01_new construction,Demolition,,,
210,CO-1420-2963,Falcon Bluffs MS,01_new construction,New construction ES,,,
210,CO-1420-2963,Falcon Bluffs MS,01_new construction,New construction HS,,,
210,CO-1420-2963,Falcon Bluffs MS,01_new construction,New construction K-8,,,
210,CO-1420-2963,Falcon Bluffs MS,01_new construction,New construction MS,,,
210,CO-1420-2963,Falcon Bluffs MS,01_new construction,New auditorium,,,
210,CO-1420-2963,Falcon Bluffs MS,04_campus upgrade,Add shade structure(s),,0,
210,CO-1420-2963,Falcon Bluffs MS,04_campus upgrade,Campus landscaping upgrade,,,
210,CO-1420-2963,Falcon Bluffs MS,04_campus upgrade,Parking lot expansion,,,
210,CO-1420-2963,Falcon Bluffs MS,04_campus upgrade,"Front of school branding, landscape upgrades",,0.9,
210,CO-1420-2963,Falcon Bluffs MS,04_campus upgrade,Furniture upgrades,,0.290322581,
210,CO-1420-2963,Falcon Bluffs MS,04_campus upgrade,Improve drop-off / pick-up zone,,0.875,
210,CO-1420-2963,Falcon Bluffs MS,04_campus upgrade,New outdoor classroom,,0,
210,CO-1420-2963,Falcon Bluffs MS,04_campus upgrade,Playground replacement (ages 2-5),,0,
210,CO-1420-2963,Falcon Bluffs MS,04_campus upgrade,Playground replacement (ages 5-12),,0,
210,CO-1420-2963,Falcon Bluffs MS,04_campus upgrade,Resurface asphalt,,,
210,CO-1420-2963,Falcon Bluffs MS,04_campus upgrade,Resurface concrete,,,
210,CO-1420-2963,Falcon Bluffs MS,04_campus upgrade,Artificial turf field replacement and track resurfacing - HS,,,
210,CO-1420-2963,Falcon Bluffs MS,05_Modernization,Modernize admin,,0.916666667,
210,CO-1420-2963,Falcon Bluffs MS,05_Modernization,Modernize classrooms,,0.683717262,
210,CO-1420-2963,Falcon Bluffs MS,05_Modernization,Modernize gym / assembly space,,0.753333333,
210,CO-1420-2963,Falcon Bluffs MS,05_Modernization,Modernize kitchen,,,
210,CO-1420-2963,Falcon Bluffs MS,05_Modernization,Modernize cafeteria,,0.585416667,
210,CO-1420-2963,Falcon Bluffs MS,05_Modernization,Modernize multipurpose room,,Does not apply,
210,CO-1420-2963,Falcon Bluffs MS,05_Modernization,Heavily modernize restrooms,,0.666666667,
210,CO-1420-2963,Falcon Bluffs MS,05_Modernization,Heavily modernize STEM / CTE / specialized labs (MS/HS),,0.873863636,
210,CO-1420-2963,Falcon Bluffs MS,05_Modernization,Lightly modernize corridors,,1,
210,CO-1420-2963,Falcon Bluffs MS,05_Modernization,Lightly modernize entry lobby,,0.875,
210,CO-1420-2963,Falcon Bluffs MS,05_Modernization,Lightly modernize library/media center,,,
210,CO-1420-2963,Falcon Bluffs MS,04_campus upgrade,Security package,,0.8175,
211,CO-1420-4548,Ken Caryl MS,00_general,ADA compliance,,,
211,CO-1420-4548,Ken Caryl MS,01_new construction,Demolition,,,
211,CO-1420-4548,Ken Caryl MS,01_new construction,New construction ES,,,
211,CO-1420-4548,Ken Caryl MS,01_new construction,New construction HS,,,
211,CO-1420-4548,Ken Caryl MS,01_new construction,New construction K-8,,,
211,CO-1420-4548,Ken Caryl MS,01_new construction,New construction MS,,,
211,CO-1420-4548,Ken Caryl MS,01_new construction,New auditorium,,,
211,CO-1420-4548,Ken Caryl MS,04_campus upgrade,Add shade structure(s),,1,
211,CO-1420-4548,Ken Caryl MS,04_campus upgrade,Campus landscaping upgrade,,,
211,CO-1420-4548,Ken Caryl MS,04_campus upgrade,Parking lot expansion,,,
211,CO-1420-4548,Ken Caryl MS,04_campus upgrade,"Front of school branding, landscape upgrades",,0.7375,
211,CO-1420-4548,Ken Caryl MS,04_campus upgrade,Furniture upgrades,,0.325,
211,CO-1420-4548,Ken Caryl MS,04_campus upgrade,Improve drop-off / pick-up zone,,0.775,
211,CO-1420-4548,Ken Caryl MS,04_campus upgrade,New outdoor classroom,,1,
211,CO-1420-4548,Ken Caryl MS,04_campus upgrade,Playground replacement (ages 2-5),,0,
211,CO-1420-4548,Ken Caryl MS,04_campus upgrade,Playground replacement (ages 5-12),,0,
211,CO-1420-4548,Ken Caryl MS,04_campus upgrade,Resurface asphalt,,,
211,CO-1420-4548,Ken Caryl MS,04_campus upgrade,Resurface concrete,,,
211,CO-1420-4548,Ken Caryl MS,04_campus upgrade,Artificial turf field replacement and track resurfacing - HS,,,
211,CO-1420-4548,Ken Caryl MS,05_Modernization,Modernize admin,,0.605555556,
211,CO-1420-4548,Ken Caryl MS,05_Modernization,Modernize classrooms,,0.530666667,
211,CO-1420-4548,Ken Caryl MS,05_Modernization,Modernize gym / assembly space,,0.581666667,
211,CO-1420-4548,Ken Caryl MS,05_Modernization,Modernize kitchen,,,
211,CO-1420-4548,Ken Caryl MS,05_Modernization,Modernize cafeteria,,0.627083333,
211,CO-1420-4548,Ken Caryl MS,05_Modernization,Modernize multipurpose room,,Does not apply,
211,CO-1420-4548,Ken Caryl MS,05_Modernization,Heavily modernize restrooms,,0.666666667,
211,CO-1420-4548,Ken Caryl MS,05_Modernization,Heavily modernize STEM / CTE / specialized labs (MS/HS),,0.676291322,
211,CO-1420-4548,Ken Caryl MS,05_Modernization,Lightly modernize corridors,,0.6,
211,CO-1420-4548,Ken Caryl MS,05_Modernization,Lightly modernize entry lobby,,1,
211,CO-1420-4548,Ken Caryl MS,05_Modernization,Lightly modernize library/media center,,,
211,CO-1420-4548,Ken Caryl MS,04_campus upgrade,Security package,,0.820555556,
212,CO-1420-5454,Mandalay MS,00_general,ADA compliance,,,
212,CO-1420-5454,Mandalay MS,01_new construction,Demolition,,,
212,CO-1420-5454,Mandalay MS,01_new construction,New construction ES,,,
212,CO-1420-5454,Mandalay MS,01_new construction,New construction HS,,,
212,CO-1420-5454,Mandalay MS,01_new construction,New construction K-8,,,
212,CO-1420-5454,Mandalay MS,01_new construction,New construction MS,,,
212,CO-1420-5454,Mandalay MS,01_new construction,New auditorium,,,
212,CO-1420-5454,Mandalay MS,04_campus upgrade,Add shade structure(s),,0,
212,CO-1420-5454,Mandalay MS,04_campus upgrade,Campus landscaping upgrade,,,
212,CO-1420-5454,Mandalay MS,04_campus upgrade,Parking lot expansion,,,
212,CO-1420-5454,Mandalay MS,04_campus upgrade,"Front of school branding, landscape upgrades",,0.65,
212,CO-1420-5454,Mandalay MS,04_campus upgrade,Furniture upgrades,,0.870967742,
212,CO-1420-5454,Mandalay MS,04_campus upgrade,Improve drop-off / pick-up zone,,0.775,
212,CO-1420-5454,Mandalay MS,04_campus upgrade,New outdoor classroom,,0,
212,CO-1420-5454,Mandalay MS,04_campus upgrade,Playground replacement (ages 2-5),,0,
212,CO-1420-5454,Mandalay MS,04_campus upgrade,Playground replacement (ages 5-12),,0,
212,CO-1420-5454,Mandalay MS,04_campus upgrade,Resurface asphalt,,,
212,CO-1420-5454,Mandalay MS,04_campus upgrade,Resurface concrete,,,
212,CO-1420-5454,Mandalay MS,04_campus upgrade,Artificial turf field replacement and track resurfacing - HS,,,
212,CO-1420-5454,Mandalay MS,05_Modernization,Modernize admin,,0.711111111,
212,CO-1420-5454,Mandalay MS,05_Modernization,Modernize classrooms,,0.723763889,
212,CO-1420-5454,Mandalay MS,05_Modernization,Modernize gym / assembly space,,0.498333333,
212,CO-1420-5454,Mandalay MS,05_Modernization,Modernize kitchen,,,
212,CO-1420-5454,Mandalay MS,05_Modernization,Modernize cafeteria,,0.366666667,
212,CO-1420-5454,Mandalay MS,05_Modernization,Modernize multipurpose room,,Does not apply,
212,CO-1420-5454,Mandalay MS,05_Modernization,Heavily modernize restrooms,,0.333333333,
212,CO-1420-5454,Mandalay MS,05_Modernization,Heavily modernize STEM / CTE / specialized labs (MS/HS),,0.577083333,
212,CO-1420-5454,Mandalay MS,05_Modernization,Lightly modernize corridors,,0.2,
212,CO-1420-5454,Mandalay MS,05_Modernization,Lightly modernize entry lobby,,0.733333333,
212,CO-1420-5454,Mandalay MS,05_Modernization,Lightly modernize library/media center,,,
212,CO-1420-5454,Mandalay MS,04_campus upgrade,Security package,,0.804166667,
213,CO-1420-5472,Manning School,00_general,ADA compliance,,,
213,CO-1420-5472,Manning School,01_new construction,Demolition,,,
213,CO-1420-5472,Manning School,01_new construction,New construction ES,,,
213,CO-1420-5472,Manning School,01_new construction,New construction HS,,,
213,CO-1420-5472,Manning School,01_new construction,New construction K-8,,,
213,CO-1420-5472,Manning School,01_new construction,New construction MS,,,
213,CO-1420-5472,Manning School,01_new construction,New auditorium,,,
213,CO-1420-5472,Manning School,04_campus upgrade,Add shade structure(s),,0,
213,CO-1420-5472,Manning School,04_campus upgrade,Campus landscaping upgrade,,,
213,CO-1420-5472,Manning School,04_campus upgrade,Parking lot expansion,,,
213,CO-1420-5472,Manning School,04_campus upgrade,"Front of school branding, landscape upgrades",,1,
213,CO-1420-5472,Manning School,04_campus upgrade,Furniture upgrades,,0.419354839,
213,CO-1420-5472,Manning School,04_campus upgrade,Improve drop-off / pick-up zone,,1,
213,CO-1420-5472,Manning School,04_campus upgrade,New outdoor classroom,,0,
213,CO-1420-5472,Manning School,04_campus upgrade,Playground replacement (ages 2-5),,Does not apply,
213,CO-1420-5472,Manning School,04_campus upgrade,Playground replacement (ages 5-12),,Does not apply,
213,CO-1420-5472,Manning School,04_campus upgrade,Resurface asphalt,,,
213,CO-1420-5472,Manning School,04_campus upgrade,Resurface concrete,,,
213,CO-1420-5472,Manning School,04_campus upgrade,Artificial turf field replacement and track resurfacing - HS,,,
213,CO-1420-5472,Manning School,05_Modernization,Modernize admin,,0.605555556,
213,CO-1420-5472,Manning School,05_Modernization,Modernize classrooms,,0.738649306,
213,CO-1420-5472,Manning School,05_Modernization,Modernize gym / assembly space,,0.516666667,
213,CO-1420-5472,Manning School,05_Modernization,Modernize kitchen,,,
213,CO-1420-5472,Manning School,05_Modernization,Modernize cafeteria,,0.639583333,
213,CO-1420-5472,Manning School,05_Modernization,Modernize multipurpose room,,Does not apply,
213,CO-1420-5472,Manning School,05_Modernization,Heavily modernize restrooms,,0.666666667,
213,CO-1420-5472,Manning School,05_Modernization,Heavily modernize STEM / CTE / specialized labs (MS/HS),,0.621590909,
213,CO-1420-5472,Manning School,05_Modernization,Lightly modernize corridors,,0.6,
213,CO-1420-5472,Manning School,05_Modernization,Lightly modernize entry lobby,,0.875,
213,CO-1420-5472,Manning School,05_Modernization,Lightly modernize library/media center,,,
213,CO-1420-5472,Manning School,04_campus upgrade,Security package,,0.725833333,
214,CO-1420-6330,North Arvada MS,00_general,ADA compliance,,,
214,CO-1420-6330,North Arvada MS,01_new construction,Demolition,,,
214,CO-1420-6330,North Arvada MS,01_new construction,New construction ES,,,
214,CO-1420-6330,North Arvada MS,01_new construction,New construction HS,,,
214,CO-1420-6330,North Arvada MS,01_new construction,New construction K-8,,,
214,CO-1420-6330,North Arvada MS,01_new construction,New construction MS,,,
214,CO-1420-6330,North Arvada MS,01_new construction,New auditorium,,,
214,CO-1420-6330,North Arvada MS,04_campus upgrade,Add shade structure(s),,1,
214,CO-1420-6330,North Arvada MS,04_campus upgrade,Campus landscaping upgrade,,,
214,CO-1420-6330,North Arvada MS,04_campus upgrade,Parking lot expansion,,,
214,CO-1420-6330,North Arvada MS,04_campus upgrade,"Front of school branding, landscape upgrades",,1,
214,CO-1420-6330,North Arvada MS,04_campus upgrade,Furniture upgrades,,0.45,
214,CO-1420-6330,North Arvada MS,04_campus upgrade,Improve drop-off / pick-up zone,,1,
214,CO-1420-6330,North Arvada MS,04_campus upgrade,New outdoor classroom,,0,
214,CO-1420-6330,North Arvada MS,04_campus upgrade,Playground replacement (ages 2-5),,Does not apply,
214,CO-1420-6330,North Arvada MS,04_campus upgrade,Playground replacement (ages 5-12),,Does not apply,
214,CO-1420-6330,North Arvada MS,04_campus upgrade,Resurface asphalt,,,
214,CO-1420-6330,North Arvada MS,04_campus upgrade,Resurface concrete,,,
214,CO-1420-6330,North Arvada MS,04_campus upgrade,Artificial turf field replacement and track resurfacing - HS,,,
214,CO-1420-6330,North Arvada MS,05_Modernization,Modernize admin,,0.933333333,
214,CO-1420-6330,North Arvada MS,05_Modernization,Modernize classrooms,,0.699361645,
214,CO-1420-6330,North Arvada MS,05_Modernization,Modernize gym / assembly space,,0.685,
214,CO-1420-6330,North Arvada MS,05_Modernization,Modernize kitchen,,,
214,CO-1420-6330,North Arvada MS,05_Modernization,Modernize cafeteria,,0.614583333,
214,CO-1420-6330,North Arvada MS,05_Modernization,Modernize multipurpose room,,Does not apply,
214,CO-1420-6330,North Arvada MS,05_Modernization,Heavily modernize restrooms,,0.666666667,
214,CO-1420-6330,North Arvada MS,05_Modernization,Heavily modernize STEM / CTE / specialized labs (MS/HS),,0.815909091,
214,CO-1420-6330,North Arvada MS,05_Modernization,Lightly modernize corridors,,1,
214,CO-1420-6330,North Arvada MS,05_Modernization,Lightly modernize entry lobby,,0.925,
214,CO-1420-6330,North Arvada MS,05_Modernization,Lightly modernize library/media center,,,
214,CO-1420-6330,North Arvada MS,04_campus upgrade,Security package,,0.7775,
215,CO-1420-6470,Oberon MS,00_general,ADA compliance,,,
215,CO-1420-6470,Oberon MS,01_new construction,Demolition,,,
215,CO-1420-6470,Oberon MS,01_new construction,New construction ES,,,
215,CO-1420-6470,Oberon MS,01_new construction,New construction HS,,,
215,CO-1420-6470,Oberon MS,01_new construction,New construction K-8,,,
215,CO-1420-6470,Oberon MS,01_new construction,New construction MS,,,
215,CO-1420-6470,Oberon MS,01_new construction,New auditorium,,,
215,CO-1420-6470,Oberon MS,04_campus upgrade,Add shade structure(s),,0,
215,CO-1420-6470,Oberon MS,04_campus upgrade,Campus landscaping upgrade,,,
215,CO-1420-6470,Oberon MS,04_campus upgrade,Parking lot expansion,,,
215,CO-1420-6470,Oberon MS,04_campus upgrade,"Front of school branding, landscape upgrades",,0.9,
215,CO-1420-6470,Oberon MS,04_campus upgrade,Furniture upgrades,,0.325,
215,CO-1420-6470,Oberon MS,04_campus upgrade,Improve drop-off / pick-up zone,,0.675,
215,CO-1420-6470,Oberon MS,04_campus upgrade,New outdoor classroom,,1,
215,CO-1420-6470,Oberon MS,04_campus upgrade,Playground replacement (ages 2-5),,Does not apply,
215,CO-1420-6470,Oberon MS,04_campus upgrade,Playground replacement (ages 5-12),,Does not apply,
215,CO-1420-6470,Oberon MS,04_campus upgrade,Resurface asphalt,,,
215,CO-1420-6470,Oberon MS,04_campus upgrade,Resurface concrete,,,
215,CO-1420-6470,Oberon MS,04_campus upgrade,Artificial turf field replacement and track resurfacing - HS,,,
215,CO-1420-6470,Oberon MS,05_Modernization,Modernize admin,,0.716666667,
215,CO-1420-6470,Oberon MS,05_Modernization,Modernize classrooms,,0.625902778,
215,CO-1420-6470,Oberon MS,05_Modernization,Modernize gym / assembly space,,0.666666667,
215,CO-1420-6470,Oberon MS,05_Modernization,Modernize kitchen,,,
215,CO-1420-6470,Oberon MS,05_Modernization,Modernize cafeteria,,0.65625,
215,CO-1420-6470,Oberon MS,05_Modernization,Modernize multipurpose room,,Does not apply,
215,CO-1420-6470,Oberon MS,05_Modernization,Heavily modernize restrooms,,0.333333333,
215,CO-1420-6470,Oberon MS,05_Modernization,Heavily modernize STEM / CTE / specialized labs (MS/HS),,0.649242424,
215,CO-1420-6470,Oberon MS,05_Modernization,Lightly modernize corridors,,0.6,
215,CO-1420-6470,Oberon MS,05_Modernization,Lightly modernize entry lobby,,1,
215,CO-1420-6470,Oberon MS,05_Modernization,Lightly modernize library/media center,,,
215,CO-1420-6470,Oberon MS,04_campus upgrade,Security package,,0.762857143,
216,CO-1420-8381,Summit Ridge MS,00_general,ADA compliance,,,
216,CO-1420-8381,Summit Ridge MS,01_new construction,Demolition,,,
216,CO-1420-8381,Summit Ridge MS,01_new construction,New construction ES,,,
216,CO-1420-8381,Summit Ridge MS,01_new construction,New construction HS,,,
216,CO-1420-8381,Summit Ridge MS,01_new construction,New construction K-8,,,
216,CO-1420-8381,Summit Ridge MS,01_new construction,New construction MS,,,
216,CO-1420-8381,Summit Ridge MS,01_new construction,New auditorium,,,
216,CO-1420-8381,Summit Ridge MS,04_campus upgrade,Add shade structure(s),,0,
216,CO-1420-8381,Summit Ridge MS,04_campus upgrade,Campus landscaping upgrade,,,
216,CO-1420-8381,Summit Ridge MS,04_campus upgrade,Parking lot expansion,,,
216,CO-1420-8381,Summit Ridge MS,04_campus upgrade,"Front of school branding, landscape upgrades",,1,
216,CO-1420-8381,Summit Ridge MS,04_campus upgrade,Furniture upgrades,,0.675,
216,CO-1420-8381,Summit Ridge MS,04_campus upgrade,Improve drop-off / pick-up zone,,0.875,
216,CO-1420-8381,Summit Ridge MS,04_campus upgrade,New outdoor classroom,,0,
216,CO-1420-8381,Summit Ridge MS,04_campus upgrade,Playground replacement (ages 2-5),,0,
216,CO-1420-8381,Summit Ridge MS,04_campus upgrade,Playground replacement (ages 5-12),,0,
216,CO-1420-8381,Summit Ridge MS,04_campus upgrade,Resurface asphalt,,,
216,CO-1420-8381,Summit Ridge MS,04_campus upgrade,Resurface concrete,,,
216,CO-1420-8381,Summit Ridge MS,04_campus upgrade,Artificial turf field replacement and track resurfacing - HS,,,
216,CO-1420-8381,Summit Ridge MS,05_Modernization,Modernize admin,,0.783333333,
216,CO-1420-8381,Summit Ridge MS,05_Modernization,Modernize classrooms,,0.705399306,
216,CO-1420-8381,Summit Ridge MS,05_Modernization,Modernize gym / assembly space,,0.658333333,
216,CO-1420-8381,Summit Ridge MS,05_Modernization,Modernize kitchen,,,
216,CO-1420-8381,Summit Ridge MS,05_Modernization,Modernize cafeteria,,0.402083333,
216,CO-1420-8381,Summit Ridge MS,05_Modernization,Modernize multipurpose room,,Does not apply,
216,CO-1420-8381,Summit Ridge MS,05_Modernization,Heavily modernize restrooms,,1,
216,CO-1420-8381,Summit Ridge MS,05_Modernization,Heavily modernize STEM / CTE / specialized labs (MS/HS),,0.872727273,
216,CO-1420-8381,Summit Ridge MS,05_Modernization,Lightly modernize corridors,,0.75,
216,CO-1420-8381,Summit Ridge MS,05_Modernization,Lightly modernize entry lobby,,0.733333333,
216,CO-1420-8381,Summit Ridge MS,05_Modernization,Lightly modernize library/media center,,,
216,CO-1420-8381,Summit Ridge MS,04_campus upgrade,Security package,,0.80797619,
217,CO-1420-9299,Wayne Carle MS,00_general,ADA compliance,,,
217,CO-1420-9299,Wayne Carle MS,01_new construction,Demolition,,,
217,CO-1420-9299,Wayne Carle MS,01_new construction,New construction ES,,,
217,CO-1420-9299,Wayne Carle MS,01_new construction,New construction HS,,,
217,CO-1420-9299,Wayne Carle MS,01_new construction,New construction K-8,,,
217,CO-1420-9299,Wayne Carle MS,01_new construction,New construction MS,,,
217,CO-1420-9299,Wayne Carle MS,01_new construction,New auditorium,,,
217,CO-1420-9299,Wayne Carle MS,04_campus upgrade,Add shade structure(s),,0,
217,CO-1420-9299,Wayne Carle MS,04_campus upgrade,Campus landscaping upgrade,,,
217,CO-1420-9299,Wayne Carle MS,04_campus upgrade,Parking lot expansion,,,
217,CO-1420-9299,Wayne Carle MS,04_campus upgrade,"Front of school branding, landscape upgrades",,0.8375,
217,CO-1420-9299,Wayne Carle MS,04_campus upgrade,Furniture upgrades,,0.290322581,
217,CO-1420-9299,Wayne Carle MS,04_campus upgrade,Improve drop-off / pick-up zone,,0.75,
217,CO-1420-9299,Wayne Carle MS,04_campus upgrade,New outdoor classroom,,1,
217,CO-1420-9299,Wayne Carle MS,04_campus upgrade,Playground replacement (ages 2-5),,0,
217,CO-1420-9299,Wayne Carle MS,04_campus upgrade,Playground replacement (ages 5-12),,0,
217,CO-1420-9299,Wayne Carle MS,04_campus upgrade,Resurface asphalt,,,
217,CO-1420-9299,Wayne Carle MS,04_campus upgrade,Resurface concrete,,,
217,CO-1420-9299,Wayne Carle MS,04_campus upgrade,Artificial turf field replacement and track resurfacing - HS,,,
217,CO-1420-9299,Wayne Carle MS,05_Modernization,Modernize admin,,0.666666667,
217,CO-1420-9299,Wayne Carle MS,05_Modernization,Modernize classrooms,,0.638409722,
217,CO-1420-9299,Wayne Carle MS,05_Modernization,Modernize gym / assembly space,,0.735,
217,CO-1420-9299,Wayne Carle MS,05_Modernization,Modernize kitchen,,,
217,CO-1420-9299,Wayne Carle MS,05_Modernization,Modernize cafeteria,,1,
217,CO-1420-9299,Wayne Carle MS,05_Modernization,Modernize multipurpose room,,Does not apply,
217,CO-1420-9299,Wayne Carle MS,05_Modernization,Heavily modernize restrooms,,1,
217,CO-1420-9299,Wayne Carle MS,05_Modernization,Heavily modernize STEM / CTE / specialized labs (MS/HS),,0.786742424,
217,CO-1420-9299,Wayne Carle MS,05_Modernization,Lightly modernize corridors,,1,
217,CO-1420-9299,Wayne Carle MS,05_Modernization,Lightly modernize entry lobby,,0.516666667,
217,CO-1420-9299,Wayne Carle MS,05_Modernization,Lightly modernize library/media center,,,
217,CO-1420-9299,Wayne Carle MS,04_campus upgrade,Security package,,0.874642857,
218,CO-1420-9428,West Jefferson MS,00_general,ADA compliance,,,
218,CO-1420-9428,West Jefferson MS,01_new construction,Demolition,,,
218,CO-1420-9428,West Jefferson MS,01_new construction,New construction ES,,,
218,CO-1420-9428,West Jefferson MS,01_new construction,New construction HS,,,
218,CO-1420-9428,West Jefferson MS,01_new construction,New construction K-8,,,
218,CO-1420-9428,West Jefferson MS,01_new construction,New construction MS,,,
218,CO-1420-9428,West Jefferson MS,01_new construction,New auditorium,,,
218,CO-1420-9428,West Jefferson MS,04_campus upgrade,Add shade structure(s),,0,
218,CO-1420-9428,West Jefferson MS,04_campus upgrade,Campus landscaping upgrade,,,
218,CO-1420-9428,West Jefferson MS,04_campus upgrade,Parking lot expansion,,,
218,CO-1420-9428,West Jefferson MS,04_campus upgrade,"Front of school branding, landscape upgrades",,1,
218,CO-1420-9428,West Jefferson MS,04_campus upgrade,Furniture upgrades,,0.675,
218,CO-1420-9428,West Jefferson MS,04_campus upgrade,Improve drop-off / pick-up zone,,0.775,
218,CO-1420-9428,West Jefferson MS,04_campus upgrade,New outdoor classroom,,1,
218,CO-1420-9428,West Jefferson MS,04_campus upgrade,Playground replacement (ages 2-5),,Does not apply,
218,CO-1420-9428,West Jefferson MS,04_campus upgrade,Playground replacement (ages 5-12),,Does not apply,
218,CO-1420-9428,West Jefferson MS,04_campus upgrade,Resurface asphalt,,,
218,CO-1420-9428,West Jefferson MS,04_campus upgrade,Resurface concrete,,,
218,CO-1420-9428,West Jefferson MS,04_campus upgrade,Artificial turf field replacement and track resurfacing - HS,,,
218,CO-1420-9428,West Jefferson MS,05_Modernization,Modernize admin,,0.738888889,
218,CO-1420-9428,West Jefferson MS,05_Modernization,Modernize classrooms,,0.685034402,
218,CO-1420-9428,West Jefferson MS,05_Modernization,Modernize gym / assembly space,,0.681666667,
218,CO-1420-9428,West Jefferson MS,05_Modernization,Modernize kitchen,,,
218,CO-1420-9428,West Jefferson MS,05_Modernization,Modernize cafeteria,,0.875,
218,CO-1420-9428,West Jefferson MS,05_Modernization,Modernize multipurpose room,,Does not apply,
218,CO-1420-9428,West Jefferson MS,05_Modernization,Heavily modernize restrooms,,1,
218,CO-1420-9428,West Jefferson MS,05_Modernization,Heavily modernize STEM / CTE / specialized labs (MS/HS),,0.812878788,
218,CO-1420-9428,West Jefferson MS,05_Modernization,Lightly modernize corridors,,0.6,
218,CO-1420-9428,West Jefferson MS,05_Modernization,Lightly modernize entry lobby,,0.625,
218,CO-1420-9428,West Jefferson MS,05_Modernization,Lightly modernize library/media center,,,
218,CO-1420-9428,West Jefferson MS,04_campus upgrade,Security package,,0.6325,
221,,Mount Evans OELS,00_general,ADA compliance,,,
221,,Mount Evans OELS,01_new construction,Demolition,,,
221,,Mount Evans OELS,01_new construction,New construction ES,,,
221,,Mount Evans OELS,01_new construction,New construction HS,,,
221,,Mount Evans OELS,01_new construction,New construction K-8,,,
221,,Mount Evans OELS,01_new construction,New construction MS,,,
221,,Mount Evans OELS,01_new construction,New auditorium,,,
221,,Mount Evans OELS,04_campus upgrade,Add shade structure(s),,,
221,,Mount Evans OELS,04_campus upgrade,Campus landscaping upgrade,,,
221,,Mount Evans OELS,04_campus upgrade,Parking lot expansion,,,
221,,Mount Evans OELS,04_campus upgrade,"Front of school branding, landscape upgrades",,,
221,,Mount Evans OELS,04_campus upgrade,Furniture upgrades,,,
221,,Mount Evans OELS,04_campus upgrade,Improve drop-off / pick-up zone,,,
221,,Mount Evans OELS,04_campus upgrade,New outdoor classroom,,,
221,,Mount Evans OELS,04_campus upgrade,Playground replacement (ages 2-5),,,
221,,Mount Evans OELS,04_campus upgrade,Playground replacement (ages 5-12),,,
221,,Mount Evans OELS,04_campus upgrade,Resurface asphalt,,,
221,,Mount Evans OELS,04_campus upgrade,Resurface concrete,,,
221,,Mount Evans OELS,04_campus upgrade,Artificial turf field replacement and track resurfacing - HS,,,
221,,Mount Evans OELS,05_Modernization,Modernize admin,,,
221,,Mount Evans OELS,05_Modernization,Modernize classrooms,,,
221,,Mount Evans OELS,05_Modernization,Modernize gym / assembly space,,,
221,,Mount Evans OELS,05_Modernization,Modernize kitchen,,,
221,,Mount Evans OELS,05_Modernization,Modernize cafeteria,,,
221,,Mount Evans OELS,05_Modernization,Modernize multipurpose room,,,
221,,Mount Evans OELS,05_Modernization,Heavily modernize restrooms,,,
221,,Mount Evans OELS,05_Modernization,Heavily modernize STEM / CTE / specialized labs (MS/HS),,,
221,,Mount Evans OELS,05_Modernization,Lightly modernize corridors,,,
221,,Mount Evans OELS,05_Modernization,Lightly modernize entry lobby,,,
221,,Mount Evans OELS,05_Modernization,Lightly modernize library/media center,,,
221,,Mount Evans OELS,04_campus upgrade,Security package,,#N/A,
222,,Windy Peak OELS,00_general,ADA compliance,,,
222,,Windy Peak OELS,01_new construction,Demolition,,,
222,,Windy Peak OELS,01_new construction,New construction ES,,,
222,,Windy Peak OELS,01_new construction,New construction HS,,,
222,,Windy Peak OELS,01_new construction,New construction K-8,,,
222,,Windy Peak OELS,01_new construction,New construction MS,,,
222,,Windy Peak OELS,01_new construction,New auditorium,,,
222,,Windy Peak OELS,04_campus upgrade,Add shade structure(s),,,
222,,Windy Peak OELS,04_campus upgrade,Campus landscaping upgrade,,,
222,,Windy Peak OELS,04_campus upgrade,Parking lot expansion,,,
222,,Windy Peak OELS,04_campus upgrade,"Front of school branding, landscape upgrades",,,
222,,Windy Peak OELS,04_campus upgrade,Furniture upgrades,,,
222,,Windy Peak OELS,04_campus upgrade,Improve drop-off / pick-up zone,,,
222,,Windy Peak OELS,04_campus upgrade,New outdoor classroom,,,
222,,Windy Peak OELS,04_campus upgrade,Playground replacement (ages 2-5),,,
222,,Windy Peak OELS,04_campus upgrade,Playground replacement (ages 5-12),,,
222,,Windy Peak OELS,04_campus upgrade,Resurface asphalt,,,
222,,Windy Peak OELS,04_campus upgrade,Resurface concrete,,,
222,,Windy Peak OELS,04_campus upgrade,Artificial turf field replacement and track resurfacing - HS,,,
222,,Windy Peak OELS,05_Modernization,Modernize admin,,,
222,,Windy Peak OELS,05_Modernization,Modernize classrooms,,,
222,,Windy Peak OELS,05_Modernization,Modernize gym / assembly space,,,
222,,Windy Peak OELS,05_Modernization,Modernize kitchen,,,
222,,Windy Peak OELS,05_Modernization,Modernize cafeteria,,,
222,,Windy Peak OELS,05_Modernization,Modernize multipurpose room,,,
222,,Windy Peak OELS,05_Modernization,Heavily modernize restrooms,,,
222,,Windy Peak OELS,05_Modernization,Heavily modernize STEM / CTE / specialized labs (MS/HS),,,
222,,Windy Peak OELS,05_Modernization,Lightly modernize corridors,,,
222,,Windy Peak OELS,05_Modernization,Lightly modernize entry lobby,,,
222,,Windy Peak OELS,05_Modernization,Lightly modernize library/media center,,,
222,,Windy Peak OELS,04_campus upgrade,Security package,,#N/A,
301,CO-1420-0370,Arvada HS,00_general,ADA compliance,,,
301,CO-1420-0370,Arvada HS,01_new construction,Demolition,,,
301,CO-1420-0370,Arvada HS,01_new construction,New construction ES,,,
301,CO-1420-0370,Arvada HS,01_new construction,New construction HS,,,
301,CO-1420-0370,Arvada HS,01_new construction,New construction K-8,,,
301,CO-1420-0370,Arvada HS,01_new construction,New construction MS,,,
301,CO-1420-0370,Arvada HS,01_new construction,New auditorium,,,
301,CO-1420-0370,Arvada HS,04_campus upgrade,Add shade structure(s),,0,
301,CO-1420-0370,Arvada HS,04_campus upgrade,Campus landscaping upgrade,,,
301,CO-1420-0370,Arvada HS,04_campus upgrade,Parking lot expansion,,,
301,CO-1420-0370,Arvada HS,04_campus upgrade,"Front of school branding, landscape upgrades",,1,
301,CO-1420-0370,Arvada HS,04_campus upgrade,Furniture upgrades,,0.45,
301,CO-1420-0370,Arvada HS,04_campus upgrade,Improve drop-off / pick-up zone,,0.875,
301,CO-1420-0370,Arvada HS,04_campus upgrade,New outdoor classroom,,0,
301,CO-1420-0370,Arvada HS,04_campus upgrade,Playground replacement (ages 2-5),,0,
301,CO-1420-0370,Arvada HS,04_campus upgrade,Playground replacement (ages 5-12),,0,
301,CO-1420-0370,Arvada HS,04_campus upgrade,Resurface asphalt,,,
301,CO-1420-0370,Arvada HS,04_campus upgrade,Resurface concrete,,,
301,CO-1420-0370,Arvada HS,04_campus upgrade,Artificial turf field replacement and track resurfacing - HS,,,
301,CO-1420-0370,Arvada HS,05_Modernization,Modernize admin,,0.933333333,
301,CO-1420-0370,Arvada HS,05_Modernization,Modernize classrooms,,0.713697917,
301,CO-1420-0370,Arvada HS,05_Modernization,Modernize gym / assembly space,,0.784069767,
301,CO-1420-0370,Arvada HS,05_Modernization,Modernize kitchen,,,
301,CO-1420-0370,Arvada HS,05_Modernization,Modernize cafeteria,,0.695833333,
301,CO-1420-0370,Arvada HS,05_Modernization,Modernize multipurpose room,,Does not apply,
301,CO-1420-0370,Arvada HS,05_Modernization,Heavily modernize restrooms,,1,
301,CO-1420-0370,Arvada HS,05_Modernization,Heavily modernize STEM / CTE / specialized labs (MS/HS),,0.636363636,
301,CO-1420-0370,Arvada HS,05_Modernization,Lightly modernize corridors,,1,
301,CO-1420-0370,Arvada HS,05_Modernization,Lightly modernize entry lobby,,1,
301,CO-1420-0370,Arvada HS,05_Modernization,Lightly modernize library/media center,,,
301,CO-1420-0370,Arvada HS,04_campus upgrade,Security package,,0.780595238,
302,CO-1420-0378,Arvada West HS,00_general,ADA compliance,,,
302,CO-1420-0378,Arvada West HS,01_new construction,Demolition,,,
302,CO-1420-0378,Arvada West HS,01_new construction,New construction ES,,,
302,CO-1420-0378,Arvada West HS,01_new construction,New construction HS,,,
302,CO-1420-0378,Arvada West HS,01_new construction,New construction K-8,,,
302,CO-1420-0378,Arvada West HS,01_new construction,New construction MS,,,
302,CO-1420-0378,Arvada West HS,01_new construction,New auditorium,,,
302,CO-1420-0378,Arvada West HS,04_campus upgrade,Add shade structure(s),,0,
302,CO-1420-0378,Arvada West HS,04_campus upgrade,Campus landscaping upgrade,,,
302,CO-1420-0378,Arvada West HS,04_campus upgrade,Parking lot expansion,,,
302,CO-1420-0378,Arvada West HS,04_campus upgrade,"Front of school branding, landscape upgrades",,1,
302,CO-1420-0378,Arvada West HS,04_campus upgrade,Furniture upgrades,,0.45,
302,CO-1420-0378,Arvada West HS,04_campus upgrade,Improve drop-off / pick-up zone,,1,
302,CO-1420-0378,Arvada West HS,04_campus upgrade,New outdoor classroom,,0,
302,CO-1420-0378,Arvada West HS,04_campus upgrade,Playground replacement (ages 2-5),,0,
302,CO-1420-0378,Arvada West HS,04_campus upgrade,Playground replacement (ages 5-12),,0,
302,CO-1420-0378,Arvada West HS,04_campus upgrade,Resurface asphalt,,,
302,CO-1420-0378,Arvada West HS,04_campus upgrade,Resurface concrete,,,
302,CO-1420-0378,Arvada West HS,04_campus upgrade,Artificial turf field replacement and track resurfacing - HS,,,
302,CO-1420-0378,Arvada West HS,05_Modernization,Modernize admin,,0.733333333,
302,CO-1420-0378,Arvada West HS,05_Modernization,Modernize classrooms,,0.696302083,
302,CO-1420-0378,Arvada West HS,05_Modernization,Modernize gym / assembly space,,0.791666667,
302,CO-1420-0378,Arvada West HS,05_Modernization,Modernize kitchen,,,
302,CO-1420-0378,Arvada West HS,05_Modernization,Modernize cafeteria,,0.835416667,
302,CO-1420-0378,Arvada West HS,05_Modernization,Modernize multipurpose room,,Does not apply,
302,CO-1420-0378,Arvada West HS,05_Modernization,Heavily modernize restrooms,,1,
302,CO-1420-0378,Arvada West HS,05_Modernization,Heavily modernize STEM / CTE / specialized labs (MS/HS),,0.8125,
302,CO-1420-0378,Arvada West HS,05_Modernization,Lightly modernize corridors,,1,
302,CO-1420-0378,Arvada West HS,05_Modernization,Lightly modernize entry lobby,,1,
302,CO-1420-0378,Arvada West HS,05_Modernization,Lightly modernize library/media center,,,
302,CO-1420-0378,Arvada West HS,04_campus upgrade,Security package,,0.811071429,
303,CO-1420-0664,Bear Creek HS,00_general,ADA compliance,,,
303,CO-1420-0664,Bear Creek HS,01_new construction,Demolition,,,
303,CO-1420-0664,Bear Creek HS,01_new construction,New construction ES,,,
303,CO-1420-0664,Bear Creek HS,01_new construction,New construction HS,,,
303,CO-1420-0664,Bear Creek HS,01_new construction,New construction K-8,,,
303,CO-1420-0664,Bear Creek HS,01_new construction,New construction MS,,,
303,CO-1420-0664,Bear Creek HS,01_new construction,New auditorium,,,
303,CO-1420-0664,Bear Creek HS,04_campus upgrade,Add shade structure(s),,0,
303,CO-1420-0664,Bear Creek HS,04_campus upgrade,Campus landscaping upgrade,,,
303,CO-1420-0664,Bear Creek HS,04_campus upgrade,Parking lot expansion,,,
303,CO-1420-0664,Bear Creek HS,04_campus upgrade,"Front of school branding, landscape upgrades",,1,
303,CO-1420-0664,Bear Creek HS,04_campus upgrade,Furniture upgrades,,0.290322581,
303,CO-1420-0664,Bear Creek HS,04_campus upgrade,Improve drop-off / pick-up zone,,1,
303,CO-1420-0664,Bear Creek HS,04_campus upgrade,New outdoor classroom,,0,
303,CO-1420-0664,Bear Creek HS,04_campus upgrade,Playground replacement (ages 2-5),,Does not apply,
303,CO-1420-0664,Bear Creek HS,04_campus upgrade,Playground replacement (ages 5-12),,Does not apply,
303,CO-1420-0664,Bear Creek HS,04_campus upgrade,Resurface asphalt,,,
303,CO-1420-0664,Bear Creek HS,04_campus upgrade,Resurface concrete,,,
303,CO-1420-0664,Bear Creek HS,04_campus upgrade,Artificial turf field replacement and track resurfacing - HS,,,
303,CO-1420-0664,Bear Creek HS,05_Modernization,Modernize admin,,0.866666667,
303,CO-1420-0664,Bear Creek HS,05_Modernization,Modernize classrooms,,0.671524306,
303,CO-1420-0664,Bear Creek HS,05_Modernization,Modernize gym / assembly space,,0.715,
303,CO-1420-0664,Bear Creek HS,05_Modernization,Modernize kitchen,,,
303,CO-1420-0664,Bear Creek HS,05_Modernization,Modernize cafeteria,,0.71875,
303,CO-1420-0664,Bear Creek HS,05_Modernization,Modernize multipurpose room,,Does not apply,
303,CO-1420-0664,Bear Creek HS,05_Modernization,Heavily modernize restrooms,,0.666666667,
303,CO-1420-0664,Bear Creek HS,05_Modernization,Heavily modernize STEM / CTE / specialized labs (MS/HS),,0.747348485,
303,CO-1420-0664,Bear Creek HS,05_Modernization,Lightly modernize corridors,,0.8,
303,CO-1420-0664,Bear Creek HS,05_Modernization,Lightly modernize entry lobby,,1,
303,CO-1420-0664,Bear Creek HS,05_Modernization,Lightly modernize library/media center,,,
303,CO-1420-0664,Bear Creek HS,04_campus upgrade,Security package,,0.835,
304,CO-1420-0965,Brady Exploration School,00_general,ADA compliance,,,
304,CO-1420-0965,Brady Exploration School,01_new construction,Demolition,,,
304,CO-1420-0965,Brady Exploration School,01_new construction,New construction ES,,,
304,CO-1420-0965,Brady Exploration School,01_new construction,New construction HS,,,
304,CO-1420-0965,Brady Exploration School,01_new construction,New construction K-8,,,
304,CO-1420-0965,Brady Exploration School,01_new construction,New construction MS,,,
304,CO-1420-0965,Brady Exploration School,01_new construction,New auditorium,,,
304,CO-1420-0965,Brady Exploration School,04_campus upgrade,Add shade structure(s),,0,
304,CO-1420-0965,Brady Exploration School,04_campus upgrade,Campus landscaping upgrade,,,
304,CO-1420-0965,Brady Exploration School,04_campus upgrade,Parking lot expansion,,,
304,CO-1420-0965,Brady Exploration School,04_campus upgrade,"Front of school branding, landscape upgrades",,0.8375,
304,CO-1420-0965,Brady Exploration School,04_campus upgrade,Furniture upgrades,,0.55,
304,CO-1420-0965,Brady Exploration School,04_campus upgrade,Improve drop-off / pick-up zone,,0.4,
304,CO-1420-0965,Brady Exploration School,04_campus upgrade,New outdoor classroom,,0,
304,CO-1420-0965,Brady Exploration School,04_campus upgrade,Playground replacement (ages 2-5),,0,
304,CO-1420-0965,Brady Exploration School,04_campus upgrade,Playground replacement (ages 5-12),,0,
304,CO-1420-0965,Brady Exploration School,04_campus upgrade,Resurface asphalt,,,
304,CO-1420-0965,Brady Exploration School,04_campus upgrade,Resurface concrete,,,
304,CO-1420-0965,Brady Exploration School,04_campus upgrade,Artificial turf field replacement and track resurfacing - HS,,,
304,CO-1420-0965,Brady Exploration School,05_Modernization,Modernize admin,,0.6,
304,CO-1420-0965,Brady Exploration School,05_Modernization,Modernize classrooms,,0.731840278,
304,CO-1420-0965,Brady Exploration School,05_Modernization,Modernize gym / assembly space,,0.697916667,
304,CO-1420-0965,Brady Exploration School,05_Modernization,Modernize kitchen,,,
304,CO-1420-0965,Brady Exploration School,05_Modernization,Modernize cafeteria,,0.627083333,
304,CO-1420-0965,Brady Exploration School,05_Modernization,Modernize multipurpose room,,Does not apply,
304,CO-1420-0965,Brady Exploration School,05_Modernization,Heavily modernize restrooms,,0.666666667,
304,CO-1420-0965,Brady Exploration School,05_Modernization,Heavily modernize STEM / CTE / specialized labs (MS/HS),,0.743939394,
304,CO-1420-0965,Brady Exploration School,05_Modernization,Lightly modernize corridors,,0.6,
304,CO-1420-0965,Brady Exploration School,05_Modernization,Lightly modernize entry lobby,,1,
304,CO-1420-0965,Brady Exploration School,05_Modernization,Lightly modernize library/media center,,,
304,CO-1420-0965,Brady Exploration School,04_campus upgrade,Security package,,0.656666667,
305,CO-1420-1522,Chatfield HS,00_general,ADA compliance,,,
305,CO-1420-1522,Chatfield HS,01_new construction,Demolition,,,
305,CO-1420-1522,Chatfield HS,01_new construction,New construction ES,,,
305,CO-1420-1522,Chatfield HS,01_new construction,New construction HS,,,
305,CO-1420-1522,Chatfield HS,01_new construction,New construction K-8,,,
305,CO-1420-1522,Chatfield HS,01_new construction,New construction MS,,,
305,CO-1420-1522,Chatfield HS,01_new construction,New auditorium,,,
305,CO-1420-1522,Chatfield HS,04_campus upgrade,Add shade structure(s),,0,
305,CO-1420-1522,Chatfield HS,04_campus upgrade,Campus landscaping upgrade,,,
305,CO-1420-1522,Chatfield HS,04_campus upgrade,Parking lot expansion,,,
305,CO-1420-1522,Chatfield HS,04_campus upgrade,"Front of school branding, landscape upgrades",,1,
305,CO-1420-1522,Chatfield HS,04_campus upgrade,Furniture upgrades,,0.290322581,
305,CO-1420-1522,Chatfield HS,04_campus upgrade,Improve drop-off / pick-up zone,,0.775,
305,CO-1420-1522,Chatfield HS,04_campus upgrade,New outdoor classroom,,0,
305,CO-1420-1522,Chatfield HS,04_campus upgrade,Playground replacement (ages 2-5),,0,
305,CO-1420-1522,Chatfield HS,04_campus upgrade,Playground replacement (ages 5-12),,0,
305,CO-1420-1522,Chatfield HS,04_campus upgrade,Resurface asphalt,,,
305,CO-1420-1522,Chatfield HS,04_campus upgrade,Resurface concrete,,,
305,CO-1420-1522,Chatfield HS,04_campus upgrade,Artificial turf field replacement and track resurfacing - HS,,,
305,CO-1420-1522,Chatfield HS,05_Modernization,Modernize admin,,0.866666667,
305,CO-1420-1522,Chatfield HS,05_Modernization,Modernize classrooms,,0.576630456,
305,CO-1420-1522,Chatfield HS,05_Modernization,Modernize gym / assembly space,,0.762916667,
305,CO-1420-1522,Chatfield HS,05_Modernization,Modernize kitchen,,,
305,CO-1420-1522,Chatfield HS,05_Modernization,Modernize cafeteria,,0.929166667,
305,CO-1420-1522,Chatfield HS,05_Modernization,Modernize multipurpose room,,Does not apply,
305,CO-1420-1522,Chatfield HS,05_Modernization,Heavily modernize restrooms,,1,
305,CO-1420-1522,Chatfield HS,05_Modernization,Heavily modernize STEM / CTE / specialized labs (MS/HS),,0.68030303,
305,CO-1420-1522,Chatfield HS,05_Modernization,Lightly modernize corridors,,1,
305,CO-1420-1522,Chatfield HS,05_Modernization,Lightly modernize entry lobby,,1,
305,CO-1420-1522,Chatfield HS,05_Modernization,Lightly modernize library/media center,,,
305,CO-1420-1522,Chatfield HS,04_campus upgrade,Security package,,0.8825,
306,CO-1420-1864,Columbine HS,00_general,ADA compliance,,,
306,CO-1420-1864,Columbine HS,01_new construction,Demolition,,,
306,CO-1420-1864,Columbine HS,01_new construction,New construction ES,,,
306,CO-1420-1864,Columbine HS,01_new construction,New construction HS,,,
306,CO-1420-1864,Columbine HS,01_new construction,New construction K-8,,,
306,CO-1420-1864,Columbine HS,01_new construction,New construction MS,,,
306,CO-1420-1864,Columbine HS,01_new construction,New auditorium,,,
306,CO-1420-1864,Columbine HS,04_campus upgrade,Add shade structure(s),,1,
306,CO-1420-1864,Columbine HS,04_campus upgrade,Campus landscaping upgrade,,,
306,CO-1420-1864,Columbine HS,04_campus upgrade,Parking lot expansion,,,
306,CO-1420-1864,Columbine HS,04_campus upgrade,"Front of school branding, landscape upgrades",,0.8375,
306,CO-1420-1864,Columbine HS,04_campus upgrade,Furniture upgrades,,0.225,
306,CO-1420-1864,Columbine HS,04_campus upgrade,Improve drop-off / pick-up zone,,1,
306,CO-1420-1864,Columbine HS,04_campus upgrade,New outdoor classroom,,1,
306,CO-1420-1864,Columbine HS,04_campus upgrade,Playground replacement (ages 2-5),,0,
306,CO-1420-1864,Columbine HS,04_campus upgrade,Playground replacement (ages 5-12),,0,
306,CO-1420-1864,Columbine HS,04_campus upgrade,Resurface asphalt,,,
306,CO-1420-1864,Columbine HS,04_campus upgrade,Resurface concrete,,,
306,CO-1420-1864,Columbine HS,04_campus upgrade,Artificial turf field replacement and track resurfacing - HS,,,
306,CO-1420-1864,Columbine HS,05_Modernization,Modernize admin,,0.716666667,
306,CO-1420-1864,Columbine HS,05_Modernization,Modernize classrooms,,0.469260417,
306,CO-1420-1864,Columbine HS,05_Modernization,Modernize gym / assembly space,,0.865,
306,CO-1420-1864,Columbine HS,05_Modernization,Modernize kitchen,,,
306,CO-1420-1864,Columbine HS,05_Modernization,Modernize cafeteria,,0.90625,
306,CO-1420-1864,Columbine HS,05_Modernization,Modernize multipurpose room,,Does not apply,
306,CO-1420-1864,Columbine HS,05_Modernization,Heavily modernize restrooms,,0.666666667,
306,CO-1420-1864,Columbine HS,05_Modernization,Heavily modernize STEM / CTE / specialized labs (MS/HS),,0.627272727,
306,CO-1420-1864,Columbine HS,05_Modernization,Lightly modernize corridors,,1,
306,CO-1420-1864,Columbine HS,05_Modernization,Lightly modernize entry lobby,,1,
306,CO-1420-1864,Columbine HS,05_Modernization,Lightly modernize library/media center,,,
306,CO-1420-1864,Columbine HS,04_campus upgrade,Security package,,0.845833333,
307,CO-1420-1886,Conifer HS,00_general,ADA compliance,,,
307,CO-1420-1886,Conifer HS,01_new construction,Demolition,,,
307,CO-1420-1886,Conifer HS,01_new construction,New construction ES,,,
307,CO-1420-1886,Conifer HS,01_new construction,New construction HS,,,
307,CO-1420-1886,Conifer HS,01_new construction,New construction K-8,,,
307,CO-1420-1886,Conifer HS,01_new construction,New construction MS,,,
307,CO-1420-1886,Conifer HS,01_new construction,New auditorium,,,
307,CO-1420-1886,Conifer HS,04_campus upgrade,Add shade structure(s),,0,
307,CO-1420-1886,Conifer HS,04_campus upgrade,Campus landscaping upgrade,,,
307,CO-1420-1886,Conifer HS,04_campus upgrade,Parking lot expansion,,,
307,CO-1420-1886,Conifer HS,04_campus upgrade,"Front of school branding, landscape upgrades",,1,
307,CO-1420-1886,Conifer HS,04_campus upgrade,Furniture upgrades,,0.45,
307,CO-1420-1886,Conifer HS,04_campus upgrade,Improve drop-off / pick-up zone,,0.875,
307,CO-1420-1886,Conifer HS,04_campus upgrade,New outdoor classroom,,0,
307,CO-1420-1886,Conifer HS,04_campus upgrade,Playground replacement (ages 2-5),,0,
307,CO-1420-1886,Conifer HS,04_campus upgrade,Playground replacement (ages 5-12),,0,
307,CO-1420-1886,Conifer HS,04_campus upgrade,Resurface asphalt,,,
307,CO-1420-1886,Conifer HS,04_campus upgrade,Resurface concrete,,,
307,CO-1420-1886,Conifer HS,04_campus upgrade,Artificial turf field replacement and track resurfacing - HS,,,
307,CO-1420-1886,Conifer HS,05_Modernization,Modernize admin,,0.888888889,
307,CO-1420-1886,Conifer HS,05_Modernization,Modernize classrooms,,0.644017361,
307,CO-1420-1886,Conifer HS,05_Modernization,Modernize gym / assembly space,,0.904166667,
307,CO-1420-1886,Conifer HS,05_Modernization,Modernize kitchen,,,
307,CO-1420-1886,Conifer HS,05_Modernization,Modernize cafeteria,,0.84375,
307,CO-1420-1886,Conifer HS,05_Modernization,Modernize multipurpose room,,Does not apply,
307,CO-1420-1886,Conifer HS,05_Modernization,Heavily modernize restrooms,,0.333333333,
307,CO-1420-1886,Conifer HS,05_Modernization,Heavily modernize STEM / CTE / specialized labs (MS/HS),,0.867045455,
307,CO-1420-1886,Conifer HS,05_Modernization,Lightly modernize corridors,,1,
307,CO-1420-1886,Conifer HS,05_Modernization,Lightly modernize entry lobby,,0.875,
307,CO-1420-1886,Conifer HS,05_Modernization,Lightly modernize library/media center,,,
307,CO-1420-1886,Conifer HS,04_campus upgrade,Security package,,0.801217949,
308,CO-1420-2093,Dakota Ridge HS,00_general,ADA compliance,,,
308,CO-1420-2093,Dakota Ridge HS,01_new construction,Demolition,,,
308,CO-1420-2093,Dakota Ridge HS,01_new construction,New construction ES,,,
308,CO-1420-2093,Dakota Ridge HS,01_new construction,New construction HS,,,
308,CO-1420-2093,Dakota Ridge HS,01_new construction,New construction K-8,,,
308,CO-1420-2093,Dakota Ridge HS,01_new construction,New construction MS,,,
308,CO-1420-2093,Dakota Ridge HS,01_new construction,New auditorium,,,
308,CO-1420-2093,Dakota Ridge HS,04_campus upgrade,Add shade structure(s),,0,
308,CO-1420-2093,Dakota Ridge HS,04_campus upgrade,Campus landscaping upgrade,,,
308,CO-1420-2093,Dakota Ridge HS,04_campus upgrade,Parking lot expansion,,,
308,CO-1420-2093,Dakota Ridge HS,04_campus upgrade,"Front of school branding, landscape upgrades",,0.9,
308,CO-1420-2093,Dakota Ridge HS,04_campus upgrade,Furniture upgrades,,0,
308,CO-1420-2093,Dakota Ridge HS,04_campus upgrade,Improve drop-off / pick-up zone,,1,
308,CO-1420-2093,Dakota Ridge HS,04_campus upgrade,New outdoor classroom,,0,
308,CO-1420-2093,Dakota Ridge HS,04_campus upgrade,Playground replacement (ages 2-5),,0,
308,CO-1420-2093,Dakota Ridge HS,04_campus upgrade,Playground replacement (ages 5-12),,0,
308,CO-1420-2093,Dakota Ridge HS,04_campus upgrade,Resurface asphalt,,,
308,CO-1420-2093,Dakota Ridge HS,04_campus upgrade,Resurface concrete,,,
308,CO-1420-2093,Dakota Ridge HS,04_campus upgrade,Artificial turf field replacement and track resurfacing - HS,,,
308,CO-1420-2093,Dakota Ridge HS,05_Modernization,Modernize admin,,0.85,
308,CO-1420-2093,Dakota Ridge HS,05_Modernization,Modernize classrooms,,0.602222222,
308,CO-1420-2093,Dakota Ridge HS,05_Modernization,Modernize gym / assembly space,,0.583333333,
308,CO-1420-2093,Dakota Ridge HS,05_Modernization,Modernize kitchen,,,
308,CO-1420-2093,Dakota Ridge HS,05_Modernization,Modernize cafeteria,,0.71875,
308,CO-1420-2093,Dakota Ridge HS,05_Modernization,Modernize multipurpose room,,Does not apply,
308,CO-1420-2093,Dakota Ridge HS,05_Modernization,Heavily modernize restrooms,,1,
308,CO-1420-2093,Dakota Ridge HS,05_Modernization,Heavily modernize STEM / CTE / specialized labs (MS/HS),,0.822727273,
308,CO-1420-2093,Dakota Ridge HS,05_Modernization,Lightly modernize corridors,,0.6,
308,CO-1420-2093,Dakota Ridge HS,05_Modernization,Lightly modernize entry lobby,,1,
308,CO-1420-2093,Dakota Ridge HS,05_Modernization,Lightly modernize library/media center,,,
308,CO-1420-2093,Dakota Ridge HS,04_campus upgrade,Security package,,0.805462963,
309,CO-1420-2836,Evergreen HS,00_general,ADA compliance,,,
309,CO-1420-2836,Evergreen HS,01_new construction,Demolition,,,
309,CO-1420-2836,Evergreen HS,01_new construction,New construction ES,,,
309,CO-1420-2836,Evergreen HS,01_new construction,New construction HS,,,
309,CO-1420-2836,Evergreen HS,01_new construction,New construction K-8,,,
309,CO-1420-2836,Evergreen HS,01_new construction,New construction MS,,,
309,CO-1420-2836,Evergreen HS,01_new construction,New auditorium,,,
309,CO-1420-2836,Evergreen HS,04_campus upgrade,Add shade structure(s),,0,
309,CO-1420-2836,Evergreen HS,04_campus upgrade,Campus landscaping upgrade,,,
309,CO-1420-2836,Evergreen HS,04_campus upgrade,Parking lot expansion,,,
309,CO-1420-2836,Evergreen HS,04_campus upgrade,"Front of school branding, landscape upgrades",,1,
309,CO-1420-2836,Evergreen HS,04_campus upgrade,Furniture upgrades,,0.45,
309,CO-1420-2836,Evergreen HS,04_campus upgrade,Improve drop-off / pick-up zone,,0.366666667,
309,CO-1420-2836,Evergreen HS,04_campus upgrade,New outdoor classroom,,1,
309,CO-1420-2836,Evergreen HS,04_campus upgrade,Playground replacement (ages 2-5),,0,
309,CO-1420-2836,Evergreen HS,04_campus upgrade,Playground replacement (ages 5-12),,0,
309,CO-1420-2836,Evergreen HS,04_campus upgrade,Resurface asphalt,,,
309,CO-1420-2836,Evergreen HS,04_campus upgrade,Resurface concrete,,,
309,CO-1420-2836,Evergreen HS,04_campus upgrade,Artificial turf field replacement and track resurfacing - HS,,,
309,CO-1420-2836,Evergreen HS,05_Modernization,Modernize admin,,1,
309,CO-1420-2836,Evergreen HS,05_Modernization,Modernize classrooms,,0.564659722,
309,CO-1420-2836,Evergreen HS,05_Modernization,Modernize gym / assembly space,,0.746666667,
309,CO-1420-2836,Evergreen HS,05_Modernization,Modernize kitchen,,,
309,CO-1420-2836,Evergreen HS,05_Modernization,Modernize cafeteria,,0.791666667,
309,CO-1420-2836,Evergreen HS,05_Modernization,Modernize multipurpose room,,Does not apply,
309,CO-1420-2836,Evergreen HS,05_Modernization,Heavily modernize restrooms,,0.666666667,
309,CO-1420-2836,Evergreen HS,05_Modernization,Heavily modernize STEM / CTE / specialized labs (MS/HS),,0.748484848,
309,CO-1420-2836,Evergreen HS,05_Modernization,Lightly modernize corridors,,1,
309,CO-1420-2836,Evergreen HS,05_Modernization,Lightly modernize entry lobby,,1,
309,CO-1420-2836,Evergreen HS,05_Modernization,Lightly modernize library/media center,,,
309,CO-1420-2836,Evergreen HS,04_campus upgrade,Security package,,0.8725,
310,CO-1420-3502,Golden HS,00_general,ADA compliance,,,
310,CO-1420-3502,Golden HS,01_new construction,Demolition,,,
310,CO-1420-3502,Golden HS,01_new construction,New construction ES,,,
310,CO-1420-3502,Golden HS,01_new construction,New construction HS,,,
310,CO-1420-3502,Golden HS,01_new construction,New construction K-8,,,
310,CO-1420-3502,Golden HS,01_new construction,New construction MS,,,
310,CO-1420-3502,Golden HS,01_new construction,New auditorium,,,
310,CO-1420-3502,Golden HS,04_campus upgrade,Add shade structure(s),,0,
310,CO-1420-3502,Golden HS,04_campus upgrade,Campus landscaping upgrade,,,
310,CO-1420-3502,Golden HS,04_campus upgrade,Parking lot expansion,,,
310,CO-1420-3502,Golden HS,04_campus upgrade,"Front of school branding, landscape upgrades",,1,
310,CO-1420-3502,Golden HS,04_campus upgrade,Furniture upgrades,,0.290322581,
310,CO-1420-3502,Golden HS,04_campus upgrade,Improve drop-off / pick-up zone,,0.8,
310,CO-1420-3502,Golden HS,04_campus upgrade,New outdoor classroom,,0,
310,CO-1420-3502,Golden HS,04_campus upgrade,Playground replacement (ages 2-5),,Does not apply,
310,CO-1420-3502,Golden HS,04_campus upgrade,Playground replacement (ages 5-12),,Does not apply,
310,CO-1420-3502,Golden HS,04_campus upgrade,Resurface asphalt,,,
310,CO-1420-3502,Golden HS,04_campus upgrade,Resurface concrete,,,
310,CO-1420-3502,Golden HS,04_campus upgrade,Artificial turf field replacement and track resurfacing - HS,,,
310,CO-1420-3502,Golden HS,05_Modernization,Modernize admin,,0.766666667,
310,CO-1420-3502,Golden HS,05_Modernization,Modernize classrooms,,0.681919147,
310,CO-1420-3502,Golden HS,05_Modernization,Modernize gym / assembly space,,0.735,
310,CO-1420-3502,Golden HS,05_Modernization,Modernize kitchen,,,
310,CO-1420-3502,Golden HS,05_Modernization,Modernize cafeteria,,0.614583333,
310,CO-1420-3502,Golden HS,05_Modernization,Modernize multipurpose room,,Does not apply,
310,CO-1420-3502,Golden HS,05_Modernization,Heavily modernize restrooms,,0.666666667,
310,CO-1420-3502,Golden HS,05_Modernization,Heavily modernize STEM / CTE / specialized labs (MS/HS),,0.80719697,
310,CO-1420-3502,Golden HS,05_Modernization,Lightly modernize corridors,,1,
310,CO-1420-3502,Golden HS,05_Modernization,Lightly modernize entry lobby,,0.625,
310,CO-1420-3502,Golden HS,05_Modernization,Lightly modernize library/media center,,,
310,CO-1420-3502,Golden HS,04_campus upgrade,Security package,,0.468333333,
311,CO-1420-3628,Green Mountain HS,00_general,ADA compliance,,,
311,CO-1420-3628,Green Mountain HS,01_new construction,Demolition,,,
311,CO-1420-3628,Green Mountain HS,01_new construction,New construction ES,,,
311,CO-1420-3628,Green Mountain HS,01_new construction,New construction HS,,,
311,CO-1420-3628,Green Mountain HS,01_new construction,New construction K-8,,,
311,CO-1420-3628,Green Mountain HS,01_new construction,New construction MS,,,
311,CO-1420-3628,Green Mountain HS,01_new construction,New auditorium,,,
311,CO-1420-3628,Green Mountain HS,04_campus upgrade,Add shade structure(s),,0,
311,CO-1420-3628,Green Mountain HS,04_campus upgrade,Campus landscaping upgrade,,,
311,CO-1420-3628,Green Mountain HS,04_campus upgrade,Parking lot expansion,,,
311,CO-1420-3628,Green Mountain HS,04_campus upgrade,"Front of school branding, landscape upgrades",,0.5875,
311,CO-1420-3628,Green Mountain HS,04_campus upgrade,Furniture upgrades,,0.818181818,
311,CO-1420-3628,Green Mountain HS,04_campus upgrade,Improve drop-off / pick-up zone,,0.775,
311,CO-1420-3628,Green Mountain HS,04_campus upgrade,New outdoor classroom,,0,
311,CO-1420-3628,Green Mountain HS,04_campus upgrade,Playground replacement (ages 2-5),,0,
311,CO-1420-3628,Green Mountain HS,04_campus upgrade,Playground replacement (ages 5-12),,0,
311,CO-1420-3628,Green Mountain HS,04_campus upgrade,Resurface asphalt,,,
311,CO-1420-3628,Green Mountain HS,04_campus upgrade,Resurface concrete,,,
311,CO-1420-3628,Green Mountain HS,04_campus upgrade,Artificial turf field replacement and track resurfacing - HS,,,
311,CO-1420-3628,Green Mountain HS,05_Modernization,Modernize admin,,0.361111111,
311,CO-1420-3628,Green Mountain HS,05_Modernization,Modernize classrooms,,0.662484623,
311,CO-1420-3628,Green Mountain HS,05_Modernization,Modernize gym / assembly space,,0.536041667,
311,CO-1420-3628,Green Mountain HS,05_Modernization,Modernize kitchen,,,
311,CO-1420-3628,Green Mountain HS,05_Modernization,Modernize cafeteria,,0.460416667,
311,CO-1420-3628,Green Mountain HS,05_Modernization,Modernize multipurpose room,,Does not apply,
311,CO-1420-3628,Green Mountain HS,05_Modernization,Heavily modernize restrooms,,0.333333333,
311,CO-1420-3628,Green Mountain HS,05_Modernization,Heavily modernize STEM / CTE / specialized labs (MS/HS),,0.818181818,
311,CO-1420-3628,Green Mountain HS,05_Modernization,Lightly modernize corridors,,0.2,
311,CO-1420-3628,Green Mountain HS,05_Modernization,Lightly modernize entry lobby,,0.733333333,
311,CO-1420-3628,Green Mountain HS,05_Modernization,Lightly modernize library/media center,,,
311,CO-1420-3628,Green Mountain HS,04_campus upgrade,Security package,,0.7325,
312,CO-1420-4942,Lakewood HS,00_general,ADA compliance,,,
312,CO-1420-4942,Lakewood HS,01_new construction,Demolition,,,
312,CO-1420-4942,Lakewood HS,01_new construction,New construction ES,,,
312,CO-1420-4942,Lakewood HS,01_new construction,New construction HS,,,
312,CO-1420-4942,Lakewood HS,01_new construction,New construction K-8,,,
312,CO-1420-4942,Lakewood HS,01_new construction,New construction MS,,,
312,CO-1420-4942,Lakewood HS,01_new construction,New auditorium,,,
312,CO-1420-4942,Lakewood HS,04_campus upgrade,Add shade structure(s),,0,
312,CO-1420-4942,Lakewood HS,04_campus upgrade,Campus landscaping upgrade,,,
312,CO-1420-4942,Lakewood HS,04_campus upgrade,Parking lot expansion,,,
312,CO-1420-4942,Lakewood HS,04_campus upgrade,"Front of school branding, landscape upgrades",,1,
312,CO-1420-4942,Lakewood HS,04_campus upgrade,Furniture upgrades,,0.225,
312,CO-1420-4942,Lakewood HS,04_campus upgrade,Improve drop-off / pick-up zone,,0.675,
312,CO-1420-4942,Lakewood HS,04_campus upgrade,New outdoor classroom,,0,
312,CO-1420-4942,Lakewood HS,04_campus upgrade,Playground replacement (ages 2-5),,0,
312,CO-1420-4942,Lakewood HS,04_campus upgrade,Playground replacement (ages 5-12),,0,
312,CO-1420-4942,Lakewood HS,04_campus upgrade,Resurface asphalt,,,
312,CO-1420-4942,Lakewood HS,04_campus upgrade,Resurface concrete,,,
312,CO-1420-4942,Lakewood HS,04_campus upgrade,Artificial turf field replacement and track resurfacing - HS,,,
312,CO-1420-4942,Lakewood HS,05_Modernization,Modernize admin,,0.822222222,
312,CO-1420-4942,Lakewood HS,05_Modernization,Modernize classrooms,,0.579826389,
312,CO-1420-4942,Lakewood HS,05_Modernization,Modernize gym / assembly space,,0.935,
312,CO-1420-4942,Lakewood HS,05_Modernization,Modernize kitchen,,,
312,CO-1420-4942,Lakewood HS,05_Modernization,Modernize cafeteria,,1,
312,CO-1420-4942,Lakewood HS,05_Modernization,Modernize multipurpose room,,Does not apply,
312,CO-1420-4942,Lakewood HS,05_Modernization,Heavily modernize restrooms,,1,
312,CO-1420-4942,Lakewood HS,05_Modernization,Heavily modernize STEM / CTE / specialized labs (MS/HS),,0.785416667,
312,CO-1420-4942,Lakewood HS,05_Modernization,Lightly modernize corridors,,0.8,
312,CO-1420-4942,Lakewood HS,05_Modernization,Lightly modernize entry lobby,,0.75,
312,CO-1420-4942,Lakewood HS,05_Modernization,Lightly modernize library/media center,,,
312,CO-1420-4942,Lakewood HS,04_campus upgrade,Security package,,0.591,
313,CO-1420-5623,Long View HS,00_general,ADA compliance,,,
313,CO-1420-5623,Long View HS,01_new construction,Demolition,,,
313,CO-1420-5623,Long View HS,01_new construction,New construction ES,,,
313,CO-1420-5623,Long View HS,01_new construction,New construction HS,,,
313,CO-1420-5623,Long View HS,01_new construction,New construction K-8,,,
313,CO-1420-5623,Long View HS,01_new construction,New construction MS,,,
313,CO-1420-5623,Long View HS,01_new construction,New auditorium,,,
313,CO-1420-5623,Long View HS,04_campus upgrade,Add shade structure(s),,0,
313,CO-1420-5623,Long View HS,04_campus upgrade,Campus landscaping upgrade,,,
313,CO-1420-5623,Long View HS,04_campus upgrade,Parking lot expansion,,,
313,CO-1420-5623,Long View HS,04_campus upgrade,"Front of school branding, landscape upgrades",,0.575,
313,CO-1420-5623,Long View HS,04_campus upgrade,Furniture upgrades,,1,
313,CO-1420-5623,Long View HS,04_campus upgrade,Improve drop-off / pick-up zone,,0.25,
313,CO-1420-5623,Long View HS,04_campus upgrade,New outdoor classroom,,0,
313,CO-1420-5623,Long View HS,04_campus upgrade,Playground replacement (ages 2-5),,0,
313,CO-1420-5623,Long View HS,04_campus upgrade,Playground replacement (ages 5-12),,0,
313,CO-1420-5623,Long View HS,04_campus upgrade,Resurface asphalt,,,
313,CO-1420-5623,Long View HS,04_campus upgrade,Resurface concrete,,,
313,CO-1420-5623,Long View HS,04_campus upgrade,Artificial turf field replacement and track resurfacing - HS,,,
313,CO-1420-5623,Long View HS,05_Modernization,Modernize admin,,1,
313,CO-1420-5623,Long View HS,05_Modernization,Modernize classrooms,,0.730090278,
313,CO-1420-5623,Long View HS,05_Modernization,Modernize gym / assembly space,,Does not apply,
313,CO-1420-5623,Long View HS,05_Modernization,Modernize kitchen,,,
313,CO-1420-5623,Long View HS,05_Modernization,Modernize cafeteria,,Does not apply,
313,CO-1420-5623,Long View HS,05_Modernization,Modernize multipurpose room,,Does not apply,
313,CO-1420-5623,Long View HS,05_Modernization,Heavily modernize restrooms,,0.666666667,
313,CO-1420-5623,Long View HS,05_Modernization,Heavily modernize STEM / CTE / specialized labs (MS/HS),,Does not apply,
313,CO-1420-5623,Long View HS,05_Modernization,Lightly modernize corridors,,0.8,
313,CO-1420-5623,Long View HS,05_Modernization,Lightly modernize entry lobby,,0.45,
313,CO-1420-5623,Long View HS,05_Modernization,Lightly modernize library/media center,,,
313,CO-1420-5623,Long View HS,04_campus upgrade,Security package,,0.48,
314,CO-1420-0033,McLain Community HS,00_general,ADA compliance,,,
314,CO-1420-0033,McLain Community HS,01_new construction,Demolition,,,
314,CO-1420-0033,McLain Community HS,01_new construction,New construction ES,,,
314,CO-1420-0033,McLain Community HS,01_new construction,New construction HS,,,
314,CO-1420-0033,McLain Community HS,01_new construction,New construction K-8,,,
314,CO-1420-0033,McLain Community HS,01_new construction,New construction MS,,,
314,CO-1420-0033,McLain Community HS,01_new construction,New auditorium,,,
314,CO-1420-0033,McLain Community HS,04_campus upgrade,Add shade structure(s),,0,
314,CO-1420-0033,McLain Community HS,04_campus upgrade,Campus landscaping upgrade,,,
314,CO-1420-0033,McLain Community HS,04_campus upgrade,Parking lot expansion,,,
314,CO-1420-0033,McLain Community HS,04_campus upgrade,"Front of school branding, landscape upgrades",,0.7375,
314,CO-1420-0033,McLain Community HS,04_campus upgrade,Furniture upgrades,,0,
314,CO-1420-0033,McLain Community HS,04_campus upgrade,Improve drop-off / pick-up zone,,0.775,
314,CO-1420-0033,McLain Community HS,04_campus upgrade,New outdoor classroom,,0,
314,CO-1420-0033,McLain Community HS,04_campus upgrade,Playground replacement (ages 2-5),,0,
314,CO-1420-0033,McLain Community HS,04_campus upgrade,Playground replacement (ages 5-12),,0,
314,CO-1420-0033,McLain Community HS,04_campus upgrade,Resurface asphalt,,,
314,CO-1420-0033,McLain Community HS,04_campus upgrade,Resurface concrete,,,
314,CO-1420-0033,McLain Community HS,04_campus upgrade,Artificial turf field replacement and track resurfacing - HS,,,
314,CO-1420-0033,McLain Community HS,05_Modernization,Modernize admin,,0.45,
314,CO-1420-0033,McLain Community HS,05_Modernization,Modernize classrooms,,0.612996528,
314,CO-1420-0033,McLain Community HS,05_Modernization,Modernize gym / assembly space,,Does not apply,
314,CO-1420-0033,McLain Community HS,05_Modernization,Modernize kitchen,,,
314,CO-1420-0033,McLain Community HS,05_Modernization,Modernize cafeteria,,0.204166667,
314,CO-1420-0033,McLain Community HS,05_Modernization,Modernize multipurpose room,,Does not apply,
314,CO-1420-0033,McLain Community HS,05_Modernization,Heavily modernize restrooms,,1,
314,CO-1420-0033,McLain Community HS,05_Modernization,Heavily modernize STEM / CTE / specialized labs (MS/HS),,0.659659091,
314,CO-1420-0033,McLain Community HS,05_Modernization,Lightly modernize corridors,,0.4,
314,CO-1420-0033,McLain Community HS,05_Modernization,Lightly modernize entry lobby,,0,
314,CO-1420-0033,McLain Community HS,05_Modernization,Lightly modernize library/media center,,,
314,CO-1420-0033,McLain Community HS,04_campus upgrade,Security package,,0.478214286,
315,CO-1420-7239,Ralston Valley HS,00_general,ADA compliance,,,
315,CO-1420-7239,Ralston Valley HS,01_new construction,Demolition,,,
315,CO-1420-7239,Ralston Valley HS,01_new construction,New construction ES,,,
315,CO-1420-7239,Ralston Valley HS,01_new construction,New construction HS,,,
315,CO-1420-7239,Ralston Valley HS,01_new construction,New construction K-8,,,
315,CO-1420-7239,Ralston Valley HS,01_new construction,New construction MS,,,
315,CO-1420-7239,Ralston Valley HS,01_new construction,New auditorium,,,
315,CO-1420-7239,Ralston Valley HS,04_campus upgrade,Add shade structure(s),,0,
315,CO-1420-7239,Ralston Valley HS,04_campus upgrade,Campus landscaping upgrade,,,
315,CO-1420-7239,Ralston Valley HS,04_campus upgrade,Parking lot expansion,,,
315,CO-1420-7239,Ralston Valley HS,04_campus upgrade,"Front of school branding, landscape upgrades",,0.9,
315,CO-1420-7239,Ralston Valley HS,04_campus upgrade,Furniture upgrades,,0,
315,CO-1420-7239,Ralston Valley HS,04_campus upgrade,Improve drop-off / pick-up zone,,1,
315,CO-1420-7239,Ralston Valley HS,04_campus upgrade,New outdoor classroom,,0,
315,CO-1420-7239,Ralston Valley HS,04_campus upgrade,Playground replacement (ages 2-5),,0,
315,CO-1420-7239,Ralston Valley HS,04_campus upgrade,Playground replacement (ages 5-12),,0,
315,CO-1420-7239,Ralston Valley HS,04_campus upgrade,Resurface asphalt,,,
315,CO-1420-7239,Ralston Valley HS,04_campus upgrade,Resurface concrete,,,
315,CO-1420-7239,Ralston Valley HS,04_campus upgrade,Artificial turf field replacement and track resurfacing - HS,,,
315,CO-1420-7239,Ralston Valley HS,05_Modernization,Modernize admin,,1,
315,CO-1420-7239,Ralston Valley HS,05_Modernization,Modernize classrooms,,0.696703259,
315,CO-1420-7239,Ralston Valley HS,05_Modernization,Modernize gym / assembly space,,0.486666667,
315,CO-1420-7239,Ralston Valley HS,05_Modernization,Modernize kitchen,,,
315,CO-1420-7239,Ralston Valley HS,05_Modernization,Modernize cafeteria,,0.627083333,
315,CO-1420-7239,Ralston Valley HS,05_Modernization,Modernize multipurpose room,,Does not apply,
315,CO-1420-7239,Ralston Valley HS,05_Modernization,Heavily modernize restrooms,,0,
315,CO-1420-7239,Ralston Valley HS,05_Modernization,Heavily modernize STEM / CTE / specialized labs (MS/HS),,0.626136364,
315,CO-1420-7239,Ralston Valley HS,05_Modernization,Lightly modernize corridors,,0.8,
315,CO-1420-7239,Ralston Valley HS,05_Modernization,Lightly modernize entry lobby,,0.875,
315,CO-1420-7239,Ralston Valley HS,05_Modernization,Lightly modernize library/media center,,,
315,CO-1420-7239,Ralston Valley HS,04_campus upgrade,Security package,,0.6725,
316,CO-1420-8209,Standley Lake HS,00_general,ADA compliance,,,
316,CO-1420-8209,Standley Lake HS,01_new construction,Demolition,,,
316,CO-1420-8209,Standley Lake HS,01_new construction,New construction ES,,,
316,CO-1420-8209,Standley Lake HS,01_new construction,New construction HS,,,
316,CO-1420-8209,Standley Lake HS,01_new construction,New construction K-8,,,
316,CO-1420-8209,Standley Lake HS,01_new construction,New construction MS,,,
316,CO-1420-8209,Standley Lake HS,01_new construction,New auditorium,,,
316,CO-1420-8209,Standley Lake HS,04_campus upgrade,Add shade structure(s),,1,
316,CO-1420-8209,Standley Lake HS,04_campus upgrade,Campus landscaping upgrade,,,
316,CO-1420-8209,Standley Lake HS,04_campus upgrade,Parking lot expansion,,,
316,CO-1420-8209,Standley Lake HS,04_campus upgrade,"Front of school branding, landscape upgrades",,0.9,
316,CO-1420-8209,Standley Lake HS,04_campus upgrade,Furniture upgrades,,0,
316,CO-1420-8209,Standley Lake HS,04_campus upgrade,Improve drop-off / pick-up zone,,1,
316,CO-1420-8209,Standley Lake HS,04_campus upgrade,New outdoor classroom,,1,
316,CO-1420-8209,Standley Lake HS,04_campus upgrade,Playground replacement (ages 2-5),,0.75,
316,CO-1420-8209,Standley Lake HS,04_campus upgrade,Playground replacement (ages 5-12),,0.75,
316,CO-1420-8209,Standley Lake HS,04_campus upgrade,Resurface asphalt,,,
316,CO-1420-8209,Standley Lake HS,04_campus upgrade,Resurface concrete,,,
316,CO-1420-8209,Standley Lake HS,04_campus upgrade,Artificial turf field replacement and track resurfacing - HS,,,
316,CO-1420-8209,Standley Lake HS,05_Modernization,Modernize admin,,0.2,
316,CO-1420-8209,Standley Lake HS,05_Modernization,Modernize classrooms,,0.61803373,
316,CO-1420-8209,Standley Lake HS,05_Modernization,Modernize gym / assembly space,,0.66125,
316,CO-1420-8209,Standley Lake HS,05_Modernization,Modernize kitchen,,,
316,CO-1420-8209,Standley Lake HS,05_Modernization,Modernize cafeteria,,0.1875,
316,CO-1420-8209,Standley Lake HS,05_Modernization,Modernize multipurpose room,,Does not apply,
316,CO-1420-8209,Standley Lake HS,05_Modernization,Heavily modernize restrooms,,0.333333333,
316,CO-1420-8209,Standley Lake HS,05_Modernization,Heavily modernize STEM / CTE / specialized labs (MS/HS),,0.576515152,
316,CO-1420-8209,Standley Lake HS,05_Modernization,Lightly modernize corridors,,0.4,
316,CO-1420-8209,Standley Lake HS,05_Modernization,Lightly modernize entry lobby,,0.875,
316,CO-1420-8209,Standley Lake HS,05_Modernization,Lightly modernize library/media center,,,
316,CO-1420-8209,Standley Lake HS,04_campus upgrade,Security package,,0.77037037,
317,CO-1420-9510,Wheat Ridge HS,00_general,ADA compliance,,,
317,CO-1420-9510,Wheat Ridge HS,01_new construction,Demolition,,,
317,CO-1420-9510,Wheat Ridge HS,01_new construction,New construction ES,,,
317,CO-1420-9510,Wheat Ridge HS,01_new construction,New construction HS,,,
317,CO-1420-9510,Wheat Ridge HS,01_new construction,New construction K-8,,,
317,CO-1420-9510,Wheat Ridge HS,01_new construction,New construction MS,,,
317,CO-1420-9510,Wheat Ridge HS,01_new construction,New auditorium,,,
317,CO-1420-9510,Wheat Ridge HS,04_campus upgrade,Add shade structure(s),,0,
317,CO-1420-9510,Wheat Ridge HS,04_campus upgrade,Campus landscaping upgrade,,,
317,CO-1420-9510,Wheat Ridge HS,04_campus upgrade,Parking lot expansion,,,
317,CO-1420-9510,Wheat Ridge HS,04_campus upgrade,"Front of school branding, landscape upgrades",,1,
317,CO-1420-9510,Wheat Ridge HS,04_campus upgrade,Furniture upgrades,,,
317,CO-1420-9510,Wheat Ridge HS,04_campus upgrade,Improve drop-off / pick-up zone,,1,
317,CO-1420-9510,Wheat Ridge HS,04_campus upgrade,New outdoor classroom,,0,
317,CO-1420-9510,Wheat Ridge HS,04_campus upgrade,Playground replacement (ages 2-5),,0,
317,CO-1420-9510,Wheat Ridge HS,04_campus upgrade,Playground replacement (ages 5-12),,0,
317,CO-1420-9510,Wheat Ridge HS,04_campus upgrade,Resurface asphalt,,,
317,CO-1420-9510,Wheat Ridge HS,04_campus upgrade,Resurface concrete,,,
317,CO-1420-9510,Wheat Ridge HS,04_campus upgrade,Artificial turf field replacement and track resurfacing - HS,,,
317,CO-1420-9510,Wheat Ridge HS,05_Modernization,Modernize admin,,,
317,CO-1420-9510,Wheat Ridge HS,05_Modernization,Modernize classrooms,,,
317,CO-1420-9510,Wheat Ridge HS,05_Modernization,Modernize gym / assembly space,,Does not apply,
317,CO-1420-9510,Wheat Ridge HS,05_Modernization,Modernize kitchen,,,
317,CO-1420-9510,Wheat Ridge HS,05_Modernization,Modernize cafeteria,,Does not apply,
317,CO-1420-9510,Wheat Ridge HS,05_Modernization,Modernize multipurpose room,,Does not apply,
317,CO-1420-9510,Wheat Ridge HS,05_Modernization,Heavily modernize restrooms,,,
317,CO-1420-9510,Wheat Ridge HS,05_Modernization,Heavily modernize STEM / CTE / specialized labs (MS/HS),,Does not apply,
317,CO-1420-9510,Wheat Ridge HS,05_Modernization,Lightly modernize corridors,,,
317,CO-1420-9510,Wheat Ridge HS,05_Modernization,Lightly modernize entry lobby,,,
317,CO-1420-9510,Wheat Ridge HS,05_Modernization,Lightly modernize library/media center,,,
317,CO-1420-9510,Wheat Ridge HS,04_campus upgrade,Security package,,0.1125,
401,CO-1420-9234,Warren Tech Central,00_general,ADA compliance,,,
401,CO-1420-9234,Warren Tech Central,01_new construction,Demolition,,,
401,CO-1420-9234,Warren Tech Central,01_new construction,New construction ES,,,
401,CO-1420-9234,Warren Tech Central,01_new construction,New construction HS,,,
401,CO-1420-9234,Warren Tech Central,01_new construction,New construction K-8,,,
401,CO-1420-9234,Warren Tech Central,01_new construction,New construction MS,,,
401,CO-1420-9234,Warren Tech Central,01_new construction,New auditorium,,,
401,CO-1420-9234,Warren Tech Central,04_campus upgrade,Add shade structure(s),,0,
401,CO-1420-9234,Warren Tech Central,04_campus upgrade,Campus landscaping upgrade,,,
401,CO-1420-9234,Warren Tech Central,04_campus upgrade,Parking lot expansion,,,
401,CO-1420-9234,Warren Tech Central,04_campus upgrade,"Front of school branding, landscape upgrades",,0.4875,
401,CO-1420-9234,Warren Tech Central,04_campus upgrade,Furniture upgrades,,0.290322581,
401,CO-1420-9234,Warren Tech Central,04_campus upgrade,Improve drop-off / pick-up zone,,0.675,
401,CO-1420-9234,Warren Tech Central,04_campus upgrade,New outdoor classroom,,0,
401,CO-1420-9234,Warren Tech Central,04_campus upgrade,Playground replacement (ages 2-5),,0,
401,CO-1420-9234,Warren Tech Central,04_campus upgrade,Playground replacement (ages 5-12),,0,
401,CO-1420-9234,Warren Tech Central,04_campus upgrade,Resurface asphalt,,,
401,CO-1420-9234,Warren Tech Central,04_campus upgrade,Resurface concrete,,,
401,CO-1420-9234,Warren Tech Central,04_campus upgrade,Artificial turf field replacement and track resurfacing - HS,,,
401,CO-1420-9234,Warren Tech Central,05_Modernization,Modernize admin,,0.627777778,
401,CO-1420-9234,Warren Tech Central,05_Modernization,Modernize classrooms,,0.501430556,
401,CO-1420-9234,Warren Tech Central,05_Modernization,Modernize gym / assembly space,,Does not apply,
401,CO-1420-9234,Warren Tech Central,05_Modernization,Modernize kitchen,,,
401,CO-1420-9234,Warren Tech Central,05_Modernization,Modernize cafeteria,,Does not apply,
401,CO-1420-9234,Warren Tech Central,05_Modernization,Modernize multipurpose room,,Does not apply,
401,CO-1420-9234,Warren Tech Central,05_Modernization,Heavily modernize restrooms,,0.666666667,
401,CO-1420-9234,Warren Tech Central,05_Modernization,Heavily modernize STEM / CTE / specialized labs (MS/HS),,Does not apply,
401,CO-1420-9234,Warren Tech Central,05_Modernization,Lightly modernize corridors,,0.6,
401,CO-1420-9234,Warren Tech Central,05_Modernization,Lightly modernize entry lobby,,0.45,
401,CO-1420-9234,Warren Tech Central,05_Modernization,Lightly modernize library/media center,,,
401,CO-1420-9234,Warren Tech Central,04_campus upgrade,Security package,,0.522857143,
402,CO-1420-9245,Warren Tech North,00_general,ADA compliance,,,
402,CO-1420-9245,Warren Tech North,01_new construction,Demolition,,,
402,CO-1420-9245,Warren Tech North,01_new construction,New construction ES,,,
402,CO-1420-9245,Warren Tech North,01_new construction,New construction HS,,,
402,CO-1420-9245,Warren Tech North,01_new construction,New construction K-8,,,
402,CO-1420-9245,Warren Tech North,01_new construction,New construction MS,,,
402,CO-1420-9245,Warren Tech North,01_new construction,New auditorium,,,
402,CO-1420-9245,Warren Tech North,04_campus upgrade,Add shade structure(s),,0,
402,CO-1420-9245,Warren Tech North,04_campus upgrade,Campus landscaping upgrade,,,
402,CO-1420-9245,Warren Tech North,04_campus upgrade,Parking lot expansion,,,
402,CO-1420-9245,Warren Tech North,04_campus upgrade,"Front of school branding, landscape upgrades",,0.9,
402,CO-1420-9245,Warren Tech North,04_campus upgrade,Furniture upgrades,,0,
402,CO-1420-9245,Warren Tech North,04_campus upgrade,Improve drop-off / pick-up zone,,0.633333333,
402,CO-1420-9245,Warren Tech North,04_campus upgrade,New outdoor classroom,,0,
402,CO-1420-9245,Warren Tech North,04_campus upgrade,Playground replacement (ages 2-5),,Does not apply,
402,CO-1420-9245,Warren Tech North,04_campus upgrade,Playground replacement (ages 5-12),,Does not apply,
402,CO-1420-9245,Warren Tech North,04_campus upgrade,Resurface asphalt,,,
402,CO-1420-9245,Warren Tech North,04_campus upgrade,Resurface concrete,,,
402,CO-1420-9245,Warren Tech North,04_campus upgrade,Artificial turf field replacement and track resurfacing - HS,,,
402,CO-1420-9245,Warren Tech North,05_Modernization,Modernize admin,,0.65,
402,CO-1420-9245,Warren Tech North,05_Modernization,Modernize classrooms,,0.546773504,
402,CO-1420-9245,Warren Tech North,05_Modernization,Modernize gym / assembly space,,Does not apply,
402,CO-1420-9245,Warren Tech North,05_Modernization,Modernize kitchen,,,
402,CO-1420-9245,Warren Tech North,05_Modernization,Modernize cafeteria,,Does not apply,
402,CO-1420-9245,Warren Tech North,05_Modernization,Modernize multipurpose room,,Does not apply,
402,CO-1420-9245,Warren Tech North,05_Modernization,Heavily modernize restrooms,,0.666666667,
402,CO-1420-9245,Warren Tech North,05_Modernization,Heavily modernize STEM / CTE / specialized labs (MS/HS),,0.498484848,
402,CO-1420-9245,Warren Tech North,05_Modernization,Lightly modernize corridors,,0.8,
402,CO-1420-9245,Warren Tech North,05_Modernization,Lightly modernize entry lobby,,0.875,
402,CO-1420-9245,Warren Tech North,05_Modernization,Lightly modernize library/media center,,,
402,CO-1420-9245,Warren Tech North,04_campus upgrade,Security package,,0.685277778,
403,CO-1420-1001,Warren Tech South,00_general,ADA compliance,,,
403,CO-1420-1001,Warren Tech South,01_new construction,Demolition,,,
403,CO-1420-1001,Warren Tech South,01_new construction,New construction ES,,,
403,CO-1420-1001,Warren Tech South,01_new construction,New construction HS,,,
403,CO-1420-1001,Warren Tech South,01_new construction,New construction K-8,,,
403,CO-1420-1001,Warren Tech South,01_new construction,New construction MS,,,
403,CO-1420-1001,Warren Tech South,01_new construction,New auditorium,,,
403,CO-1420-1001,Warren Tech South,04_campus upgrade,Add shade structure(s),,0,
403,CO-1420-1001,Warren Tech South,04_campus upgrade,Campus landscaping upgrade,,,
403,CO-1420-1001,Warren Tech South,04_campus upgrade,Parking lot expansion,,,
403,CO-1420-1001,Warren Tech South,04_campus upgrade,"Front of school branding, landscape upgrades",,0.9,
403,CO-1420-1001,Warren Tech South,04_campus upgrade,Furniture upgrades,,0.45,
403,CO-1420-1001,Warren Tech South,04_campus upgrade,Improve drop-off / pick-up zone,,0.8,
403,CO-1420-1001,Warren Tech South,04_campus upgrade,New outdoor classroom,,0,
403,CO-1420-1001,Warren Tech South,04_campus upgrade,Playground replacement (ages 2-5),,Does not apply,
403,CO-1420-1001,Warren Tech South,04_campus upgrade,Playground replacement (ages 5-12),,Does not apply,
403,CO-1420-1001,Warren Tech South,04_campus upgrade,Resurface asphalt,,,
403,CO-1420-1001,Warren Tech South,04_campus upgrade,Resurface concrete,,,
403,CO-1420-1001,Warren Tech South,04_campus upgrade,Artificial turf field replacement and track resurfacing - HS,,,
403,CO-1420-1001,Warren Tech South,05_Modernization,Modernize admin,,1,
403,CO-1420-1001,Warren Tech South,05_Modernization,Modernize classrooms,,0.714013889,
403,CO-1420-1001,Warren Tech South,05_Modernization,Modernize gym / assembly space,,Does not apply,
403,CO-1420-1001,Warren Tech South,05_Modernization,Modernize kitchen,,,
403,CO-1420-1001,Warren Tech South,05_Modernization,Modernize cafeteria,,Does not apply,
403,CO-1420-1001,Warren Tech South,05_Modernization,Modernize multipurpose room,,Does not apply,
403,CO-1420-1001,Warren Tech South,05_Modernization,Heavily modernize restrooms,,1,
403,CO-1420-1001,Warren Tech South,05_Modernization,Heavily modernize STEM / CTE / specialized labs (MS/HS),,0.669002525,
403,CO-1420-1001,Warren Tech South,05_Modernization,Lightly modernize corridors,,1,
403,CO-1420-1001,Warren Tech South,05_Modernization,Lightly modernize entry lobby,,0.925,
403,CO-1420-1001,Warren Tech South,05_Modernization,Lightly modernize library/media center,,,
403,CO-1420-1001,Warren Tech South,04_campus upgrade,Security package,,0.844,
501,CO-1420-5892,Fletcher Miller Special School,00_general,ADA compliance,,,
501,CO-1420-5892,Fletcher Miller Special School,01_new construction,Demolition,,,
501,CO-1420-5892,Fletcher Miller Special School,01_new construction,New construction ES,,,
501,CO-1420-5892,Fletcher Miller Special School,01_new construction,New construction HS,,,
501,CO-1420-5892,Fletcher Miller Special School,01_new construction,New construction K-8,,,
501,CO-1420-5892,Fletcher Miller Special School,01_new construction,New construction MS,,,
501,CO-1420-5892,Fletcher Miller Special School,01_new construction,New auditorium,,,
501,CO-1420-5892,Fletcher Miller Special School,04_campus upgrade,Add shade structure(s),,,
501,CO-1420-5892,Fletcher Miller Special School,04_campus upgrade,Campus landscaping upgrade,,,
501,CO-1420-5892,Fletcher Miller Special School,04_campus upgrade,Parking lot expansion,,,
501,CO-1420-5892,Fletcher Miller Special School,04_campus upgrade,"Front of school branding, landscape upgrades",,,
501,CO-1420-5892,Fletcher Miller Special School,04_campus upgrade,Furniture upgrades,,,
501,CO-1420-5892,Fletcher Miller Special School,04_campus upgrade,Improve drop-off / pick-up zone,,,
501,CO-1420-5892,Fletcher Miller Special School,04_campus upgrade,New outdoor classroom,,,
501,CO-1420-5892,Fletcher Miller Special School,04_campus upgrade,Playground replacement (ages 2-5),,,
501,CO-1420-5892,Fletcher Miller Special School,04_campus upgrade,Playground replacement (ages 5-12),,,
501,CO-1420-5892,Fletcher Miller Special School,04_campus upgrade,Resurface asphalt,,,
501,CO-1420-5892,Fletcher Miller Special School,04_campus upgrade,Resurface concrete,,,
501,CO-1420-5892,Fletcher Miller Special School,04_campus upgrade,Artificial turf field replacement and track resurfacing - HS,,,
501,CO-1420-5892,Fletcher Miller Special School,05_Modernization,Modernize admin,,,
501,CO-1420-5892,Fletcher Miller Special School,05_Modernization,Modernize classrooms,,,
501,CO-1420-5892,Fletcher Miller Special School,05_Modernization,Modernize gym / assembly space,,,
501,CO-1420-5892,Fletcher Miller Special School,05_Modernization,Modernize kitchen,,,
501,CO-1420-5892,Fletcher Miller Special School,05_Modernization,Modernize cafeteria,,,
501,CO-1420-5892,Fletcher Miller Special School,05_Modernization,Modernize multipurpose room,,,
501,CO-1420-5892,Fletcher Miller Special School,05_Modernization,Heavily modernize restrooms,,,
501,CO-1420-5892,Fletcher Miller Special School,05_Modernization,Heavily modernize STEM / CTE / specialized labs (MS/HS),,,
501,CO-1420-5892,Fletcher Miller Special School,05_Modernization,Lightly modernize corridors,,,
501,CO-1420-5892,Fletcher Miller Special School,05_Modernization,Lightly modernize entry lobby,,,
501,CO-1420-5892,Fletcher Miller Special School,05_Modernization,Lightly modernize library/media center,,,
501,CO-1420-5892,Fletcher Miller Special School,04_campus upgrade,Security package,,,
502,CO-1420-3088,Foster Dual Language PK-8,00_general,ADA compliance,,,
502,CO-1420-3088,Foster Dual Language PK-8,01_new construction,Demolition,,,
502,CO-1420-3088,Foster Dual Language PK-8,01_new construction,New construction ES,,,
502,CO-1420-3088,Foster Dual Language PK-8,01_new construction,New construction HS,,,
502,CO-1420-3088,Foster Dual Language PK-8,01_new construction,New construction K-8,,,
502,CO-1420-3088,Foster Dual Language PK-8,01_new construction,New construction MS,,,
502,CO-1420-3088,Foster Dual Language PK-8,01_new construction,New auditorium,,,
502,CO-1420-3088,Foster Dual Language PK-8,04_campus upgrade,Add shade structure(s),,1,
502,CO-1420-3088,Foster Dual Language PK-8,04_campus upgrade,Campus landscaping upgrade,,,
502,CO-1420-3088,Foster Dual Language PK-8,04_campus upgrade,Parking lot expansion,,,
502,CO-1420-3088,Foster Dual Language PK-8,04_campus upgrade,"Front of school branding, landscape upgrades",,1,
502,CO-1420-3088,Foster Dual Language PK-8,04_campus upgrade,Furniture upgrades,,0.9,
502,CO-1420-3088,Foster Dual Language PK-8,04_campus upgrade,Improve drop-off / pick-up zone,,0.666666667,
502,CO-1420-3088,Foster Dual Language PK-8,04_campus upgrade,New outdoor classroom,,1,
502,CO-1420-3088,Foster Dual Language PK-8,04_campus upgrade,Playground replacement (ages 2-5),,0.75,
502,CO-1420-3088,Foster Dual Language PK-8,04_campus upgrade,Playground replacement (ages 5-12),,0.75,
502,CO-1420-3088,Foster Dual Language PK-8,04_campus upgrade,Resurface asphalt,,,
502,CO-1420-3088,Foster Dual Language PK-8,04_campus upgrade,Resurface concrete,,,
502,CO-1420-3088,Foster Dual Language PK-8,04_campus upgrade,Artificial turf field replacement and track resurfacing - HS,,,
502,CO-1420-3088,Foster Dual Language PK-8,05_Modernization,Modernize admin,,0.866666667,
502,CO-1420-3088,Foster Dual Language PK-8,05_Modernization,Modernize classrooms,,0.746784722,
502,CO-1420-3088,Foster Dual Language PK-8,05_Modernization,Modernize gym / assembly space,,0.360416667,
502,CO-1420-3088,Foster Dual Language PK-8,05_Modernization,Modernize kitchen,,,
502,CO-1420-3088,Foster Dual Language PK-8,05_Modernization,Modernize cafeteria,,0.475,
502,CO-1420-3088,Foster Dual Language PK-8,05_Modernization,Modernize multipurpose room,,Does not apply,
502,CO-1420-3088,Foster Dual Language PK-8,05_Modernization,Heavily modernize restrooms,,0.333333333,
502,CO-1420-3088,Foster Dual Language PK-8,05_Modernization,Heavily modernize STEM / CTE / specialized labs (MS/HS),,0.835227273,
502,CO-1420-3088,Foster Dual Language PK-8,05_Modernization,Lightly modernize corridors,,0.6,
502,CO-1420-3088,Foster Dual Language PK-8,05_Modernization,Lightly modernize entry lobby,,1,
502,CO-1420-3088,Foster Dual Language PK-8,05_Modernization,Lightly modernize library/media center,,,
502,CO-1420-3088,Foster Dual Language PK-8,04_campus upgrade,Security package,,0.799642857,
503,CO-1420-3201,Free Horizon Montessori,00_general,ADA compliance,,,
503,CO-1420-3201,Free Horizon Montessori,01_new construction,Demolition,,,
503,CO-1420-3201,Free Horizon Montessori,01_new construction,New construction ES,,,
503,CO-1420-3201,Free Horizon Montessori,01_new construction,New construction HS,,,
503,CO-1420-3201,Free Horizon Montessori,01_new construction,New construction K-8,,,
503,CO-1420-3201,Free Horizon Montessori,01_new construction,New construction MS,,,
503,CO-1420-3201,Free Horizon Montessori,01_new construction,New auditorium,,,
503,CO-1420-3201,Free Horizon Montessori,04_campus upgrade,Add shade structure(s),,1,
503,CO-1420-3201,Free Horizon Montessori,04_campus upgrade,Campus landscaping upgrade,,,
503,CO-1420-3201,Free Horizon Montessori,04_campus upgrade,Parking lot expansion,,,
503,CO-1420-3201,Free Horizon Montessori,04_campus upgrade,"Front of school branding, landscape upgrades",,0.325,
503,CO-1420-3201,Free Horizon Montessori,04_campus upgrade,Furniture upgrades,,1,
503,CO-1420-3201,Free Horizon Montessori,04_campus upgrade,Improve drop-off / pick-up zone,,0.208333333,
503,CO-1420-3201,Free Horizon Montessori,04_campus upgrade,New outdoor classroom,,0,
503,CO-1420-3201,Free Horizon Montessori,04_campus upgrade,Playground replacement (ages 2-5),,0.25,
503,CO-1420-3201,Free Horizon Montessori,04_campus upgrade,Playground replacement (ages 5-12),,0.25,
503,CO-1420-3201,Free Horizon Montessori,04_campus upgrade,Resurface asphalt,,,
503,CO-1420-3201,Free Horizon Montessori,04_campus upgrade,Resurface concrete,,,
503,CO-1420-3201,Free Horizon Montessori,04_campus upgrade,Artificial turf field replacement and track resurfacing - HS,,,
503,CO-1420-3201,Free Horizon Montessori,05_Modernization,Modernize admin,,0.555555556,
503,CO-1420-3201,Free Horizon Montessori,05_Modernization,Modernize classrooms,,0.67975,
503,CO-1420-3201,Free Horizon Montessori,05_Modernization,Modernize gym / assembly space,,0.35,
503,CO-1420-3201,Free Horizon Montessori,05_Modernization,Modernize kitchen,,,
503,CO-1420-3201,Free Horizon Montessori,05_Modernization,Modernize cafeteria,,0.239583333,
503,CO-1420-3201,Free Horizon Montessori,05_Modernization,Modernize multipurpose room,,Does not apply,
503,CO-1420-3201,Free Horizon Montessori,05_Modernization,Heavily modernize restrooms,,0.666666667,
503,CO-1420-3201,Free Horizon Montessori,05_Modernization,Heavily modernize STEM / CTE / specialized labs (MS/HS),,Does not apply,
503,CO-1420-3201,Free Horizon Montessori,05_Modernization,Lightly modernize corridors,,0,
503,CO-1420-3201,Free Horizon Montessori,05_Modernization,Lightly modernize entry lobby,,0.75,
503,CO-1420-3201,Free Horizon Montessori,05_Modernization,Lightly modernize library/media center,,,
503,CO-1420-3201,Free Horizon Montessori,04_campus upgrade,Security package,,0.5425,
504,CO-1420-8036,Sobesky Academy,00_general,ADA compliance,,,
504,CO-1420-8036,Sobesky Academy,01_new construction,Demolition,,,
504,CO-1420-8036,Sobesky Academy,01_new construction,New construction ES,,,
504,CO-1420-8036,Sobesky Academy,01_new construction,New construction HS,,,
504,CO-1420-8036,Sobesky Academy,01_new construction,New construction K-8,,,
504,CO-1420-8036,Sobesky Academy,01_new construction,New construction MS,,,
504,CO-1420-8036,Sobesky Academy,01_new construction,New auditorium,,,
504,CO-1420-8036,Sobesky Academy,04_campus upgrade,Add shade structure(s),,0,
504,CO-1420-8036,Sobesky Academy,04_campus upgrade,Campus landscaping upgrade,,,
504,CO-1420-8036,Sobesky Academy,04_campus upgrade,Parking lot expansion,,,
504,CO-1420-8036,Sobesky Academy,04_campus upgrade,"Front of school branding, landscape upgrades",,0.9,
504,CO-1420-8036,Sobesky Academy,04_campus upgrade,Furniture upgrades,,0.45,
504,CO-1420-8036,Sobesky Academy,04_campus upgrade,Improve drop-off / pick-up zone,,0.775,
504,CO-1420-8036,Sobesky Academy,04_campus upgrade,New outdoor classroom,,0,
504,CO-1420-8036,Sobesky Academy,04_campus upgrade,Playground replacement (ages 2-5),,0.5,
504,CO-1420-8036,Sobesky Academy,04_campus upgrade,Playground replacement (ages 5-12),,0.5,
504,CO-1420-8036,Sobesky Academy,04_campus upgrade,Resurface asphalt,,,
504,CO-1420-8036,Sobesky Academy,04_campus upgrade,Resurface concrete,,,
504,CO-1420-8036,Sobesky Academy,04_campus upgrade,Artificial turf field replacement and track resurfacing - HS,,,
504,CO-1420-8036,Sobesky Academy,05_Modernization,Modernize admin,,0.766666667,
504,CO-1420-8036,Sobesky Academy,05_Modernization,Modernize classrooms,,0.6108539,
504,CO-1420-8036,Sobesky Academy,05_Modernization,Modernize gym / assembly space,,Does not apply,
504,CO-1420-8036,Sobesky Academy,05_Modernization,Modernize kitchen,,,
504,CO-1420-8036,Sobesky Academy,05_Modernization,Modernize cafeteria,,Does not apply,
504,CO-1420-8036,Sobesky Academy,05_Modernization,Modernize multipurpose room,,0.25,
504,CO-1420-8036,Sobesky Academy,05_Modernization,Heavily modernize restrooms,,1,
504,CO-1420-8036,Sobesky Academy,05_Modernization,Heavily modernize STEM / CTE / specialized labs (MS/HS),,0.641375291,
504,CO-1420-8036,Sobesky Academy,05_Modernization,Lightly modernize corridors,,0.8,
504,CO-1420-8036,Sobesky Academy,05_Modernization,Lightly modernize entry lobby,,0.8,
504,CO-1420-8036,Sobesky Academy,05_Modernization,Lightly modernize library/media center,,,
504,CO-1420-8036,Sobesky Academy,04_campus upgrade,Security package,,0.8575,
505,,Mount View Youth Service Center,00_general,ADA compliance,,,
505,,Mount View Youth Service Center,01_new construction,Demolition,,,
505,,Mount View Youth Service Center,01_new construction,New construction ES,,,
505,,Mount View Youth Service Center,01_new construction,New construction HS,,,
505,,Mount View Youth Service Center,01_new construction,New construction K-8,,,
505,,Mount View Youth Service Center,01_new construction,New construction MS,,,
505,,Mount View Youth Service Center,01_new construction,New auditorium,,,
505,,Mount View Youth Service Center,04_campus upgrade,Add shade structure(s),,,
505,,Mount View Youth Service Center,04_campus upgrade,Campus landscaping upgrade,,,
505,,Mount View Youth Service Center,04_campus upgrade,Parking lot expansion,,,
505,,Mount View Youth Service Center,04_campus upgrade,"Front of school branding, landscape upgrades",,,
505,,Mount View Youth Service Center,04_campus upgrade,Furniture upgrades,,,
505,,Mount View Youth Service Center,04_campus upgrade,Improve drop-off / pick-up zone,,,
505,,Mount View Youth Service Center,04_campus upgrade,New outdoor classroom,,,
505,,Mount View Youth Service Center,04_campus upgrade,Playground replacement (ages 2-5),,,
505,,Mount View Youth Service Center,04_campus upgrade,Playground replacement (ages 5-12),,,
505,,Mount View Youth Service Center,04_campus upgrade,Resurface asphalt,,,
505,,Mount View Youth Service Center,04_campus upgrade,Resurface concrete,,,
505,,Mount View Youth Service Center,04_campus upgrade,Artificial turf field replacement and track resurfacing - HS,,,
505,,Mount View Youth Service Center,05_Modernization,Modernize admin,,,
505,,Mount View Youth Service Center,05_Modernization,Modernize classrooms,,,
505,,Mount View Youth Service Center,05_Modernization,Modernize gym / assembly space,,,
505,,Mount View Youth Service Center,05_Modernization,Modernize kitchen,,,
505,,Mount View Youth Service Center,05_Modernization,Modernize cafeteria,,,
505,,Mount View Youth Service Center,05_Modernization,Modernize multipurpose room,,,
505,,Mount View Youth Service Center,05_Modernization,Heavily modernize restrooms,,,
505,,Mount View Youth Service Center,05_Modernization,Heavily modernize STEM / CTE / specialized labs (MS/HS),,,
505,,Mount View Youth Service Center,05_Modernization,Lightly modernize corridors,,,
505,,Mount View Youth Service Center,05_Modernization,Lightly modernize entry lobby,,,
505,,Mount View Youth Service Center,05_Modernization,Lightly modernize library/media center,,,
505,,Mount View Youth Service Center,04_campus upgrade,Security package,,#N/A,
510,CO-1420-0660,Bear Creek K-8,00_general,ADA compliance,,,
510,CO-1420-0660,Bear Creek K-8,01_new construction,Demolition,,,
510,CO-1420-0660,Bear Creek K-8,01_new construction,New construction ES,,,
510,CO-1420-0660,Bear Creek K-8,01_new construction,New construction HS,,,
510,CO-1420-0660,Bear Creek K-8,01_new construction,New construction K-8,,,
510,CO-1420-0660,Bear Creek K-8,01_new construction,New construction MS,,,
510,CO-1420-0660,Bear Creek K-8,01_new construction,New auditorium,,,
510,CO-1420-0660,Bear Creek K-8,04_campus upgrade,Add shade structure(s),,0,
510,CO-1420-0660,Bear Creek K-8,04_campus upgrade,Campus landscaping upgrade,,,
510,CO-1420-0660,Bear Creek K-8,04_campus upgrade,Parking lot expansion,,,
510,CO-1420-0660,Bear Creek K-8,04_campus upgrade,"Front of school branding, landscape upgrades",,1,
510,CO-1420-0660,Bear Creek K-8,04_campus upgrade,Furniture upgrades,,0.675,
510,CO-1420-0660,Bear Creek K-8,04_campus upgrade,Improve drop-off / pick-up zone,,1,
510,CO-1420-0660,Bear Creek K-8,04_campus upgrade,New outdoor classroom,,0,
510,CO-1420-0660,Bear Creek K-8,04_campus upgrade,Playground replacement (ages 2-5),,0.25,
510,CO-1420-0660,Bear Creek K-8,04_campus upgrade,Playground replacement (ages 5-12),,0.25,
510,CO-1420-0660,Bear Creek K-8,04_campus upgrade,Resurface asphalt,,,
510,CO-1420-0660,Bear Creek K-8,04_campus upgrade,Resurface concrete,,,
510,CO-1420-0660,Bear Creek K-8,04_campus upgrade,Artificial turf field replacement and track resurfacing - HS,,,
510,CO-1420-0660,Bear Creek K-8,05_Modernization,Modernize admin,,1,
510,CO-1420-0660,Bear Creek K-8,05_Modernization,Modernize classrooms,,0.707864583,
510,CO-1420-0660,Bear Creek K-8,05_Modernization,Modernize gym / assembly space,,0.654166667,
510,CO-1420-0660,Bear Creek K-8,05_Modernization,Modernize kitchen,,,
510,CO-1420-0660,Bear Creek K-8,05_Modernization,Modernize cafeteria,,0.539583333,
510,CO-1420-0660,Bear Creek K-8,05_Modernization,Modernize multipurpose room,,Does not apply,
510,CO-1420-0660,Bear Creek K-8,05_Modernization,Heavily modernize restrooms,,1,
510,CO-1420-0660,Bear Creek K-8,05_Modernization,Heavily modernize STEM / CTE / specialized labs (MS/HS),,0.777272727,
510,CO-1420-0660,Bear Creek K-8,05_Modernization,Lightly modernize corridors,,0.8,
510,CO-1420-0660,Bear Creek K-8,05_Modernization,Lightly modernize entry lobby,,1,
510,CO-1420-0660,Bear Creek K-8,05_Modernization,Lightly modernize library/media center,,,
510,CO-1420-0660,Bear Creek K-8,04_campus upgrade,Security package,,0.599642857,
511,CO-1420-8856,Three Creeks K-8,00_general,ADA compliance,,,
511,CO-1420-8856,Three Creeks K-8,01_new construction,Demolition,,,
511,CO-1420-8856,Three Creeks K-8,01_new construction,New construction ES,,,
511,CO-1420-8856,Three Creeks K-8,01_new construction,New construction HS,,,
511,CO-1420-8856,Three Creeks K-8,01_new construction,New construction K-8,,,
511,CO-1420-8856,Three Creeks K-8,01_new construction,New construction MS,,,
511,CO-1420-8856,Three Creeks K-8,01_new construction,New auditorium,,,
511,CO-1420-8856,Three Creeks K-8,04_campus upgrade,Add shade structure(s),,1,
511,CO-1420-8856,Three Creeks K-8,04_campus upgrade,Campus landscaping upgrade,,,
511,CO-1420-8856,Three Creeks K-8,04_campus upgrade,Parking lot expansion,,,
511,CO-1420-8856,Three Creeks K-8,04_campus upgrade,"Front of school branding, landscape upgrades",,0.9,
511,CO-1420-8856,Three Creeks K-8,04_campus upgrade,Furniture upgrades,,0.9,
511,CO-1420-8856,Three Creeks K-8,04_campus upgrade,Improve drop-off / pick-up zone,,1,
511,CO-1420-8856,Three Creeks K-8,04_campus upgrade,New outdoor classroom,,0,
511,CO-1420-8856,Three Creeks K-8,04_campus upgrade,Playground replacement (ages 2-5),,0,
511,CO-1420-8856,Three Creeks K-8,04_campus upgrade,Playground replacement (ages 5-12),,1,
511,CO-1420-8856,Three Creeks K-8,04_campus upgrade,Resurface asphalt,,,
511,CO-1420-8856,Three Creeks K-8,04_campus upgrade,Resurface concrete,,,
511,CO-1420-8856,Three Creeks K-8,04_campus upgrade,Artificial turf field replacement and track resurfacing - HS,,,
511,CO-1420-8856,Three Creeks K-8,05_Modernization,Modernize admin,,1,
511,CO-1420-8856,Three Creeks K-8,05_Modernization,Modernize classrooms,,0.811666667,
511,CO-1420-8856,Three Creeks K-8,05_Modernization,Modernize gym / assembly space,,Does not apply,
511,CO-1420-8856,Three Creeks K-8,05_Modernization,Modernize kitchen,,,
511,CO-1420-8856,Three Creeks K-8,05_Modernization,Modernize cafeteria,,0.695833333,
511,CO-1420-8856,Three Creeks K-8,05_Modernization,Modernize multipurpose room,,Does not apply,
511,CO-1420-8856,Three Creeks K-8,05_Modernization,Heavily modernize restrooms,,1,
511,CO-1420-8856,Three Creeks K-8,05_Modernization,Heavily modernize STEM / CTE / specialized labs (MS/HS),,0.833275058,
511,CO-1420-8856,Three Creeks K-8,05_Modernization,Lightly modernize corridors,,1,
511,CO-1420-8856,Three Creeks K-8,05_Modernization,Lightly modernize entry lobby,,0.75,
511,CO-1420-8856,Three Creeks K-8,05_Modernization,Lightly modernize library/media center,,,
511,CO-1420-8856,Three Creeks K-8,04_campus upgrade,Security package,,0.783888889,
512,CO-1420-0950,Bradford K-8 South,00_general,ADA compliance,,,
512,CO-1420-0950,Bradford K-8 South,01_new construction,Demolition,,,
512,CO-1420-0950,Bradford K-8 South,01_new construction,New construction ES,,,
512,CO-1420-0950,Bradford K-8 South,01_new construction,New construction HS,,,
512,CO-1420-0950,Bradford K-8 South,01_new construction,New construction K-8,,,
512,CO-1420-0950,Bradford K-8 South,01_new construction,New construction MS,,,
512,CO-1420-0950,Bradford K-8 South,01_new construction,New auditorium,,,
512,CO-1420-0950,Bradford K-8 South,04_campus upgrade,Add shade structure(s),,0,
512,CO-1420-0950,Bradford K-8 South,04_campus upgrade,Campus landscaping upgrade,,,
512,CO-1420-0950,Bradford K-8 South,04_campus upgrade,Parking lot expansion,,,
512,CO-1420-0950,Bradford K-8 South,04_campus upgrade,"Front of school branding, landscape upgrades",,1,
512,CO-1420-0950,Bradford K-8 South,04_campus upgrade,Furniture upgrades,,0.409090909,
512,CO-1420-0950,Bradford K-8 South,04_campus upgrade,Improve drop-off / pick-up zone,,0.9,
512,CO-1420-0950,Bradford K-8 South,04_campus upgrade,New outdoor classroom,,1,
512,CO-1420-0950,Bradford K-8 South,04_campus upgrade,Playground replacement (ages 2-5),,0,
512,CO-1420-0950,Bradford K-8 South,04_campus upgrade,Playground replacement (ages 5-12),,0.5,
512,CO-1420-0950,Bradford K-8 South,04_campus upgrade,Resurface asphalt,,,
512,CO-1420-0950,Bradford K-8 South,04_campus upgrade,Resurface concrete,,,
512,CO-1420-0950,Bradford K-8 South,04_campus upgrade,Artificial turf field replacement and track resurfacing - HS,,,
512,CO-1420-0950,Bradford K-8 South,05_Modernization,Modernize admin,,0.755555556,
512,CO-1420-0950,Bradford K-8 South,05_Modernization,Modernize classrooms,,0.64560303,
512,CO-1420-0950,Bradford K-8 South,05_Modernization,Modernize gym / assembly space,,0.741666667,
512,CO-1420-0950,Bradford K-8 South,05_Modernization,Modernize kitchen,,,
512,CO-1420-0950,Bradford K-8 South,05_Modernization,Modernize cafeteria,,0.34375,
512,CO-1420-0950,Bradford K-8 South,05_Modernization,Modernize multipurpose room,,Does not apply,
512,CO-1420-0950,Bradford K-8 South,05_Modernization,Heavily modernize restrooms,,1,
512,CO-1420-0950,Bradford K-8 South,05_Modernization,Heavily modernize STEM / CTE / specialized labs (MS/HS),,Does not apply,
512,CO-1420-0950,Bradford K-8 South,05_Modernization,Lightly modernize corridors,,1,
512,CO-1420-0950,Bradford K-8 South,05_Modernization,Lightly modernize entry lobby,,0.875,
512,CO-1420-0950,Bradford K-8 South,05_Modernization,Lightly modernize library/media center,,,
512,CO-1420-0950,Bradford K-8 South,04_campus upgrade,Security package,,0.8125,
513,CO-1420-0952,Bradford K-8 North,00_general,ADA compliance,,,
513,CO-1420-0952,Bradford K-8 North,01_new construction,Demolition,,,
513,CO-1420-0952,Bradford K-8 North,01_new construction,New construction ES,,,
513,CO-1420-0952,Bradford K-8 North,01_new construction,New construction HS,,,
513,CO-1420-0952,Bradford K-8 North,01_new construction,New construction K-8,,,
513,CO-1420-0952,Bradford K-8 North,01_new construction,New construction MS,,,
513,CO-1420-0952,Bradford K-8 North,01_new construction,New auditorium,,,
513,CO-1420-0952,Bradford K-8 North,04_campus upgrade,Add shade structure(s),,1,
513,CO-1420-0952,Bradford K-8 North,04_campus upgrade,Campus landscaping upgrade,,,
513,CO-1420-0952,Bradford K-8 North,04_campus upgrade,Parking lot expansion,,,
513,CO-1420-0952,Bradford K-8 North,04_campus upgrade,"Front of school branding, landscape upgrades",,0.8375,
513,CO-1420-0952,Bradford K-8 North,04_campus upgrade,Furniture upgrades,,0.225,
513,CO-1420-0952,Bradford K-8 North,04_campus upgrade,Improve drop-off / pick-up zone,,0.775,
513,CO-1420-0952,Bradford K-8 North,04_campus upgrade,New outdoor classroom,,0,
513,CO-1420-0952,Bradford K-8 North,04_campus upgrade,Playground replacement (ages 2-5),,Does not apply,
513,CO-1420-0952,Bradford K-8 North,04_campus upgrade,Playground replacement (ages 5-12),,0.5,
513,CO-1420-0952,Bradford K-8 North,04_campus upgrade,Resurface asphalt,,,
513,CO-1420-0952,Bradford K-8 North,04_campus upgrade,Resurface concrete,,,
513,CO-1420-0952,Bradford K-8 North,04_campus upgrade,Artificial turf field replacement and track resurfacing - HS,,,
513,CO-1420-0952,Bradford K-8 North,05_Modernization,Modernize admin,,0.755555556,
513,CO-1420-0952,Bradford K-8 North,05_Modernization,Modernize classrooms,,0.576402778,
513,CO-1420-0952,Bradford K-8 North,05_Modernization,Modernize gym / assembly space,,0.491666667,
513,CO-1420-0952,Bradford K-8 North,05_Modernization,Modernize kitchen,,,
513,CO-1420-0952,Bradford K-8 North,05_Modernization,Modernize cafeteria,,0.614583333,
513,CO-1420-0952,Bradford K-8 North,05_Modernization,Modernize multipurpose room,,Does not apply,
513,CO-1420-0952,Bradford K-8 North,05_Modernization,Heavily modernize restrooms,,0.666666667,
513,CO-1420-0952,Bradford K-8 North,05_Modernization,Heavily modernize STEM / CTE / specialized labs (MS/HS),,0.640151515,
513,CO-1420-0952,Bradford K-8 North,05_Modernization,Lightly modernize corridors,,0.6,
513,CO-1420-0952,Bradford K-8 North,05_Modernization,Lightly modernize entry lobby,,1,
513,CO-1420-0952,Bradford K-8 North,05_Modernization,Lightly modernize library/media center,,,
513,CO-1420-0952,Bradford K-8 North,04_campus upgrade,Security package,,0.8325,
520,CO-1420-0108,Alameda Int'l Jr-Sr HS,00_general,ADA compliance,,,
520,CO-1420-0108,Alameda Int'l Jr-Sr HS,01_new construction,Demolition,,,
520,CO-1420-0108,Alameda Int'l Jr-Sr HS,01_new construction,New construction ES,,,
520,CO-1420-0108,Alameda Int'l Jr-Sr HS,01_new construction,New construction HS,,,
520,CO-1420-0108,Alameda Int'l Jr-Sr HS,01_new construction,New construction K-8,,,
520,CO-1420-0108,Alameda Int'l Jr-Sr HS,01_new construction,New construction MS,,,
520,CO-1420-0108,Alameda Int'l Jr-Sr HS,01_new construction,New auditorium,,,
520,CO-1420-0108,Alameda Int'l Jr-Sr HS,04_campus upgrade,Add shade structure(s),,0,
520,CO-1420-0108,Alameda Int'l Jr-Sr HS,04_campus upgrade,Campus landscaping upgrade,,,
520,CO-1420-0108,Alameda Int'l Jr-Sr HS,04_campus upgrade,Parking lot expansion,,,
520,CO-1420-0108,Alameda Int'l Jr-Sr HS,04_campus upgrade,"Front of school branding, landscape upgrades",,0.8375,
520,CO-1420-0108,Alameda Int'l Jr-Sr HS,04_campus upgrade,Furniture upgrades,,0.775,
520,CO-1420-0108,Alameda Int'l Jr-Sr HS,04_campus upgrade,Improve drop-off / pick-up zone,,0.9,
520,CO-1420-0108,Alameda Int'l Jr-Sr HS,04_campus upgrade,New outdoor classroom,,0,
520,CO-1420-0108,Alameda Int'l Jr-Sr HS,04_campus upgrade,Playground replacement (ages 2-5),,Does not apply,
520,CO-1420-0108,Alameda Int'l Jr-Sr HS,04_campus upgrade,Playground replacement (ages 5-12),,Does not apply,
520,CO-1420-0108,Alameda Int'l Jr-Sr HS,04_campus upgrade,Resurface asphalt,,,
520,CO-1420-0108,Alameda Int'l Jr-Sr HS,04_campus upgrade,Resurface concrete,,,
520,CO-1420-0108,Alameda Int'l Jr-Sr HS,04_campus upgrade,Artificial turf field replacement and track resurfacing - HS,,,
520,CO-1420-0108,Alameda Int'l Jr-Sr HS,05_Modernization,Modernize admin,,1,
520,CO-1420-0108,Alameda Int'l Jr-Sr HS,05_Modernization,Modernize classrooms,,0.861581838,
520,CO-1420-0108,Alameda Int'l Jr-Sr HS,05_Modernization,Modernize gym / assembly space,,0.532222222,
520,CO-1420-0108,Alameda Int'l Jr-Sr HS,05_Modernization,Modernize kitchen,,,
520,CO-1420-0108,Alameda Int'l Jr-Sr HS,05_Modernization,Modernize cafeteria,,0.710416667,
520,CO-1420-0108,Alameda Int'l Jr-Sr HS,05_Modernization,Modernize multipurpose room,,Does not apply,
520,CO-1420-0108,Alameda Int'l Jr-Sr HS,05_Modernization,Heavily modernize restrooms,,1,
520,CO-1420-0108,Alameda Int'l Jr-Sr HS,05_Modernization,Heavily modernize STEM / CTE / specialized labs (MS/HS),,0.685606061,
520,CO-1420-0108,Alameda Int'l Jr-Sr HS,05_Modernization,Lightly modernize corridors,,1,
520,CO-1420-0108,Alameda Int'l Jr-Sr HS,05_Modernization,Lightly modernize entry lobby,,0.925,
520,CO-1420-0108,Alameda Int'l Jr-Sr HS,05_Modernization,Lightly modernize library/media center,,,
520,CO-1420-0108,Alameda Int'l Jr-Sr HS,04_campus upgrade,Security package,,0.839465812,
521,CO-1420-2120,D'Evelyn Jr-Sr HS,00_general,ADA compliance,,,
521,CO-1420-2120,D'Evelyn Jr-Sr HS,01_new construction,Demolition,,,
521,CO-1420-2120,D'Evelyn Jr-Sr HS,01_new construction,New construction ES,,,
521,CO-1420-2120,D'Evelyn Jr-Sr HS,01_new construction,New construction HS,,,
521,CO-1420-2120,D'Evelyn Jr-Sr HS,01_new construction,New construction K-8,,,
521,CO-1420-2120,D'Evelyn Jr-Sr HS,01_new construction,New construction MS,,,
521,CO-1420-2120,D'Evelyn Jr-Sr HS,01_new construction,New auditorium,,,
521,CO-1420-2120,D'Evelyn Jr-Sr HS,04_campus upgrade,Add shade structure(s),,0,
521,CO-1420-2120,D'Evelyn Jr-Sr HS,04_campus upgrade,Campus landscaping upgrade,,,
521,CO-1420-2120,D'Evelyn Jr-Sr HS,04_campus upgrade,Parking lot expansion,,,
521,CO-1420-2120,D'Evelyn Jr-Sr HS,04_campus upgrade,"Front of school branding, landscape upgrades",,0.8375,
521,CO-1420-2120,D'Evelyn Jr-Sr HS,04_campus upgrade,Furniture upgrades,,0.225,
521,CO-1420-2120,D'Evelyn Jr-Sr HS,04_campus upgrade,Improve drop-off / pick-up zone,,1,
521,CO-1420-2120,D'Evelyn Jr-Sr HS,04_campus upgrade,New outdoor classroom,,0,
521,CO-1420-2120,D'Evelyn Jr-Sr HS,04_campus upgrade,Playground replacement (ages 2-5),,Does not apply,
521,CO-1420-2120,D'Evelyn Jr-Sr HS,04_campus upgrade,Playground replacement (ages 5-12),,Does not apply,
521,CO-1420-2120,D'Evelyn Jr-Sr HS,04_campus upgrade,Resurface asphalt,,,
521,CO-1420-2120,D'Evelyn Jr-Sr HS,04_campus upgrade,Resurface concrete,,,
521,CO-1420-2120,D'Evelyn Jr-Sr HS,04_campus upgrade,Artificial turf field replacement and track resurfacing - HS,,,
521,CO-1420-2120,D'Evelyn Jr-Sr HS,05_Modernization,Modernize admin,,1,
521,CO-1420-2120,D'Evelyn Jr-Sr HS,05_Modernization,Modernize classrooms,,0.541041667,
521,CO-1420-2120,D'Evelyn Jr-Sr HS,05_Modernization,Modernize gym / assembly space,,0.300833333,
521,CO-1420-2120,D'Evelyn Jr-Sr HS,05_Modernization,Modernize kitchen,,,
521,CO-1420-2120,D'Evelyn Jr-Sr HS,05_Modernization,Modernize cafeteria,,0.78125,
521,CO-1420-2120,D'Evelyn Jr-Sr HS,05_Modernization,Modernize multipurpose room,,Does not apply,
521,CO-1420-2120,D'Evelyn Jr-Sr HS,05_Modernization,Heavily modernize restrooms,,0.333333333,
521,CO-1420-2120,D'Evelyn Jr-Sr HS,05_Modernization,Heavily modernize STEM / CTE / specialized labs (MS/HS),,0.784469697,
521,CO-1420-2120,D'Evelyn Jr-Sr HS,05_Modernization,Lightly modernize corridors,,1,
521,CO-1420-2120,D'Evelyn Jr-Sr HS,05_Modernization,Lightly modernize entry lobby,,1,
521,CO-1420-2120,D'Evelyn Jr-Sr HS,05_Modernization,Lightly modernize library/media center,,,
521,CO-1420-2120,D'Evelyn Jr-Sr HS,04_campus upgrade,Security package,,0.796785714,
522,CO-1420-4422,Jefferson Jr-Sr HS,00_general,ADA compliance,,,
522,CO-1420-4422,Jefferson Jr-Sr HS,01_new construction,Demolition,,,
522,CO-1420-4422,Jefferson Jr-Sr HS,01_new construction,New construction ES,,,
522,CO-1420-4422,Jefferson Jr-Sr HS,01_new construction,New construction HS,,,
522,CO-1420-4422,Jefferson Jr-Sr HS,01_new construction,New construction K-8,,,
522,CO-1420-4422,Jefferson Jr-Sr HS,01_new construction,New construction MS,,,
522,CO-1420-4422,Jefferson Jr-Sr HS,01_new construction,New auditorium,,,
522,CO-1420-4422,Jefferson Jr-Sr HS,04_campus upgrade,Add shade structure(s),,0,
522,CO-1420-4422,Jefferson Jr-Sr HS,04_campus upgrade,Campus landscaping upgrade,,,
522,CO-1420-4422,Jefferson Jr-Sr HS,04_campus upgrade,Parking lot expansion,,,
522,CO-1420-4422,Jefferson Jr-Sr HS,04_campus upgrade,"Front of school branding, landscape upgrades",,1,
522,CO-1420-4422,Jefferson Jr-Sr HS,04_campus upgrade,Furniture upgrades,,0.45,
522,CO-1420-4422,Jefferson Jr-Sr HS,04_campus upgrade,Improve drop-off / pick-up zone,,0.55,
522,CO-1420-4422,Jefferson Jr-Sr HS,04_campus upgrade,New outdoor classroom,,1,
522,CO-1420-4422,Jefferson Jr-Sr HS,04_campus upgrade,Playground replacement (ages 2-5),,0,
522,CO-1420-4422,Jefferson Jr-Sr HS,04_campus upgrade,Playground replacement (ages 5-12),,0,
522,CO-1420-4422,Jefferson Jr-Sr HS,04_campus upgrade,Resurface asphalt,,,
522,CO-1420-4422,Jefferson Jr-Sr HS,04_campus upgrade,Resurface concrete,,,
522,CO-1420-4422,Jefferson Jr-Sr HS,04_campus upgrade,Artificial turf field replacement and track resurfacing - HS,,,
522,CO-1420-4422,Jefferson Jr-Sr HS,05_Modernization,Modernize admin,,1,
522,CO-1420-4422,Jefferson Jr-Sr HS,05_Modernization,Modernize classrooms,,0.666690972,
522,CO-1420-4422,Jefferson Jr-Sr HS,05_Modernization,Modernize gym / assembly space,,0.744166667,
522,CO-1420-4422,Jefferson Jr-Sr HS,05_Modernization,Modernize kitchen,,,
522,CO-1420-4422,Jefferson Jr-Sr HS,05_Modernization,Modernize cafeteria,,0.720833333,
522,CO-1420-4422,Jefferson Jr-Sr HS,05_Modernization,Modernize multipurpose room,,Does not apply,
522,CO-1420-4422,Jefferson Jr-Sr HS,05_Modernization,Heavily modernize restrooms,,0.333333333,
522,CO-1420-4422,Jefferson Jr-Sr HS,05_Modernization,Heavily modernize STEM / CTE / specialized labs (MS/HS),,0.783712121,
522,CO-1420-4422,Jefferson Jr-Sr HS,05_Modernization,Lightly modernize corridors,,0.8,
522,CO-1420-4422,Jefferson Jr-Sr HS,05_Modernization,Lightly modernize entry lobby,,1,
522,CO-1420-4422,Jefferson Jr-Sr HS,05_Modernization,Lightly modernize library/media center,,,
522,CO-1420-4422,Jefferson Jr-Sr HS,04_campus upgrade,Security package,,0.99,
523,CO-1420-7114,Pomona HS,00_general,ADA compliance,,,
523,CO-1420-7114,Pomona HS,01_new construction,Demolition,,,
523,CO-1420-7114,Pomona HS,01_new construction,New construction ES,,,
523,CO-1420-7114,Pomona HS,01_new construction,New construction HS,,,
523,CO-1420-7114,Pomona HS,01_new construction,New construction K-8,,,
523,CO-1420-7114,Pomona HS,01_new construction,New construction MS,,,
523,CO-1420-7114,Pomona HS,01_new construction,New auditorium,,,
523,CO-1420-7114,Pomona HS,04_campus upgrade,Add shade structure(s),,0,
523,CO-1420-7114,Pomona HS,04_campus upgrade,Campus landscaping upgrade,,,
523,CO-1420-7114,Pomona HS,04_campus upgrade,Parking lot expansion,,,
523,CO-1420-7114,Pomona HS,04_campus upgrade,"Front of school branding, landscape upgrades",,0.75,
523,CO-1420-7114,Pomona HS,04_campus upgrade,Furniture upgrades,,0,
523,CO-1420-7114,Pomona HS,04_campus upgrade,Improve drop-off / pick-up zone,,1,
523,CO-1420-7114,Pomona HS,04_campus upgrade,New outdoor classroom,,0,
523,CO-1420-7114,Pomona HS,04_campus upgrade,Playground replacement (ages 2-5),,0,
523,CO-1420-7114,Pomona HS,04_campus upgrade,Playground replacement (ages 5-12),,0,
523,CO-1420-7114,Pomona HS,04_campus upgrade,Resurface asphalt,,,
523,CO-1420-7114,Pomona HS,04_campus upgrade,Resurface concrete,,,
523,CO-1420-7114,Pomona HS,04_campus upgrade,Artificial turf field replacement and track resurfacing - HS,,,
523,CO-1420-7114,Pomona HS,05_Modernization,Modernize admin,,0.522222222,
523,CO-1420-7114,Pomona HS,05_Modernization,Modernize classrooms,,0.561982639,
523,CO-1420-7114,Pomona HS,05_Modernization,Modernize gym / assembly space,,0.6275,
523,CO-1420-7114,Pomona HS,05_Modernization,Modernize kitchen,,,
523,CO-1420-7114,Pomona HS,05_Modernization,Modernize cafeteria,,0.875,
523,CO-1420-7114,Pomona HS,05_Modernization,Modernize multipurpose room,,Does not apply,
523,CO-1420-7114,Pomona HS,05_Modernization,Heavily modernize restrooms,,0.333333333,
523,CO-1420-7114,Pomona HS,05_Modernization,Heavily modernize STEM / CTE / specialized labs (MS/HS),,Does not apply,
523,CO-1420-7114,Pomona HS,05_Modernization,Lightly modernize corridors,,0.6,
523,CO-1420-7114,Pomona HS,05_Modernization,Lightly modernize entry lobby,,0.75,
523,CO-1420-7114,Pomona HS,05_Modernization,Lightly modernize library/media center,,,
523,CO-1420-7114,Pomona HS,04_campus upgrade,Security package,,0.835,
525,,Stein Cottage B,00_general,ADA compliance,,,
525,,Stein Cottage B,01_new construction,Demolition,,,
525,,Stein Cottage B,01_new construction,New construction ES,,,
525,,Stein Cottage B,01_new construction,New construction HS,,,
525,,Stein Cottage B,01_new construction,New construction K-8,,,
525,,Stein Cottage B,01_new construction,New construction MS,,,
525,,Stein Cottage B,01_new construction,New auditorium,,,
525,,Stein Cottage B,04_campus upgrade,Add shade structure(s),,,
525,,Stein Cottage B,04_campus upgrade,Campus landscaping upgrade,,,
525,,Stein Cottage B,04_campus upgrade,Parking lot expansion,,,
525,,Stein Cottage B,04_campus upgrade,"Front of school branding, landscape upgrades",,,
525,,Stein Cottage B,04_campus upgrade,Furniture upgrades,,,
525,,Stein Cottage B,04_campus upgrade,Improve drop-off / pick-up zone,,,
525,,Stein Cottage B,04_campus upgrade,New outdoor classroom,,,
525,,Stein Cottage B,04_campus upgrade,Playground replacement (ages 2-5),,,
525,,Stein Cottage B,04_campus upgrade,Playground replacement (ages 5-12),,,
525,,Stein Cottage B,04_campus upgrade,Resurface asphalt,,,
525,,Stein Cottage B,04_campus upgrade,Resurface concrete,,,
525,,Stein Cottage B,04_campus upgrade,Artificial turf field replacement and track resurfacing - HS,,,
525,,Stein Cottage B,05_Modernization,Modernize admin,,,
525,,Stein Cottage B,05_Modernization,Modernize classrooms,,,
525,,Stein Cottage B,05_Modernization,Modernize gym / assembly space,,,
525,,Stein Cottage B,05_Modernization,Modernize kitchen,,,
525,,Stein Cottage B,05_Modernization,Modernize cafeteria,,,
525,,Stein Cottage B,05_Modernization,Modernize multipurpose room,,,
525,,Stein Cottage B,05_Modernization,Heavily modernize restrooms,,,
525,,Stein Cottage B,05_Modernization,Heavily modernize STEM / CTE / specialized labs (MS/HS),,,
525,,Stein Cottage B,05_Modernization,Lightly modernize corridors,,,
525,,Stein Cottage B,05_Modernization,Lightly modernize entry lobby,,,
525,,Stein Cottage B,05_Modernization,Lightly modernize library/media center,,,
525,,Stein Cottage B,04_campus upgrade,Security package,,#N/A,
526,,Stein Cottage A,00_general,ADA compliance,,,
526,,Stein Cottage A,01_new construction,Demolition,,,
526,,Stein Cottage A,01_new construction,New construction ES,,,
526,,Stein Cottage A,01_new construction,New construction HS,,,
526,,Stein Cottage A,01_new construction,New construction K-8,,,
526,,Stein Cottage A,01_new construction,New construction MS,,,
526,,Stein Cottage A,01_new construction,New auditorium,,,
526,,Stein Cottage A,04_campus upgrade,Add shade structure(s),,,
526,,Stein Cottage A,04_campus upgrade,Campus landscaping upgrade,,,
526,,Stein Cottage A,04_campus upgrade,Parking lot expansion,,,
526,,Stein Cottage A,04_campus upgrade,"Front of school branding, landscape upgrades",,,
526,,Stein Cottage A,04_campus upgrade,Furniture upgrades,,,
526,,Stein Cottage A,04_campus upgrade,Improve drop-off / pick-up zone,,,
526,,Stein Cottage A,04_campus upgrade,New outdoor classroom,,,
526,,Stein Cottage A,04_campus upgrade,Playground replacement (ages 2-5),,,
526,,Stein Cottage A,04_campus upgrade,Playground replacement (ages 5-12),,,
526,,Stein Cottage A,04_campus upgrade,Resurface asphalt,,,
526,,Stein Cottage A,04_campus upgrade,Resurface concrete,,,
526,,Stein Cottage A,04_campus upgrade,Artificial turf field replacement and track resurfacing - HS,,,
526,,Stein Cottage A,05_Modernization,Modernize admin,,,
526,,Stein Cottage A,05_Modernization,Modernize classrooms,,,
526,,Stein Cottage A,05_Modernization,Modernize gym / assembly space,,,
526,,Stein Cottage A,05_Modernization,Modernize kitchen,,,
526,,Stein Cottage A,05_Modernization,Modernize cafeteria,,,
526,,Stein Cottage A,05_Modernization,Modernize multipurpose room,,,
526,,Stein Cottage A,05_Modernization,Heavily modernize restrooms,,,
526,,Stein Cottage A,05_Modernization,Heavily modernize STEM / CTE / specialized labs (MS/HS),,,
526,,Stein Cottage A,05_Modernization,Lightly modernize corridors,,,
526,,Stein Cottage A,05_Modernization,Lightly modernize entry lobby,,,
526,,Stein Cottage A,05_Modernization,Lightly modernize library/media center,,,
526,,Stein Cottage A,04_campus upgrade,Security package,,#N/A,
601,,Education Service Center,00_general,ADA compliance,,,
601,,Education Service Center,01_new construction,Demolition,,,
601,,Education Service Center,01_new construction,New construction ES,,,
601,,Education Service Center,01_new construction,New construction HS,,,
601,,Education Service Center,01_new construction,New construction K-8,,,
601,,Education Service Center,01_new construction,New construction MS,,,
601,,Education Service Center,01_new construction,New auditorium,,,
601,,Education Service Center,04_campus upgrade,Add shade structure(s),,,
601,,Education Service Center,04_campus upgrade,Campus landscaping upgrade,,,
601,,Education Service Center,04_campus upgrade,Parking lot expansion,,,
601,,Education Service Center,04_campus upgrade,"Front of school branding, landscape upgrades",,,
601,,Education Service Center,04_campus upgrade,Furniture upgrades,,,
601,,Education Service Center,04_campus upgrade,Improve drop-off / pick-up zone,,,
601,,Education Service Center,04_campus upgrade,New outdoor classroom,,,
601,,Education Service Center,04_campus upgrade,Playground replacement (ages 2-5),,,
601,,Education Service Center,04_campus upgrade,Playground replacement (ages 5-12),,,
601,,Education Service Center,04_campus upgrade,Resurface asphalt,,,
601,,Education Service Center,04_campus upgrade,Resurface concrete,,,
601,,Education Service Center,04_campus upgrade,Artificial turf field replacement and track resurfacing - HS,,,
601,,Education Service Center,05_Modernization,Modernize admin,,,
601,,Education Service Center,05_Modernization,Modernize classrooms,,,
601,,Education Service Center,05_Modernization,Modernize gym / assembly space,,,
601,,Education Service Center,05_Modernization,Modernize kitchen,,,
601,,Education Service Center,05_Modernization,Modernize cafeteria,,,
601,,Education Service Center,05_Modernization,Modernize multipurpose room,,,
601,,Education Service Center,05_Modernization,Heavily modernize restrooms,,,
601,,Education Service Center,05_Modernization,Heavily modernize STEM / CTE / specialized labs (MS/HS),,,
601,,Education Service Center,05_Modernization,Lightly modernize corridors,,,
601,,Education Service Center,05_Modernization,Lightly modernize entry lobby,,,
601,,Education Service Center,05_Modernization,Lightly modernize library/media center,,,
601,,Education Service Center,04_campus upgrade,Security package,,#N/A,
602,,Frank DeAngelis Center,00_general,ADA compliance,,,
602,,Frank DeAngelis Center,01_new construction,Demolition,,,
602,,Frank DeAngelis Center,01_new construction,New construction ES,,,
602,,Frank DeAngelis Center,01_new construction,New construction HS,,,
602,,Frank DeAngelis Center,01_new construction,New construction K-8,,,
602,,Frank DeAngelis Center,01_new construction,New construction MS,,,
602,,Frank DeAngelis Center,01_new construction,New auditorium,,,
602,,Frank DeAngelis Center,04_campus upgrade,Add shade structure(s),,,
602,,Frank DeAngelis Center,04_campus upgrade,Campus landscaping upgrade,,,
602,,Frank DeAngelis Center,04_campus upgrade,Parking lot expansion,,,
602,,Frank DeAngelis Center,04_campus upgrade,"Front of school branding, landscape upgrades",,,
602,,Frank DeAngelis Center,04_campus upgrade,Furniture upgrades,,,
602,,Frank DeAngelis Center,04_campus upgrade,Improve drop-off / pick-up zone,,,
602,,Frank DeAngelis Center,04_campus upgrade,New outdoor classroom,,,
602,,Frank DeAngelis Center,04_campus upgrade,Playground replacement (ages 2-5),,,
602,,Frank DeAngelis Center,04_campus upgrade,Playground replacement (ages 5-12),,,
602,,Frank DeAngelis Center,04_campus upgrade,Resurface asphalt,,,
602,,Frank DeAngelis Center,04_campus upgrade,Resurface concrete,,,
602,,Frank DeAngelis Center,04_campus upgrade,Artificial turf field replacement and track resurfacing - HS,,,
602,,Frank DeAngelis Center,05_Modernization,Modernize admin,,,
602,,Frank DeAngelis Center,05_Modernization,Modernize classrooms,,,
602,,Frank DeAngelis Center,05_Modernization,Modernize gym / assembly space,,,
602,,Frank DeAngelis Center,05_Modernization,Modernize kitchen,,,
602,,Frank DeAngelis Center,05_Modernization,Modernize cafeteria,,,
602,,Frank DeAngelis Center,05_Modernization,Modernize multipurpose room,,,
602,,Frank DeAngelis Center,05_Modernization,Heavily modernize restrooms,,,
602,,Frank DeAngelis Center,05_Modernization,Heavily modernize STEM / CTE / specialized labs (MS/HS),,,
602,,Frank DeAngelis Center,05_Modernization,Lightly modernize corridors,,,
602,,Frank DeAngelis Center,05_Modernization,Lightly modernize entry lobby,,,
602,,Frank DeAngelis Center,05_Modernization,Lightly modernize library/media center,,,
602,,Frank DeAngelis Center,04_campus upgrade,Security package,,#N/A,
603,581 Conference Place,581 Conference Pl,00_general,ADA compliance,,,
603,581 Conference Place,581 Conference Pl,01_new construction,Demolition,,,
603,581 Conference Place,581 Conference Pl,01_new construction,New construction ES,,,
603,581 Conference Place,581 Conference Pl,01_new construction,New construction HS,,,
603,581 Conference Place,581 Conference Pl,01_new construction,New construction K-8,,,
603,581 Conference Place,581 Conference Pl,01_new construction,New construction MS,,,
603,581 Conference Place,581 Conference Pl,01_new construction,New auditorium,,,
603,581 Conference Place,581 Conference Pl,04_campus upgrade,Add shade structure(s),,,
603,581 Conference Place,581 Conference Pl,04_campus upgrade,Campus landscaping upgrade,,,
603,581 Conference Place,581 Conference Pl,04_campus upgrade,Parking lot expansion,,,
603,581 Conference Place,581 Conference Pl,04_campus upgrade,"Front of school branding, landscape upgrades",,,
603,581 Conference Place,581 Conference Pl,04_campus upgrade,Furniture upgrades,,,
603,581 Conference Place,581 Conference Pl,04_campus upgrade,Improve drop-off / pick-up zone,,,
603,581 Conference Place,581 Conference Pl,04_campus upgrade,New outdoor classroom,,,
603,581 Conference Place,581 Conference Pl,04_campus upgrade,Playground replacement (ages 2-5),,,
603,581 Conference Place,581 Conference Pl,04_campus upgrade,Playground replacement (ages 5-12),,,
603,581 Conference Place,581 Conference Pl,04_campus upgrade,Resurface asphalt,,,
603,581 Conference Place,581 Conference Pl,04_campus upgrade,Resurface concrete,,,
603,581 Conference Place,581 Conference Pl,04_campus upgrade,Artificial turf field replacement and track resurfacing - HS,,,
603,581 Conference Place,581 Conference Pl,05_Modernization,Modernize admin,,,
603,581 Conference Place,581 Conference Pl,05_Modernization,Modernize classrooms,,,
603,581 Conference Place,581 Conference Pl,05_Modernization,Modernize gym / assembly space,,,
603,581 Conference Place,581 Conference Pl,05_Modernization,Modernize kitchen,,,
603,581 Conference Place,581 Conference Pl,05_Modernization,Modernize cafeteria,,,
603,581 Conference Place,581 Conference Pl,05_Modernization,Modernize multipurpose room,,,
603,581 Conference Place,581 Conference Pl,05_Modernization,Heavily modernize restrooms,,,
603,581 Conference Place,581 Conference Pl,05_Modernization,Heavily modernize STEM / CTE / specialized labs (MS/HS),,,
603,581 Conference Place,581 Conference Pl,05_Modernization,Lightly modernize corridors,,,
603,581 Conference Place,581 Conference Pl,05_Modernization,Lightly modernize entry lobby,,,
603,581 Conference Place,581 Conference Pl,05_Modernization,Lightly modernize library/media center,,,
603,581 Conference Place,581 Conference Pl,04_campus upgrade,Security package,,#N/A,
604,,Litz Preschool,00_general,ADA compliance,,,
604,,Litz Preschool,01_new construction,Demolition,,,
604,,Litz Preschool,01_new construction,New construction ES,,,
604,,Litz Preschool,01_new construction,New construction HS,,,
604,,Litz Preschool,01_new construction,New construction K-8,,,
604,,Litz Preschool,01_new construction,New construction MS,,,
604,,Litz Preschool,01_new construction,New auditorium,,,
604,,Litz Preschool,04_campus upgrade,Add shade structure(s),,,
604,,Litz Preschool,04_campus upgrade,Campus landscaping upgrade,,,
604,,Litz Preschool,04_campus upgrade,Parking lot expansion,,,
604,,Litz Preschool,04_campus upgrade,"Front of school branding, landscape upgrades",,,
604,,Litz Preschool,04_campus upgrade,Furniture upgrades,,,
604,,Litz Preschool,04_campus upgrade,Improve drop-off / pick-up zone,,,
604,,Litz Preschool,04_campus upgrade,New outdoor classroom,,,
604,,Litz Preschool,04_campus upgrade,Playground replacement (ages 2-5),,,
604,,Litz Preschool,04_campus upgrade,Playground replacement (ages 5-12),,,
604,,Litz Preschool,04_campus upgrade,Resurface asphalt,,,
604,,Litz Preschool,04_campus upgrade,Resurface concrete,,,
604,,Litz Preschool,04_campus upgrade,Artificial turf field replacement and track resurfacing - HS,,,
604,,Litz Preschool,05_Modernization,Modernize admin,,,
604,,Litz Preschool,05_Modernization,Modernize classrooms,,,
604,,Litz Preschool,05_Modernization,Modernize gym / assembly space,,,
604,,Litz Preschool,05_Modernization,Modernize kitchen,,,
604,,Litz Preschool,05_Modernization,Modernize cafeteria,,,
604,,Litz Preschool,05_Modernization,Modernize multipurpose room,,,
604,,Litz Preschool,05_Modernization,Heavily modernize restrooms,,,
604,,Litz Preschool,05_Modernization,Heavily modernize STEM / CTE / specialized labs (MS/HS),,,
604,,Litz Preschool,05_Modernization,Lightly modernize corridors,,,
604,,Litz Preschool,05_Modernization,Lightly modernize entry lobby,,,
604,,Litz Preschool,05_Modernization,Lightly modernize library/media center,,,
604,,Litz Preschool,04_campus upgrade,Security package,,#N/A,
701,,809 Bldg 1,00_general,ADA compliance,,,
701,,809 Bldg 1,01_new construction,Demolition,,,
701,,809 Bldg 1,01_new construction,New construction ES,,,
701,,809 Bldg 1,01_new construction,New construction HS,,,
701,,809 Bldg 1,01_new construction,New construction K-8,,,
701,,809 Bldg 1,01_new construction,New construction MS,,,
701,,809 Bldg 1,01_new construction,New auditorium,,,
701,,809 Bldg 1,04_campus upgrade,Add shade structure(s),,,
701,,809 Bldg 1,04_campus upgrade,Campus landscaping upgrade,,,
701,,809 Bldg 1,04_campus upgrade,Parking lot expansion,,,
701,,809 Bldg 1,04_campus upgrade,"Front of school branding, landscape upgrades",,,
701,,809 Bldg 1,04_campus upgrade,Furniture upgrades,,,
701,,809 Bldg 1,04_campus upgrade,Improve drop-off / pick-up zone,,,
701,,809 Bldg 1,04_campus upgrade,New outdoor classroom,,,
701,,809 Bldg 1,04_campus upgrade,Playground replacement (ages 2-5),,,
701,,809 Bldg 1,04_campus upgrade,Playground replacement (ages 5-12),,,
701,,809 Bldg 1,04_campus upgrade,Resurface asphalt,,,
701,,809 Bldg 1,04_campus upgrade,Resurface concrete,,,
701,,809 Bldg 1,04_campus upgrade,Artificial turf field replacement and track resurfacing - HS,,,
701,,809 Bldg 1,05_Modernization,Modernize admin,,,
701,,809 Bldg 1,05_Modernization,Modernize classrooms,,,
701,,809 Bldg 1,05_Modernization,Modernize gym / assembly space,,,
701,,809 Bldg 1,05_Modernization,Modernize kitchen,,,
701,,809 Bldg 1,05_Modernization,Modernize cafeteria,,,
701,,809 Bldg 1,05_Modernization,Modernize multipurpose room,,,
701,,809 Bldg 1,05_Modernization,Heavily modernize restrooms,,,
701,,809 Bldg 1,05_Modernization,Heavily modernize STEM / CTE / specialized labs (MS/HS),,,
701,,809 Bldg 1,05_Modernization,Lightly modernize corridors,,,
701,,809 Bldg 1,05_Modernization,Lightly modernize entry lobby,,,
701,,809 Bldg 1,05_Modernization,Lightly modernize library/media center,,,
701,,809 Bldg 1,04_campus upgrade,Security package,,#N/A,
702,,809 Bldg 2,00_general,ADA compliance,,,
702,,809 Bldg 2,01_new construction,Demolition,,,
702,,809 Bldg 2,01_new construction,New construction ES,,,
702,,809 Bldg 2,01_new construction,New construction HS,,,
702,,809 Bldg 2,01_new construction,New construction K-8,,,
702,,809 Bldg 2,01_new construction,New construction MS,,,
702,,809 Bldg 2,01_new construction,New auditorium,,,
702,,809 Bldg 2,04_campus upgrade,Add shade structure(s),,,
702,,809 Bldg 2,04_campus upgrade,Campus landscaping upgrade,,,
702,,809 Bldg 2,04_campus upgrade,Parking lot expansion,,,
702,,809 Bldg 2,04_campus upgrade,"Front of school branding, landscape upgrades",,,
702,,809 Bldg 2,04_campus upgrade,Furniture upgrades,,,
702,,809 Bldg 2,04_campus upgrade,Improve drop-off / pick-up zone,,,
702,,809 Bldg 2,04_campus upgrade,New outdoor classroom,,,
702,,809 Bldg 2,04_campus upgrade,Playground replacement (ages 2-5),,,
702,,809 Bldg 2,04_campus upgrade,Playground replacement (ages 5-12),,,
702,,809 Bldg 2,04_campus upgrade,Resurface asphalt,,,
702,,809 Bldg 2,04_campus upgrade,Resurface concrete,,,
702,,809 Bldg 2,04_campus upgrade,Artificial turf field replacement and track resurfacing - HS,,,
702,,809 Bldg 2,05_Modernization,Modernize admin,,,
702,,809 Bldg 2,05_Modernization,Modernize classrooms,,,
702,,809 Bldg 2,05_Modernization,Modernize gym / assembly space,,,
702,,809 Bldg 2,05_Modernization,Modernize kitchen,,,
702,,809 Bldg 2,05_Modernization,Modernize cafeteria,,,
702,,809 Bldg 2,05_Modernization,Modernize multipurpose room,,,
702,,809 Bldg 2,05_Modernization,Heavily modernize restrooms,,,
702,,809 Bldg 2,05_Modernization,Heavily modernize STEM / CTE / specialized labs (MS/HS),,,
702,,809 Bldg 2,05_Modernization,Lightly modernize corridors,,,
702,,809 Bldg 2,05_Modernization,Lightly modernize entry lobby,,,
702,,809 Bldg 2,05_Modernization,Lightly modernize library/media center,,,
702,,809 Bldg 2,04_campus upgrade,Security package,,#N/A,
703,,809 Bldg 3,00_general,ADA compliance,,,
703,,809 Bldg 3,01_new construction,Demolition,,,
703,,809 Bldg 3,01_new construction,New construction ES,,,
703,,809 Bldg 3,01_new construction,New construction HS,,,
703,,809 Bldg 3,01_new construction,New construction K-8,,,
703,,809 Bldg 3,01_new construction,New construction MS,,,
703,,809 Bldg 3,01_new construction,New auditorium,,,
703,,809 Bldg 3,04_campus upgrade,Add shade structure(s),,,
703,,809 Bldg 3,04_campus upgrade,Campus landscaping upgrade,,,
703,,809 Bldg 3,04_campus upgrade,Parking lot expansion,,,
703,,809 Bldg 3,04_campus upgrade,"Front of school branding, landscape upgrades",,,
703,,809 Bldg 3,04_campus upgrade,Furniture upgrades,,,
703,,809 Bldg 3,04_campus upgrade,Improve drop-off / pick-up zone,,,
703,,809 Bldg 3,04_campus upgrade,New outdoor classroom,,,
703,,809 Bldg 3,04_campus upgrade,Playground replacement (ages 2-5),,,
703,,809 Bldg 3,04_campus upgrade,Playground replacement (ages 5-12),,,
703,,809 Bldg 3,04_campus upgrade,Resurface asphalt,,,
703,,809 Bldg 3,04_campus upgrade,Resurface concrete,,,
703,,809 Bldg 3,04_campus upgrade,Artificial turf field replacement and track resurfacing - HS,,,
703,,809 Bldg 3,05_Modernization,Modernize admin,,,
703,,809 Bldg 3,05_Modernization,Modernize classrooms,,,
703,,809 Bldg 3,05_Modernization,Modernize gym / assembly space,,,
703,,809 Bldg 3,05_Modernization,Modernize kitchen,,,
703,,809 Bldg 3,05_Modernization,Modernize cafeteria,,,
703,,809 Bldg 3,05_Modernization,Modernize multipurpose room,,,
703,,809 Bldg 3,05_Modernization,Heavily modernize restrooms,,,
703,,809 Bldg 3,05_Modernization,Heavily modernize STEM / CTE / specialized labs (MS/HS),,,
703,,809 Bldg 3,05_Modernization,Lightly modernize corridors,,,
703,,809 Bldg 3,05_Modernization,Lightly modernize entry lobby,,,
703,,809 Bldg 3,05_Modernization,Lightly modernize library/media center,,,
703,,809 Bldg 3,04_campus upgrade,Security package,,#N/A,
704,,809 Bldg 4,00_general,ADA compliance,,,
704,,809 Bldg 4,01_new construction,Demolition,,,
704,,809 Bldg 4,01_new construction,New construction ES,,,
704,,809 Bldg 4,01_new construction,New construction HS,,,
704,,809 Bldg 4,01_new construction,New construction K-8,,,
704,,809 Bldg 4,01_new construction,New construction MS,,,
704,,809 Bldg 4,01_new construction,New auditorium,,,
704,,809 Bldg 4,04_campus upgrade,Add shade structure(s),,,
704,,809 Bldg 4,04_campus upgrade,Campus landscaping upgrade,,,
704,,809 Bldg 4,04_campus upgrade,Parking lot expansion,,,
704,,809 Bldg 4,04_campus upgrade,"Front of school branding, landscape upgrades",,,
704,,809 Bldg 4,04_campus upgrade,Furniture upgrades,,,
704,,809 Bldg 4,04_campus upgrade,Improve drop-off / pick-up zone,,,
704,,809 Bldg 4,04_campus upgrade,New outdoor classroom,,,
704,,809 Bldg 4,04_campus upgrade,Playground replacement (ages 2-5),,,
704,,809 Bldg 4,04_campus upgrade,Playground replacement (ages 5-12),,,
704,,809 Bldg 4,04_campus upgrade,Resurface asphalt,,,
704,,809 Bldg 4,04_campus upgrade,Resurface concrete,,,
704,,809 Bldg 4,04_campus upgrade,Artificial turf field replacement and track resurfacing - HS,,,
704,,809 Bldg 4,05_Modernization,Modernize admin,,,
704,,809 Bldg 4,05_Modernization,Modernize classrooms,,,
704,,809 Bldg 4,05_Modernization,Modernize gym / assembly space,,,
704,,809 Bldg 4,05_Modernization,Modernize kitchen,,,
704,,809 Bldg 4,05_Modernization,Modernize cafeteria,,,
704,,809 Bldg 4,05_Modernization,Modernize multipurpose room,,,
704,,809 Bldg 4,05_Modernization,Heavily modernize restrooms,,,
704,,809 Bldg 4,05_Modernization,Heavily modernize STEM / CTE / specialized labs (MS/HS),,,
704,,809 Bldg 4,05_Modernization,Lightly modernize corridors,,,
704,,809 Bldg 4,05_Modernization,Lightly modernize entry lobby,,,
704,,809 Bldg 4,05_Modernization,Lightly modernize library/media center,,,
704,,809 Bldg 4,04_campus upgrade,Security package,,#N/A,
705,,809 Bldg 5,00_general,ADA compliance,,,
705,,809 Bldg 5,01_new construction,Demolition,,,
705,,809 Bldg 5,01_new construction,New construction ES,,,
705,,809 Bldg 5,01_new construction,New construction HS,,,
705,,809 Bldg 5,01_new construction,New construction K-8,,,
705,,809 Bldg 5,01_new construction,New construction MS,,,
705,,809 Bldg 5,01_new construction,New auditorium,,,
705,,809 Bldg 5,04_campus upgrade,Add shade structure(s),,,
705,,809 Bldg 5,04_campus upgrade,Campus landscaping upgrade,,,
705,,809 Bldg 5,04_campus upgrade,Parking lot expansion,,,
705,,809 Bldg 5,04_campus upgrade,"Front of school branding, landscape upgrades",,,
705,,809 Bldg 5,04_campus upgrade,Furniture upgrades,,,
705,,809 Bldg 5,04_campus upgrade,Improve drop-off / pick-up zone,,,
705,,809 Bldg 5,04_campus upgrade,New outdoor classroom,,,
705,,809 Bldg 5,04_campus upgrade,Playground replacement (ages 2-5),,,
705,,809 Bldg 5,04_campus upgrade,Playground replacement (ages 5-12),,,
705,,809 Bldg 5,04_campus upgrade,Resurface asphalt,,,
705,,809 Bldg 5,04_campus upgrade,Resurface concrete,,,
705,,809 Bldg 5,04_campus upgrade,Artificial turf field replacement and track resurfacing - HS,,,
705,,809 Bldg 5,05_Modernization,Modernize admin,,,
705,,809 Bldg 5,05_Modernization,Modernize classrooms,,,
705,,809 Bldg 5,05_Modernization,Modernize gym / assembly space,,,
705,,809 Bldg 5,05_Modernization,Modernize kitchen,,,
705,,809 Bldg 5,05_Modernization,Modernize cafeteria,,,
705,,809 Bldg 5,05_Modernization,Modernize multipurpose room,,,
705,,809 Bldg 5,05_Modernization,Heavily modernize restrooms,,,
705,,809 Bldg 5,05_Modernization,Heavily modernize STEM / CTE / specialized labs (MS/HS),,,
705,,809 Bldg 5,05_Modernization,Lightly modernize corridors,,,
705,,809 Bldg 5,05_Modernization,Lightly modernize entry lobby,,,
705,,809 Bldg 5,05_Modernization,Lightly modernize library/media center,,,
705,,809 Bldg 5,04_campus upgrade,Security package,,#N/A,
706,,809 Bldg 6,00_general,ADA compliance,,,
706,,809 Bldg 6,01_new construction,Demolition,,,
706,,809 Bldg 6,01_new construction,New construction ES,,,
706,,809 Bldg 6,01_new construction,New construction HS,,,
706,,809 Bldg 6,01_new construction,New construction K-8,,,
706,,809 Bldg 6,01_new construction,New construction MS,,,
706,,809 Bldg 6,01_new construction,New auditorium,,,
706,,809 Bldg 6,04_campus upgrade,Add shade structure(s),,,
706,,809 Bldg 6,04_campus upgrade,Campus landscaping upgrade,,,
706,,809 Bldg 6,04_campus upgrade,Parking lot expansion,,,
706,,809 Bldg 6,04_campus upgrade,"Front of school branding, landscape upgrades",,,
706,,809 Bldg 6,04_campus upgrade,Furniture upgrades,,,
706,,809 Bldg 6,04_campus upgrade,Improve drop-off / pick-up zone,,,
706,,809 Bldg 6,04_campus upgrade,New outdoor classroom,,,
706,,809 Bldg 6,04_campus upgrade,Playground replacement (ages 2-5),,,
706,,809 Bldg 6,04_campus upgrade,Playground replacement (ages 5-12),,,
706,,809 Bldg 6,04_campus upgrade,Resurface asphalt,,,
706,,809 Bldg 6,04_campus upgrade,Resurface concrete,,,
706,,809 Bldg 6,04_campus upgrade,Artificial turf field replacement and track resurfacing - HS,,,
706,,809 Bldg 6,05_Modernization,Modernize admin,,,
706,,809 Bldg 6,05_Modernization,Modernize classrooms,,,
706,,809 Bldg 6,05_Modernization,Modernize gym / assembly space,,,
706,,809 Bldg 6,05_Modernization,Modernize kitchen,,,
706,,809 Bldg 6,05_Modernization,Modernize cafeteria,,,
706,,809 Bldg 6,05_Modernization,Modernize multipurpose room,,,
706,,809 Bldg 6,05_Modernization,Heavily modernize restrooms,,,
706,,809 Bldg 6,05_Modernization,Heavily modernize STEM / CTE / specialized labs (MS/HS),,,
706,,809 Bldg 6,05_Modernization,Lightly modernize corridors,,,
706,,809 Bldg 6,05_Modernization,Lightly modernize entry lobby,,,
706,,809 Bldg 6,05_Modernization,Lightly modernize library/media center,,,
706,,809 Bldg 6,04_campus upgrade,Security package,,#N/A,
708,,809 Bldg 8,00_general,ADA compliance,,,
708,,809 Bldg 8,01_new construction,Demolition,,,
708,,809 Bldg 8,01_new construction,New construction ES,,,
708,,809 Bldg 8,01_new construction,New construction HS,,,
708,,809 Bldg 8,01_new construction,New construction K-8,,,
708,,809 Bldg 8,01_new construction,New construction MS,,,
708,,809 Bldg 8,01_new construction,New auditorium,,,
708,,809 Bldg 8,04_campus upgrade,Add shade structure(s),,,
708,,809 Bldg 8,04_campus upgrade,Campus landscaping upgrade,,,
708,,809 Bldg 8,04_campus upgrade,Parking lot expansion,,,
708,,809 Bldg 8,04_campus upgrade,"Front of school branding, landscape upgrades",,,
708,,809 Bldg 8,04_campus upgrade,Furniture upgrades,,,
708,,809 Bldg 8,04_campus upgrade,Improve drop-off / pick-up zone,,,
708,,809 Bldg 8,04_campus upgrade,New outdoor classroom,,,
708,,809 Bldg 8,04_campus upgrade,Playground replacement (ages 2-5),,,
708,,809 Bldg 8,04_campus upgrade,Playground replacement (ages 5-12),,,
708,,809 Bldg 8,04_campus upgrade,Resurface asphalt,,,
708,,809 Bldg 8,04_campus upgrade,Resurface concrete,,,
708,,809 Bldg 8,04_campus upgrade,Artificial turf field replacement and track resurfacing - HS,,,
708,,809 Bldg 8,05_Modernization,Modernize admin,,,
708,,809 Bldg 8,05_Modernization,Modernize classrooms,,,
708,,809 Bldg 8,05_Modernization,Modernize gym / assembly space,,,
708,,809 Bldg 8,05_Modernization,Modernize kitchen,,,
708,,809 Bldg 8,05_Modernization,Modernize cafeteria,,,
708,,809 Bldg 8,05_Modernization,Modernize multipurpose room,,,
708,,809 Bldg 8,05_Modernization,Heavily modernize restrooms,,,
708,,809 Bldg 8,05_Modernization,Heavily modernize STEM / CTE / specialized labs (MS/HS),,,
708,,809 Bldg 8,05_Modernization,Lightly modernize corridors,,,
708,,809 Bldg 8,05_Modernization,Lightly modernize entry lobby,,,
708,,809 Bldg 8,05_Modernization,Lightly modernize library/media center,,,
708,,809 Bldg 8,04_campus upgrade,Security package,,#N/A,
711,,Landscape Services,00_general,ADA compliance,,,
711,,Landscape Services,01_new construction,Demolition,,,
711,,Landscape Services,01_new construction,New construction ES,,,
711,,Landscape Services,01_new construction,New construction HS,,,
711,,Landscape Services,01_new construction,New construction K-8,,,
711,,Landscape Services,01_new construction,New construction MS,,,
711,,Landscape Services,01_new construction,New auditorium,,,
711,,Landscape Services,04_campus upgrade,Add shade structure(s),,,
711,,Landscape Services,04_campus upgrade,Campus landscaping upgrade,,,
711,,Landscape Services,04_campus upgrade,Parking lot expansion,,,
711,,Landscape Services,04_campus upgrade,"Front of school branding, landscape upgrades",,,
711,,Landscape Services,04_campus upgrade,Furniture upgrades,,,
711,,Landscape Services,04_campus upgrade,Improve drop-off / pick-up zone,,,
711,,Landscape Services,04_campus upgrade,New outdoor classroom,,,
711,,Landscape Services,04_campus upgrade,Playground replacement (ages 2-5),,,
711,,Landscape Services,04_campus upgrade,Playground replacement (ages 5-12),,,
711,,Landscape Services,04_campus upgrade,Resurface asphalt,,,
711,,Landscape Services,04_campus upgrade,Resurface concrete,,,
711,,Landscape Services,04_campus upgrade,Artificial turf field replacement and track resurfacing - HS,,,
711,,Landscape Services,05_Modernization,Modernize admin,,,
711,,Landscape Services,05_Modernization,Modernize classrooms,,,
711,,Landscape Services,05_Modernization,Modernize gym / assembly space,,,
711,,Landscape Services,05_Modernization,Modernize kitchen,,,
711,,Landscape Services,05_Modernization,Modernize cafeteria,,,
711,,Landscape Services,05_Modernization,Modernize multipurpose room,,,
711,,Landscape Services,05_Modernization,Heavily modernize restrooms,,,
711,,Landscape Services,05_Modernization,Heavily modernize STEM / CTE / specialized labs (MS/HS),,,
711,,Landscape Services,05_Modernization,Lightly modernize corridors,,,
711,,Landscape Services,05_Modernization,Lightly modernize entry lobby,,,
711,,Landscape Services,05_Modernization,Lightly modernize library/media center,,,
711,,Landscape Services,04_campus upgrade,Security package,,#N/A,
712,,Jeffco Stadium,00_general,ADA compliance,,,
712,,Jeffco Stadium,01_new construction,Demolition,,,
712,,Jeffco Stadium,01_new construction,New construction ES,,,
712,,Jeffco Stadium,01_new construction,New construction HS,,,
712,,Jeffco Stadium,01_new construction,New construction K-8,,,
712,,Jeffco Stadium,01_new construction,New construction MS,,,
712,,Jeffco Stadium,01_new construction,New auditorium,,,
712,,Jeffco Stadium,04_campus upgrade,Add shade structure(s),,,
712,,Jeffco Stadium,04_campus upgrade,Campus landscaping upgrade,,,
712,,Jeffco Stadium,04_campus upgrade,Parking lot expansion,,,
712,,Jeffco Stadium,04_campus upgrade,"Front of school branding, landscape upgrades",,,
712,,Jeffco Stadium,04_campus upgrade,Furniture upgrades,,,
712,,Jeffco Stadium,04_campus upgrade,Improve drop-off / pick-up zone,,,
712,,Jeffco Stadium,04_campus upgrade,New outdoor classroom,,,
712,,Jeffco Stadium,04_campus upgrade,Playground replacement (ages 2-5),,,
712,,Jeffco Stadium,04_campus upgrade,Playground replacement (ages 5-12),,,
712,,Jeffco Stadium,04_campus upgrade,Resurface asphalt,,,
712,,Jeffco Stadium,04_campus upgrade,Resurface concrete,,,
712,,Jeffco Stadium,04_campus upgrade,Artificial turf field replacement and track resurfacing - HS,,,
712,,Jeffco Stadium,05_Modernization,Modernize admin,,,
712,,Jeffco Stadium,05_Modernization,Modernize classrooms,,,
712,,Jeffco Stadium,05_Modernization,Modernize gym / assembly space,,,
712,,Jeffco Stadium,05_Modernization,Modernize kitchen,,,
712,,Jeffco Stadium,05_Modernization,Modernize cafeteria,,,
712,,Jeffco Stadium,05_Modernization,Modernize multipurpose room,,,
712,,Jeffco Stadium,05_Modernization,Heavily modernize restrooms,,,
712,,Jeffco Stadium,05_Modernization,Heavily modernize STEM / CTE / specialized labs (MS/HS),,,
712,,Jeffco Stadium,05_Modernization,Lightly modernize corridors,,,
712,,Jeffco Stadium,05_Modernization,Lightly modernize entry lobby,,,
712,,Jeffco Stadium,05_Modernization,Lightly modernize library/media center,,,
712,,Jeffco Stadium,04_campus upgrade,Security package,,#N/A,
713,,Lakewood Memorial Stadium,00_general,ADA compliance,,,
713,,Lakewood Memorial Stadium,01_new construction,Demolition,,,
713,,Lakewood Memorial Stadium,01_new construction,New construction ES,,,
713,,Lakewood Memorial Stadium,01_new construction,New construction HS,,,
713,,Lakewood Memorial Stadium,01_new construction,New construction K-8,,,
713,,Lakewood Memorial Stadium,01_new construction,New construction MS,,,
713,,Lakewood Memorial Stadium,01_new construction,New auditorium,,,
713,,Lakewood Memorial Stadium,04_campus upgrade,Add shade structure(s),,,
713,,Lakewood Memorial Stadium,04_campus upgrade,Campus landscaping upgrade,,,
713,,Lakewood Memorial Stadium,04_campus upgrade,Parking lot expansion,,,
713,,Lakewood Memorial Stadium,04_campus upgrade,"Front of school branding, landscape upgrades",,,
713,,Lakewood Memorial Stadium,04_campus upgrade,Furniture upgrades,,,
713,,Lakewood Memorial Stadium,04_campus upgrade,Improve drop-off / pick-up zone,,,
713,,Lakewood Memorial Stadium,04_campus upgrade,New outdoor classroom,,,
713,,Lakewood Memorial Stadium,04_campus upgrade,Playground replacement (ages 2-5),,,
713,,Lakewood Memorial Stadium,04_campus upgrade,Playground replacement (ages 5-12),,,
713,,Lakewood Memorial Stadium,04_campus upgrade,Resurface asphalt,,,
713,,Lakewood Memorial Stadium,04_campus upgrade,Resurface concrete,,,
713,,Lakewood Memorial Stadium,04_campus upgrade,Artificial turf field replacement and track resurfacing - HS,,,
713,,Lakewood Memorial Stadium,05_Modernization,Modernize admin,,,
713,,Lakewood Memorial Stadium,05_Modernization,Modernize classrooms,,,
713,,Lakewood Memorial Stadium,05_Modernization,Modernize gym / assembly space,,,
713,,Lakewood Memorial Stadium,05_Modernization,Modernize kitchen,,,
713,,Lakewood Memorial Stadium,05_Modernization,Modernize cafeteria,,,
713,,Lakewood Memorial Stadium,05_Modernization,Modernize multipurpose room,,,
713,,Lakewood Memorial Stadium,05_Modernization,Heavily modernize restrooms,,,
713,,Lakewood Memorial Stadium,05_Modernization,Heavily modernize STEM / CTE / specialized labs (MS/HS),,,
713,,Lakewood Memorial Stadium,05_Modernization,Lightly modernize corridors,,,
713,,Lakewood Memorial Stadium,05_Modernization,Lightly modernize entry lobby,,,
713,,Lakewood Memorial Stadium,05_Modernization,Lightly modernize library/media center,,,
713,,Lakewood Memorial Stadium,04_campus upgrade,Security package,,#N/A,
714,,Trailblazer Stadium,00_general,ADA compliance,,,
714,,Trailblazer Stadium,01_new construction,Demolition,,,
714,,Trailblazer Stadium,01_new construction,New construction ES,,,
714,,Trailblazer Stadium,01_new construction,New construction HS,,,
714,,Trailblazer Stadium,01_new construction,New construction K-8,,,
714,,Trailblazer Stadium,01_new construction,New construction MS,,,
714,,Trailblazer Stadium,01_new construction,New auditorium,,,
714,,Trailblazer Stadium,04_campus upgrade,Add shade structure(s),,,
714,,Trailblazer Stadium,04_campus upgrade,Campus landscaping upgrade,,,
714,,Trailblazer Stadium,04_campus upgrade,Parking lot expansion,,,
714,,Trailblazer Stadium,04_campus upgrade,"Front of school branding, landscape upgrades",,,
714,,Trailblazer Stadium,04_campus upgrade,Furniture upgrades,,,
714,,Trailblazer Stadium,04_campus upgrade,Improve drop-off / pick-up zone,,,
714,,Trailblazer Stadium,04_campus upgrade,New outdoor classroom,,,
714,,Trailblazer Stadium,04_campus upgrade,Playground replacement (ages 2-5),,,
714,,Trailblazer Stadium,04_campus upgrade,Playground replacement (ages 5-12),,,
714,,Trailblazer Stadium,04_campus upgrade,Resurface asphalt,,,
714,,Trailblazer Stadium,04_campus upgrade,Resurface concrete,,,
714,,Trailblazer Stadium,04_campus upgrade,Artificial turf field replacement and track resurfacing - HS,,,
714,,Trailblazer Stadium,05_Modernization,Modernize admin,,,
714,,Trailblazer Stadium,05_Modernization,Modernize classrooms,,,
714,,Trailblazer Stadium,05_Modernization,Modernize gym / assembly space,,,
714,,Trailblazer Stadium,05_Modernization,Modernize kitchen,,,
714,,Trailblazer Stadium,05_Modernization,Modernize cafeteria,,,
714,,Trailblazer Stadium,05_Modernization,Modernize multipurpose room,,,
714,,Trailblazer Stadium,05_Modernization,Heavily modernize restrooms,,,
714,,Trailblazer Stadium,05_Modernization,Heavily modernize STEM / CTE / specialized labs (MS/HS),,,
714,,Trailblazer Stadium,05_Modernization,Lightly modernize corridors,,,
714,,Trailblazer Stadium,05_Modernization,Lightly modernize entry lobby,,,
714,,Trailblazer Stadium,05_Modernization,Lightly modernize library/media center,,,
714,,Trailblazer Stadium,04_campus upgrade,Security package,,#N/A,
715,,North Area Athletic Complex,00_general,ADA compliance,,,
715,,North Area Athletic Complex,01_new construction,Demolition,,,
715,,North Area Athletic Complex,01_new construction,New construction ES,,,
715,,North Area Athletic Complex,01_new construction,New construction HS,,,
715,,North Area Athletic Complex,01_new construction,New construction K-8,,,
715,,North Area Athletic Complex,01_new construction,New construction MS,,,
715,,North Area Athletic Complex,01_new construction,New auditorium,,,
715,,North Area Athletic Complex,04_campus upgrade,Add shade structure(s),,,
715,,North Area Athletic Complex,04_campus upgrade,Campus landscaping upgrade,,,
715,,North Area Athletic Complex,04_campus upgrade,Parking lot expansion,,,
715,,North Area Athletic Complex,04_campus upgrade,"Front of school branding, landscape upgrades",,,
715,,North Area Athletic Complex,04_campus upgrade,Furniture upgrades,,,
715,,North Area Athletic Complex,04_campus upgrade,Improve drop-off / pick-up zone,,,
715,,North Area Athletic Complex,04_campus upgrade,New outdoor classroom,,,
715,,North Area Athletic Complex,04_campus upgrade,Playground replacement (ages 2-5),,,
715,,North Area Athletic Complex,04_campus upgrade,Playground replacement (ages 5-12),,,
715,,North Area Athletic Complex,04_campus upgrade,Resurface asphalt,,,
715,,North Area Athletic Complex,04_campus upgrade,Resurface concrete,,,
715,,North Area Athletic Complex,04_campus upgrade,Artificial turf field replacement and track resurfacing - HS,,,
715,,North Area Athletic Complex,05_Modernization,Modernize admin,,,
715,,North Area Athletic Complex,05_Modernization,Modernize classrooms,,,
715,,North Area Athletic Complex,05_Modernization,Modernize gym / assembly space,,,
715,,North Area Athletic Complex,05_Modernization,Modernize kitchen,,,
715,,North Area Athletic Complex,05_Modernization,Modernize cafeteria,,,
715,,North Area Athletic Complex,05_Modernization,Modernize multipurpose room,,,
715,,North Area Athletic Complex,05_Modernization,Heavily modernize restrooms,,,
715,,North Area Athletic Complex,05_Modernization,Heavily modernize STEM / CTE / specialized labs (MS/HS),,,
715,,North Area Athletic Complex,05_Modernization,Lightly modernize corridors,,,
715,,North Area Athletic Complex,05_Modernization,Lightly modernize entry lobby,,,
715,,North Area Athletic Complex,05_Modernization,Lightly modernize library/media center,,,
715,,North Area Athletic Complex,04_campus upgrade,Security package,,#N/A,
721,,Maple Grove Cottage A,00_general,ADA compliance,,,
721,,Maple Grove Cottage A,01_new construction,Demolition,,,
721,,Maple Grove Cottage A,01_new construction,New construction ES,,,
721,,Maple Grove Cottage A,01_new construction,New construction HS,,,
721,,Maple Grove Cottage A,01_new construction,New construction K-8,,,
721,,Maple Grove Cottage A,01_new construction,New construction MS,,,
721,,Maple Grove Cottage A,01_new construction,New auditorium,,,
721,,Maple Grove Cottage A,04_campus upgrade,Add shade structure(s),,,
721,,Maple Grove Cottage A,04_campus upgrade,Campus landscaping upgrade,,,
721,,Maple Grove Cottage A,04_campus upgrade,Parking lot expansion,,,
721,,Maple Grove Cottage A,04_campus upgrade,"Front of school branding, landscape upgrades",,,
721,,Maple Grove Cottage A,04_campus upgrade,Furniture upgrades,,,
721,,Maple Grove Cottage A,04_campus upgrade,Improve drop-off / pick-up zone,,,
721,,Maple Grove Cottage A,04_campus upgrade,New outdoor classroom,,,
721,,Maple Grove Cottage A,04_campus upgrade,Playground replacement (ages 2-5),,,
721,,Maple Grove Cottage A,04_campus upgrade,Playground replacement (ages 5-12),,,
721,,Maple Grove Cottage A,04_campus upgrade,Resurface asphalt,,,
721,,Maple Grove Cottage A,04_campus upgrade,Resurface concrete,,,
721,,Maple Grove Cottage A,04_campus upgrade,Artificial turf field replacement and track resurfacing - HS,,,
721,,Maple Grove Cottage A,05_Modernization,Modernize admin,,,
721,,Maple Grove Cottage A,05_Modernization,Modernize classrooms,,,
721,,Maple Grove Cottage A,05_Modernization,Modernize gym / assembly space,,,
721,,Maple Grove Cottage A,05_Modernization,Modernize kitchen,,,
721,,Maple Grove Cottage A,05_Modernization,Modernize cafeteria,,,
721,,Maple Grove Cottage A,05_Modernization,Modernize multipurpose room,,,
721,,Maple Grove Cottage A,05_Modernization,Heavily modernize restrooms,,,
721,,Maple Grove Cottage A,05_Modernization,Heavily modernize STEM / CTE / specialized labs (MS/HS),,,
721,,Maple Grove Cottage A,05_Modernization,Lightly modernize corridors,,,
721,,Maple Grove Cottage A,05_Modernization,Lightly modernize entry lobby,,,
721,,Maple Grove Cottage A,05_Modernization,Lightly modernize library/media center,,,
721,,Maple Grove Cottage A,04_campus upgrade,Security package,,#N/A,
722,,Maple Grove Cottage B,00_general,ADA compliance,,,
722,,Maple Grove Cottage B,01_new construction,Demolition,,,
722,,Maple Grove Cottage B,01_new construction,New construction ES,,,
722,,Maple Grove Cottage B,01_new construction,New construction HS,,,
722,,Maple Grove Cottage B,01_new construction,New construction K-8,,,
722,,Maple Grove Cottage B,01_new construction,New construction MS,,,
722,,Maple Grove Cottage B,01_new construction,New auditorium,,,
722,,Maple Grove Cottage B,04_campus upgrade,Add shade structure(s),,,
722,,Maple Grove Cottage B,04_campus upgrade,Campus landscaping upgrade,,,
722,,Maple Grove Cottage B,04_campus upgrade,Parking lot expansion,,,
722,,Maple Grove Cottage B,04_campus upgrade,"Front of school branding, landscape upgrades",,,
722,,Maple Grove Cottage B,04_campus upgrade,Furniture upgrades,,,
722,,Maple Grove Cottage B,04_campus upgrade,Improve drop-off / pick-up zone,,,
722,,Maple Grove Cottage B,04_campus upgrade,New outdoor classroom,,,
722,,Maple Grove Cottage B,04_campus upgrade,Playground replacement (ages 2-5),,,
722,,Maple Grove Cottage B,04_campus upgrade,Playground replacement (ages 5-12),,,
722,,Maple Grove Cottage B,04_campus upgrade,Resurface asphalt,,,
722,,Maple Grove Cottage B,04_campus upgrade,Resurface concrete,,,
722,,Maple Grove Cottage B,04_campus upgrade,Artificial turf field replacement and track resurfacing - HS,,,
722,,Maple Grove Cottage B,05_Modernization,Modernize admin,,,
722,,Maple Grove Cottage B,05_Modernization,Modernize classrooms,,,
722,,Maple Grove Cottage B,05_Modernization,Modernize gym / assembly space,,,
722,,Maple Grove Cottage B,05_Modernization,Modernize kitchen,,,
722,,Maple Grove Cottage B,05_Modernization,Modernize cafeteria,,,
722,,Maple Grove Cottage B,05_Modernization,Modernize multipurpose room,,,
722,,Maple Grove Cottage B,05_Modernization,Heavily modernize restrooms,,,
722,,Maple Grove Cottage B,05_Modernization,Heavily modernize STEM / CTE / specialized labs (MS/HS),,,
722,,Maple Grove Cottage B,05_Modernization,Lightly modernize corridors,,,
722,,Maple Grove Cottage B,05_Modernization,Lightly modernize entry lobby,,,
722,,Maple Grove Cottage B,05_Modernization,Lightly modernize library/media center,,,
722,,Maple Grove Cottage B,04_campus upgrade,Security package,,#N/A,
723,,Secrest Cottage B,00_general,ADA compliance,,,
723,,Secrest Cottage B,01_new construction,Demolition,,,
723,,Secrest Cottage B,01_new construction,New construction ES,,,
723,,Secrest Cottage B,01_new construction,New construction HS,,,
723,,Secrest Cottage B,01_new construction,New construction K-8,,,
723,,Secrest Cottage B,01_new construction,New construction MS,,,
723,,Secrest Cottage B,01_new construction,New auditorium,,,
723,,Secrest Cottage B,04_campus upgrade,Add shade structure(s),,,
723,,Secrest Cottage B,04_campus upgrade,Campus landscaping upgrade,,,
723,,Secrest Cottage B,04_campus upgrade,Parking lot expansion,,,
723,,Secrest Cottage B,04_campus upgrade,"Front of school branding, landscape upgrades",,,
723,,Secrest Cottage B,04_campus upgrade,Furniture upgrades,,,
723,,Secrest Cottage B,04_campus upgrade,Improve drop-off / pick-up zone,,,
723,,Secrest Cottage B,04_campus upgrade,New outdoor classroom,,,
723,,Secrest Cottage B,04_campus upgrade,Playground replacement (ages 2-5),,,
723,,Secrest Cottage B,04_campus upgrade,Playground replacement (ages 5-12),,,
723,,Secrest Cottage B,04_campus upgrade,Resurface asphalt,,,
723,,Secrest Cottage B,04_campus upgrade,Resurface concrete,,,
723,,Secrest Cottage B,04_campus upgrade,Artificial turf field replacement and track resurfacing - HS,,,
723,,Secrest Cottage B,05_Modernization,Modernize admin,,,
723,,Secrest Cottage B,05_Modernization,Modernize classrooms,,,
723,,Secrest Cottage B,05_Modernization,Modernize gym / assembly space,,,
723,,Secrest Cottage B,05_Modernization,Modernize kitchen,,,
723,,Secrest Cottage B,05_Modernization,Modernize cafeteria,,,
723,,Secrest Cottage B,05_Modernization,Modernize multipurpose room,,,
723,,Secrest Cottage B,05_Modernization,Heavily modernize restrooms,,,
723,,Secrest Cottage B,05_Modernization,Heavily modernize STEM / CTE / specialized labs (MS/HS),,,
723,,Secrest Cottage B,05_Modernization,Lightly modernize corridors,,,
723,,Secrest Cottage B,05_Modernization,Lightly modernize entry lobby,,,
723,,Secrest Cottage B,05_Modernization,Lightly modernize library/media center,,,
723,,Secrest Cottage B,04_campus upgrade,Security package,,#N/A,
724,,Patterson Cottage A,00_general,ADA compliance,,,
724,,Patterson Cottage A,01_new construction,Demolition,,,
724,,Patterson Cottage A,01_new construction,New construction ES,,,
724,,Patterson Cottage A,01_new construction,New construction HS,,,
724,,Patterson Cottage A,01_new construction,New construction K-8,,,
724,,Patterson Cottage A,01_new construction,New construction MS,,,
724,,Patterson Cottage A,01_new construction,New auditorium,,,
724,,Patterson Cottage A,04_campus upgrade,Add shade structure(s),,,
724,,Patterson Cottage A,04_campus upgrade,Campus landscaping upgrade,,,
724,,Patterson Cottage A,04_campus upgrade,Parking lot expansion,,,
724,,Patterson Cottage A,04_campus upgrade,"Front of school branding, landscape upgrades",,,
724,,Patterson Cottage A,04_campus upgrade,Furniture upgrades,,,
724,,Patterson Cottage A,04_campus upgrade,Improve drop-off / pick-up zone,,,
724,,Patterson Cottage A,04_campus upgrade,New outdoor classroom,,,
724,,Patterson Cottage A,04_campus upgrade,Playground replacement (ages 2-5),,,
724,,Patterson Cottage A,04_campus upgrade,Playground replacement (ages 5-12),,,
724,,Patterson Cottage A,04_campus upgrade,Resurface asphalt,,,
724,,Patterson Cottage A,04_campus upgrade,Resurface concrete,,,
724,,Patterson Cottage A,04_campus upgrade,Artificial turf field replacement and track resurfacing - HS,,,
724,,Patterson Cottage A,05_Modernization,Modernize admin,,,
724,,Patterson Cottage A,05_Modernization,Modernize classrooms,,,
724,,Patterson Cottage A,05_Modernization,Modernize gym / assembly space,,,
724,,Patterson Cottage A,05_Modernization,Modernize kitchen,,,
724,,Patterson Cottage A,05_Modernization,Modernize cafeteria,,,
724,,Patterson Cottage A,05_Modernization,Modernize multipurpose room,,,
724,,Patterson Cottage A,05_Modernization,Heavily modernize restrooms,,,
724,,Patterson Cottage A,05_Modernization,Heavily modernize STEM / CTE / specialized labs (MS/HS),,,
724,,Patterson Cottage A,05_Modernization,Lightly modernize corridors,,,
724,,Patterson Cottage A,05_Modernization,Lightly modernize entry lobby,,,
724,,Patterson Cottage A,05_Modernization,Lightly modernize library/media center,,,
724,,Patterson Cottage A,04_campus upgrade,Security package,,#N/A,
725,,Patterson Cottage D,00_general,ADA compliance,,,
725,,Patterson Cottage D,01_new construction,Demolition,,,
725,,Patterson Cottage D,01_new construction,New construction ES,,,
725,,Patterson Cottage D,01_new construction,New construction HS,,,
725,,Patterson Cottage D,01_new construction,New construction K-8,,,
725,,Patterson Cottage D,01_new construction,New construction MS,,,
725,,Patterson Cottage D,01_new construction,New auditorium,,,
725,,Patterson Cottage D,04_campus upgrade,Add shade structure(s),,,
725,,Patterson Cottage D,04_campus upgrade,Campus landscaping upgrade,,,
725,,Patterson Cottage D,04_campus upgrade,Parking lot expansion,,,
725,,Patterson Cottage D,04_campus upgrade,"Front of school branding, landscape upgrades",,,
725,,Patterson Cottage D,04_campus upgrade,Furniture upgrades,,,
725,,Patterson Cottage D,04_campus upgrade,Improve drop-off / pick-up zone,,,
725,,Patterson Cottage D,04_campus upgrade,New outdoor classroom,,,
725,,Patterson Cottage D,04_campus upgrade,Playground replacement (ages 2-5),,,
725,,Patterson Cottage D,04_campus upgrade,Playground replacement (ages 5-12),,,
725,,Patterson Cottage D,04_campus upgrade,Resurface asphalt,,,
725,,Patterson Cottage D,04_campus upgrade,Resurface concrete,,,
725,,Patterson Cottage D,04_campus upgrade,Artificial turf field replacement and track resurfacing - HS,,,
725,,Patterson Cottage D,05_Modernization,Modernize admin,,,
725,,Patterson Cottage D,05_Modernization,Modernize classrooms,,,
725,,Patterson Cottage D,05_Modernization,Modernize gym / assembly space,,,
725,,Patterson Cottage D,05_Modernization,Modernize kitchen,,,
725,,Patterson Cottage D,05_Modernization,Modernize cafeteria,,,
725,,Patterson Cottage D,05_Modernization,Modernize multipurpose room,,,
725,,Patterson Cottage D,05_Modernization,Heavily modernize restrooms,,,
725,,Patterson Cottage D,05_Modernization,Heavily modernize STEM / CTE / specialized labs (MS/HS),,,
725,,Patterson Cottage D,05_Modernization,Lightly modernize corridors,,,
725,,Patterson Cottage D,05_Modernization,Lightly modernize entry lobby,,,
725,,Patterson Cottage D,05_Modernization,Lightly modernize library/media center,,,
725,,Patterson Cottage D,04_campus upgrade,Security package,,#N/A,
726,,Patterson Cottage C,00_general,ADA compliance,,,
726,,Patterson Cottage C,01_new construction,Demolition,,,
726,,Patterson Cottage C,01_new construction,New construction ES,,,
726,,Patterson Cottage C,01_new construction,New construction HS,,,
726,,Patterson Cottage C,01_new construction,New construction K-8,,,
726,,Patterson Cottage C,01_new construction,New construction MS,,,
726,,Patterson Cottage C,01_new construction,New auditorium,,,
726,,Patterson Cottage C,04_campus upgrade,Add shade structure(s),,,
726,,Patterson Cottage C,04_campus upgrade,Campus landscaping upgrade,,,
726,,Patterson Cottage C,04_campus upgrade,Parking lot expansion,,,
726,,Patterson Cottage C,04_campus upgrade,"Front of school branding, landscape upgrades",,,
726,,Patterson Cottage C,04_campus upgrade,Furniture upgrades,,,
726,,Patterson Cottage C,04_campus upgrade,Improve drop-off / pick-up zone,,,
726,,Patterson Cottage C,04_campus upgrade,New outdoor classroom,,,
726,,Patterson Cottage C,04_campus upgrade,Playground replacement (ages 2-5),,,
726,,Patterson Cottage C,04_campus upgrade,Playground replacement (ages 5-12),,,
726,,Patterson Cottage C,04_campus upgrade,Resurface asphalt,,,
726,,Patterson Cottage C,04_campus upgrade,Resurface concrete,,,
726,,Patterson Cottage C,04_campus upgrade,Artificial turf field replacement and track resurfacing - HS,,,
726,,Patterson Cottage C,05_Modernization,Modernize admin,,,
726,,Patterson Cottage C,05_Modernization,Modernize classrooms,,,
726,,Patterson Cottage C,05_Modernization,Modernize gym / assembly space,,,
726,,Patterson Cottage C,05_Modernization,Modernize kitchen,,,
726,,Patterson Cottage C,05_Modernization,Modernize cafeteria,,,
726,,Patterson Cottage C,05_Modernization,Modernize multipurpose room,,,
726,,Patterson Cottage C,05_Modernization,Heavily modernize restrooms,,,
726,,Patterson Cottage C,05_Modernization,Heavily modernize STEM / CTE / specialized labs (MS/HS),,,
726,,Patterson Cottage C,05_Modernization,Lightly modernize corridors,,,
726,,Patterson Cottage C,05_Modernization,Lightly modernize entry lobby,,,
726,,Patterson Cottage C,05_Modernization,Lightly modernize library/media center,,,
726,,Patterson Cottage C,04_campus upgrade,Security package,,#N/A,
727,,Patterson Cottage B,00_general,ADA compliance,,,
727,,Patterson Cottage B,01_new construction,Demolition,,,
727,,Patterson Cottage B,01_new construction,New construction ES,,,
727,,Patterson Cottage B,01_new construction,New construction HS,,,
727,,Patterson Cottage B,01_new construction,New construction K-8,,,
727,,Patterson Cottage B,01_new construction,New construction MS,,,
727,,Patterson Cottage B,01_new construction,New auditorium,,,
727,,Patterson Cottage B,04_campus upgrade,Add shade structure(s),,,
727,,Patterson Cottage B,04_campus upgrade,Campus landscaping upgrade,,,
727,,Patterson Cottage B,04_campus upgrade,Parking lot expansion,,,
727,,Patterson Cottage B,04_campus upgrade,"Front of school branding, landscape upgrades",,,
727,,Patterson Cottage B,04_campus upgrade,Furniture upgrades,,,
727,,Patterson Cottage B,04_campus upgrade,Improve drop-off / pick-up zone,,,
727,,Patterson Cottage B,04_campus upgrade,New outdoor classroom,,,
727,,Patterson Cottage B,04_campus upgrade,Playground replacement (ages 2-5),,,
727,,Patterson Cottage B,04_campus upgrade,Playground replacement (ages 5-12),,,
727,,Patterson Cottage B,04_campus upgrade,Resurface asphalt,,,
727,,Patterson Cottage B,04_campus upgrade,Resurface concrete,,,
727,,Patterson Cottage B,04_campus upgrade,Artificial turf field replacement and track resurfacing - HS,,,
727,,Patterson Cottage B,05_Modernization,Modernize admin,,,
727,,Patterson Cottage B,05_Modernization,Modernize classrooms,,,
727,,Patterson Cottage B,05_Modernization,Modernize gym / assembly space,,,
727,,Patterson Cottage B,05_Modernization,Modernize kitchen,,,
727,,Patterson Cottage B,05_Modernization,Modernize cafeteria,,,
727,,Patterson Cottage B,05_Modernization,Modernize multipurpose room,,,
727,,Patterson Cottage B,05_Modernization,Heavily modernize restrooms,,,
727,,Patterson Cottage B,05_Modernization,Heavily modernize STEM / CTE / specialized labs (MS/HS),,,
727,,Patterson Cottage B,05_Modernization,Lightly modernize corridors,,,
727,,Patterson Cottage B,05_Modernization,Lightly modernize entry lobby,,,
727,,Patterson Cottage B,05_Modernization,Lightly modernize library/media center,,,
727,,Patterson Cottage B,04_campus upgrade,Security package,,#N/A,
741,,South Area Transportation Center,00_general,ADA compliance,,,
741,,South Area Transportation Center,01_new construction,Demolition,,,
741,,South Area Transportation Center,01_new construction,New construction ES,,,
741,,South Area Transportation Center,01_new construction,New construction HS,,,
741,,South Area Transportation Center,01_new construction,New construction K-8,,,
741,,South Area Transportation Center,01_new construction,New construction MS,,,
741,,South Area Transportation Center,01_new construction,New auditorium,,,
741,,South Area Transportation Center,04_campus upgrade,Add shade structure(s),,,
741,,South Area Transportation Center,04_campus upgrade,Campus landscaping upgrade,,,
741,,South Area Transportation Center,04_campus upgrade,Parking lot expansion,,,
741,,South Area Transportation Center,04_campus upgrade,"Front of school branding, landscape upgrades",,,
741,,South Area Transportation Center,04_campus upgrade,Furniture upgrades,,,
741,,South Area Transportation Center,04_campus upgrade,Improve drop-off / pick-up zone,,,
741,,South Area Transportation Center,04_campus upgrade,New outdoor classroom,,,
741,,South Area Transportation Center,04_campus upgrade,Playground replacement (ages 2-5),,,
741,,South Area Transportation Center,04_campus upgrade,Playground replacement (ages 5-12),,,
741,,South Area Transportation Center,04_campus upgrade,Resurface asphalt,,,
741,,South Area Transportation Center,04_campus upgrade,Resurface concrete,,,
741,,South Area Transportation Center,04_campus upgrade,Artificial turf field replacement and track resurfacing - HS,,,
741,,South Area Transportation Center,05_Modernization,Modernize admin,,,
741,,South Area Transportation Center,05_Modernization,Modernize classrooms,,,
741,,South Area Transportation Center,05_Modernization,Modernize gym / assembly space,,,
741,,South Area Transportation Center,05_Modernization,Modernize kitchen,,,
741,,South Area Transportation Center,05_Modernization,Modernize cafeteria,,,
741,,South Area Transportation Center,05_Modernization,Modernize multipurpose room,,,
741,,South Area Transportation Center,05_Modernization,Heavily modernize restrooms,,,
741,,South Area Transportation Center,05_Modernization,Heavily modernize STEM / CTE / specialized labs (MS/HS),,,
741,,South Area Transportation Center,05_Modernization,Lightly modernize corridors,,,
741,,South Area Transportation Center,05_Modernization,Lightly modernize entry lobby,,,
741,,South Area Transportation Center,05_Modernization,Lightly modernize library/media center,,,
741,,South Area Transportation Center,04_campus upgrade,Security package,,#N/A,
742,,West Area Transportation Center,00_general,ADA compliance,,,
742,,West Area Transportation Center,01_new construction,Demolition,,,
742,,West Area Transportation Center,01_new construction,New construction ES,,,
742,,West Area Transportation Center,01_new construction,New construction HS,,,
742,,West Area Transportation Center,01_new construction,New construction K-8,,,
742,,West Area Transportation Center,01_new construction,New construction MS,,,
742,,West Area Transportation Center,01_new construction,New auditorium,,,
742,,West Area Transportation Center,04_campus upgrade,Add shade structure(s),,,
742,,West Area Transportation Center,04_campus upgrade,Campus landscaping upgrade,,,
742,,West Area Transportation Center,04_campus upgrade,Parking lot expansion,,,
742,,West Area Transportation Center,04_campus upgrade,"Front of school branding, landscape upgrades",,,
742,,West Area Transportation Center,04_campus upgrade,Furniture upgrades,,,
742,,West Area Transportation Center,04_campus upgrade,Improve drop-off / pick-up zone,,,
742,,West Area Transportation Center,04_campus upgrade,New outdoor classroom,,,
742,,West Area Transportation Center,04_campus upgrade,Playground replacement (ages 2-5),,,
742,,West Area Transportation Center,04_campus upgrade,Playground replacement (ages 5-12),,,
742,,West Area Transportation Center,04_campus upgrade,Resurface asphalt,,,
742,,West Area Transportation Center,04_campus upgrade,Resurface concrete,,,
742,,West Area Transportation Center,04_campus upgrade,Artificial turf field replacement and track resurfacing - HS,,,
742,,West Area Transportation Center,05_Modernization,Modernize admin,,,
742,,West Area Transportation Center,05_Modernization,Modernize classrooms,,,
742,,West Area Transportation Center,05_Modernization,Modernize gym / assembly space,,,
742,,West Area Transportation Center,05_Modernization,Modernize kitchen,,,
742,,West Area Transportation Center,05_Modernization,Modernize cafeteria,,,
742,,West Area Transportation Center,05_Modernization,Modernize multipurpose room,,,
742,,West Area Transportation Center,05_Modernization,Heavily modernize restrooms,,,
742,,West Area Transportation Center,05_Modernization,Heavily modernize STEM / CTE / specialized labs (MS/HS),,,
742,,West Area Transportation Center,05_Modernization,Lightly modernize corridors,,,
742,,West Area Transportation Center,05_Modernization,Lightly modernize entry lobby,,,
742,,West Area Transportation Center,05_Modernization,Lightly modernize library/media center,,,
742,,West Area Transportation Center,04_campus upgrade,Security package,,#N/A,
743,,North Area Transportation Center - Indiana,00_general,ADA compliance,,,
743,,North Area Transportation Center - Indiana,01_new construction,Demolition,,,
743,,North Area Transportation Center - Indiana,01_new construction,New construction ES,,,
743,,North Area Transportation Center - Indiana,01_new construction,New construction HS,,,
743,,North Area Transportation Center - Indiana,01_new construction,New construction K-8,,,
743,,North Area Transportation Center - Indiana,01_new construction,New construction MS,,,
743,,North Area Transportation Center - Indiana,01_new construction,New auditorium,,,
743,,North Area Transportation Center - Indiana,04_campus upgrade,Add shade structure(s),,,
743,,North Area Transportation Center - Indiana,04_campus upgrade,Campus landscaping upgrade,,,
743,,North Area Transportation Center - Indiana,04_campus upgrade,Parking lot expansion,,,
743,,North Area Transportation Center - Indiana,04_campus upgrade,"Front of school branding, landscape upgrades",,,
743,,North Area Transportation Center - Indiana,04_campus upgrade,Furniture upgrades,,,
743,,North Area Transportation Center - Indiana,04_campus upgrade,Improve drop-off / pick-up zone,,,
743,,North Area Transportation Center - Indiana,04_campus upgrade,New outdoor classroom,,,
743,,North Area Transportation Center - Indiana,04_campus upgrade,Playground replacement (ages 2-5),,,
743,,North Area Transportation Center - Indiana,04_campus upgrade,Playground replacement (ages 5-12),,,
743,,North Area Transportation Center - Indiana,04_campus upgrade,Resurface asphalt,,,
743,,North Area Transportation Center - Indiana,04_campus upgrade,Resurface concrete,,,
743,,North Area Transportation Center - Indiana,04_campus upgrade,Artificial turf field replacement and track resurfacing - HS,,,
743,,North Area Transportation Center - Indiana,05_Modernization,Modernize admin,,,
743,,North Area Transportation Center - Indiana,05_Modernization,Modernize classrooms,,,
743,,North Area Transportation Center - Indiana,05_Modernization,Modernize gym / assembly space,,,
743,,North Area Transportation Center - Indiana,05_Modernization,Modernize kitchen,,,
743,,North Area Transportation Center - Indiana,05_Modernization,Modernize cafeteria,,,
743,,North Area Transportation Center - Indiana,05_Modernization,Modernize multipurpose room,,,
743,,North Area Transportation Center - Indiana,05_Modernization,Heavily modernize restrooms,,,
743,,North Area Transportation Center - Indiana,05_Modernization,Heavily modernize STEM / CTE / specialized labs (MS/HS),,,
743,,North Area Transportation Center - Indiana,05_Modernization,Lightly modernize corridors,,,
743,,North Area Transportation Center - Indiana,05_Modernization,Lightly modernize entry lobby,,,
743,,North Area Transportation Center - Indiana,05_Modernization,Lightly modernize library/media center,,,
743,,North Area Transportation Center - Indiana,04_campus upgrade,Security package,,#N/A,
744,,North Area Transportation Center - Joyce,00_general,ADA compliance,,,
744,,North Area Transportation Center - Joyce,01_new construction,Demolition,,,
744,,North Area Transportation Center - Joyce,01_new construction,New construction ES,,,
744,,North Area Transportation Center - Joyce,01_new construction,New construction HS,,,
744,,North Area Transportation Center - Joyce,01_new construction,New construction K-8,,,
744,,North Area Transportation Center - Joyce,01_new construction,New construction MS,,,
744,,North Area Transportation Center - Joyce,01_new construction,New auditorium,,,
744,,North Area Transportation Center - Joyce,04_campus upgrade,Add shade structure(s),,,
744,,North Area Transportation Center - Joyce,04_campus upgrade,Campus landscaping upgrade,,,
744,,North Area Transportation Center - Joyce,04_campus upgrade,Parking lot expansion,,,
744,,North Area Transportation Center - Joyce,04_campus upgrade,"Front of school branding, landscape upgrades",,,
744,,North Area Transportation Center - Joyce,04_campus upgrade,Furniture upgrades,,,
744,,North Area Transportation Center - Joyce,04_campus upgrade,Improve drop-off / pick-up zone,,,
744,,North Area Transportation Center - Joyce,04_campus upgrade,New outdoor classroom,,,
744,,North Area Transportation Center - Joyce,04_campus upgrade,Playground replacement (ages 2-5),,,
744,,North Area Transportation Center - Joyce,04_campus upgrade,Playground replacement (ages 5-12),,,
744,,North Area Transportation Center - Joyce,04_campus upgrade,Resurface asphalt,,,
744,,North Area Transportation Center - Joyce,04_campus upgrade,Resurface concrete,,,
744,,North Area Transportation Center - Joyce,04_campus upgrade,Artificial turf field replacement and track resurfacing - HS,,,
744,,North Area Transportation Center - Joyce,05_Modernization,Modernize admin,,,
744,,North Area Transportation Center - Joyce,05_Modernization,Modernize classrooms,,,
744,,North Area Transportation Center - Joyce,05_Modernization,Modernize gym / assembly space,,,
744,,North Area Transportation Center - Joyce,05_Modernization,Modernize kitchen,,,
744,,North Area Transportation Center - Joyce,05_Modernization,Modernize cafeteria,,,
744,,North Area Transportation Center - Joyce,05_Modernization,Modernize multipurpose room,,,
744,,North Area Transportation Center - Joyce,05_Modernization,Heavily modernize restrooms,,,
744,,North Area Transportation Center - Joyce,05_Modernization,Heavily modernize STEM / CTE / specialized labs (MS/HS),,,
744,,North Area Transportation Center - Joyce,05_Modernization,Lightly modernize corridors,,,
744,,North Area Transportation Center - Joyce,05_Modernization,Lightly modernize entry lobby,,,
744,,North Area Transportation Center - Joyce,05_Modernization,Lightly modernize library/media center,,,
744,,North Area Transportation Center - Joyce,04_campus upgrade,Security package,,#N/A,
745,,Driving Training Center,00_general,ADA compliance,,,
745,,Driving Training Center,01_new construction,Demolition,,,
745,,Driving Training Center,01_new construction,New construction ES,,,
745,,Driving Training Center,01_new construction,New construction HS,,,
745,,Driving Training Center,01_new construction,New construction K-8,,,
745,,Driving Training Center,01_new construction,New construction MS,,,
745,,Driving Training Center,01_new construction,New auditorium,,,
745,,Driving Training Center,04_campus upgrade,Add shade structure(s),,,
745,,Driving Training Center,04_campus upgrade,Campus landscaping upgrade,,,
745,,Driving Training Center,04_campus upgrade,Parking lot expansion,,,
745,,Driving Training Center,04_campus upgrade,"Front of school branding, landscape upgrades",,,
745,,Driving Training Center,04_campus upgrade,Furniture upgrades,,,
745,,Driving Training Center,04_campus upgrade,Improve drop-off / pick-up zone,,,
745,,Driving Training Center,04_campus upgrade,New outdoor classroom,,,
745,,Driving Training Center,04_campus upgrade,Playground replacement (ages 2-5),,,
745,,Driving Training Center,04_campus upgrade,Playground replacement (ages 5-12),,,
745,,Driving Training Center,04_campus upgrade,Resurface asphalt,,,
745,,Driving Training Center,04_campus upgrade,Resurface concrete,,,
745,,Driving Training Center,04_campus upgrade,Artificial turf field replacement and track resurfacing - HS,,,
745,,Driving Training Center,05_Modernization,Modernize admin,,,
745,,Driving Training Center,05_Modernization,Modernize classrooms,,,
745,,Driving Training Center,05_Modernization,Modernize gym / assembly space,,,
745,,Driving Training Center,05_Modernization,Modernize kitchen,,,
745,,Driving Training Center,05_Modernization,Modernize cafeteria,,,
745,,Driving Training Center,05_Modernization,Modernize multipurpose room,,,
745,,Driving Training Center,05_Modernization,Heavily modernize restrooms,,,
745,,Driving Training Center,05_Modernization,Heavily modernize STEM / CTE / specialized labs (MS/HS),,,
745,,Driving Training Center,05_Modernization,Lightly modernize corridors,,,
745,,Driving Training Center,05_Modernization,Lightly modernize entry lobby,,,
745,,Driving Training Center,05_Modernization,Lightly modernize library/media center,,,
745,,Driving Training Center,04_campus upgrade,Security package,,#N/A,
751,,Conifer Wastewater Treatment Plant,00_general,ADA compliance,,,
751,,Conifer Wastewater Treatment Plant,01_new construction,Demolition,,,
751,,Conifer Wastewater Treatment Plant,01_new construction,New construction ES,,,
751,,Conifer Wastewater Treatment Plant,01_new construction,New construction HS,,,
751,,Conifer Wastewater Treatment Plant,01_new construction,New construction K-8,,,
751,,Conifer Wastewater Treatment Plant,01_new construction,New construction MS,,,
751,,Conifer Wastewater Treatment Plant,01_new construction,New auditorium,,,
751,,Conifer Wastewater Treatment Plant,04_campus upgrade,Add shade structure(s),,,
751,,Conifer Wastewater Treatment Plant,04_campus upgrade,Campus landscaping upgrade,,,
751,,Conifer Wastewater Treatment Plant,04_campus upgrade,Parking lot expansion,,,
751,,Conifer Wastewater Treatment Plant,04_campus upgrade,"Front of school branding, landscape upgrades",,,
751,,Conifer Wastewater Treatment Plant,04_campus upgrade,Furniture upgrades,,,
751,,Conifer Wastewater Treatment Plant,04_campus upgrade,Improve drop-off / pick-up zone,,,
751,,Conifer Wastewater Treatment Plant,04_campus upgrade,New outdoor classroom,,,
751,,Conifer Wastewater Treatment Plant,04_campus upgrade,Playground replacement (ages 2-5),,,
751,,Conifer Wastewater Treatment Plant,04_campus upgrade,Playground replacement (ages 5-12),,,
751,,Conifer Wastewater Treatment Plant,04_campus upgrade,Resurface asphalt,,,
751,,Conifer Wastewater Treatment Plant,04_campus upgrade,Resurface concrete,,,
751,,Conifer Wastewater Treatment Plant,04_campus upgrade,Artificial turf field replacement and track resurfacing - HS,,,
751,,Conifer Wastewater Treatment Plant,05_Modernization,Modernize admin,,,
751,,Conifer Wastewater Treatment Plant,05_Modernization,Modernize classrooms,,,
751,,Conifer Wastewater Treatment Plant,05_Modernization,Modernize gym / assembly space,,,
751,,Conifer Wastewater Treatment Plant,05_Modernization,Modernize kitchen,,,
751,,Conifer Wastewater Treatment Plant,05_Modernization,Modernize cafeteria,,,
751,,Conifer Wastewater Treatment Plant,05_Modernization,Modernize multipurpose room,,,
751,,Conifer Wastewater Treatment Plant,05_Modernization,Heavily modernize restrooms,,,
751,,Conifer Wastewater Treatment Plant,05_Modernization,Heavily modernize STEM / CTE / specialized labs (MS/HS),,,
751,,Conifer Wastewater Treatment Plant,05_Modernization,Lightly modernize corridors,,,
751,,Conifer Wastewater Treatment Plant,05_Modernization,Lightly modernize entry lobby,,,
751,,Conifer Wastewater Treatment Plant,05_Modernization,Lightly modernize library/media center,,,
751,,Conifer Wastewater Treatment Plant,04_campus upgrade,Security package,,#N/A,
752,,West Jefferson Reservoir,00_general,ADA compliance,,,
752,,West Jefferson Reservoir,01_new construction,Demolition,,,
752,,West Jefferson Reservoir,01_new construction,New construction ES,,,
752,,West Jefferson Reservoir,01_new construction,New construction HS,,,
752,,West Jefferson Reservoir,01_new construction,New construction K-8,,,
752,,West Jefferson Reservoir,01_new construction,New construction MS,,,
752,,West Jefferson Reservoir,01_new construction,New auditorium,,,
752,,West Jefferson Reservoir,04_campus upgrade,Add shade structure(s),,,
752,,West Jefferson Reservoir,04_campus upgrade,Campus landscaping upgrade,,,
752,,West Jefferson Reservoir,04_campus upgrade,Parking lot expansion,,,
752,,West Jefferson Reservoir,04_campus upgrade,"Front of school branding, landscape upgrades",,,
752,,West Jefferson Reservoir,04_campus upgrade,Furniture upgrades,,,
752,,West Jefferson Reservoir,04_campus upgrade,Improve drop-off / pick-up zone,,,
752,,West Jefferson Reservoir,04_campus upgrade,New outdoor classroom,,,
752,,West Jefferson Reservoir,04_campus upgrade,Playground replacement (ages 2-5),,,
752,,West Jefferson Reservoir,04_campus upgrade,Playground replacement (ages 5-12),,,
752,,West Jefferson Reservoir,04_campus upgrade,Resurface asphalt,,,
752,,West Jefferson Reservoir,04_campus upgrade,Resurface concrete,,,
752,,West Jefferson Reservoir,04_campus upgrade,Artificial turf field replacement and track resurfacing - HS,,,
752,,West Jefferson Reservoir,05_Modernization,Modernize admin,,,
752,,West Jefferson Reservoir,05_Modernization,Modernize classrooms,,,
752,,West Jefferson Reservoir,05_Modernization,Modernize gym / assembly space,,,
752,,West Jefferson Reservoir,05_Modernization,Modernize kitchen,,,
752,,West Jefferson Reservoir,05_Modernization,Modernize cafeteria,,,
752,,West Jefferson Reservoir,05_Modernization,Modernize multipurpose room,,,
752,,West Jefferson Reservoir,05_Modernization,Heavily modernize restrooms,,,
752,,West Jefferson Reservoir,05_Modernization,Heavily modernize STEM / CTE / specialized labs (MS/HS),,,
752,,West Jefferson Reservoir,05_Modernization,Lightly modernize corridors,,,
752,,West Jefferson Reservoir,05_Modernization,Lightly modernize entry lobby,,,
752,,West Jefferson Reservoir,05_Modernization,Lightly modernize library/media center,,,
752,,West Jefferson Reservoir,04_campus upgrade,Security package,,#N/A,
753,,Shadow Mountain Gallery Well,00_general,ADA compliance,,,
753,,Shadow Mountain Gallery Well,01_new construction,Demolition,,,
753,,Shadow Mountain Gallery Well,01_new construction,New construction ES,,,
753,,Shadow Mountain Gallery Well,01_new construction,New construction HS,,,
753,,Shadow Mountain Gallery Well,01_new construction,New construction K-8,,,
753,,Shadow Mountain Gallery Well,01_new construction,New construction MS,,,
753,,Shadow Mountain Gallery Well,01_new construction,New auditorium,,,
753,,Shadow Mountain Gallery Well,04_campus upgrade,Add shade structure(s),,,
753,,Shadow Mountain Gallery Well,04_campus upgrade,Campus landscaping upgrade,,,
753,,Shadow Mountain Gallery Well,04_campus upgrade,Parking lot expansion,,,
753,,Shadow Mountain Gallery Well,04_campus upgrade,"Front of school branding, landscape upgrades",,,
753,,Shadow Mountain Gallery Well,04_campus upgrade,Furniture upgrades,,,
753,,Shadow Mountain Gallery Well,04_campus upgrade,Improve drop-off / pick-up zone,,,
753,,Shadow Mountain Gallery Well,04_campus upgrade,New outdoor classroom,,,
753,,Shadow Mountain Gallery Well,04_campus upgrade,Playground replacement (ages 2-5),,,
753,,Shadow Mountain Gallery Well,04_campus upgrade,Playground replacement (ages 5-12),,,
753,,Shadow Mountain Gallery Well,04_campus upgrade,Resurface asphalt,,,
753,,Shadow Mountain Gallery Well,04_campus upgrade,Resurface concrete,,,
753,,Shadow Mountain Gallery Well,04_campus upgrade,Artificial turf field replacement and track resurfacing - HS,,,
753,,Shadow Mountain Gallery Well,05_Modernization,Modernize admin,,,
753,,Shadow Mountain Gallery Well,05_Modernization,Modernize classrooms,,,
753,,Shadow Mountain Gallery Well,05_Modernization,Modernize gym / assembly space,,,
753,,Shadow Mountain Gallery Well,05_Modernization,Modernize kitchen,,,
753,,Shadow Mountain Gallery Well,05_Modernization,Modernize cafeteria,,,
753,,Shadow Mountain Gallery Well,05_Modernization,Modernize multipurpose room,,,
753,,Shadow Mountain Gallery Well,05_Modernization,Heavily modernize restrooms,,,
753,,Shadow Mountain Gallery Well,05_Modernization,Heavily modernize STEM / CTE / specialized labs (MS/HS),,,
753,,Shadow Mountain Gallery Well,05_Modernization,Lightly modernize corridors,,,
753,,Shadow Mountain Gallery Well,05_Modernization,Lightly modernize entry lobby,,,
753,,Shadow Mountain Gallery Well,05_Modernization,Lightly modernize library/media center,,,
753,,Shadow Mountain Gallery Well,04_campus upgrade,Security package,,#N/A,
754,,Conifer Water Treatment Plant,00_general,ADA compliance,,,
754,,Conifer Water Treatment Plant,01_new construction,Demolition,,,
754,,Conifer Water Treatment Plant,01_new construction,New construction ES,,,
754,,Conifer Water Treatment Plant,01_new construction,New construction HS,,,
754,,Conifer Water Treatment Plant,01_new construction,New construction K-8,,,
754,,Conifer Water Treatment Plant,01_new construction,New construction MS,,,
754,,Conifer Water Treatment Plant,01_new construction,New auditorium,,,
754,,Conifer Water Treatment Plant,04_campus upgrade,Add shade structure(s),,,
754,,Conifer Water Treatment Plant,04_campus upgrade,Campus landscaping upgrade,,,
754,,Conifer Water Treatment Plant,04_campus upgrade,Parking lot expansion,,,
754,,Conifer Water Treatment Plant,04_campus upgrade,"Front of school branding, landscape upgrades",,,
754,,Conifer Water Treatment Plant,04_campus upgrade,Furniture upgrades,,,
754,,Conifer Water Treatment Plant,04_campus upgrade,Improve drop-off / pick-up zone,,,
754,,Conifer Water Treatment Plant,04_campus upgrade,New outdoor classroom,,,
754,,Conifer Water Treatment Plant,04_campus upgrade,Playground replacement (ages 2-5),,,
754,,Conifer Water Treatment Plant,04_campus upgrade,Playground replacement (ages 5-12),,,
754,,Conifer Water Treatment Plant,04_campus upgrade,Resurface asphalt,,,
754,,Conifer Water Treatment Plant,04_campus upgrade,Resurface concrete,,,
754,,Conifer Water Treatment Plant,04_campus upgrade,Artificial turf field replacement and track resurfacing - HS,,,
754,,Conifer Water Treatment Plant,05_Modernization,Modernize admin,,,
754,,Conifer Water Treatment Plant,05_Modernization,Modernize classrooms,,,
754,,Conifer Water Treatment Plant,05_Modernization,Modernize gym / assembly space,,,
754,,Conifer Water Treatment Plant,05_Modernization,Modernize kitchen,,,
754,,Conifer Water Treatment Plant,05_Modernization,Modernize cafeteria,,,
754,,Conifer Water Treatment Plant,05_Modernization,Modernize multipurpose room,,,
754,,Conifer Water Treatment Plant,05_Modernization,Heavily modernize restrooms,,,
754,,Conifer Water Treatment Plant,05_Modernization,Heavily modernize STEM / CTE / specialized labs (MS/HS),,,
754,,Conifer Water Treatment Plant,05_Modernization,Lightly modernize corridors,,,
754,,Conifer Water Treatment Plant,05_Modernization,Lightly modernize entry lobby,,,
754,,Conifer Water Treatment Plant,05_Modernization,Lightly modernize library/media center,,,
754,,Conifer Water Treatment Plant,04_campus upgrade,Security package,,#N/A,
755,,Harriman Lake Pump House,00_general,ADA compliance,,,
755,,Harriman Lake Pump House,01_new construction,Demolition,,,
755,,Harriman Lake Pump House,01_new construction,New construction ES,,,
755,,Harriman Lake Pump House,01_new construction,New construction HS,,,
755,,Harriman Lake Pump House,01_new construction,New construction K-8,,,
755,,Harriman Lake Pump House,01_new construction,New construction MS,,,
755,,Harriman Lake Pump House,01_new construction,New auditorium,,,
755,,Harriman Lake Pump House,04_campus upgrade,Add shade structure(s),,,
755,,Harriman Lake Pump House,04_campus upgrade,Campus landscaping upgrade,,,
755,,Harriman Lake Pump House,04_campus upgrade,Parking lot expansion,,,
755,,Harriman Lake Pump House,04_campus upgrade,"Front of school branding, landscape upgrades",,,
755,,Harriman Lake Pump House,04_campus upgrade,Furniture upgrades,,,
755,,Harriman Lake Pump House,04_campus upgrade,Improve drop-off / pick-up zone,,,
755,,Harriman Lake Pump House,04_campus upgrade,New outdoor classroom,,,
755,,Harriman Lake Pump House,04_campus upgrade,Playground replacement (ages 2-5),,,
755,,Harriman Lake Pump House,04_campus upgrade,Playground replacement (ages 5-12),,,
755,,Harriman Lake Pump House,04_campus upgrade,Resurface asphalt,,,
755,,Harriman Lake Pump House,04_campus upgrade,Resurface concrete,,,
755,,Harriman Lake Pump House,04_campus upgrade,Artificial turf field replacement and track resurfacing - HS,,,
755,,Harriman Lake Pump House,05_Modernization,Modernize admin,,,
755,,Harriman Lake Pump House,05_Modernization,Modernize classrooms,,,
755,,Harriman Lake Pump House,05_Modernization,Modernize gym / assembly space,,,
755,,Harriman Lake Pump House,05_Modernization,Modernize kitchen,,,
755,,Harriman Lake Pump House,05_Modernization,Modernize cafeteria,,,
755,,Harriman Lake Pump House,05_Modernization,Modernize multipurpose room,,,
755,,Harriman Lake Pump House,05_Modernization,Heavily modernize restrooms,,,
755,,Harriman Lake Pump House,05_Modernization,Heavily modernize STEM / CTE / specialized labs (MS/HS),,,
755,,Harriman Lake Pump House,05_Modernization,Lightly modernize corridors,,,
755,,Harriman Lake Pump House,05_Modernization,Lightly modernize entry lobby,,,
755,,Harriman Lake Pump House,05_Modernization,Lightly modernize library/media center,,,
755,,Harriman Lake Pump House,04_campus upgrade,Security package,,#N/A,
756,,Lobo Creek Reservoir Pump House,00_general,ADA compliance,,,
756,,Lobo Creek Reservoir Pump House,01_new construction,Demolition,,,
756,,Lobo Creek Reservoir Pump House,01_new construction,New construction ES,,,
756,,Lobo Creek Reservoir Pump House,01_new construction,New construction HS,,,
756,,Lobo Creek Reservoir Pump House,01_new construction,New construction K-8,,,
756,,Lobo Creek Reservoir Pump House,01_new construction,New construction MS,,,
756,,Lobo Creek Reservoir Pump House,01_new construction,New auditorium,,,
756,,Lobo Creek Reservoir Pump House,04_campus upgrade,Add shade structure(s),,,
756,,Lobo Creek Reservoir Pump House,04_campus upgrade,Campus landscaping upgrade,,,
756,,Lobo Creek Reservoir Pump House,04_campus upgrade,Parking lot expansion,,,
756,,Lobo Creek Reservoir Pump House,04_campus upgrade,"Front of school branding, landscape upgrades",,,
756,,Lobo Creek Reservoir Pump House,04_campus upgrade,Furniture upgrades,,,
756,,Lobo Creek Reservoir Pump House,04_campus upgrade,Improve drop-off / pick-up zone,,,
756,,Lobo Creek Reservoir Pump House,04_campus upgrade,New outdoor classroom,,,
756,,Lobo Creek Reservoir Pump House,04_campus upgrade,Playground replacement (ages 2-5),,,
756,,Lobo Creek Reservoir Pump House,04_campus upgrade,Playground replacement (ages 5-12),,,
756,,Lobo Creek Reservoir Pump House,04_campus upgrade,Resurface asphalt,,,
756,,Lobo Creek Reservoir Pump House,04_campus upgrade,Resurface concrete,,,
756,,Lobo Creek Reservoir Pump House,04_campus upgrade,Artificial turf field replacement and track resurfacing - HS,,,
756,,Lobo Creek Reservoir Pump House,05_Modernization,Modernize admin,,,
756,,Lobo Creek Reservoir Pump House,05_Modernization,Modernize classrooms,,,
756,,Lobo Creek Reservoir Pump House,05_Modernization,Modernize gym / assembly space,,,
756,,Lobo Creek Reservoir Pump House,05_Modernization,Modernize kitchen,,,
756,,Lobo Creek Reservoir Pump House,05_Modernization,Modernize cafeteria,,,
756,,Lobo Creek Reservoir Pump House,05_Modernization,Modernize multipurpose room,,,
756,,Lobo Creek Reservoir Pump House,05_Modernization,Heavily modernize restrooms,,,
756,,Lobo Creek Reservoir Pump House,05_Modernization,Heavily modernize STEM / CTE / specialized labs (MS/HS),,,
756,,Lobo Creek Reservoir Pump House,05_Modernization,Lightly modernize corridors,,,
756,,Lobo Creek Reservoir Pump House,05_Modernization,Lightly modernize entry lobby,,,
756,,Lobo Creek Reservoir Pump House,05_Modernization,Lightly modernize library/media center,,,
756,,Lobo Creek Reservoir Pump House,04_campus upgrade,Security package,,#N/A,
757,,West Jefferson Reservoir Pump House,00_general,ADA compliance,,,
757,,West Jefferson Reservoir Pump House,01_new construction,Demolition,,,
757,,West Jefferson Reservoir Pump House,01_new construction,New construction ES,,,
757,,West Jefferson Reservoir Pump House,01_new construction,New construction HS,,,
757,,West Jefferson Reservoir Pump House,01_new construction,New construction K-8,,,
757,,West Jefferson Reservoir Pump House,01_new construction,New construction MS,,,
757,,West Jefferson Reservoir Pump House,01_new construction,New auditorium,,,
757,,West Jefferson Reservoir Pump House,04_campus upgrade,Add shade structure(s),,,
757,,West Jefferson Reservoir Pump House,04_campus upgrade,Campus landscaping upgrade,,,
757,,West Jefferson Reservoir Pump House,04_campus upgrade,Parking lot expansion,,,
757,,West Jefferson Reservoir Pump House,04_campus upgrade,"Front of school branding, landscape upgrades",,,
757,,West Jefferson Reservoir Pump House,04_campus upgrade,Furniture upgrades,,,
757,,West Jefferson Reservoir Pump House,04_campus upgrade,Improve drop-off / pick-up zone,,,
757,,West Jefferson Reservoir Pump House,04_campus upgrade,New outdoor classroom,,,
757,,West Jefferson Reservoir Pump House,04_campus upgrade,Playground replacement (ages 2-5),,,
757,,West Jefferson Reservoir Pump House,04_campus upgrade,Playground replacement (ages 5-12),,,
757,,West Jefferson Reservoir Pump House,04_campus upgrade,Resurface asphalt,,,
757,,West Jefferson Reservoir Pump House,04_campus upgrade,Resurface concrete,,,
757,,West Jefferson Reservoir Pump House,04_campus upgrade,Artificial turf field replacement and track resurfacing - HS,,,
757,,West Jefferson Reservoir Pump House,05_Modernization,Modernize admin,,,
757,,West Jefferson Reservoir Pump House,05_Modernization,Modernize classrooms,,,
757,,West Jefferson Reservoir Pump House,05_Modernization,Modernize gym / assembly space,,,
757,,West Jefferson Reservoir Pump House,05_Modernization,Modernize kitchen,,,
757,,West Jefferson Reservoir Pump House,05_Modernization,Modernize cafeteria,,,
757,,West Jefferson Reservoir Pump House,05_Modernization,Modernize multipurpose room,,,
757,,West Jefferson Reservoir Pump House,05_Modernization,Heavily modernize restrooms,,,
757,,West Jefferson Reservoir Pump House,05_Modernization,Heavily modernize STEM / CTE / specialized labs (MS/HS),,,
757,,West Jefferson Reservoir Pump House,05_Modernization,Lightly modernize corridors,,,
757,,West Jefferson Reservoir Pump House,05_Modernization,Lightly modernize entry lobby,,,
757,,West Jefferson Reservoir Pump House,05_Modernization,Lightly modernize library/media center,,,
757,,West Jefferson Reservoir Pump House,04_campus upgrade,Security package,,#N/A,
758,,Lobo Creek Reservoir Fire Protection Pump House,00_general,ADA compliance,,,
758,,Lobo Creek Reservoir Fire Protection Pump House,01_new construction,Demolition,,,
758,,Lobo Creek Reservoir Fire Protection Pump House,01_new construction,New construction ES,,,
758,,Lobo Creek Reservoir Fire Protection Pump House,01_new construction,New construction HS,,,
758,,Lobo Creek Reservoir Fire Protection Pump House,01_new construction,New construction K-8,,,
758,,Lobo Creek Reservoir Fire Protection Pump House,01_new construction,New construction MS,,,
758,,Lobo Creek Reservoir Fire Protection Pump House,01_new construction,New auditorium,,,
758,,Lobo Creek Reservoir Fire Protection Pump House,04_campus upgrade,Add shade structure(s),,,
758,,Lobo Creek Reservoir Fire Protection Pump House,04_campus upgrade,Campus landscaping upgrade,,,
758,,Lobo Creek Reservoir Fire Protection Pump House,04_campus upgrade,Parking lot expansion,,,
758,,Lobo Creek Reservoir Fire Protection Pump House,04_campus upgrade,"Front of school branding, landscape upgrades",,,
758,,Lobo Creek Reservoir Fire Protection Pump House,04_campus upgrade,Furniture upgrades,,,
758,,Lobo Creek Reservoir Fire Protection Pump House,04_campus upgrade,Improve drop-off / pick-up zone,,,
758,,Lobo Creek Reservoir Fire Protection Pump House,04_campus upgrade,New outdoor classroom,,,
758,,Lobo Creek Reservoir Fire Protection Pump House,04_campus upgrade,Playground replacement (ages 2-5),,,
758,,Lobo Creek Reservoir Fire Protection Pump House,04_campus upgrade,Playground replacement (ages 5-12),,,
758,,Lobo Creek Reservoir Fire Protection Pump House,04_campus upgrade,Resurface asphalt,,,
758,,Lobo Creek Reservoir Fire Protection Pump House,04_campus upgrade,Resurface concrete,,,
758,,Lobo Creek Reservoir Fire Protection Pump House,04_campus upgrade,Artificial turf field replacement and track resurfacing - HS,,,
758,,Lobo Creek Reservoir Fire Protection Pump House,05_Modernization,Modernize admin,,,
758,,Lobo Creek Reservoir Fire Protection Pump House,05_Modernization,Modernize classrooms,,,
758,,Lobo Creek Reservoir Fire Protection Pump House,05_Modernization,Modernize gym / assembly space,,,
758,,Lobo Creek Reservoir Fire Protection Pump House,05_Modernization,Modernize kitchen,,,
758,,Lobo Creek Reservoir Fire Protection Pump House,05_Modernization,Modernize cafeteria,,,
758,,Lobo Creek Reservoir Fire Protection Pump House,05_Modernization,Modernize multipurpose room,,,
758,,Lobo Creek Reservoir Fire Protection Pump House,05_Modernization,Heavily modernize restrooms,,,
758,,Lobo Creek Reservoir Fire Protection Pump House,05_Modernization,Heavily modernize STEM / CTE / specialized labs (MS/HS),,,
758,,Lobo Creek Reservoir Fire Protection Pump House,05_Modernization,Lightly modernize corridors,,,
758,,Lobo Creek Reservoir Fire Protection Pump House,05_Modernization,Lightly modernize entry lobby,,,
758,,Lobo Creek Reservoir Fire Protection Pump House,05_Modernization,Lightly modernize library/media center,,,
758,,Lobo Creek Reservoir Fire Protection Pump House,04_campus upgrade,Security package,,#N/A,
759,,Elk Creek Gallery Well,00_general,ADA compliance,,,
759,,Elk Creek Gallery Well,01_new construction,Demolition,,,
759,,Elk Creek Gallery Well,01_new construction,New construction ES,,,
759,,Elk Creek Gallery Well,01_new construction,New construction HS,,,
759,,Elk Creek Gallery Well,01_new construction,New construction K-8,,,
759,,Elk Creek Gallery Well,01_new construction,New construction MS,,,
759,,Elk Creek Gallery Well,01_new construction,New auditorium,,,
759,,Elk Creek Gallery Well,04_campus upgrade,Add shade structure(s),,,
759,,Elk Creek Gallery Well,04_campus upgrade,Campus landscaping upgrade,,,
759,,Elk Creek Gallery Well,04_campus upgrade,Parking lot expansion,,,
759,,Elk Creek Gallery Well,04_campus upgrade,"Front of school branding, landscape upgrades",,,
759,,Elk Creek Gallery Well,04_campus upgrade,Furniture upgrades,,,
759,,Elk Creek Gallery Well,04_campus upgrade,Improve drop-off / pick-up zone,,,
759,,Elk Creek Gallery Well,04_campus upgrade,New outdoor classroom,,,
759,,Elk Creek Gallery Well,04_campus upgrade,Playground replacement (ages 2-5),,,
759,,Elk Creek Gallery Well,04_campus upgrade,Playground replacement (ages 5-12),,,
759,,Elk Creek Gallery Well,04_campus upgrade,Resurface asphalt,,,
759,,Elk Creek Gallery Well,04_campus upgrade,Resurface concrete,,,
759,,Elk Creek Gallery Well,04_campus upgrade,Artificial turf field replacement and track resurfacing - HS,,,
759,,Elk Creek Gallery Well,05_Modernization,Modernize admin,,,
759,,Elk Creek Gallery Well,05_Modernization,Modernize classrooms,,,
759,,Elk Creek Gallery Well,05_Modernization,Modernize gym / assembly space,,,
759,,Elk Creek Gallery Well,05_Modernization,Modernize kitchen,,,
759,,Elk Creek Gallery Well,05_Modernization,Modernize cafeteria,,,
759,,Elk Creek Gallery Well,05_Modernization,Modernize multipurpose room,,,
759,,Elk Creek Gallery Well,05_Modernization,Heavily modernize restrooms,,,
759,,Elk Creek Gallery Well,05_Modernization,Heavily modernize STEM / CTE / specialized labs (MS/HS),,,
759,,Elk Creek Gallery Well,05_Modernization,Lightly modernize corridors,,,
759,,Elk Creek Gallery Well,05_Modernization,Lightly modernize entry lobby,,,
759,,Elk Creek Gallery Well,05_Modernization,Lightly modernize library/media center,,,
759,,Elk Creek Gallery Well,04_campus upgrade,Security package,,#N/A,
772,,Applewood Cottage A,00_general,ADA compliance,,,
772,,Applewood Cottage A,01_new construction,Demolition,,,
772,,Applewood Cottage A,01_new construction,New construction ES,,,
772,,Applewood Cottage A,01_new construction,New construction HS,,,
772,,Applewood Cottage A,01_new construction,New construction K-8,,,
772,,Applewood Cottage A,01_new construction,New construction MS,,,
772,,Applewood Cottage A,01_new construction,New auditorium,,,
772,,Applewood Cottage A,04_campus upgrade,Add shade structure(s),,,
772,,Applewood Cottage A,04_campus upgrade,Campus landscaping upgrade,,,
772,,Applewood Cottage A,04_campus upgrade,Parking lot expansion,,,
772,,Applewood Cottage A,04_campus upgrade,"Front of school branding, landscape upgrades",,,
772,,Applewood Cottage A,04_campus upgrade,Furniture upgrades,,,
772,,Applewood Cottage A,04_campus upgrade,Improve drop-off / pick-up zone,,,
772,,Applewood Cottage A,04_campus upgrade,New outdoor classroom,,,
772,,Applewood Cottage A,04_campus upgrade,Playground replacement (ages 2-5),,,
772,,Applewood Cottage A,04_campus upgrade,Playground replacement (ages 5-12),,,
772,,Applewood Cottage A,04_campus upgrade,Resurface asphalt,,,
772,,Applewood Cottage A,04_campus upgrade,Resurface concrete,,,
772,,Applewood Cottage A,04_campus upgrade,Artificial turf field replacement and track resurfacing - HS,,,
772,,Applewood Cottage A,05_Modernization,Modernize admin,,,
772,,Applewood Cottage A,05_Modernization,Modernize classrooms,,,
772,,Applewood Cottage A,05_Modernization,Modernize gym / assembly space,,,
772,,Applewood Cottage A,05_Modernization,Modernize kitchen,,,
772,,Applewood Cottage A,05_Modernization,Modernize cafeteria,,,
772,,Applewood Cottage A,05_Modernization,Modernize multipurpose room,,,
772,,Applewood Cottage A,05_Modernization,Heavily modernize restrooms,,,
772,,Applewood Cottage A,05_Modernization,Heavily modernize STEM / CTE / specialized labs (MS/HS),,,
772,,Applewood Cottage A,05_Modernization,Lightly modernize corridors,,,
772,,Applewood Cottage A,05_Modernization,Lightly modernize entry lobby,,,
772,,Applewood Cottage A,05_Modernization,Lightly modernize library/media center,,,
772,,Applewood Cottage A,04_campus upgrade,Security package,,#N/A,
773,,Applewood Cottage B,00_general,ADA compliance,,,
773,,Applewood Cottage B,01_new construction,Demolition,,,
773,,Applewood Cottage B,01_new construction,New construction ES,,,
773,,Applewood Cottage B,01_new construction,New construction HS,,,
773,,Applewood Cottage B,01_new construction,New construction K-8,,,
773,,Applewood Cottage B,01_new construction,New construction MS,,,
773,,Applewood Cottage B,01_new construction,New auditorium,,,
773,,Applewood Cottage B,04_campus upgrade,Add shade structure(s),,,
773,,Applewood Cottage B,04_campus upgrade,Campus landscaping upgrade,,,
773,,Applewood Cottage B,04_campus upgrade,Parking lot expansion,,,
773,,Applewood Cottage B,04_campus upgrade,"Front of school branding, landscape upgrades",,,
773,,Applewood Cottage B,04_campus upgrade,Furniture upgrades,,,
773,,Applewood Cottage B,04_campus upgrade,Improve drop-off / pick-up zone,,,
773,,Applewood Cottage B,04_campus upgrade,New outdoor classroom,,,
773,,Applewood Cottage B,04_campus upgrade,Playground replacement (ages 2-5),,,
773,,Applewood Cottage B,04_campus upgrade,Playground replacement (ages 5-12),,,
773,,Applewood Cottage B,04_campus upgrade,Resurface asphalt,,,
773,,Applewood Cottage B,04_campus upgrade,Resurface concrete,,,
773,,Applewood Cottage B,04_campus upgrade,Artificial turf field replacement and track resurfacing - HS,,,
773,,Applewood Cottage B,05_Modernization,Modernize admin,,,
773,,Applewood Cottage B,05_Modernization,Modernize classrooms,,,
773,,Applewood Cottage B,05_Modernization,Modernize gym / assembly space,,,
773,,Applewood Cottage B,05_Modernization,Modernize kitchen,,,
773,,Applewood Cottage B,05_Modernization,Modernize cafeteria,,,
773,,Applewood Cottage B,05_Modernization,Modernize multipurpose room,,,
773,,Applewood Cottage B,05_Modernization,Heavily modernize restrooms,,,
773,,Applewood Cottage B,05_Modernization,Heavily modernize STEM / CTE / specialized labs (MS/HS),,,
773,,Applewood Cottage B,05_Modernization,Lightly modernize corridors,,,
773,,Applewood Cottage B,05_Modernization,Lightly modernize entry lobby,,,
773,,Applewood Cottage B,05_Modernization,Lightly modernize library/media center,,,
773,,Applewood Cottage B,04_campus upgrade,Security package,,#N/A,
774,,Applewood Cottage C,00_general,ADA compliance,,,
774,,Applewood Cottage C,01_new construction,Demolition,,,
774,,Applewood Cottage C,01_new construction,New construction ES,,,
774,,Applewood Cottage C,01_new construction,New construction HS,,,
774,,Applewood Cottage C,01_new construction,New construction K-8,,,
774,,Applewood Cottage C,01_new construction,New construction MS,,,
774,,Applewood Cottage C,01_new construction,New auditorium,,,
774,,Applewood Cottage C,04_campus upgrade,Add shade structure(s),,,
774,,Applewood Cottage C,04_campus upgrade,Campus landscaping upgrade,,,
774,,Applewood Cottage C,04_campus upgrade,Parking lot expansion,,,
774,,Applewood Cottage C,04_campus upgrade,"Front of school branding, landscape upgrades",,,
774,,Applewood Cottage C,04_campus upgrade,Furniture upgrades,,,
774,,Applewood Cottage C,04_campus upgrade,Improve drop-off / pick-up zone,,,
774,,Applewood Cottage C,04_campus upgrade,New outdoor classroom,,,
774,,Applewood Cottage C,04_campus upgrade,Playground replacement (ages 2-5),,,
774,,Applewood Cottage C,04_campus upgrade,Playground replacement (ages 5-12),,,
774,,Applewood Cottage C,04_campus upgrade,Resurface asphalt,,,
774,,Applewood Cottage C,04_campus upgrade,Resurface concrete,,,
774,,Applewood Cottage C,04_campus upgrade,Artificial turf field replacement and track resurfacing - HS,,,
774,,Applewood Cottage C,05_Modernization,Modernize admin,,,
774,,Applewood Cottage C,05_Modernization,Modernize classrooms,,,
774,,Applewood Cottage C,05_Modernization,Modernize gym / assembly space,,,
774,,Applewood Cottage C,05_Modernization,Modernize kitchen,,,
774,,Applewood Cottage C,05_Modernization,Modernize cafeteria,,,
774,,Applewood Cottage C,05_Modernization,Modernize multipurpose room,,,
774,,Applewood Cottage C,05_Modernization,Heavily modernize restrooms,,,
774,,Applewood Cottage C,05_Modernization,Heavily modernize STEM / CTE / specialized labs (MS/HS),,,
774,,Applewood Cottage C,05_Modernization,Lightly modernize corridors,,,
774,,Applewood Cottage C,05_Modernization,Lightly modernize entry lobby,,,
774,,Applewood Cottage C,05_Modernization,Lightly modernize library/media center,,,
774,,Applewood Cottage C,04_campus upgrade,Security package,,#N/A,
775,CO-1420-0109,Arvada K-8,00_general,ADA compliance,,,
775,CO-1420-0109,Arvada K-8,01_new construction,Demolition,,,
775,CO-1420-0109,Arvada K-8,01_new construction,New construction ES,,,
775,CO-1420-0109,Arvada K-8,01_new construction,New construction HS,,,
775,CO-1420-0109,Arvada K-8,01_new construction,New construction K-8,,,
775,CO-1420-0109,Arvada K-8,01_new construction,New construction MS,,,
775,CO-1420-0109,Arvada K-8,01_new construction,New auditorium,,,
775,CO-1420-0109,Arvada K-8,04_campus upgrade,Add shade structure(s),,,
775,CO-1420-0109,Arvada K-8,04_campus upgrade,Campus landscaping upgrade,,,
775,CO-1420-0109,Arvada K-8,04_campus upgrade,Parking lot expansion,,,
775,CO-1420-0109,Arvada K-8,04_campus upgrade,"Front of school branding, landscape upgrades",,,
775,CO-1420-0109,Arvada K-8,04_campus upgrade,Furniture upgrades,,,
775,CO-1420-0109,Arvada K-8,04_campus upgrade,Improve drop-off / pick-up zone,,,
775,CO-1420-0109,Arvada K-8,04_campus upgrade,New outdoor classroom,,,
775,CO-1420-0109,Arvada K-8,04_campus upgrade,Playground replacement (ages 2-5),,,
775,CO-1420-0109,Arvada K-8,04_campus upgrade,Playground replacement (ages 5-12),,,
775,CO-1420-0109,Arvada K-8,04_campus upgrade,Resurface asphalt,,,
775,CO-1420-0109,Arvada K-8,04_campus upgrade,Resurface concrete,,,
775,CO-1420-0109,Arvada K-8,04_campus upgrade,Artificial turf field replacement and track resurfacing - HS,,,
775,CO-1420-0109,Arvada K-8,05_Modernization,Modernize admin,,,
775,CO-1420-0109,Arvada K-8,05_Modernization,Modernize classrooms,,,
775,CO-1420-0109,Arvada K-8,05_Modernization,Modernize gym / assembly space,,,
775,CO-1420-0109,Arvada K-8,05_Modernization,Modernize kitchen,,,
775,CO-1420-0109,Arvada K-8,05_Modernization,Modernize cafeteria,,,
775,CO-1420-0109,Arvada K-8,05_Modernization,Modernize multipurpose room,,,
775,CO-1420-0109,Arvada K-8,05_Modernization,Heavily modernize restrooms,,,
775,CO-1420-0109,Arvada K-8,05_Modernization,Heavily modernize STEM / CTE / specialized labs (MS/HS),,,
775,CO-1420-0109,Arvada K-8,05_Modernization,Lightly modernize corridors,,,
775,CO-1420-0109,Arvada K-8,05_Modernization,Lightly modernize entry lobby,,,
775,CO-1420-0109,Arvada K-8,05_Modernization,Lightly modernize library/media center,,,
775,CO-1420-0109,Arvada K-8,04_campus upgrade,Security package,,,
776,CO-1420-1790,Colorow ES,00_general,ADA compliance,,,
776,CO-1420-1790,Colorow ES,01_new construction,Demolition,,,
776,CO-1420-1790,Colorow ES,01_new construction,New construction ES,,,
776,CO-1420-1790,Colorow ES,01_new construction,New construction HS,,,
776,CO-1420-1790,Colorow ES,01_new construction,New construction K-8,,,
776,CO-1420-1790,Colorow ES,01_new construction,New construction MS,,,
776,CO-1420-1790,Colorow ES,01_new construction,New auditorium,,,
776,CO-1420-1790,Colorow ES,04_campus upgrade,Add shade structure(s),,,
776,CO-1420-1790,Colorow ES,04_campus upgrade,Campus landscaping upgrade,,,
776,CO-1420-1790,Colorow ES,04_campus upgrade,Parking lot expansion,,,
776,CO-1420-1790,Colorow ES,04_campus upgrade,"Front of school branding, landscape upgrades",,,
776,CO-1420-1790,Colorow ES,04_campus upgrade,Furniture upgrades,,,
776,CO-1420-1790,Colorow ES,04_campus upgrade,Improve drop-off / pick-up zone,,,
776,CO-1420-1790,Colorow ES,04_campus upgrade,New outdoor classroom,,,
776,CO-1420-1790,Colorow ES,04_campus upgrade,Playground replacement (ages 2-5),,,
776,CO-1420-1790,Colorow ES,04_campus upgrade,Playground replacement (ages 5-12),,,
776,CO-1420-1790,Colorow ES,04_campus upgrade,Resurface asphalt,,,
776,CO-1420-1790,Colorow ES,04_campus upgrade,Resurface concrete,,,
776,CO-1420-1790,Colorow ES,04_campus upgrade,Artificial turf field replacement and track resurfacing - HS,,,
776,CO-1420-1790,Colorow ES,05_Modernization,Modernize admin,,,
776,CO-1420-1790,Colorow ES,05_Modernization,Modernize classrooms,,,
776,CO-1420-1790,Colorow ES,05_Modernization,Modernize gym / assembly space,,,
776,CO-1420-1790,Colorow ES,05_Modernization,Modernize kitchen,,,
776,CO-1420-1790,Colorow ES,05_Modernization,Modernize cafeteria,,,
776,CO-1420-1790,Colorow ES,05_Modernization,Modernize multipurpose room,,,
776,CO-1420-1790,Colorow ES,05_Modernization,Heavily modernize restrooms,,,
776,CO-1420-1790,Colorow ES,05_Modernization,Heavily modernize STEM / CTE / specialized labs (MS/HS),,,
776,CO-1420-1790,Colorow ES,05_Modernization,Lightly modernize corridors,,,
776,CO-1420-1790,Colorow ES,05_Modernization,Lightly modernize entry lobby,,,
776,CO-1420-1790,Colorow ES,05_Modernization,Lightly modernize library/media center,,,
776,CO-1420-1790,Colorow ES,04_campus upgrade,Security package,,0.623928571,
777,CO-1420-8248,Emory ES,00_general,ADA compliance,,,
777,CO-1420-8248,Emory ES,01_new construction,Demolition,,,
777,CO-1420-8248,Emory ES,01_new construction,New construction ES,,,
777,CO-1420-8248,Emory ES,01_new construction,New construction HS,,,
777,CO-1420-8248,Emory ES,01_new construction,New construction K-8,,,
777,CO-1420-8248,Emory ES,01_new construction,New construction MS,,,
777,CO-1420-8248,Emory ES,01_new construction,New auditorium,,,
777,CO-1420-8248,Emory ES,04_campus upgrade,Add shade structure(s),,,
777,CO-1420-8248,Emory ES,04_campus upgrade,Campus landscaping upgrade,,,
777,CO-1420-8248,Emory ES,04_campus upgrade,Parking lot expansion,,,
777,CO-1420-8248,Emory ES,04_campus upgrade,"Front of school branding, landscape upgrades",,,
777,CO-1420-8248,Emory ES,04_campus upgrade,Furniture upgrades,,,
777,CO-1420-8248,Emory ES,04_campus upgrade,Improve drop-off / pick-up zone,,,
777,CO-1420-8248,Emory ES,04_campus upgrade,New outdoor classroom,,,
777,CO-1420-8248,Emory ES,04_campus upgrade,Playground replacement (ages 2-5),,,
777,CO-1420-8248,Emory ES,04_campus upgrade,Playground replacement (ages 5-12),,,
777,CO-1420-8248,Emory ES,04_campus upgrade,Resurface asphalt,,,
777,CO-1420-8248,Emory ES,04_campus upgrade,Resurface concrete,,,
777,CO-1420-8248,Emory ES,04_campus upgrade,Artificial turf field replacement and track resurfacing - HS,,,
777,CO-1420-8248,Emory ES,05_Modernization,Modernize admin,,,
777,CO-1420-8248,Emory ES,05_Modernization,Modernize classrooms,,,
777,CO-1420-8248,Emory ES,05_Modernization,Modernize gym / assembly space,,,
777,CO-1420-8248,Emory ES,05_Modernization,Modernize kitchen,,,
777,CO-1420-8248,Emory ES,05_Modernization,Modernize cafeteria,,,
777,CO-1420-8248,Emory ES,05_Modernization,Modernize multipurpose room,,,
777,CO-1420-8248,Emory ES,05_Modernization,Heavily modernize restrooms,,,
777,CO-1420-8248,Emory ES,05_Modernization,Heavily modernize STEM / CTE / specialized labs (MS/HS),,,
777,CO-1420-8248,Emory ES,05_Modernization,Lightly modernize corridors,,,
777,CO-1420-8248,Emory ES,05_Modernization,Lightly modernize entry lobby,,,
777,CO-1420-8248,Emory ES,05_Modernization,Lightly modernize library/media center,,,
777,CO-1420-8248,Emory ES,04_campus upgrade,Security package,,,
778,CO-1420-2946,Fitzmorris ES,00_general,ADA compliance,,,
778,CO-1420-2946,Fitzmorris ES,01_new construction,Demolition,,,
778,CO-1420-2946,Fitzmorris ES,01_new construction,New construction ES,,,
778,CO-1420-2946,Fitzmorris ES,01_new construction,New construction HS,,,
778,CO-1420-2946,Fitzmorris ES,01_new construction,New construction K-8,,,
778,CO-1420-2946,Fitzmorris ES,01_new construction,New construction MS,,,
778,CO-1420-2946,Fitzmorris ES,01_new construction,New auditorium,,,
778,CO-1420-2946,Fitzmorris ES,04_campus upgrade,Add shade structure(s),,,
778,CO-1420-2946,Fitzmorris ES,04_campus upgrade,Campus landscaping upgrade,,,
778,CO-1420-2946,Fitzmorris ES,04_campus upgrade,Parking lot expansion,,,
778,CO-1420-2946,Fitzmorris ES,04_campus upgrade,"Front of school branding, landscape upgrades",,,
778,CO-1420-2946,Fitzmorris ES,04_campus upgrade,Furniture upgrades,,,
778,CO-1420-2946,Fitzmorris ES,04_campus upgrade,Improve drop-off / pick-up zone,,,
778,CO-1420-2946,Fitzmorris ES,04_campus upgrade,New outdoor classroom,,,
778,CO-1420-2946,Fitzmorris ES,04_campus upgrade,Playground replacement (ages 2-5),,,
778,CO-1420-2946,Fitzmorris ES,04_campus upgrade,Playground replacement (ages 5-12),,,
778,CO-1420-2946,Fitzmorris ES,04_campus upgrade,Resurface asphalt,,,
778,CO-1420-2946,Fitzmorris ES,04_campus upgrade,Resurface concrete,,,
778,CO-1420-2946,Fitzmorris ES,04_campus upgrade,Artificial turf field replacement and track resurfacing - HS,,,
778,CO-1420-2946,Fitzmorris ES,05_Modernization,Modernize admin,,,
778,CO-1420-2946,Fitzmorris ES,05_Modernization,Modernize classrooms,,,
778,CO-1420-2946,Fitzmorris ES,05_Modernization,Modernize gym / assembly space,,,
778,CO-1420-2946,Fitzmorris ES,05_Modernization,Modernize kitchen,,,
778,CO-1420-2946,Fitzmorris ES,05_Modernization,Modernize cafeteria,,,
778,CO-1420-2946,Fitzmorris ES,05_Modernization,Modernize multipurpose room,,,
778,CO-1420-2946,Fitzmorris ES,05_Modernization,Heavily modernize restrooms,,,
778,CO-1420-2946,Fitzmorris ES,05_Modernization,Heavily modernize STEM / CTE / specialized labs (MS/HS),,,
778,CO-1420-2946,Fitzmorris ES,05_Modernization,Lightly modernize corridors,,,
778,CO-1420-2946,Fitzmorris ES,05_Modernization,Lightly modernize entry lobby,,,
778,CO-1420-2946,Fitzmorris ES,05_Modernization,Lightly modernize library/media center,,,
778,CO-1420-2946,Fitzmorris ES,04_campus upgrade,Security package,,0.7025,
779,CO-1420-3624,Green Mountain ES,00_general,ADA compliance,,,
779,CO-1420-3624,Green Mountain ES,01_new construction,Demolition,,,
779,CO-1420-3624,Green Mountain ES,01_new construction,New construction ES,,,
779,CO-1420-3624,Green Mountain ES,01_new construction,New construction HS,,,
779,CO-1420-3624,Green Mountain ES,01_new construction,New construction K-8,,,
779,CO-1420-3624,Green Mountain ES,01_new construction,New construction MS,,,
779,CO-1420-3624,Green Mountain ES,01_new construction,New auditorium,,,
779,CO-1420-3624,Green Mountain ES,04_campus upgrade,Add shade structure(s),,,
779,CO-1420-3624,Green Mountain ES,04_campus upgrade,Campus landscaping upgrade,,,
779,CO-1420-3624,Green Mountain ES,04_campus upgrade,Parking lot expansion,,,
779,CO-1420-3624,Green Mountain ES,04_campus upgrade,"Front of school branding, landscape upgrades",,,
779,CO-1420-3624,Green Mountain ES,04_campus upgrade,Furniture upgrades,,,
779,CO-1420-3624,Green Mountain ES,04_campus upgrade,Improve drop-off / pick-up zone,,,
779,CO-1420-3624,Green Mountain ES,04_campus upgrade,New outdoor classroom,,,
779,CO-1420-3624,Green Mountain ES,04_campus upgrade,Playground replacement (ages 2-5),,,
779,CO-1420-3624,Green Mountain ES,04_campus upgrade,Playground replacement (ages 5-12),,,
779,CO-1420-3624,Green Mountain ES,04_campus upgrade,Resurface asphalt,,,
779,CO-1420-3624,Green Mountain ES,04_campus upgrade,Resurface concrete,,,
779,CO-1420-3624,Green Mountain ES,04_campus upgrade,Artificial turf field replacement and track resurfacing - HS,,,
779,CO-1420-3624,Green Mountain ES,05_Modernization,Modernize admin,,,
779,CO-1420-3624,Green Mountain ES,05_Modernization,Modernize classrooms,,,
779,CO-1420-3624,Green Mountain ES,05_Modernization,Modernize gym / assembly space,,,
779,CO-1420-3624,Green Mountain ES,05_Modernization,Modernize kitchen,,,
779,CO-1420-3624,Green Mountain ES,05_Modernization,Modernize cafeteria,,,
779,CO-1420-3624,Green Mountain ES,05_Modernization,Modernize multipurpose room,,,
779,CO-1420-3624,Green Mountain ES,05_Modernization,Heavily modernize restrooms,,,
779,CO-1420-3624,Green Mountain ES,05_Modernization,Heavily modernize STEM / CTE / specialized labs (MS/HS),,,
779,CO-1420-3624,Green Mountain ES,05_Modernization,Lightly modernize corridors,,,
779,CO-1420-3624,Green Mountain ES,05_Modernization,Lightly modernize entry lobby,,,
779,CO-1420-3624,Green Mountain ES,05_Modernization,Lightly modernize library/media center,,,
779,CO-1420-3624,Green Mountain ES,04_campus upgrade,Security package,,0.726666667,
780,CO-1420-4802,Kullerstrand ES,00_general,ADA compliance,,,
780,CO-1420-4802,Kullerstrand ES,01_new construction,Demolition,,,
780,CO-1420-4802,Kullerstrand ES,01_new construction,New construction ES,,,
780,CO-1420-4802,Kullerstrand ES,01_new construction,New construction HS,,,
780,CO-1420-4802,Kullerstrand ES,01_new construction,New construction K-8,,,
780,CO-1420-4802,Kullerstrand ES,01_new construction,New construction MS,,,
780,CO-1420-4802,Kullerstrand ES,01_new construction,New auditorium,,,
780,CO-1420-4802,Kullerstrand ES,04_campus upgrade,Add shade structure(s),,,
780,CO-1420-4802,Kullerstrand ES,04_campus upgrade,Campus landscaping upgrade,,,
780,CO-1420-4802,Kullerstrand ES,04_campus upgrade,Parking lot expansion,,,
780,CO-1420-4802,Kullerstrand ES,04_campus upgrade,"Front of school branding, landscape upgrades",,,
780,CO-1420-4802,Kullerstrand ES,04_campus upgrade,Furniture upgrades,,,
780,CO-1420-4802,Kullerstrand ES,04_campus upgrade,Improve drop-off / pick-up zone,,,
780,CO-1420-4802,Kullerstrand ES,04_campus upgrade,New outdoor classroom,,,
780,CO-1420-4802,Kullerstrand ES,04_campus upgrade,Playground replacement (ages 2-5),,,
780,CO-1420-4802,Kullerstrand ES,04_campus upgrade,Playground replacement (ages 5-12),,,
780,CO-1420-4802,Kullerstrand ES,04_campus upgrade,Resurface asphalt,,,
780,CO-1420-4802,Kullerstrand ES,04_campus upgrade,Resurface concrete,,,
780,CO-1420-4802,Kullerstrand ES,04_campus upgrade,Artificial turf field replacement and track resurfacing - HS,,,
780,CO-1420-4802,Kullerstrand ES,05_Modernization,Modernize admin,,,
780,CO-1420-4802,Kullerstrand ES,05_Modernization,Modernize classrooms,,,
780,CO-1420-4802,Kullerstrand ES,05_Modernization,Modernize gym / assembly space,,,
780,CO-1420-4802,Kullerstrand ES,05_Modernization,Modernize kitchen,,,
780,CO-1420-4802,Kullerstrand ES,05_Modernization,Modernize cafeteria,,,
780,CO-1420-4802,Kullerstrand ES,05_Modernization,Modernize multipurpose room,,,
780,CO-1420-4802,Kullerstrand ES,05_Modernization,Heavily modernize restrooms,,,
780,CO-1420-4802,Kullerstrand ES,05_Modernization,Heavily modernize STEM / CTE / specialized labs (MS/HS),,,
780,CO-1420-4802,Kullerstrand ES,05_Modernization,Lightly modernize corridors,,,
780,CO-1420-4802,Kullerstrand ES,05_Modernization,Lightly modernize entry lobby,,,
780,CO-1420-4802,Kullerstrand ES,05_Modernization,Lightly modernize library/media center,,,
780,CO-1420-4802,Kullerstrand ES,04_campus upgrade,Security package,,0.779166667,
781,CO-1420-5972,Molholm ES,00_general,ADA compliance,,,
781,CO-1420-5972,Molholm ES,01_new construction,Demolition,,,
781,CO-1420-5972,Molholm ES,01_new construction,New construction ES,,,
781,CO-1420-5972,Molholm ES,01_new construction,New construction HS,,,
781,CO-1420-5972,Molholm ES,01_new construction,New construction K-8,,,
781,CO-1420-5972,Molholm ES,01_new construction,New construction MS,,,
781,CO-1420-5972,Molholm ES,01_new construction,New auditorium,,,
781,CO-1420-5972,Molholm ES,04_campus upgrade,Add shade structure(s),,,
781,CO-1420-5972,Molholm ES,04_campus upgrade,Campus landscaping upgrade,,,
781,CO-1420-5972,Molholm ES,04_campus upgrade,Parking lot expansion,,,
781,CO-1420-5972,Molholm ES,04_campus upgrade,"Front of school branding, landscape upgrades",,,
781,CO-1420-5972,Molholm ES,04_campus upgrade,Furniture upgrades,,,
781,CO-1420-5972,Molholm ES,04_campus upgrade,Improve drop-off / pick-up zone,,,
781,CO-1420-5972,Molholm ES,04_campus upgrade,New outdoor classroom,,,
781,CO-1420-5972,Molholm ES,04_campus upgrade,Playground replacement (ages 2-5),,,
781,CO-1420-5972,Molholm ES,04_campus upgrade,Playground replacement (ages 5-12),,,
781,CO-1420-5972,Molholm ES,04_campus upgrade,Resurface asphalt,,,
781,CO-1420-5972,Molholm ES,04_campus upgrade,Resurface concrete,,,
781,CO-1420-5972,Molholm ES,04_campus upgrade,Artificial turf field replacement and track resurfacing - HS,,,
781,CO-1420-5972,Molholm ES,05_Modernization,Modernize admin,,,
781,CO-1420-5972,Molholm ES,05_Modernization,Modernize classrooms,,,
781,CO-1420-5972,Molholm ES,05_Modernization,Modernize gym / assembly space,,,
781,CO-1420-5972,Molholm ES,05_Modernization,Modernize kitchen,,,
781,CO-1420-5972,Molholm ES,05_Modernization,Modernize cafeteria,,,
781,CO-1420-5972,Molholm ES,05_Modernization,Modernize multipurpose room,,,
781,CO-1420-5972,Molholm ES,05_Modernization,Heavily modernize restrooms,,,
781,CO-1420-5972,Molholm ES,05_Modernization,Heavily modernize STEM / CTE / specialized labs (MS/HS),,,
781,CO-1420-5972,Molholm ES,05_Modernization,Lightly modernize corridors,,,
781,CO-1420-5972,Molholm ES,05_Modernization,Lightly modernize entry lobby,,,
781,CO-1420-5972,Molholm ES,05_Modernization,Lightly modernize library/media center,,,
781,CO-1420-5972,Molholm ES,04_campus upgrade,Security package,,0.663,
782,CO-1420-6090,Moore MS,00_general,ADA compliance,,,
782,CO-1420-6090,Moore MS,01_new construction,Demolition,,,
782,CO-1420-6090,Moore MS,01_new construction,New construction ES,,,
782,CO-1420-6090,Moore MS,01_new construction,New construction HS,,,
782,CO-1420-6090,Moore MS,01_new construction,New construction K-8,,,
782,CO-1420-6090,Moore MS,01_new construction,New construction MS,,,
782,CO-1420-6090,Moore MS,01_new construction,New auditorium,,,
782,CO-1420-6090,Moore MS,04_campus upgrade,Add shade structure(s),,,
782,CO-1420-6090,Moore MS,04_campus upgrade,Campus landscaping upgrade,,,
782,CO-1420-6090,Moore MS,04_campus upgrade,Parking lot expansion,,,
782,CO-1420-6090,Moore MS,04_campus upgrade,"Front of school branding, landscape upgrades",,,
782,CO-1420-6090,Moore MS,04_campus upgrade,Furniture upgrades,,,
782,CO-1420-6090,Moore MS,04_campus upgrade,Improve drop-off / pick-up zone,,,
782,CO-1420-6090,Moore MS,04_campus upgrade,New outdoor classroom,,,
782,CO-1420-6090,Moore MS,04_campus upgrade,Playground replacement (ages 2-5),,,
782,CO-1420-6090,Moore MS,04_campus upgrade,Playground replacement (ages 5-12),,,
782,CO-1420-6090,Moore MS,04_campus upgrade,Resurface asphalt,,,
782,CO-1420-6090,Moore MS,04_campus upgrade,Resurface concrete,,,
782,CO-1420-6090,Moore MS,04_campus upgrade,Artificial turf field replacement and track resurfacing - HS,,,
782,CO-1420-6090,Moore MS,05_Modernization,Modernize admin,,,
782,CO-1420-6090,Moore MS,05_Modernization,Modernize classrooms,,,
782,CO-1420-6090,Moore MS,05_Modernization,Modernize gym / assembly space,,,
782,CO-1420-6090,Moore MS,05_Modernization,Modernize kitchen,,,
782,CO-1420-6090,Moore MS,05_Modernization,Modernize cafeteria,,,
782,CO-1420-6090,Moore MS,05_Modernization,Modernize multipurpose room,,,
782,CO-1420-6090,Moore MS,05_Modernization,Heavily modernize restrooms,,,
782,CO-1420-6090,Moore MS,05_Modernization,Heavily modernize STEM / CTE / specialized labs (MS/HS),,,
782,CO-1420-6090,Moore MS,05_Modernization,Lightly modernize corridors,,,
782,CO-1420-6090,Moore MS,05_Modernization,Lightly modernize entry lobby,,,
782,CO-1420-6090,Moore MS,05_Modernization,Lightly modernize library/media center,,,
782,CO-1420-6090,Moore MS,04_campus upgrade,Security package,,0.640833333,
783,CO-1420-9154,New Classical Academy at Vivian,00_general,ADA compliance,,,
783,CO-1420-9154,New Classical Academy at Vivian,01_new construction,Demolition,,,
783,CO-1420-9154,New Classical Academy at Vivian,01_new construction,New construction ES,,,
783,CO-1420-9154,New Classical Academy at Vivian,01_new construction,New construction HS,,,
783,CO-1420-9154,New Classical Academy at Vivian,01_new construction,New construction K-8,,,
783,CO-1420-9154,New Classical Academy at Vivian,01_new construction,New construction MS,,,
783,CO-1420-9154,New Classical Academy at Vivian,01_new construction,New auditorium,,,
783,CO-1420-9154,New Classical Academy at Vivian,04_campus upgrade,Add shade structure(s),,,
783,CO-1420-9154,New Classical Academy at Vivian,04_campus upgrade,Campus landscaping upgrade,,,
783,CO-1420-9154,New Classical Academy at Vivian,04_campus upgrade,Parking lot expansion,,,
783,CO-1420-9154,New Classical Academy at Vivian,04_campus upgrade,"Front of school branding, landscape upgrades",,,
783,CO-1420-9154,New Classical Academy at Vivian,04_campus upgrade,Furniture upgrades,,,
783,CO-1420-9154,New Classical Academy at Vivian,04_campus upgrade,Improve drop-off / pick-up zone,,,
783,CO-1420-9154,New Classical Academy at Vivian,04_campus upgrade,New outdoor classroom,,,
783,CO-1420-9154,New Classical Academy at Vivian,04_campus upgrade,Playground replacement (ages 2-5),,,
783,CO-1420-9154,New Classical Academy at Vivian,04_campus upgrade,Playground replacement (ages 5-12),,,
783,CO-1420-9154,New Classical Academy at Vivian,04_campus upgrade,Resurface asphalt,,,
783,CO-1420-9154,New Classical Academy at Vivian,04_campus upgrade,Resurface concrete,,,
783,CO-1420-9154,New Classical Academy at Vivian,04_campus upgrade,Artificial turf field replacement and track resurfacing - HS,,,
783,CO-1420-9154,New Classical Academy at Vivian,05_Modernization,Modernize admin,,,
783,CO-1420-9154,New Classical Academy at Vivian,05_Modernization,Modernize classrooms,,,
783,CO-1420-9154,New Classical Academy at Vivian,05_Modernization,Modernize gym / assembly space,,,
783,CO-1420-9154,New Classical Academy at Vivian,05_Modernization,Modernize kitchen,,,
783,CO-1420-9154,New Classical Academy at Vivian,05_Modernization,Modernize cafeteria,,,
783,CO-1420-9154,New Classical Academy at Vivian,05_Modernization,Modernize multipurpose room,,,
783,CO-1420-9154,New Classical Academy at Vivian,05_Modernization,Heavily modernize restrooms,,,
783,CO-1420-9154,New Classical Academy at Vivian,05_Modernization,Heavily modernize STEM / CTE / specialized labs (MS/HS),,,
783,CO-1420-9154,New Classical Academy at Vivian,05_Modernization,Lightly modernize corridors,,,
783,CO-1420-9154,New Classical Academy at Vivian,05_Modernization,Lightly modernize entry lobby,,,
783,CO-1420-9154,New Classical Academy at Vivian,05_Modernization,Lightly modernize library/media center,,,
783,CO-1420-9154,New Classical Academy at Vivian,04_campus upgrade,Security package,,#N/A,
784,CO-1420-6806,Parr ES,00_general,ADA compliance,,,
784,CO-1420-6806,Parr ES,01_new construction,Demolition,,,
784,CO-1420-6806,Parr ES,01_new construction,New construction ES,,,
784,CO-1420-6806,Parr ES,01_new construction,New construction HS,,,
784,CO-1420-6806,Parr ES,01_new construction,New construction K-8,,,
784,CO-1420-6806,Parr ES,01_new construction,New construction MS,,,
784,CO-1420-6806,Parr ES,01_new construction,New auditorium,,,
784,CO-1420-6806,Parr ES,04_campus upgrade,Add shade structure(s),,,
784,CO-1420-6806,Parr ES,04_campus upgrade,Campus landscaping upgrade,,,
784,CO-1420-6806,Parr ES,04_campus upgrade,Parking lot expansion,,,
784,CO-1420-6806,Parr ES,04_campus upgrade,"Front of school branding, landscape upgrades",,,
784,CO-1420-6806,Parr ES,04_campus upgrade,Furniture upgrades,,,
784,CO-1420-6806,Parr ES,04_campus upgrade,Improve drop-off / pick-up zone,,,
784,CO-1420-6806,Parr ES,04_campus upgrade,New outdoor classroom,,,
784,CO-1420-6806,Parr ES,04_campus upgrade,Playground replacement (ages 2-5),,,
784,CO-1420-6806,Parr ES,04_campus upgrade,Playground replacement (ages 5-12),,,
784,CO-1420-6806,Parr ES,04_campus upgrade,Resurface asphalt,,,
784,CO-1420-6806,Parr ES,04_campus upgrade,Resurface concrete,,,
784,CO-1420-6806,Parr ES,04_campus upgrade,Artificial turf field replacement and track resurfacing - HS,,,
784,CO-1420-6806,Parr ES,05_Modernization,Modernize admin,,,
784,CO-1420-6806,Parr ES,05_Modernization,Modernize classrooms,,,
784,CO-1420-6806,Parr ES,05_Modernization,Modernize gym / assembly space,,,
784,CO-1420-6806,Parr ES,05_Modernization,Modernize kitchen,,,
784,CO-1420-6806,Parr ES,05_Modernization,Modernize cafeteria,,,
784,CO-1420-6806,Parr ES,05_Modernization,Modernize multipurpose room,,,
784,CO-1420-6806,Parr ES,05_Modernization,Heavily modernize restrooms,,,
784,CO-1420-6806,Parr ES,05_Modernization,Heavily modernize STEM / CTE / specialized labs (MS/HS),,,
784,CO-1420-6806,Parr ES,05_Modernization,Lightly modernize corridors,,,
784,CO-1420-6806,Parr ES,05_Modernization,Lightly modernize entry lobby,,,
784,CO-1420-6806,Parr ES,05_Modernization,Lightly modernize library/media center,,,
784,CO-1420-6806,Parr ES,04_campus upgrade,Security package,,0.6375,
785,CO-1420-6828,Peck ES,00_general,ADA compliance,,,
785,CO-1420-6828,Peck ES,01_new construction,Demolition,,,
785,CO-1420-6828,Peck ES,01_new construction,New construction ES,,,
785,CO-1420-6828,Peck ES,01_new construction,New construction HS,,,
785,CO-1420-6828,Peck ES,01_new construction,New construction K-8,,,
785,CO-1420-6828,Peck ES,01_new construction,New construction MS,,,
785,CO-1420-6828,Peck ES,01_new construction,New auditorium,,,
785,CO-1420-6828,Peck ES,04_campus upgrade,Add shade structure(s),,,
785,CO-1420-6828,Peck ES,04_campus upgrade,Campus landscaping upgrade,,,
785,CO-1420-6828,Peck ES,04_campus upgrade,Parking lot expansion,,,
785,CO-1420-6828,Peck ES,04_campus upgrade,"Front of school branding, landscape upgrades",,,
785,CO-1420-6828,Peck ES,04_campus upgrade,Furniture upgrades,,,
785,CO-1420-6828,Peck ES,04_campus upgrade,Improve drop-off / pick-up zone,,,
785,CO-1420-6828,Peck ES,04_campus upgrade,New outdoor classroom,,,
785,CO-1420-6828,Peck ES,04_campus upgrade,Playground replacement (ages 2-5),,,
785,CO-1420-6828,Peck ES,04_campus upgrade,Playground replacement (ages 5-12),,,
785,CO-1420-6828,Peck ES,04_campus upgrade,Resurface asphalt,,,
785,CO-1420-6828,Peck ES,04_campus upgrade,Resurface concrete,,,
785,CO-1420-6828,Peck ES,04_campus upgrade,Artificial turf field replacement and track resurfacing - HS,,,
785,CO-1420-6828,Peck ES,05_Modernization,Modernize admin,,,
785,CO-1420-6828,Peck ES,05_Modernization,Modernize classrooms,,,
785,CO-1420-6828,Peck ES,05_Modernization,Modernize gym / assembly space,,,
785,CO-1420-6828,Peck ES,05_Modernization,Modernize kitchen,,,
785,CO-1420-6828,Peck ES,05_Modernization,Modernize cafeteria,,,
785,CO-1420-6828,Peck ES,05_Modernization,Modernize multipurpose room,,,
785,CO-1420-6828,Peck ES,05_Modernization,Heavily modernize restrooms,,,
785,CO-1420-6828,Peck ES,05_Modernization,Heavily modernize STEM / CTE / specialized labs (MS/HS),,,
785,CO-1420-6828,Peck ES,05_Modernization,Lightly modernize corridors,,,
785,CO-1420-6828,Peck ES,05_Modernization,Lightly modernize entry lobby,,,
785,CO-1420-6828,Peck ES,05_Modernization,Lightly modernize library/media center,,,
785,CO-1420-6828,Peck ES,04_campus upgrade,Security package,,0.682380952,
786,CO-1420-6844,Peiffer ES,00_general,ADA compliance,,,
786,CO-1420-6844,Peiffer ES,01_new construction,Demolition,,,
786,CO-1420-6844,Peiffer ES,01_new construction,New construction ES,,,
786,CO-1420-6844,Peiffer ES,01_new construction,New construction HS,,,
786,CO-1420-6844,Peiffer ES,01_new construction,New construction K-8,,,
786,CO-1420-6844,Peiffer ES,01_new construction,New construction MS,,,
786,CO-1420-6844,Peiffer ES,01_new construction,New auditorium,,,
786,CO-1420-6844,Peiffer ES,04_campus upgrade,Add shade structure(s),,,
786,CO-1420-6844,Peiffer ES,04_campus upgrade,Campus landscaping upgrade,,,
786,CO-1420-6844,Peiffer ES,04_campus upgrade,Parking lot expansion,,,
786,CO-1420-6844,Peiffer ES,04_campus upgrade,"Front of school branding, landscape upgrades",,,
786,CO-1420-6844,Peiffer ES,04_campus upgrade,Furniture upgrades,,,
786,CO-1420-6844,Peiffer ES,04_campus upgrade,Improve drop-off / pick-up zone,,,
786,CO-1420-6844,Peiffer ES,04_campus upgrade,New outdoor classroom,,,
786,CO-1420-6844,Peiffer ES,04_campus upgrade,Playground replacement (ages 2-5),,,
786,CO-1420-6844,Peiffer ES,04_campus upgrade,Playground replacement (ages 5-12),,,
786,CO-1420-6844,Peiffer ES,04_campus upgrade,Resurface asphalt,,,
786,CO-1420-6844,Peiffer ES,04_campus upgrade,Resurface concrete,,,
786,CO-1420-6844,Peiffer ES,04_campus upgrade,Artificial turf field replacement and track resurfacing - HS,,,
786,CO-1420-6844,Peiffer ES,05_Modernization,Modernize admin,,,
786,CO-1420-6844,Peiffer ES,05_Modernization,Modernize classrooms,,,
786,CO-1420-6844,Peiffer ES,05_Modernization,Modernize gym / assembly space,,,
786,CO-1420-6844,Peiffer ES,05_Modernization,Modernize kitchen,,,
786,CO-1420-6844,Peiffer ES,05_Modernization,Modernize cafeteria,,,
786,CO-1420-6844,Peiffer ES,05_Modernization,Modernize multipurpose room,,,
786,CO-1420-6844,Peiffer ES,05_Modernization,Heavily modernize restrooms,,,
786,CO-1420-6844,Peiffer ES,05_Modernization,Heavily modernize STEM / CTE / specialized labs (MS/HS),,,
786,CO-1420-6844,Peiffer ES,05_Modernization,Lightly modernize corridors,,,
786,CO-1420-6844,Peiffer ES,05_Modernization,Lightly modernize entry lobby,,,
786,CO-1420-6844,Peiffer ES,05_Modernization,Lightly modernize library/media center,,,
786,CO-1420-6844,Peiffer ES,04_campus upgrade,Security package,,0.618333333,
787,CO-1420-9638,Wilmore-Davis ES,00_general,ADA compliance,,,
787,CO-1420-9638,Wilmore-Davis ES,01_new construction,Demolition,,,
787,CO-1420-9638,Wilmore-Davis ES,01_new construction,New construction ES,,,
787,CO-1420-9638,Wilmore-Davis ES,01_new construction,New construction HS,,,
787,CO-1420-9638,Wilmore-Davis ES,01_new construction,New construction K-8,,,
787,CO-1420-9638,Wilmore-Davis ES,01_new construction,New construction MS,,,
787,CO-1420-9638,Wilmore-Davis ES,01_new construction,New auditorium,,,
787,CO-1420-9638,Wilmore-Davis ES,04_campus upgrade,Add shade structure(s),,,
787,CO-1420-9638,Wilmore-Davis ES,04_campus upgrade,Campus landscaping upgrade,,,
787,CO-1420-9638,Wilmore-Davis ES,04_campus upgrade,Parking lot expansion,,,
787,CO-1420-9638,Wilmore-Davis ES,04_campus upgrade,"Front of school branding, landscape upgrades",,,
787,CO-1420-9638,Wilmore-Davis ES,04_campus upgrade,Furniture upgrades,,,
787,CO-1420-9638,Wilmore-Davis ES,04_campus upgrade,Improve drop-off / pick-up zone,,,
787,CO-1420-9638,Wilmore-Davis ES,04_campus upgrade,New outdoor classroom,,,
787,CO-1420-9638,Wilmore-Davis ES,04_campus upgrade,Playground replacement (ages 2-5),,,
787,CO-1420-9638,Wilmore-Davis ES,04_campus upgrade,Playground replacement (ages 5-12),,,
787,CO-1420-9638,Wilmore-Davis ES,04_campus upgrade,Resurface asphalt,,,
787,CO-1420-9638,Wilmore-Davis ES,04_campus upgrade,Resurface concrete,,,
787,CO-1420-9638,Wilmore-Davis ES,04_campus upgrade,Artificial turf field replacement and track resurfacing - HS,,,
787,CO-1420-9638,Wilmore-Davis ES,05_Modernization,Modernize admin,,,
787,CO-1420-9638,Wilmore-Davis ES,05_Modernization,Modernize classrooms,,,
787,CO-1420-9638,Wilmore-Davis ES,05_Modernization,Modernize gym / assembly space,,,
787,CO-1420-9638,Wilmore-Davis ES,05_Modernization,Modernize kitchen,,,
787,CO-1420-9638,Wilmore-Davis ES,05_Modernization,Modernize cafeteria,,,
787,CO-1420-9638,Wilmore-Davis ES,05_Modernization,Modernize multipurpose room,,,
787,CO-1420-9638,Wilmore-Davis ES,05_Modernization,Heavily modernize restrooms,,,
787,CO-1420-9638,Wilmore-Davis ES,05_Modernization,Heavily modernize STEM / CTE / specialized labs (MS/HS),,,
787,CO-1420-9638,Wilmore-Davis ES,05_Modernization,Lightly modernize corridors,,,
787,CO-1420-9638,Wilmore-Davis ES,05_Modernization,Lightly modernize entry lobby,,,
787,CO-1420-9638,Wilmore-Davis ES,05_Modernization,Lightly modernize library/media center,,,
787,CO-1420-9638,Wilmore-Davis ES,04_campus upgrade,Security package,,0.741666667,
788,CO-1420-9678,Witt ES,00_general,ADA compliance,,,
788,CO-1420-9678,Witt ES,01_new construction,Demolition,,,
788,CO-1420-9678,Witt ES,01_new construction,New construction ES,,,
788,CO-1420-9678,Witt ES,01_new construction,New construction HS,,,
788,CO-1420-9678,Witt ES,01_new construction,New construction K-8,,,
788,CO-1420-9678,Witt ES,01_new construction,New construction MS,,,
788,CO-1420-9678,Witt ES,01_new construction,New auditorium,,,
788,CO-1420-9678,Witt ES,04_campus upgrade,Add shade structure(s),,,
788,CO-1420-9678,Witt ES,04_campus upgrade,Campus landscaping upgrade,,,
788,CO-1420-9678,Witt ES,04_campus upgrade,Parking lot expansion,,,
788,CO-1420-9678,Witt ES,04_campus upgrade,"Front of school branding, landscape upgrades",,,
788,CO-1420-9678,Witt ES,04_campus upgrade,Furniture upgrades,,,
788,CO-1420-9678,Witt ES,04_campus upgrade,Improve drop-off / pick-up zone,,,
788,CO-1420-9678,Witt ES,04_campus upgrade,New outdoor classroom,,,
788,CO-1420-9678,Witt ES,04_campus upgrade,Playground replacement (ages 2-5),,,
788,CO-1420-9678,Witt ES,04_campus upgrade,Playground replacement (ages 5-12),,,
788,CO-1420-9678,Witt ES,04_campus upgrade,Resurface asphalt,,,
788,CO-1420-9678,Witt ES,04_campus upgrade,Resurface concrete,,,
788,CO-1420-9678,Witt ES,04_campus upgrade,Artificial turf field replacement and track resurfacing - HS,,,
788,CO-1420-9678,Witt ES,05_Modernization,Modernize admin,,,
788,CO-1420-9678,Witt ES,05_Modernization,Modernize classrooms,,,
788,CO-1420-9678,Witt ES,05_Modernization,Modernize gym / assembly space,,,
788,CO-1420-9678,Witt ES,05_Modernization,Modernize kitchen,,,
788,CO-1420-9678,Witt ES,05_Modernization,Modernize cafeteria,,,
788,CO-1420-9678,Witt ES,05_Modernization,Modernize multipurpose room,,,
788,CO-1420-9678,Witt ES,05_Modernization,Heavily modernize restrooms,,,
788,CO-1420-9678,Witt ES,05_Modernization,Heavily modernize STEM / CTE / specialized labs (MS/HS),,,
788,CO-1420-9678,Witt ES,05_Modernization,Lightly modernize corridors,,,
788,CO-1420-9678,Witt ES,05_Modernization,Lightly modernize entry lobby,,,
788,CO-1420-9678,Witt ES,05_Modernization,Lightly modernize library/media center,,,
788,CO-1420-9678,Witt ES,04_campus upgrade,Security package,,0.884,
789,,Zerger ES,00_general,ADA compliance,,,
789,,Zerger ES,01_new construction,Demolition,,,
789,,Zerger ES,01_new construction,New construction ES,,,
789,,Zerger ES,01_new construction,New construction HS,,,
789,,Zerger ES,01_new construction,New construction K-8,,,
789,,Zerger ES,01_new construction,New construction MS,,,
789,,Zerger ES,01_new construction,New auditorium,,,
789,,Zerger ES,04_campus upgrade,Add shade structure(s),,,
789,,Zerger ES,04_campus upgrade,Campus landscaping upgrade,,,
789,,Zerger ES,04_campus upgrade,Parking lot expansion,,,
789,,Zerger ES,04_campus upgrade,"Front of school branding, landscape upgrades",,,
789,,Zerger ES,04_campus upgrade,Furniture upgrades,,,
789,,Zerger ES,04_campus upgrade,Improve drop-off / pick-up zone,,,
789,,Zerger ES,04_campus upgrade,New outdoor classroom,,,
789,,Zerger ES,04_campus upgrade,Playground replacement (ages 2-5),,,
789,,Zerger ES,04_campus upgrade,Playground replacement (ages 5-12),,,
789,,Zerger ES,04_campus upgrade,Resurface asphalt,,,
789,,Zerger ES,04_campus upgrade,Resurface concrete,,,
789,,Zerger ES,04_campus upgrade,Artificial turf field replacement and track resurfacing - HS,,,
789,,Zerger ES,05_Modernization,Modernize admin,,,
789,,Zerger ES,05_Modernization,Modernize classrooms,,,
789,,Zerger ES,05_Modernization,Modernize gym / assembly space,,,
789,,Zerger ES,05_Modernization,Modernize kitchen,,,
789,,Zerger ES,05_Modernization,Modernize cafeteria,,,
789,,Zerger ES,05_Modernization,Modernize multipurpose room,,,
789,,Zerger ES,05_Modernization,Heavily modernize restrooms,,,
789,,Zerger ES,05_Modernization,Heavily modernize STEM / CTE / specialized labs (MS/HS),,,
789,,Zerger ES,05_Modernization,Lightly modernize corridors,,,
789,,Zerger ES,05_Modernization,Lightly modernize entry lobby,,,
789,,Zerger ES,05_Modernization,Lightly modernize library/media center,,,
789,,Zerger ES,04_campus upgrade,Security package,,#N/A,
901,CO-1420-1869,Compass Montessori - Wheat Ridge,00_general,ADA compliance,,,
901,CO-1420-1869,Compass Montessori - Wheat Ridge,01_new construction,Demolition,,,
901,CO-1420-1869,Compass Montessori - Wheat Ridge,01_new construction,New construction ES,,,
901,CO-1420-1869,Compass Montessori - Wheat Ridge,01_new construction,New construction HS,,,
901,CO-1420-1869,Compass Montessori - Wheat Ridge,01_new construction,New construction K-8,,,
901,CO-1420-1869,Compass Montessori - Wheat Ridge,01_new construction,New construction MS,,,
901,CO-1420-1869,Compass Montessori - Wheat Ridge,01_new construction,New auditorium,,,
901,CO-1420-1869,Compass Montessori - Wheat Ridge,04_campus upgrade,Add shade structure(s),,,
901,CO-1420-1869,Compass Montessori - Wheat Ridge,04_campus upgrade,Campus landscaping upgrade,,,
901,CO-1420-1869,Compass Montessori - Wheat Ridge,04_campus upgrade,Parking lot expansion,,,
901,CO-1420-1869,Compass Montessori - Wheat Ridge,04_campus upgrade,"Front of school branding, landscape upgrades",,,
901,CO-1420-1869,Compass Montessori - Wheat Ridge,04_campus upgrade,Furniture upgrades,,,
901,CO-1420-1869,Compass Montessori - Wheat Ridge,04_campus upgrade,Improve drop-off / pick-up zone,,,
901,CO-1420-1869,Compass Montessori - Wheat Ridge,04_campus upgrade,New outdoor classroom,,,
901,CO-1420-1869,Compass Montessori - Wheat Ridge,04_campus upgrade,Playground replacement (ages 2-5),,,
901,CO-1420-1869,Compass Montessori - Wheat Ridge,04_campus upgrade,Playground replacement (ages 5-12),,,
901,CO-1420-1869,Compass Montessori - Wheat Ridge,04_campus upgrade,Resurface asphalt,,,
901,CO-1420-1869,Compass Montessori - Wheat Ridge,04_campus upgrade,Resurface concrete,,,
901,CO-1420-1869,Compass Montessori - Wheat Ridge,04_campus upgrade,Artificial turf field replacement and track resurfacing - HS,,,
901,CO-1420-1869,Compass Montessori - Wheat Ridge,05_Modernization,Modernize admin,,,
901,CO-1420-1869,Compass Montessori - Wheat Ridge,05_Modernization,Modernize classrooms,,,
901,CO-1420-1869,Compass Montessori - Wheat Ridge,05_Modernization,Modernize gym / assembly space,,,
901,CO-1420-1869,Compass Montessori - Wheat Ridge,05_Modernization,Modernize kitchen,,,
901,CO-1420-1869,Compass Montessori - Wheat Ridge,05_Modernization,Modernize cafeteria,,,
901,CO-1420-1869,Compass Montessori - Wheat Ridge,05_Modernization,Modernize multipurpose room,,,
901,CO-1420-1869,Compass Montessori - Wheat Ridge,05_Modernization,Heavily modernize restrooms,,,
901,CO-1420-1869,Compass Montessori - Wheat Ridge,05_Modernization,Heavily modernize STEM / CTE / specialized labs (MS/HS),,,
901,CO-1420-1869,Compass Montessori - Wheat Ridge,05_Modernization,Lightly modernize corridors,,,
901,CO-1420-1869,Compass Montessori - Wheat Ridge,05_Modernization,Lightly modernize entry lobby,,,
901,CO-1420-1869,Compass Montessori - Wheat Ridge,05_Modernization,Lightly modernize library/media center,,,
901,CO-1420-1869,Compass Montessori - Wheat Ridge,04_campus upgrade,Security package,,#N/A,
902,CO-1420-4402,Jefferson Academy Elementary,00_general,ADA compliance,,,
902,CO-1420-4402,Jefferson Academy Elementary,01_new construction,Demolition,,,
902,CO-1420-4402,Jefferson Academy Elementary,01_new construction,New construction ES,,,
902,CO-1420-4402,Jefferson Academy Elementary,01_new construction,New construction HS,,,
902,CO-1420-4402,Jefferson Academy Elementary,01_new construction,New construction K-8,,,
902,CO-1420-4402,Jefferson Academy Elementary,01_new construction,New construction MS,,,
902,CO-1420-4402,Jefferson Academy Elementary,01_new construction,New auditorium,,,
902,CO-1420-4402,Jefferson Academy Elementary,04_campus upgrade,Add shade structure(s),,,
902,CO-1420-4402,Jefferson Academy Elementary,04_campus upgrade,Campus landscaping upgrade,,,
902,CO-1420-4402,Jefferson Academy Elementary,04_campus upgrade,Parking lot expansion,,,
902,CO-1420-4402,Jefferson Academy Elementary,04_campus upgrade,"Front of school branding, landscape upgrades",,,
902,CO-1420-4402,Jefferson Academy Elementary,04_campus upgrade,Furniture upgrades,,,
902,CO-1420-4402,Jefferson Academy Elementary,04_campus upgrade,Improve drop-off / pick-up zone,,,
902,CO-1420-4402,Jefferson Academy Elementary,04_campus upgrade,New outdoor classroom,,,
902,CO-1420-4402,Jefferson Academy Elementary,04_campus upgrade,Playground replacement (ages 2-5),,,
902,CO-1420-4402,Jefferson Academy Elementary,04_campus upgrade,Playground replacement (ages 5-12),,,
902,CO-1420-4402,Jefferson Academy Elementary,04_campus upgrade,Resurface asphalt,,,
902,CO-1420-4402,Jefferson Academy Elementary,04_campus upgrade,Resurface concrete,,,
902,CO-1420-4402,Jefferson Academy Elementary,04_campus upgrade,Artificial turf field replacement and track resurfacing - HS,,,
902,CO-1420-4402,Jefferson Academy Elementary,05_Modernization,Modernize admin,,,
902,CO-1420-4402,Jefferson Academy Elementary,05_Modernization,Modernize classrooms,,,
902,CO-1420-4402,Jefferson Academy Elementary,05_Modernization,Modernize gym / assembly space,,,
902,CO-1420-4402,Jefferson Academy Elementary,05_Modernization,Modernize kitchen,,,
902,CO-1420-4402,Jefferson Academy Elementary,05_Modernization,Modernize cafeteria,,,
902,CO-1420-4402,Jefferson Academy Elementary,05_Modernization,Modernize multipurpose room,,,
902,CO-1420-4402,Jefferson Academy Elementary,05_Modernization,Heavily modernize restrooms,,,
902,CO-1420-4402,Jefferson Academy Elementary,05_Modernization,Heavily modernize STEM / CTE / specialized labs (MS/HS),,,
902,CO-1420-4402,Jefferson Academy Elementary,05_Modernization,Lightly modernize corridors,,,
902,CO-1420-4402,Jefferson Academy Elementary,05_Modernization,Lightly modernize entry lobby,,,
902,CO-1420-4402,Jefferson Academy Elementary,05_Modernization,Lightly modernize library/media center,,,
902,CO-1420-4402,Jefferson Academy Elementary,04_campus upgrade,Security package,,#N/A,
931,CO-1420-1451,Addenbrooke Classical Academy,00_general,ADA compliance,,,
931,CO-1420-1451,Addenbrooke Classical Academy,01_new construction,Demolition,,,
931,CO-1420-1451,Addenbrooke Classical Academy,01_new construction,New construction ES,,,
931,CO-1420-1451,Addenbrooke Classical Academy,01_new construction,New construction HS,,,
931,CO-1420-1451,Addenbrooke Classical Academy,01_new construction,New construction K-8,,,
931,CO-1420-1451,Addenbrooke Classical Academy,01_new construction,New construction MS,,,
931,CO-1420-1451,Addenbrooke Classical Academy,01_new construction,New auditorium,,,
931,CO-1420-1451,Addenbrooke Classical Academy,04_campus upgrade,Add shade structure(s),,,
931,CO-1420-1451,Addenbrooke Classical Academy,04_campus upgrade,Campus landscaping upgrade,,,
931,CO-1420-1451,Addenbrooke Classical Academy,04_campus upgrade,Parking lot expansion,,,
931,CO-1420-1451,Addenbrooke Classical Academy,04_campus upgrade,"Front of school branding, landscape upgrades",,,
931,CO-1420-1451,Addenbrooke Classical Academy,04_campus upgrade,Furniture upgrades,,,
931,CO-1420-1451,Addenbrooke Classical Academy,04_campus upgrade,Improve drop-off / pick-up zone,,,
931,CO-1420-1451,Addenbrooke Classical Academy,04_campus upgrade,New outdoor classroom,,,
931,CO-1420-1451,Addenbrooke Classical Academy,04_campus upgrade,Playground replacement (ages 2-5),,,
931,CO-1420-1451,Addenbrooke Classical Academy,04_campus upgrade,Playground replacement (ages 5-12),,,
931,CO-1420-1451,Addenbrooke Classical Academy,04_campus upgrade,Resurface asphalt,,,
931,CO-1420-1451,Addenbrooke Classical Academy,04_campus upgrade,Resurface concrete,,,
931,CO-1420-1451,Addenbrooke Classical Academy,04_campus upgrade,Artificial turf field replacement and track resurfacing - HS,,,
931,CO-1420-1451,Addenbrooke Classical Academy,05_Modernization,Modernize admin,,,
931,CO-1420-1451,Addenbrooke Classical Academy,05_Modernization,Modernize classrooms,,,
931,CO-1420-1451,Addenbrooke Classical Academy,05_Modernization,Modernize gym / assembly space,,,
931,CO-1420-1451,Addenbrooke Classical Academy,05_Modernization,Modernize kitchen,,,
931,CO-1420-1451,Addenbrooke Classical Academy,05_Modernization,Modernize cafeteria,,,
931,CO-1420-1451,Addenbrooke Classical Academy,05_Modernization,Modernize multipurpose room,,,
931,CO-1420-1451,Addenbrooke Classical Academy,05_Modernization,Heavily modernize restrooms,,,
931,CO-1420-1451,Addenbrooke Classical Academy,05_Modernization,Heavily modernize STEM / CTE / specialized labs (MS/HS),,,
931,CO-1420-1451,Addenbrooke Classical Academy,05_Modernization,Lightly modernize corridors,,,
931,CO-1420-1451,Addenbrooke Classical Academy,05_Modernization,Lightly modernize entry lobby,,,
931,CO-1420-1451,Addenbrooke Classical Academy,05_Modernization,Lightly modernize library/media center,,,
931,CO-1420-1451,Addenbrooke Classical Academy,04_campus upgrade,Security package,,#N/A,
933,CO-1420-6237,New America School,00_general,ADA compliance,,,
933,CO-1420-6237,New America School,01_new construction,Demolition,,,
933,CO-1420-6237,New America School,01_new construction,New construction ES,,,
933,CO-1420-6237,New America School,01_new construction,New construction HS,,,
933,CO-1420-6237,New America School,01_new construction,New construction K-8,,,
933,CO-1420-6237,New America School,01_new construction,New construction MS,,,
933,CO-1420-6237,New America School,01_new construction,New auditorium,,,
933,CO-1420-6237,New America School,04_campus upgrade,Add shade structure(s),,,
933,CO-1420-6237,New America School,04_campus upgrade,Campus landscaping upgrade,,,
933,CO-1420-6237,New America School,04_campus upgrade,Parking lot expansion,,,
933,CO-1420-6237,New America School,04_campus upgrade,"Front of school branding, landscape upgrades",,,
933,CO-1420-6237,New America School,04_campus upgrade,Furniture upgrades,,,
933,CO-1420-6237,New America School,04_campus upgrade,Improve drop-off / pick-up zone,,,
933,CO-1420-6237,New America School,04_campus upgrade,New outdoor classroom,,,
933,CO-1420-6237,New America School,04_campus upgrade,Playground replacement (ages 2-5),,,
933,CO-1420-6237,New America School,04_campus upgrade,Playground replacement (ages 5-12),,,
933,CO-1420-6237,New America School,04_campus upgrade,Resurface asphalt,,,
933,CO-1420-6237,New America School,04_campus upgrade,Resurface concrete,,,
933,CO-1420-6237,New America School,04_campus upgrade,Artificial turf field replacement and track resurfacing - HS,,,
933,CO-1420-6237,New America School,05_Modernization,Modernize admin,,,
933,CO-1420-6237,New America School,05_Modernization,Modernize classrooms,,,
933,CO-1420-6237,New America School,05_Modernization,Modernize gym / assembly space,,,
933,CO-1420-6237,New America School,05_Modernization,Modernize kitchen,,,
933,CO-1420-6237,New America School,05_Modernization,Modernize cafeteria,,,
933,CO-1420-6237,New America School,05_Modernization,Modernize multipurpose room,,,
933,CO-1420-6237,New America School,05_Modernization,Heavily modernize restrooms,,,
933,CO-1420-6237,New America School,05_Modernization,Heavily modernize STEM / CTE / specialized labs (MS/HS),,,
933,CO-1420-6237,New America School,05_Modernization,Lightly modernize corridors,,,
933,CO-1420-6237,New America School,05_Modernization,Lightly modernize entry lobby,,,
933,CO-1420-6237,New America School,05_Modernization,Lightly modernize library/media center,,,
933,CO-1420-6237,New America School,04_campus upgrade,Security package,,#N/A,
951,CO-1420-0491,Addenbrooke Grammer Academy,00_general,ADA compliance,,,
951,CO-1420-0491,Addenbrooke Grammer Academy,01_new construction,Demolition,,,
951,CO-1420-0491,Addenbrooke Grammer Academy,01_new construction,New construction ES,,,
951,CO-1420-0491,Addenbrooke Grammer Academy,01_new construction,New construction HS,,,
951,CO-1420-0491,Addenbrooke Grammer Academy,01_new construction,New construction K-8,,,
951,CO-1420-0491,Addenbrooke Grammer Academy,01_new construction,New construction MS,,,
951,CO-1420-0491,Addenbrooke Grammer Academy,01_new construction,New auditorium,,,
951,CO-1420-0491,Addenbrooke Grammer Academy,04_campus upgrade,Add shade structure(s),,,
951,CO-1420-0491,Addenbrooke Grammer Academy,04_campus upgrade,Campus landscaping upgrade,,,
951,CO-1420-0491,Addenbrooke Grammer Academy,04_campus upgrade,Parking lot expansion,,,
951,CO-1420-0491,Addenbrooke Grammer Academy,04_campus upgrade,"Front of school branding, landscape upgrades",,,
951,CO-1420-0491,Addenbrooke Grammer Academy,04_campus upgrade,Furniture upgrades,,,
951,CO-1420-0491,Addenbrooke Grammer Academy,04_campus upgrade,Improve drop-off / pick-up zone,,,
951,CO-1420-0491,Addenbrooke Grammer Academy,04_campus upgrade,New outdoor classroom,,,
951,CO-1420-0491,Addenbrooke Grammer Academy,04_campus upgrade,Playground replacement (ages 2-5),,,
951,CO-1420-0491,Addenbrooke Grammer Academy,04_campus upgrade,Playground replacement (ages 5-12),,,
951,CO-1420-0491,Addenbrooke Grammer Academy,04_campus upgrade,Resurface asphalt,,,
951,CO-1420-0491,Addenbrooke Grammer Academy,04_campus upgrade,Resurface concrete,,,
951,CO-1420-0491,Addenbrooke Grammer Academy,04_campus upgrade,Artificial turf field replacement and track resurfacing - HS,,,
951,CO-1420-0491,Addenbrooke Grammer Academy,05_Modernization,Modernize admin,,,
951,CO-1420-0491,Addenbrooke Grammer Academy,05_Modernization,Modernize classrooms,,,
951,CO-1420-0491,Addenbrooke Grammer Academy,05_Modernization,Modernize gym / assembly space,,,
951,CO-1420-0491,Addenbrooke Grammer Academy,05_Modernization,Modernize kitchen,,,
951,CO-1420-0491,Addenbrooke Grammer Academy,05_Modernization,Modernize cafeteria,,,
951,CO-1420-0491,Addenbrooke Grammer Academy,05_Modernization,Modernize multipurpose room,,,
951,CO-1420-0491,Addenbrooke Grammer Academy,05_Modernization,Heavily modernize restrooms,,,
951,CO-1420-0491,Addenbrooke Grammer Academy,05_Modernization,Heavily modernize STEM / CTE / specialized labs (MS/HS),,,
951,CO-1420-0491,Addenbrooke Grammer Academy,05_Modernization,Lightly modernize corridors,,,
951,CO-1420-0491,Addenbrooke Grammer Academy,05_Modernization,Lightly modernize entry lobby,,,
951,CO-1420-0491,Addenbrooke Grammer Academy,05_Modernization,Lightly modernize library/media center,,,
951,CO-1420-0491,Addenbrooke Grammer Academy,04_campus upgrade,Security package,,#N/A,
952,,Coal Creek Canyon K-8,00_general,ADA compliance,,,
952,,Coal Creek Canyon K-8,01_new construction,Demolition,,,
952,,Coal Creek Canyon K-8,01_new construction,New construction ES,,,
952,,Coal Creek Canyon K-8,01_new construction,New construction HS,,,
952,,Coal Creek Canyon K-8,01_new construction,New construction K-8,,,
952,,Coal Creek Canyon K-8,01_new construction,New construction MS,,,
952,,Coal Creek Canyon K-8,01_new construction,New auditorium,,,
952,,Coal Creek Canyon K-8,04_campus upgrade,Add shade structure(s),,,
952,,Coal Creek Canyon K-8,04_campus upgrade,Campus landscaping upgrade,,,
952,,Coal Creek Canyon K-8,04_campus upgrade,Parking lot expansion,,,
952,,Coal Creek Canyon K-8,04_campus upgrade,"Front of school branding, landscape upgrades",,,
952,,Coal Creek Canyon K-8,04_campus upgrade,Furniture upgrades,,,
952,,Coal Creek Canyon K-8,04_campus upgrade,Improve drop-off / pick-up zone,,,
952,,Coal Creek Canyon K-8,04_campus upgrade,New outdoor classroom,,,
952,,Coal Creek Canyon K-8,04_campus upgrade,Playground replacement (ages 2-5),,,
952,,Coal Creek Canyon K-8,04_campus upgrade,Playground replacement (ages 5-12),,,
952,,Coal Creek Canyon K-8,04_campus upgrade,Resurface asphalt,,,
952,,Coal Creek Canyon K-8,04_campus upgrade,Resurface concrete,,,
952,,Coal Creek Canyon K-8,04_campus upgrade,Artificial turf field replacement and track resurfacing - HS,,,
952,,Coal Creek Canyon K-8,05_Modernization,Modernize admin,,,
952,,Coal Creek Canyon K-8,05_Modernization,Modernize classrooms,,,
952,,Coal Creek Canyon K-8,05_Modernization,Modernize gym / assembly space,,,
952,,Coal Creek Canyon K-8,05_Modernization,Modernize kitchen,,,
952,,Coal Creek Canyon K-8,05_Modernization,Modernize cafeteria,,,
952,,Coal Creek Canyon K-8,05_Modernization,Modernize multipurpose room,,,
952,,Coal Creek Canyon K-8,05_Modernization,Heavily modernize restrooms,,,
952,,Coal Creek Canyon K-8,05_Modernization,Heavily modernize STEM / CTE / specialized labs (MS/HS),,,
952,,Coal Creek Canyon K-8,05_Modernization,Lightly modernize corridors,,,
952,,Coal Creek Canyon K-8,05_Modernization,Lightly modernize entry lobby,,,
952,,Coal Creek Canyon K-8,05_Modernization,Lightly modernize library/media center,,,
952,,Coal Creek Canyon K-8,04_campus upgrade,Security package,,#N/A,
953,,Lincoln Academy Charter School,00_general,ADA compliance,,,
953,,Lincoln Academy Charter School,01_new construction,Demolition,,,
953,,Lincoln Academy Charter School,01_new construction,New construction ES,,,
953,,Lincoln Academy Charter School,01_new construction,New construction HS,,,
953,,Lincoln Academy Charter School,01_new construction,New construction K-8,,,
953,,Lincoln Academy Charter School,01_new construction,New construction MS,,,
953,,Lincoln Academy Charter School,01_new construction,New auditorium,,,
953,,Lincoln Academy Charter School,04_campus upgrade,Add shade structure(s),,,
953,,Lincoln Academy Charter School,04_campus upgrade,Campus landscaping upgrade,,,
953,,Lincoln Academy Charter School,04_campus upgrade,Parking lot expansion,,,
953,,Lincoln Academy Charter School,04_campus upgrade,"Front of school branding, landscape upgrades",,,
953,,Lincoln Academy Charter School,04_campus upgrade,Furniture upgrades,,,
953,,Lincoln Academy Charter School,04_campus upgrade,Improve drop-off / pick-up zone,,,
953,,Lincoln Academy Charter School,04_campus upgrade,New outdoor classroom,,,
953,,Lincoln Academy Charter School,04_campus upgrade,Playground replacement (ages 2-5),,,
953,,Lincoln Academy Charter School,04_campus upgrade,Playground replacement (ages 5-12),,,
953,,Lincoln Academy Charter School,04_campus upgrade,Resurface asphalt,,,
953,,Lincoln Academy Charter School,04_campus upgrade,Resurface concrete,,,
953,,Lincoln Academy Charter School,04_campus upgrade,Artificial turf field replacement and track resurfacing - HS,,,
953,,Lincoln Academy Charter School,05_Modernization,Modernize admin,,,
953,,Lincoln Academy Charter School,05_Modernization,Modernize classrooms,,,
953,,Lincoln Academy Charter School,05_Modernization,Modernize gym / assembly space,,,
953,,Lincoln Academy Charter School,05_Modernization,Modernize kitchen,,,
953,,Lincoln Academy Charter School,05_Modernization,Modernize cafeteria,,,
953,,Lincoln Academy Charter School,05_Modernization,Modernize multipurpose room,,,
953,,Lincoln Academy Charter School,05_Modernization,Heavily modernize restrooms,,,
953,,Lincoln Academy Charter School,05_Modernization,Heavily modernize STEM / CTE / specialized labs (MS/HS),,,
953,,Lincoln Academy Charter School,05_Modernization,Lightly modernize corridors,,,
953,,Lincoln Academy Charter School,05_Modernization,Lightly modernize entry lobby,,,
953,,Lincoln Academy Charter School,05_Modernization,Lightly modernize library/media center,,,
953,,Lincoln Academy Charter School,04_campus upgrade,Security package,,#N/A,
954,CO-1420-5994,Montessori Peaks Academy,00_general,ADA compliance,,,
954,CO-1420-5994,Montessori Peaks Academy,01_new construction,Demolition,,,
954,CO-1420-5994,Montessori Peaks Academy,01_new construction,New construction ES,,,
954,CO-1420-5994,Montessori Peaks Academy,01_new construction,New construction HS,,,
954,CO-1420-5994,Montessori Peaks Academy,01_new construction,New construction K-8,,,
954,CO-1420-5994,Montessori Peaks Academy,01_new construction,New construction MS,,,
954,CO-1420-5994,Montessori Peaks Academy,01_new construction,New auditorium,,,
954,CO-1420-5994,Montessori Peaks Academy,04_campus upgrade,Add shade structure(s),,,
954,CO-1420-5994,Montessori Peaks Academy,04_campus upgrade,Campus landscaping upgrade,,,
954,CO-1420-5994,Montessori Peaks Academy,04_campus upgrade,Parking lot expansion,,,
954,CO-1420-5994,Montessori Peaks Academy,04_campus upgrade,"Front of school branding, landscape upgrades",,,
954,CO-1420-5994,Montessori Peaks Academy,04_campus upgrade,Furniture upgrades,,,
954,CO-1420-5994,Montessori Peaks Academy,04_campus upgrade,Improve drop-off / pick-up zone,,,
954,CO-1420-5994,Montessori Peaks Academy,04_campus upgrade,New outdoor classroom,,,
954,CO-1420-5994,Montessori Peaks Academy,04_campus upgrade,Playground replacement (ages 2-5),,,
954,CO-1420-5994,Montessori Peaks Academy,04_campus upgrade,Playground replacement (ages 5-12),,,
954,CO-1420-5994,Montessori Peaks Academy,04_campus upgrade,Resurface asphalt,,,
954,CO-1420-5994,Montessori Peaks Academy,04_campus upgrade,Resurface concrete,,,
954,CO-1420-5994,Montessori Peaks Academy,04_campus upgrade,Artificial turf field replacement and track resurfacing - HS,,,
954,CO-1420-5994,Montessori Peaks Academy,05_Modernization,Modernize admin,,,
954,CO-1420-5994,Montessori Peaks Academy,05_Modernization,Modernize classrooms,,,
954,CO-1420-5994,Montessori Peaks Academy,05_Modernization,Modernize gym / assembly space,,,
954,CO-1420-5994,Montessori Peaks Academy,05_Modernization,Modernize kitchen,,,
954,CO-1420-5994,Montessori Peaks Academy,05_Modernization,Modernize cafeteria,,,
954,CO-1420-5994,Montessori Peaks Academy,05_Modernization,Modernize multipurpose room,,,
954,CO-1420-5994,Montessori Peaks Academy,05_Modernization,Heavily modernize restrooms,,,
954,CO-1420-5994,Montessori Peaks Academy,05_Modernization,Heavily modernize STEM / CTE / specialized labs (MS/HS),,,
954,CO-1420-5994,Montessori Peaks Academy,05_Modernization,Lightly modernize corridors,,,
954,CO-1420-5994,Montessori Peaks Academy,05_Modernization,Lightly modernize entry lobby,,,
954,CO-1420-5994,Montessori Peaks Academy,05_Modernization,Lightly modernize library/media center,,,
954,CO-1420-5994,Montessori Peaks Academy,04_campus upgrade,Security package,,#N/A,
955,CO-1420-6139,Mountain Phoenix Community School,00_general,ADA compliance,,,
955,CO-1420-6139,Mountain Phoenix Community School,01_new construction,Demolition,,,
955,CO-1420-6139,Mountain Phoenix Community School,01_new construction,New construction ES,,,
955,CO-1420-6139,Mountain Phoenix Community School,01_new construction,New construction HS,,,
955,CO-1420-6139,Mountain Phoenix Community School,01_new construction,New construction K-8,,,
955,CO-1420-6139,Mountain Phoenix Community School,01_new construction,New construction MS,,,
955,CO-1420-6139,Mountain Phoenix Community School,01_new construction,New auditorium,,,
955,CO-1420-6139,Mountain Phoenix Community School,04_campus upgrade,Add shade structure(s),,,
955,CO-1420-6139,Mountain Phoenix Community School,04_campus upgrade,Campus landscaping upgrade,,,
955,CO-1420-6139,Mountain Phoenix Community School,04_campus upgrade,Parking lot expansion,,,
955,CO-1420-6139,Mountain Phoenix Community School,04_campus upgrade,"Front of school branding, landscape upgrades",,,
955,CO-1420-6139,Mountain Phoenix Community School,04_campus upgrade,Furniture upgrades,,,
955,CO-1420-6139,Mountain Phoenix Community School,04_campus upgrade,Improve drop-off / pick-up zone,,,
955,CO-1420-6139,Mountain Phoenix Community School,04_campus upgrade,New outdoor classroom,,,
955,CO-1420-6139,Mountain Phoenix Community School,04_campus upgrade,Playground replacement (ages 2-5),,,
955,CO-1420-6139,Mountain Phoenix Community School,04_campus upgrade,Playground replacement (ages 5-12),,,
955,CO-1420-6139,Mountain Phoenix Community School,04_campus upgrade,Resurface asphalt,,,
955,CO-1420-6139,Mountain Phoenix Community School,04_campus upgrade,Resurface concrete,,,
955,CO-1420-6139,Mountain Phoenix Community School,04_campus upgrade,Artificial turf field replacement and track resurfacing - HS,,,
955,CO-1420-6139,Mountain Phoenix Community School,05_Modernization,Modernize admin,,,
955,CO-1420-6139,Mountain Phoenix Community School,05_Modernization,Modernize classrooms,,,
955,CO-1420-6139,Mountain Phoenix Community School,05_Modernization,Modernize gym / assembly space,,,
955,CO-1420-6139,Mountain Phoenix Community School,05_Modernization,Modernize kitchen,,,
955,CO-1420-6139,Mountain Phoenix Community School,05_Modernization,Modernize cafeteria,,,
955,CO-1420-6139,Mountain Phoenix Community School,05_Modernization,Modernize multipurpose room,,,
955,CO-1420-6139,Mountain Phoenix Community School,05_Modernization,Heavily modernize restrooms,,,
955,CO-1420-6139,Mountain Phoenix Community School,05_Modernization,Heavily modernize STEM / CTE / specialized labs (MS/HS),,,
955,CO-1420-6139,Mountain Phoenix Community School,05_Modernization,Lightly modernize corridors,,,
955,CO-1420-6139,Mountain Phoenix Community School,05_Modernization,Lightly modernize entry lobby,,,
955,CO-1420-6139,Mountain Phoenix Community School,05_Modernization,Lightly modernize library/media center,,,
955,CO-1420-6139,Mountain Phoenix Community School,04_campus upgrade,Security package,,#N/A,
956,CO-1420-9427,Woodrow Wilson Academy,00_general,ADA compliance,,,
956,CO-1420-9427,Woodrow Wilson Academy,01_new construction,Demolition,,,
956,CO-1420-9427,Woodrow Wilson Academy,01_new construction,New construction ES,,,
956,CO-1420-9427,Woodrow Wilson Academy,01_new construction,New construction HS,,,
956,CO-1420-9427,Woodrow Wilson Academy,01_new construction,New construction K-8,,,
956,CO-1420-9427,Woodrow Wilson Academy,01_new construction,New construction MS,,,
956,CO-1420-9427,Woodrow Wilson Academy,01_new construction,New auditorium,,,
956,CO-1420-9427,Woodrow Wilson Academy,04_campus upgrade,Add shade structure(s),,,
956,CO-1420-9427,Woodrow Wilson Academy,04_campus upgrade,Campus landscaping upgrade,,,
956,CO-1420-9427,Woodrow Wilson Academy,04_campus upgrade,Parking lot expansion,,,
956,CO-1420-9427,Woodrow Wilson Academy,04_campus upgrade,"Front of school branding, landscape upgrades",,,
956,CO-1420-9427,Woodrow Wilson Academy,04_campus upgrade,Furniture upgrades,,,
956,CO-1420-9427,Woodrow Wilson Academy,04_campus upgrade,Improve drop-off / pick-up zone,,,
956,CO-1420-9427,Woodrow Wilson Academy,04_campus upgrade,New outdoor classroom,,,
956,CO-1420-9427,Woodrow Wilson Academy,04_campus upgrade,Playground replacement (ages 2-5),,,
956,CO-1420-9427,Woodrow Wilson Academy,04_campus upgrade,Playground replacement (ages 5-12),,,
956,CO-1420-9427,Woodrow Wilson Academy,04_campus upgrade,Resurface asphalt,,,
956,CO-1420-9427,Woodrow Wilson Academy,04_campus upgrade,Resurface concrete,,,
956,CO-1420-9427,Woodrow Wilson Academy,04_campus upgrade,Artificial turf field replacement and track resurfacing - HS,,,
956,CO-1420-9427,Woodrow Wilson Academy,05_Modernization,Modernize admin,,,
956,CO-1420-9427,Woodrow Wilson Academy,05_Modernization,Modernize classrooms,,,
956,CO-1420-9427,Woodrow Wilson Academy,05_Modernization,Modernize gym / assembly space,,,
956,CO-1420-9427,Woodrow Wilson Academy,05_Modernization,Modernize kitchen,,,
956,CO-1420-9427,Woodrow Wilson Academy,05_Modernization,Modernize cafeteria,,,
956,CO-1420-9427,Woodrow Wilson Academy,05_Modernization,Modernize multipurpose room,,,
956,CO-1420-9427,Woodrow Wilson Academy,05_Modernization,Heavily modernize restrooms,,,
956,CO-1420-9427,Woodrow Wilson Academy,05_Modernization,Heavily modernize STEM / CTE / specialized labs (MS/HS),,,
956,CO-1420-9427,Woodrow Wilson Academy,05_Modernization,Lightly modernize corridors,,,
956,CO-1420-9427,Woodrow Wilson Academy,05_Modernization,Lightly modernize entry lobby,,,
956,CO-1420-9427,Woodrow Wilson Academy,05_Modernization,Lightly modernize library/media center,,,
956,CO-1420-9427,Woodrow Wilson Academy,04_campus upgrade,Security package,,#N/A,
957,CO-1420-2189,Doral Academy of Colorado,00_general,ADA compliance,,,
957,CO-1420-2189,Doral Academy of Colorado,01_new construction,Demolition,,,
957,CO-1420-2189,Doral Academy of Colorado,01_new construction,New construction ES,,,
957,CO-1420-2189,Doral Academy of Colorado,01_new construction,New construction HS,,,
957,CO-1420-2189,Doral Academy of Colorado,01_new construction,New construction K-8,,,
957,CO-1420-2189,Doral Academy of Colorado,01_new construction,New construction MS,,,
957,CO-1420-2189,Doral Academy of Colorado,01_new construction,New auditorium,,,
957,CO-1420-2189,Doral Academy of Colorado,04_campus upgrade,Add shade structure(s),,,
957,CO-1420-2189,Doral Academy of Colorado,04_campus upgrade,Campus landscaping upgrade,,,
957,CO-1420-2189,Doral Academy of Colorado,04_campus upgrade,Parking lot expansion,,,
957,CO-1420-2189,Doral Academy of Colorado,04_campus upgrade,"Front of school branding, landscape upgrades",,,
957,CO-1420-2189,Doral Academy of Colorado,04_campus upgrade,Furniture upgrades,,,
957,CO-1420-2189,Doral Academy of Colorado,04_campus upgrade,Improve drop-off / pick-up zone,,,
957,CO-1420-2189,Doral Academy of Colorado,04_campus upgrade,New outdoor classroom,,,
957,CO-1420-2189,Doral Academy of Colorado,04_campus upgrade,Playground replacement (ages 2-5),,,
957,CO-1420-2189,Doral Academy of Colorado,04_campus upgrade,Playground replacement (ages 5-12),,,
957,CO-1420-2189,Doral Academy of Colorado,04_campus upgrade,Resurface asphalt,,,
957,CO-1420-2189,Doral Academy of Colorado,04_campus upgrade,Resurface concrete,,,
957,CO-1420-2189,Doral Academy of Colorado,04_campus upgrade,Artificial turf field replacement and track resurfacing - HS,,,
957,CO-1420-2189,Doral Academy of Colorado,05_Modernization,Modernize admin,,,
957,CO-1420-2189,Doral Academy of Colorado,05_Modernization,Modernize classrooms,,,
957,CO-1420-2189,Doral Academy of Colorado,05_Modernization,Modernize gym / assembly space,,,
957,CO-1420-2189,Doral Academy of Colorado,05_Modernization,Modernize kitchen,,,
957,CO-1420-2189,Doral Academy of Colorado,05_Modernization,Modernize cafeteria,,,
957,CO-1420-2189,Doral Academy of Colorado,05_Modernization,Modernize multipurpose room,,,
957,CO-1420-2189,Doral Academy of Colorado,05_Modernization,Heavily modernize restrooms,,,
957,CO-1420-2189,Doral Academy of Colorado,05_Modernization,Heavily modernize STEM / CTE / specialized labs (MS/HS),,,
957,CO-1420-2189,Doral Academy of Colorado,05_Modernization,Lightly modernize corridors,,,
957,CO-1420-2189,Doral Academy of Colorado,05_Modernization,Lightly modernize entry lobby,,,
957,CO-1420-2189,Doral Academy of Colorado,05_Modernization,Lightly modernize library/media center,,,
957,CO-1420-2189,Doral Academy of Colorado,04_campus upgrade,Security package,,#N/A,
958,,Excel Academy Charter School,00_general,ADA compliance,,,
958,,Excel Academy Charter School,01_new construction,Demolition,,,
958,,Excel Academy Charter School,01_new construction,New construction ES,,,
958,,Excel Academy Charter School,01_new construction,New construction HS,,,
958,,Excel Academy Charter School,01_new construction,New construction K-8,,,
958,,Excel Academy Charter School,01_new construction,New construction MS,,,
958,,Excel Academy Charter School,01_new construction,New auditorium,,,
958,,Excel Academy Charter School,04_campus upgrade,Add shade structure(s),,,
958,,Excel Academy Charter School,04_campus upgrade,Campus landscaping upgrade,,,
958,,Excel Academy Charter School,04_campus upgrade,Parking lot expansion,,,
958,,Excel Academy Charter School,04_campus upgrade,"Front of school branding, landscape upgrades",,,
958,,Excel Academy Charter School,04_campus upgrade,Furniture upgrades,,,
958,,Excel Academy Charter School,04_campus upgrade,Improve drop-off / pick-up zone,,,
958,,Excel Academy Charter School,04_campus upgrade,New outdoor classroom,,,
958,,Excel Academy Charter School,04_campus upgrade,Playground replacement (ages 2-5),,,
958,,Excel Academy Charter School,04_campus upgrade,Playground replacement (ages 5-12),,,
958,,Excel Academy Charter School,04_campus upgrade,Resurface asphalt,,,
958,,Excel Academy Charter School,04_campus upgrade,Resurface concrete,,,
958,,Excel Academy Charter School,04_campus upgrade,Artificial turf field replacement and track resurfacing - HS,,,
958,,Excel Academy Charter School,05_Modernization,Modernize admin,,,
958,,Excel Academy Charter School,05_Modernization,Modernize classrooms,,,
958,,Excel Academy Charter School,05_Modernization,Modernize gym / assembly space,,,
958,,Excel Academy Charter School,05_Modernization,Modernize kitchen,,,
958,,Excel Academy Charter School,05_Modernization,Modernize cafeteria,,,
958,,Excel Academy Charter School,05_Modernization,Modernize multipurpose room,,,
958,,Excel Academy Charter School,05_Modernization,Heavily modernize restrooms,,,
958,,Excel Academy Charter School,05_Modernization,Heavily modernize STEM / CTE / specialized labs (MS/HS),,,
958,,Excel Academy Charter School,05_Modernization,Lightly modernize corridors,,,
958,,Excel Academy Charter School,05_Modernization,Lightly modernize entry lobby,,,
958,,Excel Academy Charter School,05_Modernization,Lightly modernize library/media center,,,
958,,Excel Academy Charter School,04_campus upgrade,Security package,,#N/A,
959,CO-1420-7462,Rocky Mountain Academy of Evergreen,00_general,ADA compliance,,,
959,CO-1420-7462,Rocky Mountain Academy of Evergreen,01_new construction,Demolition,,,
959,CO-1420-7462,Rocky Mountain Academy of Evergreen,01_new construction,New construction ES,,,
959,CO-1420-7462,Rocky Mountain Academy of Evergreen,01_new construction,New construction HS,,,
959,CO-1420-7462,Rocky Mountain Academy of Evergreen,01_new construction,New construction K-8,,,
959,CO-1420-7462,Rocky Mountain Academy of Evergreen,01_new construction,New construction MS,,,
959,CO-1420-7462,Rocky Mountain Academy of Evergreen,01_new construction,New auditorium,,,
959,CO-1420-7462,Rocky Mountain Academy of Evergreen,04_campus upgrade,Add shade structure(s),,,
959,CO-1420-7462,Rocky Mountain Academy of Evergreen,04_campus upgrade,Campus landscaping upgrade,,,
959,CO-1420-7462,Rocky Mountain Academy of Evergreen,04_campus upgrade,Parking lot expansion,,,
959,CO-1420-7462,Rocky Mountain Academy of Evergreen,04_campus upgrade,"Front of school branding, landscape upgrades",,,
959,CO-1420-7462,Rocky Mountain Academy of Evergreen,04_campus upgrade,Furniture upgrades,,,
959,CO-1420-7462,Rocky Mountain Academy of Evergreen,04_campus upgrade,Improve drop-off / pick-up zone,,,
959,CO-1420-7462,Rocky Mountain Academy of Evergreen,04_campus upgrade,New outdoor classroom,,,
959,CO-1420-7462,Rocky Mountain Academy of Evergreen,04_campus upgrade,Playground replacement (ages 2-5),,,
959,CO-1420-7462,Rocky Mountain Academy of Evergreen,04_campus upgrade,Playground replacement (ages 5-12),,,
959,CO-1420-7462,Rocky Mountain Academy of Evergreen,04_campus upgrade,Resurface asphalt,,,
959,CO-1420-7462,Rocky Mountain Academy of Evergreen,04_campus upgrade,Resurface concrete,,,
959,CO-1420-7462,Rocky Mountain Academy of Evergreen,04_campus upgrade,Artificial turf field replacement and track resurfacing - HS,,,
959,CO-1420-7462,Rocky Mountain Academy of Evergreen,05_Modernization,Modernize admin,,,
959,CO-1420-7462,Rocky Mountain Academy of Evergreen,05_Modernization,Modernize classrooms,,,
959,CO-1420-7462,Rocky Mountain Academy of Evergreen,05_Modernization,Modernize gym / assembly space,,,
959,CO-1420-7462,Rocky Mountain Academy of Evergreen,05_Modernization,Modernize kitchen,,,
959,CO-1420-7462,Rocky Mountain Academy of Evergreen,05_Modernization,Modernize cafeteria,,,
959,CO-1420-7462,Rocky Mountain Academy of Evergreen,05_Modernization,Modernize multipurpose room,,,
959,CO-1420-7462,Rocky Mountain Academy of Evergreen,05_Modernization,Heavily modernize restrooms,,,
959,CO-1420-7462,Rocky Mountain Academy of Evergreen,05_Modernization,Heavily modernize STEM / CTE / specialized labs (MS/HS),,,
959,CO-1420-7462,Rocky Mountain Academy of Evergreen,05_Modernization,Lightly modernize corridors,,,
959,CO-1420-7462,Rocky Mountain Academy of Evergreen,05_Modernization,Lightly modernize entry lobby,,,
959,CO-1420-7462,Rocky Mountain Academy of Evergreen,05_Modernization,Lightly modernize library/media center,,,
959,CO-1420-7462,Rocky Mountain Academy of Evergreen,04_campus upgrade,Security package,,#N/A,
960,,Collegiate Academy of Colorado,00_general,ADA compliance,,,
960,,Collegiate Academy of Colorado,01_new construction,Demolition,,,
960,,Collegiate Academy of Colorado,01_new construction,New construction ES,,,
960,,Collegiate Academy of Colorado,01_new construction,New construction HS,,,
960,,Collegiate Academy of Colorado,01_new construction,New construction K-8,,,
960,,Collegiate Academy of Colorado,01_new construction,New construction MS,,,
960,,Collegiate Academy of Colorado,01_new construction,New auditorium,,,
960,,Collegiate Academy of Colorado,04_campus upgrade,Add shade structure(s),,,
960,,Collegiate Academy of Colorado,04_campus upgrade,Campus landscaping upgrade,,,
960,,Collegiate Academy of Colorado,04_campus upgrade,Parking lot expansion,,,
960,,Collegiate Academy of Colorado,04_campus upgrade,"Front of school branding, landscape upgrades",,,
960,,Collegiate Academy of Colorado,04_campus upgrade,Furniture upgrades,,,
960,,Collegiate Academy of Colorado,04_campus upgrade,Improve drop-off / pick-up zone,,,
960,,Collegiate Academy of Colorado,04_campus upgrade,New outdoor classroom,,,
960,,Collegiate Academy of Colorado,04_campus upgrade,Playground replacement (ages 2-5),,,
960,,Collegiate Academy of Colorado,04_campus upgrade,Playground replacement (ages 5-12),,,
960,,Collegiate Academy of Colorado,04_campus upgrade,Resurface asphalt,,,
960,,Collegiate Academy of Colorado,04_campus upgrade,Resurface concrete,,,
960,,Collegiate Academy of Colorado,04_campus upgrade,Artificial turf field replacement and track resurfacing - HS,,,
960,,Collegiate Academy of Colorado,05_Modernization,Modernize admin,,,
960,,Collegiate Academy of Colorado,05_Modernization,Modernize classrooms,,,
960,,Collegiate Academy of Colorado,05_Modernization,Modernize gym / assembly space,,,
960,,Collegiate Academy of Colorado,05_Modernization,Modernize kitchen,,,
960,,Collegiate Academy of Colorado,05_Modernization,Modernize cafeteria,,,
960,,Collegiate Academy of Colorado,05_Modernization,Modernize multipurpose room,,,
960,,Collegiate Academy of Colorado,05_Modernization,Heavily modernize restrooms,,,
960,,Collegiate Academy of Colorado,05_Modernization,Heavily modernize STEM / CTE / specialized labs (MS/HS),,,
960,,Collegiate Academy of Colorado,05_Modernization,Lightly modernize corridors,,,
960,,Collegiate Academy of Colorado,05_Modernization,Lightly modernize entry lobby,,,
960,,Collegiate Academy of Colorado,05_Modernization,Lightly modernize library/media center,,,
960,,Collegiate Academy of Colorado,04_campus upgrade,Security package,,#N/A,
961,,Compass Montessori - Golden,00_general,ADA compliance,,,
961,,Compass Montessori - Golden,01_new construction,Demolition,,,
961,,Compass Montessori - Golden,01_new construction,New construction ES,,,
961,,Compass Montessori - Golden,01_new construction,New construction HS,,,
961,,Compass Montessori - Golden,01_new construction,New construction K-8,,,
961,,Compass Montessori - Golden,01_new construction,New construction MS,,,
961,,Compass Montessori - Golden,01_new construction,New auditorium,,,
961,,Compass Montessori - Golden,04_campus upgrade,Add shade structure(s),,,
961,,Compass Montessori - Golden,04_campus upgrade,Campus landscaping upgrade,,,
961,,Compass Montessori - Golden,04_campus upgrade,Parking lot expansion,,,
961,,Compass Montessori - Golden,04_campus upgrade,"Front of school branding, landscape upgrades",,,
961,,Compass Montessori - Golden,04_campus upgrade,Furniture upgrades,,,
961,,Compass Montessori - Golden,04_campus upgrade,Improve drop-off / pick-up zone,,,
961,,Compass Montessori - Golden,04_campus upgrade,New outdoor classroom,,,
961,,Compass Montessori - Golden,04_campus upgrade,Playground replacement (ages 2-5),,,
961,,Compass Montessori - Golden,04_campus upgrade,Playground replacement (ages 5-12),,,
961,,Compass Montessori - Golden,04_campus upgrade,Resurface asphalt,,,
961,,Compass Montessori - Golden,04_campus upgrade,Resurface concrete,,,
961,,Compass Montessori - Golden,04_campus upgrade,Artificial turf field replacement and track resurfacing - HS,,,
961,,Compass Montessori - Golden,05_Modernization,Modernize admin,,,
961,,Compass Montessori - Golden,05_Modernization,Modernize classrooms,,,
961,,Compass Montessori - Golden,05_Modernization,Modernize gym / assembly space,,,
961,,Compass Montessori - Golden,05_Modernization,Modernize kitchen,,,
961,,Compass Montessori - Golden,05_Modernization,Modernize cafeteria,,,
961,,Compass Montessori - Golden,05_Modernization,Modernize multipurpose room,,,
961,,Compass Montessori - Golden,05_Modernization,Heavily modernize restrooms,,,
961,,Compass Montessori - Golden,05_Modernization,Heavily modernize STEM / CTE / specialized labs (MS/HS),,,
961,,Compass Montessori - Golden,05_Modernization,Lightly modernize corridors,,,
961,,Compass Montessori - Golden,05_Modernization,Lightly modernize entry lobby,,,
961,,Compass Montessori - Golden,05_Modernization,Lightly modernize library/media center,,,
961,,Compass Montessori - Golden,04_campus upgrade,Security package,,#N/A,
962,CO-1420-5415,Rocky Mountain Deaf School,00_general,ADA compliance,,,
962,CO-1420-5415,Rocky Mountain Deaf School,01_new construction,Demolition,,,
962,CO-1420-5415,Rocky Mountain Deaf School,01_new construction,New construction ES,,,
962,CO-1420-5415,Rocky Mountain Deaf School,01_new construction,New construction HS,,,
962,CO-1420-5415,Rocky Mountain Deaf School,01_new construction,New construction K-8,,,
962,CO-1420-5415,Rocky Mountain Deaf School,01_new construction,New construction MS,,,
962,CO-1420-5415,Rocky Mountain Deaf School,01_new construction,New auditorium,,,
962,CO-1420-5415,Rocky Mountain Deaf School,04_campus upgrade,Add shade structure(s),,,
962,CO-1420-5415,Rocky Mountain Deaf School,04_campus upgrade,Campus landscaping upgrade,,,
962,CO-1420-5415,Rocky Mountain Deaf School,04_campus upgrade,Parking lot expansion,,,
962,CO-1420-5415,Rocky Mountain Deaf School,04_campus upgrade,"Front of school branding, landscape upgrades",,,
962,CO-1420-5415,Rocky Mountain Deaf School,04_campus upgrade,Furniture upgrades,,,
962,CO-1420-5415,Rocky Mountain Deaf School,04_campus upgrade,Improve drop-off / pick-up zone,,,
962,CO-1420-5415,Rocky Mountain Deaf School,04_campus upgrade,New outdoor classroom,,,
962,CO-1420-5415,Rocky Mountain Deaf School,04_campus upgrade,Playground replacement (ages 2-5),,,
962,CO-1420-5415,Rocky Mountain Deaf School,04_campus upgrade,Playground replacement (ages 5-12),,,
962,CO-1420-5415,Rocky Mountain Deaf School,04_campus upgrade,Resurface asphalt,,,
962,CO-1420-5415,Rocky Mountain Deaf School,04_campus upgrade,Resurface concrete,,,
962,CO-1420-5415,Rocky Mountain Deaf School,04_campus upgrade,Artificial turf field replacement and track resurfacing - HS,,,
962,CO-1420-5415,Rocky Mountain Deaf School,05_Modernization,Modernize admin,,,
962,CO-1420-5415,Rocky Mountain Deaf School,05_Modernization,Modernize classrooms,,,
962,CO-1420-5415,Rocky Mountain Deaf School,05_Modernization,Modernize gym / assembly space,,,
962,CO-1420-5415,Rocky Mountain Deaf School,05_Modernization,Modernize kitchen,,,
962,CO-1420-5415,Rocky Mountain Deaf School,05_Modernization,Modernize cafeteria,,,
962,CO-1420-5415,Rocky Mountain Deaf School,05_Modernization,Modernize multipurpose room,,,
962,CO-1420-5415,Rocky Mountain Deaf School,05_Modernization,Heavily modernize restrooms,,,
962,CO-1420-5415,Rocky Mountain Deaf School,05_Modernization,Heavily modernize STEM / CTE / specialized labs (MS/HS),,,
962,CO-1420-5415,Rocky Mountain Deaf School,05_Modernization,Lightly modernize corridors,,,
962,CO-1420-5415,Rocky Mountain Deaf School,05_Modernization,Lightly modernize entry lobby,,,
962,CO-1420-5415,Rocky Mountain Deaf School,05_Modernization,Lightly modernize library/media center,,,
962,CO-1420-5415,Rocky Mountain Deaf School,04_campus upgrade,Security package,,#N/A,
963,,Two Roads - Arvada,00_general,ADA compliance,,,
963,,Two Roads - Arvada,01_new construction,Demolition,,,
963,,Two Roads - Arvada,01_new construction,New construction ES,,,
963,,Two Roads - Arvada,01_new construction,New construction HS,,,
963,,Two Roads - Arvada,01_new construction,New construction K-8,,,
963,,Two Roads - Arvada,01_new construction,New construction MS,,,
963,,Two Roads - Arvada,01_new construction,New auditorium,,,
963,,Two Roads - Arvada,04_campus upgrade,Add shade structure(s),,,
963,,Two Roads - Arvada,04_campus upgrade,Campus landscaping upgrade,,,
963,,Two Roads - Arvada,04_campus upgrade,Parking lot expansion,,,
963,,Two Roads - Arvada,04_campus upgrade,"Front of school branding, landscape upgrades",,,
963,,Two Roads - Arvada,04_campus upgrade,Furniture upgrades,,,
963,,Two Roads - Arvada,04_campus upgrade,Improve drop-off / pick-up zone,,,
963,,Two Roads - Arvada,04_campus upgrade,New outdoor classroom,,,
963,,Two Roads - Arvada,04_campus upgrade,Playground replacement (ages 2-5),,,
963,,Two Roads - Arvada,04_campus upgrade,Playground replacement (ages 5-12),,,
963,,Two Roads - Arvada,04_campus upgrade,Resurface asphalt,,,
963,,Two Roads - Arvada,04_campus upgrade,Resurface concrete,,,
963,,Two Roads - Arvada,04_campus upgrade,Artificial turf field replacement and track resurfacing - HS,,,
963,,Two Roads - Arvada,05_Modernization,Modernize admin,,,
963,,Two Roads - Arvada,05_Modernization,Modernize classrooms,,,
963,,Two Roads - Arvada,05_Modernization,Modernize gym / assembly space,,,
963,,Two Roads - Arvada,05_Modernization,Modernize kitchen,,,
963,,Two Roads - Arvada,05_Modernization,Modernize cafeteria,,,
963,,Two Roads - Arvada,05_Modernization,Modernize multipurpose room,,,
963,,Two Roads - Arvada,05_Modernization,Heavily modernize restrooms,,,
963,,Two Roads - Arvada,05_Modernization,Heavily modernize STEM / CTE / specialized labs (MS/HS),,,
963,,Two Roads - Arvada,05_Modernization,Lightly modernize corridors,,,
963,,Two Roads - Arvada,05_Modernization,Lightly modernize entry lobby,,,
963,,Two Roads - Arvada,05_Modernization,Lightly modernize library/media center,,,
963,,Two Roads - Arvada,04_campus upgrade,Security package,,#N/A,
965,CO-1420-4410,Jefferson Academy Secondary,00_general,ADA compliance,,,
965,CO-1420-4410,Jefferson Academy Secondary,01_new construction,Demolition,,,
965,CO-1420-4410,Jefferson Academy Secondary,01_new construction,New construction ES,,,
965,CO-1420-4410,Jefferson Academy Secondary,01_new construction,New construction HS,,,
965,CO-1420-4410,Jefferson Academy Secondary,01_new construction,New construction K-8,,,
965,CO-1420-4410,Jefferson Academy Secondary,01_new construction,New construction MS,,,
965,CO-1420-4410,Jefferson Academy Secondary,01_new construction,New auditorium,,,
965,CO-1420-4410,Jefferson Academy Secondary,04_campus upgrade,Add shade structure(s),,,
965,CO-1420-4410,Jefferson Academy Secondary,04_campus upgrade,Campus landscaping upgrade,,,
965,CO-1420-4410,Jefferson Academy Secondary,04_campus upgrade,Parking lot expansion,,,
965,CO-1420-4410,Jefferson Academy Secondary,04_campus upgrade,"Front of school branding, landscape upgrades",,,
965,CO-1420-4410,Jefferson Academy Secondary,04_campus upgrade,Furniture upgrades,,,
965,CO-1420-4410,Jefferson Academy Secondary,04_campus upgrade,Improve drop-off / pick-up zone,,,
965,CO-1420-4410,Jefferson Academy Secondary,04_campus upgrade,New outdoor classroom,,,
965,CO-1420-4410,Jefferson Academy Secondary,04_campus upgrade,Playground replacement (ages 2-5),,,
965,CO-1420-4410,Jefferson Academy Secondary,04_campus upgrade,Playground replacement (ages 5-12),,,
965,CO-1420-4410,Jefferson Academy Secondary,04_campus upgrade,Resurface asphalt,,,
965,CO-1420-4410,Jefferson Academy Secondary,04_campus upgrade,Resurface concrete,,,
965,CO-1420-4410,Jefferson Academy Secondary,04_campus upgrade,Artificial turf field replacement and track resurfacing - HS,,,
965,CO-1420-4410,Jefferson Academy Secondary,05_Modernization,Modernize admin,,,
965,CO-1420-4410,Jefferson Academy Secondary,05_Modernization,Modernize classrooms,,,
965,CO-1420-4410,Jefferson Academy Secondary,05_Modernization,Modernize gym / assembly space,,,
965,CO-1420-4410,Jefferson Academy Secondary,05_Modernization,Modernize kitchen,,,
965,CO-1420-4410,Jefferson Academy Secondary,05_Modernization,Modernize cafeteria,,,
965,CO-1420-4410,Jefferson Academy Secondary,05_Modernization,Modernize multipurpose room,,,
965,CO-1420-4410,Jefferson Academy Secondary,05_Modernization,Heavily modernize restrooms,,,
965,CO-1420-4410,Jefferson Academy Secondary,05_Modernization,Heavily modernize STEM / CTE / specialized labs (MS/HS),,,
965,CO-1420-4410,Jefferson Academy Secondary,05_Modernization,Lightly modernize corridors,,,
965,CO-1420-4410,Jefferson Academy Secondary,05_Modernization,Lightly modernize entry lobby,,,
965,CO-1420-4410,Jefferson Academy Secondary,05_Modernization,Lightly modernize library/media center,,,
965,CO-1420-4410,Jefferson Academy Secondary,04_campus upgrade,Security package,,#N/A,
214-1,67915,Shop Facility for Zones 1 & 2 (Temps at NAMS),04_campus upgrade,Security package,,#N/A,
410;411,CO-1420-4307,Irwin,00_general,ADA compliance,,,
410;411,CO-1420-4307,Irwin,01_new construction,Demolition,,,
410;411,CO-1420-4307,Irwin,01_new construction,New construction ES,,,
410;411,CO-1420-4307,Irwin,01_new construction,New construction HS,,,
410;411,CO-1420-4307,Irwin,01_new construction,New construction K-8,,,
410;411,CO-1420-4307,Irwin,01_new construction,New construction MS,,,
410;411,CO-1420-4307,Irwin,01_new construction,New auditorium,,,
410;411,CO-1420-4307,Irwin,04_campus upgrade,Add shade structure(s),,,
410;411,CO-1420-4307,Irwin,04_campus upgrade,Campus landscaping upgrade,,,
410;411,CO-1420-4307,Irwin,04_campus upgrade,Parking lot expansion,,,
410;411,CO-1420-4307,Irwin,04_campus upgrade,"Front of school branding, landscape upgrades",,,
410;411,CO-1420-4307,Irwin,04_campus upgrade,Furniture upgrades,,,
410;411,CO-1420-4307,Irwin,04_campus upgrade,Improve drop-off / pick-up zone,,,
410;411,CO-1420-4307,Irwin,04_campus upgrade,New outdoor classroom,,,
410;411,CO-1420-4307,Irwin,04_campus upgrade,Playground replacement (ages 2-5),,,
410;411,CO-1420-4307,Irwin,04_campus upgrade,Playground replacement (ages 5-12),,,
410;411,CO-1420-4307,Irwin,04_campus upgrade,Resurface asphalt,,,
410;411,CO-1420-4307,Irwin,04_campus upgrade,Resurface concrete,,,
410;411,CO-1420-4307,Irwin,04_campus upgrade,Artificial turf field replacement and track resurfacing - HS,,,
410;411,CO-1420-4307,Irwin,05_Modernization,Modernize admin,,,
410;411,CO-1420-4307,Irwin,05_Modernization,Modernize classrooms,,,
410;411,CO-1420-4307,Irwin,05_Modernization,Modernize gym / assembly space,,,
410;411,CO-1420-4307,Irwin,05_Modernization,Modernize kitchen,,,
410;411,CO-1420-4307,Irwin,05_Modernization,Modernize cafeteria,,,
410;411,CO-1420-4307,Irwin,05_Modernization,Modernize multipurpose room,,,
410;411,CO-1420-4307,Irwin,05_Modernization,Heavily modernize restrooms,,,
410;411,CO-1420-4307,Irwin,05_Modernization,Heavily modernize STEM / CTE / specialized labs (MS/HS),,,
410;411,CO-1420-4307,Irwin,05_Modernization,Lightly modernize corridors,,,
410;411,CO-1420-4307,Irwin,05_Modernization,Lightly modernize entry lobby,,,
410;411,CO-1420-4307,Irwin,05_Modernization,Lightly modernize library/media center,,,
410;411,CO-1420-4307,Irwin,04_campus upgrade,Security package,,#N/A,
525/526,,Stein Cottages,00_general,ADA compliance,,,
525/526,,Stein Cottages,01_new construction,Demolition,,,
525/526,,Stein Cottages,01_new construction,New construction ES,,,
525/526,,Stein Cottages,01_new construction,New construction HS,,,
525/526,,Stein Cottages,01_new construction,New construction K-8,,,
525/526,,Stein Cottages,01_new construction,New construction MS,,,
525/526,,Stein Cottages,01_new construction,New auditorium,,,
525/526,,Stein Cottages,04_campus upgrade,Add shade structure(s),,,
525/526,,Stein Cottages,04_campus upgrade,Campus landscaping upgrade,,,
525/526,,Stein Cottages,04_campus upgrade,Parking lot expansion,,,
525/526,,Stein Cottages,04_campus upgrade,"Front of school branding, landscape upgrades",,,
525/526,,Stein Cottages,04_campus upgrade,Furniture upgrades,,,
525/526,,Stein Cottages,04_campus upgrade,Improve drop-off / pick-up zone,,,
525/526,,Stein Cottages,04_campus upgrade,New outdoor classroom,,,
525/526,,Stein Cottages,04_campus upgrade,Playground replacement (ages 2-5),,,
525/526,,Stein Cottages,04_campus upgrade,Playground replacement (ages 5-12),,,
525/526,,Stein Cottages,04_campus upgrade,Resurface asphalt,,,
525/526,,Stein Cottages,04_campus upgrade,Resurface concrete,,,
525/526,,Stein Cottages,04_campus upgrade,Artificial turf field replacement and track resurfacing - HS,,,
525/526,,Stein Cottages,05_Modernization,Modernize admin,,,
525/526,,Stein Cottages,05_Modernization,Modernize classrooms,,,
525/526,,Stein Cottages,05_Modernization,Modernize gym / assembly space,,,
525/526,,Stein Cottages,05_Modernization,Modernize kitchen,,,
525/526,,Stein Cottages,05_Modernization,Modernize cafeteria,,,
525/526,,Stein Cottages,05_Modernization,Modernize multipurpose room,,,
525/526,,Stein Cottages,05_Modernization,Heavily modernize restrooms,,,
525/526,,Stein Cottages,05_Modernization,Heavily modernize STEM / CTE / specialized labs (MS/HS),,,
525/526,,Stein Cottages,05_Modernization,Lightly modernize corridors,,,
525/526,,Stein Cottages,05_Modernization,Lightly modernize entry lobby,,,
525/526,,Stein Cottages,05_Modernization,Lightly modernize library/media center,,,
525/526,,Stein Cottages,04_campus upgrade,Security package,,#N/A,
701;702;703;704;705;706;708,,809 Service Center Campus,00_general,ADA compliance,,,
701;702;703;704;705;706;708,,809 Service Center Campus,01_new construction,Demolition,,,
701;702;703;704;705;706;708,,809 Service Center Campus,01_new construction,New construction ES,,,
701;702;703;704;705;706;708,,809 Service Center Campus,01_new construction,New construction HS,,,
701;702;703;704;705;706;708,,809 Service Center Campus,01_new construction,New construction K-8,,,
701;702;703;704;705;706;708,,809 Service Center Campus,01_new construction,New construction MS,,,
701;702;703;704;705;706;708,,809 Service Center Campus,01_new construction,New auditorium,,,
701;702;703;704;705;706;708,,809 Service Center Campus,04_campus upgrade,Add shade structure(s),,,
701;702;703;704;705;706;708,,809 Service Center Campus,04_campus upgrade,Campus landscaping upgrade,,,
701;702;703;704;705;706;708,,809 Service Center Campus,04_campus upgrade,Parking lot expansion,,,
701;702;703;704;705;706;708,,809 Service Center Campus,04_campus upgrade,"Front of school branding, landscape upgrades",,,
701;702;703;704;705;706;708,,809 Service Center Campus,04_campus upgrade,Furniture upgrades,,,
701;702;703;704;705;706;708,,809 Service Center Campus,04_campus upgrade,Improve drop-off / pick-up zone,,,
701;702;703;704;705;706;708,,809 Service Center Campus,04_campus upgrade,New outdoor classroom,,,
701;702;703;704;705;706;708,,809 Service Center Campus,04_campus upgrade,Playground replacement (ages 2-5),,,
701;702;703;704;705;706;708,,809 Service Center Campus,04_campus upgrade,Playground replacement (ages 5-12),,,
701;702;703;704;705;706;708,,809 Service Center Campus,04_campus upgrade,Resurface asphalt,,,
701;702;703;704;705;706;708,,809 Service Center Campus,04_campus upgrade,Resurface concrete,,,
701;702;703;704;705;706;708,,809 Service Center Campus,04_campus upgrade,Artificial turf field replacement and track resurfacing - HS,,,
701;702;703;704;705;706;708,,809 Service Center Campus,05_Modernization,Modernize admin,,,
701;702;703;704;705;706;708,,809 Service Center Campus,05_Modernization,Modernize classrooms,,,
701;702;703;704;705;706;708,,809 Service Center Campus,05_Modernization,Modernize gym / assembly space,,,
701;702;703;704;705;706;708,,809 Service Center Campus,05_Modernization,Modernize kitchen,,,
701;702;703;704;705;706;708,,809 Service Center Campus,05_Modernization,Modernize cafeteria,,,
701;702;703;704;705;706;708,,809 Service Center Campus,05_Modernization,Modernize multipurpose room,,,
701;702;703;704;705;706;708,,809 Service Center Campus,05_Modernization,Heavily modernize restrooms,,,
701;702;703;704;705;706;708,,809 Service Center Campus,05_Modernization,Heavily modernize STEM / CTE / specialized labs (MS/HS),,,
701;702;703;704;705;706;708,,809 Service Center Campus,05_Modernization,Lightly modernize corridors,,,
701;702;703;704;705;706;708,,809 Service Center Campus,05_Modernization,Lightly modernize entry lobby,,,
701;702;703;704;705;706;708,,809 Service Center Campus,05_Modernization,Lightly modernize library/media center,,,
701;702;703;704;705;706;708,,809 Service Center Campus,04_campus upgrade,Security package,,#N/A,
724;725;726;727,,Patterson Cottages,00_general,ADA compliance,,,
724;725;726;727,,Patterson Cottages,01_new construction,Demolition,,,
724;725;726;727,,Patterson Cottages,01_new construction,New construction ES,,,
724;725;726;727,,Patterson Cottages,01_new construction,New construction HS,,,
724;725;726;727,,Patterson Cottages,01_new construction,New construction K-8,,,
724;725;726;727,,Patterson Cottages,01_new construction,New construction MS,,,
724;725;726;727,,Patterson Cottages,01_new construction,New auditorium,,,
724;725;726;727,,Patterson Cottages,04_campus upgrade,Add shade structure(s),,,
724;725;726;727,,Patterson Cottages,04_campus upgrade,Campus landscaping upgrade,,,
724;725;726;727,,Patterson Cottages,04_campus upgrade,Parking lot expansion,,,
724;725;726;727,,Patterson Cottages,04_campus upgrade,"Front of school branding, landscape upgrades",,,
724;725;726;727,,Patterson Cottages,04_campus upgrade,Furniture upgrades,,,
724;725;726;727,,Patterson Cottages,04_campus upgrade,Improve drop-off / pick-up zone,,,
724;725;726;727,,Patterson Cottages,04_campus upgrade,New outdoor classroom,,,
724;725;726;727,,Patterson Cottages,04_campus upgrade,Playground replacement (ages 2-5),,,
724;725;726;727,,Patterson Cottages,04_campus upgrade,Playground replacement (ages 5-12),,,
724;725;726;727,,Patterson Cottages,04_campus upgrade,Resurface asphalt,,,
724;725;726;727,,Patterson Cottages,04_campus upgrade,Resurface concrete,,,
724;725;726;727,,Patterson Cottages,04_campus upgrade,Artificial turf field replacement and track resurfacing - HS,,,
724;725;726;727,,Patterson Cottages,05_Modernization,Modernize admin,,,
724;725;726;727,,Patterson Cottages,05_Modernization,Modernize classrooms,,,
724;725;726;727,,Patterson Cottages,05_Modernization,Modernize gym / assembly space,,,
724;725;726;727,,Patterson Cottages,05_Modernization,Modernize kitchen,,,
724;725;726;727,,Patterson Cottages,05_Modernization,Modernize cafeteria,,,
724;725;726;727,,Patterson Cottages,05_Modernization,Modernize multipurpose room,,,
724;725;726;727,,Patterson Cottages,05_Modernization,Heavily modernize restrooms,,,
724;725;726;727,,Patterson Cottages,05_Modernization,Heavily modernize STEM / CTE / specialized labs (MS/HS),,,
724;725;726;727,,Patterson Cottages,05_Modernization,Lightly modernize corridors,,,
724;725;726;727,,Patterson Cottages,05_Modernization,Lightly modernize entry lobby,,,
724;725;726;727,,Patterson Cottages,05_Modernization,Lightly modernize library/media center,,,
724;725;726;727,,Patterson Cottages,04_campus upgrade,Security package,,#N/A,
756:758,,Lobo Creek Reservoir,00_general,ADA compliance,,,
756:758,,Lobo Creek Reservoir,01_new construction,Demolition,,,
756:758,,Lobo Creek Reservoir,01_new construction,New construction ES,,,
756:758,,Lobo Creek Reservoir,01_new construction,New construction HS,,,
756:758,,Lobo Creek Reservoir,01_new construction,New construction K-8,,,
756:758,,Lobo Creek Reservoir,01_new construction,New construction MS,,,
756:758,,Lobo Creek Reservoir,01_new construction,New auditorium,,,
756:758,,Lobo Creek Reservoir,04_campus upgrade,Add shade structure(s),,,
756:758,,Lobo Creek Reservoir,04_campus upgrade,Campus landscaping upgrade,,,
756:758,,Lobo Creek Reservoir,04_campus upgrade,Parking lot expansion,,,
756:758,,Lobo Creek Reservoir,04_campus upgrade,"Front of school branding, landscape upgrades",,,
756:758,,Lobo Creek Reservoir,04_campus upgrade,Furniture upgrades,,,
756:758,,Lobo Creek Reservoir,04_campus upgrade,Improve drop-off / pick-up zone,,,
756:758,,Lobo Creek Reservoir,04_campus upgrade,New outdoor classroom,,,
756:758,,Lobo Creek Reservoir,04_campus upgrade,Playground replacement (ages 2-5),,,
756:758,,Lobo Creek Reservoir,04_campus upgrade,Playground replacement (ages 5-12),,,
756:758,,Lobo Creek Reservoir,04_campus upgrade,Resurface asphalt,,,
756:758,,Lobo Creek Reservoir,04_campus upgrade,Resurface concrete,,,
756:758,,Lobo Creek Reservoir,04_campus upgrade,Artificial turf field replacement and track resurfacing - HS,,,
756:758,,Lobo Creek Reservoir,05_Modernization,Modernize admin,,,
756:758,,Lobo Creek Reservoir,05_Modernization,Modernize classrooms,,,
756:758,,Lobo Creek Reservoir,05_Modernization,Modernize gym / assembly space,,,
756:758,,Lobo Creek Reservoir,05_Modernization,Modernize kitchen,,,
756:758,,Lobo Creek Reservoir,05_Modernization,Modernize cafeteria,,,
756:758,,Lobo Creek Reservoir,05_Modernization,Modernize multipurpose room,,,
756:758,,Lobo Creek Reservoir,05_Modernization,Heavily modernize restrooms,,,
756:758,,Lobo Creek Reservoir,05_Modernization,Heavily modernize STEM / CTE / specialized labs (MS/HS),,,
756:758,,Lobo Creek Reservoir,05_Modernization,Lightly modernize corridors,,,
756:758,,Lobo Creek Reservoir,05_Modernization,Lightly modernize entry lobby,,,
756:758,,Lobo Creek Reservoir,05_Modernization,Lightly modernize library/media center,,,
756:758,,Lobo Creek Reservoir,04_campus upgrade,Security package,,#N/A,
772;773;774,Applewood Cottages,Applewood Cottages,00_general,ADA compliance,,,
772;773;774,Applewood Cottages,Applewood Cottages,01_new construction,Demolition,,,
772;773;774,Applewood Cottages,Applewood Cottages,01_new construction,New construction ES,,,
772;773;774,Applewood Cottages,Applewood Cottages,01_new construction,New construction HS,,,
772;773;774,Applewood Cottages,Applewood Cottages,01_new construction,New construction K-8,,,
772;773;774,Applewood Cottages,Applewood Cottages,01_new construction,New construction MS,,,
772;773;774,Applewood Cottages,Applewood Cottages,01_new construction,New auditorium,,,
772;773;774,Applewood Cottages,Applewood Cottages,04_campus upgrade,Add shade structure(s),,,
772;773;774,Applewood Cottages,Applewood Cottages,04_campus upgrade,Campus landscaping upgrade,,,
772;773;774,Applewood Cottages,Applewood Cottages,04_campus upgrade,Parking lot expansion,,,
772;773;774,Applewood Cottages,Applewood Cottages,04_campus upgrade,"Front of school branding, landscape upgrades",,,
772;773;774,Applewood Cottages,Applewood Cottages,04_campus upgrade,Furniture upgrades,,,
772;773;774,Applewood Cottages,Applewood Cottages,04_campus upgrade,Improve drop-off / pick-up zone,,,
772;773;774,Applewood Cottages,Applewood Cottages,04_campus upgrade,New outdoor classroom,,,
772;773;774,Applewood Cottages,Applewood Cottages,04_campus upgrade,Playground replacement (ages 2-5),,,
772;773;774,Applewood Cottages,Applewood Cottages,04_campus upgrade,Playground replacement (ages 5-12),,,
772;773;774,Applewood Cottages,Applewood Cottages,04_campus upgrade,Resurface asphalt,,,
772;773;774,Applewood Cottages,Applewood Cottages,04_campus upgrade,Resurface concrete,,,
772;773;774,Applewood Cottages,Applewood Cottages,04_campus upgrade,Artificial turf field replacement and track resurfacing - HS,,,
772;773;774,Applewood Cottages,Applewood Cottages,05_Modernization,Modernize admin,,,
772;773;774,Applewood Cottages,Applewood Cottages,05_Modernization,Modernize classrooms,,,
772;773;774,Applewood Cottages,Applewood Cottages,05_Modernization,Modernize gym / assembly space,,,
772;773;774,Applewood Cottages,Applewood Cottages,05_Modernization,Modernize kitchen,,,
772;773;774,Applewood Cottages,Applewood Cottages,05_Modernization,Modernize cafeteria,,,
772;773;774,Applewood Cottages,Applewood Cottages,05_Modernization,Modernize multipurpose room,,,
772;773;774,Applewood Cottages,Applewood Cottages,05_Modernization,Heavily modernize restrooms,,,
772;773;774,Applewood Cottages,Applewood Cottages,05_Modernization,Heavily modernize STEM / CTE / specialized labs (MS/HS),,,
772;773;774,Applewood Cottages,Applewood Cottages,05_Modernization,Lightly modernize corridors,,,
772;773;774,Applewood Cottages,Applewood Cottages,05_Modernization,Lightly modernize entry lobby,,,
772;773;774,Applewood Cottages,Applewood Cottages,05_Modernization,Lightly modernize library/media center,,,
772;773;774,Applewood Cottages,Applewood Cottages,04_campus upgrade,Security package,,#N/A,
SOLD-1,CO-1420-0776,Bergen Meadow ES,00_general,ADA compliance,,,
SOLD-1,CO-1420-0776,Bergen Meadow ES,01_new construction,Demolition,,,
SOLD-1,CO-1420-0776,Bergen Meadow ES,01_new construction,New construction ES,,,
SOLD-1,CO-1420-0776,Bergen Meadow ES,01_new construction,New construction HS,,,
SOLD-1,CO-1420-0776,Bergen Meadow ES,01_new construction,New construction K-8,,,
SOLD-1,CO-1420-0776,Bergen Meadow ES,01_new construction,New construction MS,,,
SOLD-1,CO-1420-0776,Bergen Meadow ES,01_new construction,New auditorium,,,
SOLD-1,CO-1420-0776,Bergen Meadow ES,04_campus upgrade,Add shade structure(s),,,
SOLD-1,CO-1420-0776,Bergen Meadow ES,04_campus upgrade,Campus landscaping upgrade,,,
SOLD-1,CO-1420-0776,Bergen Meadow ES,04_campus upgrade,Parking lot expansion,,,
SOLD-1,CO-1420-0776,Bergen Meadow ES,04_campus upgrade,"Front of school branding, landscape upgrades",,,
SOLD-1,CO-1420-0776,Bergen Meadow ES,04_campus upgrade,Furniture upgrades,,,
SOLD-1,CO-1420-0776,Bergen Meadow ES,04_campus upgrade,Improve drop-off / pick-up zone,,,
SOLD-1,CO-1420-0776,Bergen Meadow ES,04_campus upgrade,New outdoor classroom,,,
SOLD-1,CO-1420-0776,Bergen Meadow ES,04_campus upgrade,Playground replacement (ages 2-5),,,
SOLD-1,CO-1420-0776,Bergen Meadow ES,04_campus upgrade,Playground replacement (ages 5-12),,,
SOLD-1,CO-1420-0776,Bergen Meadow ES,04_campus upgrade,Resurface asphalt,,,
SOLD-1,CO-1420-0776,Bergen Meadow ES,04_campus upgrade,Resurface concrete,,,
SOLD-1,CO-1420-0776,Bergen Meadow ES,04_campus upgrade,Artificial turf field replacement and track resurfacing - HS,,,
SOLD-1,CO-1420-0776,Bergen Meadow ES,05_Modernization,Modernize admin,,,
SOLD-1,CO-1420-0776,Bergen Meadow ES,05_Modernization,Modernize classrooms,,,
SOLD-1,CO-1420-0776,Bergen Meadow ES,05_Modernization,Modernize gym / assembly space,,,
SOLD-1,CO-1420-0776,Bergen Meadow ES,05_Modernization,Modernize kitchen,,,
SOLD-1,CO-1420-0776,Bergen Meadow ES,05_Modernization,Modernize cafeteria,,,
SOLD-1,CO-1420-0776,Bergen Meadow ES,05_Modernization,Modernize multipurpose room,,,
SOLD-1,CO-1420-0776,Bergen Meadow ES,05_Modernization,Heavily modernize restrooms,,,
SOLD-1,CO-1420-0776,Bergen Meadow ES,05_Modernization,Heavily modernize STEM / CTE / specialized labs (MS/HS),,,
SOLD-1,CO-1420-0776,Bergen Meadow ES,05_Modernization,Lightly modernize corridors,,,
SOLD-1,CO-1420-0776,Bergen Meadow ES,05_Modernization,Lightly modernize entry lobby,,,
SOLD-1,CO-1420-0776,Bergen Meadow ES,05_Modernization,Lightly modernize library/media center,,,
SOLD-1,CO-1420-0776,Bergen Meadow ES,04_campus upgrade,Security package,,0.661428571,
SOLD-2,CO-1420-3450,Glennon Heights ES,00_general,ADA compliance,,,
SOLD-2,CO-1420-3450,Glennon Heights ES,01_new construction,Demolition,,,
SOLD-2,CO-1420-3450,Glennon Heights ES,01_new construction,New construction ES,,,
SOLD-2,CO-1420-3450,Glennon Heights ES,01_new construction,New construction HS,,,
SOLD-2,CO-1420-3450,Glennon Heights ES,01_new construction,New construction K-8,,,
SOLD-2,CO-1420-3450,Glennon Heights ES,01_new construction,New construction MS,,,
SOLD-2,CO-1420-3450,Glennon Heights ES,01_new construction,New auditorium,,,
SOLD-2,CO-1420-3450,Glennon Heights ES,04_campus upgrade,Add shade structure(s),,,
SOLD-2,CO-1420-3450,Glennon Heights ES,04_campus upgrade,Campus landscaping upgrade,,,
SOLD-2,CO-1420-3450,Glennon Heights ES,04_campus upgrade,Parking lot expansion,,,
SOLD-2,CO-1420-3450,Glennon Heights ES,04_campus upgrade,"Front of school branding, landscape upgrades",,,
SOLD-2,CO-1420-3450,Glennon Heights ES,04_campus upgrade,Furniture upgrades,,,
SOLD-2,CO-1420-3450,Glennon Heights ES,04_campus upgrade,Improve drop-off / pick-up zone,,,
SOLD-2,CO-1420-3450,Glennon Heights ES,04_campus upgrade,New outdoor classroom,,,
SOLD-2,CO-1420-3450,Glennon Heights ES,04_campus upgrade,Playground replacement (ages 2-5),,,
SOLD-2,CO-1420-3450,Glennon Heights ES,04_campus upgrade,Playground replacement (ages 5-12),,,
SOLD-2,CO-1420-3450,Glennon Heights ES,04_campus upgrade,Resurface asphalt,,,
SOLD-2,CO-1420-3450,Glennon Heights ES,04_campus upgrade,Resurface concrete,,,
SOLD-2,CO-1420-3450,Glennon Heights ES,04_campus upgrade,Artificial turf field replacement and track resurfacing - HS,,,
SOLD-2,CO-1420-3450,Glennon Heights ES,05_Modernization,Modernize admin,,,
SOLD-2,CO-1420-3450,Glennon Heights ES,05_Modernization,Modernize classrooms,,,
SOLD-2,CO-1420-3450,Glennon Heights ES,05_Modernization,Modernize gym / assembly space,,,
SOLD-2,CO-1420-3450,Glennon Heights ES,05_Modernization,Modernize kitchen,,,
SOLD-2,CO-1420-3450,Glennon Heights ES,05_Modernization,Modernize cafeteria,,,
SOLD-2,CO-1420-3450,Glennon Heights ES,05_Modernization,Modernize multipurpose room,,,
SOLD-2,CO-1420-3450,Glennon Heights ES,05_Modernization,Heavily modernize restrooms,,,
SOLD-2,CO-1420-3450,Glennon Heights ES,05_Modernization,Heavily modernize STEM / CTE / specialized labs (MS/HS),,,
SOLD-2,CO-1420-3450,Glennon Heights ES,05_Modernization,Lightly modernize corridors,,,
SOLD-2,CO-1420-3450,Glennon Heights ES,05_Modernization,Lightly modernize entry lobby,,,
SOLD-2,CO-1420-3450,Glennon Heights ES,05_Modernization,Lightly modernize library/media center,,,
SOLD-2,CO-1420-3450,Glennon Heights ES,04_campus upgrade,Security package,,#N/A,
SOLD-3,CO-1420-4478,Sheridan Green ES,00_general,ADA compliance,,,
SOLD-3,CO-1420-4478,Sheridan Green ES,01_new construction,Demolition,,,
SOLD-3,CO-1420-4478,Sheridan Green ES,01_new construction,New construction ES,,,
SOLD-3,CO-1420-4478,Sheridan Green ES,01_new construction,New construction HS,,,
SOLD-3,CO-1420-4478,Sheridan Green ES,01_new construction,New construction K-8,,,
SOLD-3,CO-1420-4478,Sheridan Green ES,01_new construction,New construction MS,,,
SOLD-3,CO-1420-4478,Sheridan Green ES,01_new construction,New auditorium,,,
SOLD-3,CO-1420-4478,Sheridan Green ES,04_campus upgrade,Add shade structure(s),,,
SOLD-3,CO-1420-4478,Sheridan Green ES,04_campus upgrade,Campus landscaping upgrade,,,
SOLD-3,CO-1420-4478,Sheridan Green ES,04_campus upgrade,Parking lot expansion,,,
SOLD-3,CO-1420-4478,Sheridan Green ES,04_campus upgrade,"Front of school branding, landscape upgrades",,,
SOLD-3,CO-1420-4478,Sheridan Green ES,04_campus upgrade,Furniture upgrades,,,
SOLD-3,CO-1420-4478,Sheridan Green ES,04_campus upgrade,Improve drop-off / pick-up zone,,,
SOLD-3,CO-1420-4478,Sheridan Green ES,04_campus upgrade,New outdoor classroom,,,
SOLD-3,CO-1420-4478,Sheridan Green ES,04_campus upgrade,Playground replacement (ages 2-5),,,
SOLD-3,CO-1420-4478,Sheridan Green ES,04_campus upgrade,Playground replacement (ages 5-12),,,
SOLD-3,CO-1420-4478,Sheridan Green ES,04_campus upgrade,Resurface asphalt,,,
SOLD-3,CO-1420-4478,Sheridan Green ES,04_campus upgrade,Resurface concrete,,,
SOLD-3,CO-1420-4478,Sheridan Green ES,04_campus upgrade,Artificial turf field replacement and track resurfacing - HS,,,
SOLD-3,CO-1420-4478,Sheridan Green ES,05_Modernization,Modernize admin,,,
SOLD-3,CO-1420-4478,Sheridan Green ES,05_Modernization,Modernize classrooms,,,
SOLD-3,CO-1420-4478,Sheridan Green ES,05_Modernization,Modernize gym / assembly space,,,
SOLD-3,CO-1420-4478,Sheridan Green ES,05_Modernization,Modernize kitchen,,,
SOLD-3,CO-1420-4478,Sheridan Green ES,05_Modernization,Modernize cafeteria,,,
SOLD-3,CO-1420-4478,Sheridan Green ES,05_Modernization,Modernize multipurpose room,,,
SOLD-3,CO-1420-4478,Sheridan Green ES,05_Modernization,Heavily modernize restrooms,,,
SOLD-3,CO-1420-4478,Sheridan Green ES,05_Modernization,Heavily modernize STEM / CTE / specialized labs (MS/HS),,,
SOLD-3,CO-1420-4478,Sheridan Green ES,05_Modernization,Lightly modernize corridors,,,
SOLD-3,CO-1420-4478,Sheridan Green ES,05_Modernization,Lightly modernize entry lobby,,,
SOLD-3,CO-1420-4478,Sheridan Green ES,05_Modernization,Lightly modernize library/media center,,,
SOLD-3,CO-1420-4478,Sheridan Green ES,04_campus upgrade,Security package,,#N/A,
SOLD-4,CO-1420-8834,Thomson ES,00_general,ADA compliance,,,
SOLD-4,CO-1420-8834,Thomson ES,01_new construction,Demolition,,,
SOLD-4,CO-1420-8834,Thomson ES,01_new construction,New construction ES,,,
SOLD-4,CO-1420-8834,Thomson ES,01_new construction,New construction HS,,,
SOLD-4,CO-1420-8834,Thomson ES,01_new construction,New construction K-8,,,
SOLD-4,CO-1420-8834,Thomson ES,01_new construction,New construction MS,,,
SOLD-4,CO-1420-8834,Thomson ES,01_new construction,New auditorium,,,
SOLD-4,CO-1420-8834,Thomson ES,04_campus upgrade,Add shade structure(s),,,
SOLD-4,CO-1420-8834,Thomson ES,04_campus upgrade,Campus landscaping upgrade,,,
SOLD-4,CO-1420-8834,Thomson ES,04_campus upgrade,Parking lot expansion,,,
SOLD-4,CO-1420-8834,Thomson ES,04_campus upgrade,"Front of school branding, landscape upgrades",,,
SOLD-4,CO-1420-8834,Thomson ES,04_campus upgrade,Furniture upgrades,,,
SOLD-4,CO-1420-8834,Thomson ES,04_campus upgrade,Improve drop-off / pick-up zone,,,
SOLD-4,CO-1420-8834,Thomson ES,04_campus upgrade,New outdoor classroom,,,
SOLD-4,CO-1420-8834,Thomson ES,04_campus upgrade,Playground replacement (ages 2-5),,,
SOLD-4,CO-1420-8834,Thomson ES,04_campus upgrade,Playground replacement (ages 5-12),,,
SOLD-4,CO-1420-8834,Thomson ES,04_campus upgrade,Resurface asphalt,,,
SOLD-4,CO-1420-8834,Thomson ES,04_campus upgrade,Resurface concrete,,,
SOLD-4,CO-1420-8834,Thomson ES,04_campus upgrade,Artificial turf field replacement and track resurfacing - HS,,,
SOLD-4,CO-1420-8834,Thomson ES,05_Modernization,Modernize admin,,,
SOLD-4,CO-1420-8834,Thomson ES,05_Modernization,Modernize classrooms,,,
SOLD-4,CO-1420-8834,Thomson ES,05_Modernization,Modernize gym / assembly space,,,
SOLD-4,CO-1420-8834,Thomson ES,05_Modernization,Modernize kitchen,,,
SOLD-4,CO-1420-8834,Thomson ES,05_Modernization,Modernize cafeteria,,,
SOLD-4,CO-1420-8834,Thomson ES,05_Modernization,Modernize multipurpose room,,,
SOLD-4,CO-1420-8834,Thomson ES,05_Modernization,Heavily modernize restrooms,,,
SOLD-4,CO-1420-8834,Thomson ES,05_Modernization,Heavily modernize STEM / CTE / specialized labs (MS/HS),,,
SOLD-4,CO-1420-8834,Thomson ES,05_Modernization,Lightly modernize corridors,,,
SOLD-4,CO-1420-8834,Thomson ES,05_Modernization,Lightly modernize entry lobby,,,
SOLD-4,CO-1420-8834,Thomson ES,05_Modernization,Lightly modernize library/media center,,,
SOLD-4,CO-1420-8834,Thomson ES,04_campus upgrade,Security package,,#N/A,
SOLD-5,CO-1420-0148,Allendale ES,00_general,ADA compliance,,,
SOLD-5,CO-1420-0148,Allendale ES,01_new construction,Demolition,,,
SOLD-5,CO-1420-0148,Allendale ES,01_new construction,New construction ES,,,
SOLD-5,CO-1420-0148,Allendale ES,01_new construction,New construction HS,,,
SOLD-5,CO-1420-0148,Allendale ES,01_new construction,New construction K-8,,,
SOLD-5,CO-1420-0148,Allendale ES,01_new construction,New construction MS,,,
SOLD-5,CO-1420-0148,Allendale ES,01_new construction,New auditorium,,,
SOLD-5,CO-1420-0148,Allendale ES,04_campus upgrade,Add shade structure(s),,,
SOLD-5,CO-1420-0148,Allendale ES,04_campus upgrade,Campus landscaping upgrade,,,
SOLD-5,CO-1420-0148,Allendale ES,04_campus upgrade,Parking lot expansion,,,
SOLD-5,CO-1420-0148,Allendale ES,04_campus upgrade,"Front of school branding, landscape upgrades",,,
SOLD-5,CO-1420-0148,Allendale ES,04_campus upgrade,Furniture upgrades,,,
SOLD-5,CO-1420-0148,Allendale ES,04_campus upgrade,Improve drop-off / pick-up zone,,,
SOLD-5,CO-1420-0148,Allendale ES,04_campus upgrade,New outdoor classroom,,,
SOLD-5,CO-1420-0148,Allendale ES,04_campus upgrade,Playground replacement (ages 2-5),,,
SOLD-5,CO-1420-0148,Allendale ES,04_campus upgrade,Playground replacement (ages 5-12),,,
SOLD-5,CO-1420-0148,Allendale ES,04_campus upgrade,Resurface asphalt,,,
SOLD-5,CO-1420-0148,Allendale ES,04_campus upgrade,Resurface concrete,,,
SOLD-5,CO-1420-0148,Allendale ES,04_campus upgrade,Artificial turf field replacement and track resurfacing - HS,,,
SOLD-5,CO-1420-0148,Allendale ES,05_Modernization,Modernize admin,,,
SOLD-5,CO-1420-0148,Allendale ES,05_Modernization,Modernize classrooms,,,
SOLD-5,CO-1420-0148,Allendale ES,05_Modernization,Modernize gym / assembly space,,,
SOLD-5,CO-1420-0148,Allendale ES,05_Modernization,Modernize kitchen,,,
SOLD-5,CO-1420-0148,Allendale ES,05_Modernization,Modernize cafeteria,,,
SOLD-5,CO-1420-0148,Allendale ES,05_Modernization,Modernize multipurpose room,,,
SOLD-5,CO-1420-0148,Allendale ES,05_Modernization,Heavily modernize restrooms,,,
SOLD-5,CO-1420-0148,Allendale ES,05_Modernization,Heavily modernize STEM / CTE / specialized labs (MS/HS),,,
SOLD-5,CO-1420-0148,Allendale ES,05_Modernization,Lightly modernize corridors,,,
SOLD-5,CO-1420-0148,Allendale ES,05_Modernization,Lightly modernize entry lobby,,,
SOLD-5,CO-1420-0148,Allendale ES,05_Modernization,Lightly modernize library/media center,,,
SOLD-5,CO-1420-0148,Allendale ES,04_campus upgrade,Security package,,#N/A,
,Johnson Planetarium (Closed),Johnson Planetarium,04_campus upgrade,Security package,,#N/A,
