Jeffco Facility ID,Unique ID,Comment ID,School Name,Respondent Role,Category,Rating,Comment
101,CO-1420-0030,1,Adams ES,School Leader,HVAC,3,The swamp cooler makes the building quite humid and it is warm and sticky in the building during the hot months.
101,CO-1420-0030,2,Adams ES,Facility Manager,HVAC,1,"We have swamp coolers, it only does so much. When school is empty or has less people in the building it works great, but when we are full with students and staff it feels as if barely any air is flowing through. When it's hot and humid we expect it to be hot and humid inside the school as well."
101,CO-1420-0030,3,Adams ES,School Leader,Interiors,4,
101,CO-1420-0030,4,Adams ES,Facility Manager,Interiors,3,"bathroom floors are extremely old, they are 1"" x 1"" tile and have the tendency to come off or crack, getting repaired can be challenging due to not having the tile or a matching tile.  We have partition style walls in every classroom, meaning they can be removed to make one big room, problem is under the wall, in some rooms, just never got carpeted when carpet was replaced or has the original carpet underneath."
101,CO-1420-0030,5,Adams ES,School Leader,Other Issues,,"There are holes in walls around the building that we cannot afford to fix left from the removal of SMART boards and accordion partitions. "
101,CO-1420-0030,6,Adams ES,Facility Manager,Other Issues,,not right now no
101,CO-1420-0030,7,Adams ES,School Leader,Teaching Space,3,"We have sacrificed a classroom for additional storage of lunch tables and other furniture. It would be nice to have this room back to use for learning purposes. We do not have any break out spaces for small student groups due to the physical limitations of the building. "
101,CO-1420-0030,8,Adams ES,Facility Manager,Teaching Space,4,
101,CO-1420-0030,9,Adams ES,School Leader,Water Intrusion,5,
101,CO-1420-0030,10,Adams ES,Facility Manager,Water Intrusion,5,
101,CO-1420-0030,11,Adams ES,School Leader,Outdoor Amenities,2,The courts are very lumpy and run down. There are some pieces on the big playground that students report are cracked. There are parts of the PK play area that cannot be used because sand does not meet code. Student would like to play soccer but we have no nets and cannot afford them. Students kick the ball against the building instead. We are an ASD center and are in need of a central location to hang our AAC poster that will be accessible by students and not require them to walk away from the play area and get an adult's attention.
101,CO-1420-0030,12,Adams ES,Facility Manager,Outdoor Amenities,1,"Playground could use some work. We have somewhat newish equipment and then old metal equipment that gets super hot during hot days. Surrounding the playground is a massive amount of trees that aren't in the best condition. We also have railroad ties for steps surrounding the main play ground which is becoming very unsafe. I fear these steps will give out one day the way they are beginning to slope/slant in some areas. We also have this empty playground area, that was once preschools and since that was relocated, it just sits there. Kind of a waste of space. "
101,CO-1420-0030,13,Adams ES,School Leader,Overall Condition,4,
101,CO-1420-0030,14,Adams ES,Facility Manager,Overall Condition,3,The problem areas are everything I stated in the survey
101,CO-1420-0030,15,Adams ES,School Leader,Walkways,4,
101,CO-1420-0030,16,Adams ES,Facility Manager,Walkways,2,"There are quite a bit of cracks along the sidewalks surrounding the building. Most of these cracks are raised/lifted, there is gaps/cracks all around the school between the sidewalks and exterior walls of building that need to be sealed due to a big ant problem we have here and also the cracks also house wasp nests. We have a set of stairs on the art patio that is separating from the wall. "
101,CO-1420-0030,17,Adams ES,School Leader,Safety & Security,2,The fence and gate along the property line is broken down and does not keep student in or visitors out.
101,CO-1420-0030,18,Adams ES,Facility Manager,Safety & Security,3,We tend to have a lot of people in the community walk through the playground area of the school when school is in. It's not a constant thing but it does happen. Parking lot lighting could be better. It tends to get quite dark and we have had teenagers come and fool around in the parking lot or along the student drop off area.
520,CO-1420-0108,19,Alameda Int'l Jr-Sr HS,School Leader,HVAC,4,
520,CO-1420-0108,20,Alameda Int'l Jr-Sr HS,Facility Manager,HVAC,4,
520,CO-1420-0108,21,Alameda Int'l Jr-Sr HS,School Leader,Interiors,4,
520,CO-1420-0108,22,Alameda Int'l Jr-Sr HS,Facility Manager,Interiors,5,
520,CO-1420-0108,23,Alameda Int'l Jr-Sr HS,School Leader,Other Issues,,"Please update map to reflect school updates. "
520,CO-1420-0108,24,Alameda Int'l Jr-Sr HS,Facility Manager,Other Issues,,
520,CO-1420-0108,25,Alameda Int'l Jr-Sr HS,School Leader,Teaching Space,3,"The new building was intentionally built to show a higher usage capacity. This forces us to use specialized spaces for other uses. All classrooms are shared, which decreases teacher ownership in the space and increases wear and tear. Newest furniture is not as durable as previous purchases. Classroom spaces are set up for student capacity around 25, when some classes have 30+ students enrolled. "
520,CO-1420-0108,26,Alameda Int'l Jr-Sr HS,Facility Manager,Teaching Space,4,
520,CO-1420-0108,27,Alameda Int'l Jr-Sr HS,School Leader,Water Intrusion,2,"The map is outdated and not up to date with new building. Cannot identify location on map. Water comes in in Library, and admin office. Gym roof was leaking; it was recently replaced."
520,CO-1420-0108,28,Alameda Int'l Jr-Sr HS,Facility Manager,Water Intrusion,4,
520,CO-1420-0108,29,Alameda Int'l Jr-Sr HS,School Leader,Outdoor Amenities,4,
520,CO-1420-0108,30,Alameda Int'l Jr-Sr HS,Facility Manager,Outdoor Amenities,5,
520,CO-1420-0108,31,Alameda Int'l Jr-Sr HS,School Leader,Overall Condition,4,
520,CO-1420-0108,32,Alameda Int'l Jr-Sr HS,Facility Manager,Overall Condition,5,
520,CO-1420-0108,33,Alameda Int'l Jr-Sr HS,School Leader,Walkways,3,"West entrance has a nice sidewalk around landscaping rocks, students and adults prefer the shortest path, climbing over the rocks. Ramp over the rocks is needed. "
520,CO-1420-0108,34,Alameda Int'l Jr-Sr HS,Facility Manager,Walkways,4,
520,CO-1420-0108,35,Alameda Int'l Jr-Sr HS,School Leader,Safety & Security,3,"We need lighting for the baseball field, 1st base side, security cameras for the student parking lot, security camera for the south hallway in the large gym, 360 camera in the cafeteria. "
520,CO-1420-0108,36,Alameda Int'l Jr-Sr HS,Facility Manager,Safety & Security,4,
138,CO-1420-6285,37,Anderson Preschool,School Leader,HVAC,3,Our system seems to run very cold in the summer and winter.
138,CO-1420-6285,38,Anderson Preschool,School Leader,Interiors,4,
138,CO-1420-6285,39,Anderson Preschool,School Leader,Other Issues,,
138,CO-1420-6285,40,Anderson Preschool,School Leader,Teaching Space,4,
138,CO-1420-6285,41,Anderson Preschool,School Leader,Water Intrusion,3,"We do not have inside water intrusion issues but do have outside drainage problems impacting the playground. "
138,CO-1420-6285,42,Anderson Preschool,School Leader,Outdoor Amenities,2,My large playground meets our needs but the small playground has patches with no grass and is waterlogged often. There are drainage issues. With preschool licensing we can't have more than 20 students on playground at a time so we have to use both areas.
138,CO-1420-6285,43,Anderson Preschool,School Leader,Overall Condition,3,
138,CO-1420-6285,44,Anderson Preschool,School Leader,Walkways,5,
138,CO-1420-6285,45,Anderson Preschool,School Leader,Safety & Security,1,"We do not have the double secure doors, a clear line of site at the front door or the lockdown buttons."
301,CO-1420-0370,46,Arvada HS,School Leader,HVAC,2,"Areas of the building vary greatly.  Classrooms on the 2nd floor are often hot and require fans, while those on the 1st floor are cold and could benefit from the use space heaters.  "
301,CO-1420-0370,47,Arvada HS,School Leader,Interiors,4,
301,CO-1420-0370,48,Arvada HS,School Leader,Other Issues,,"Our staff and student lot are full of pot holes. "
301,CO-1420-0370,49,Arvada HS,School Leader,Teaching Space,5,
301,CO-1420-0370,50,Arvada HS,School Leader,Water Intrusion,4,
301,CO-1420-0370,51,Arvada HS,School Leader,Outdoor Amenities,4,
301,CO-1420-0370,52,Arvada HS,School Leader,Overall Condition,4,
301,CO-1420-0370,53,Arvada HS,School Leader,Walkways,4,
301,CO-1420-0370,54,Arvada HS,School Leader,Safety & Security,4,
302,CO-1420-0378,55,Arvada West HS,Facility Manager,HVAC,1,"Each season brings different challenges whet it comes to having comfortable space. Its either to hop and or too cold. The other issue is to much of the positive air pressure  during the change of the seasons "
302,CO-1420-0378,56,Arvada West HS,Facility Manager,Interiors,3,"Some of our carpet  floors are about 20 years old and 2k students walking on it each school year and all other school activities is start looking really bad. "
302,CO-1420-0378,57,Arvada West HS,Facility Manager,Other Issues,,"Main gym floor ws replace and patched multiple times over last 15 years and it would be nice to send it down to make it all even. 
Also we have roof issues and its getting worst each year with roof leaks. Over all we keep up on A-West and make it look like new each day. "
302,CO-1420-0378,58,Arvada West HS,Facility Manager,Teaching Space,3,"We are running out of rooms and offices to accommodate all the staff and have to use school funding to create teaching space. Extra teaching space and storage would be much appreciated. "
302,CO-1420-0378,59,Arvada West HS,Facility Manager,Water Intrusion,5,
302,CO-1420-0378,60,Arvada West HS,Facility Manager,Outdoor Amenities,3,"We have one field that needs to be leveled and could be used as Aux field but the way it is now its unsafe and we have to pay rental from city to have after school practices. School don't have money and district would not do it. "
302,CO-1420-0378,61,Arvada West HS,Facility Manager,Overall Condition,4,
302,CO-1420-0378,62,Arvada West HS,Facility Manager,Walkways,3,"Some of the sidewalks are in really bad shape and would be nice to replace it for safety and representation of the building "
302,CO-1420-0378,63,Arvada West HS,Facility Manager,Safety & Security,3,"Parking lot lighting is on is last leg especially North student or after school activities entrance "
303,CO-1420-0664,64,Bear Creek HS,School Leader,HVAC,5,
303,CO-1420-0664,65,Bear Creek HS,Facility Manager,HVAC,4,
303,CO-1420-0664,66,Bear Creek HS,Facility Manager,HVAC,4,
303,CO-1420-0664,67,Bear Creek HS,School Leader,Interiors,5,
303,CO-1420-0664,68,Bear Creek HS,Facility Manager,Interiors,4,
303,CO-1420-0664,69,Bear Creek HS,Facility Manager,Interiors,4,
303,CO-1420-0664,70,Bear Creek HS,School Leader,Other Issues,,"The asphalt in several of our lots is in pretty rough shape, but I imagine we're on some kind of a rotation. I'd love to just know a little more about this process. "
303,CO-1420-0664,71,Bear Creek HS,Facility Manager,Other Issues,,"Boys locker room lockers need replaced, only have 3 locker rooms, could use a 4th"
303,CO-1420-0664,72,Bear Creek HS,Facility Manager,Other Issues,,"Boys Locker Room, Lockers are all destroyed and most don't work. Lots of roof leaks in certain parts of the building."
303,CO-1420-0664,73,Bear Creek HS,School Leader,Teaching Space,5,
303,CO-1420-0664,74,Bear Creek HS,Facility Manager,Teaching Space,4,
303,CO-1420-0664,75,Bear Creek HS,Facility Manager,Teaching Space,4,
303,CO-1420-0664,76,Bear Creek HS,School Leader,Water Intrusion,4,
303,CO-1420-0664,77,Bear Creek HS,Facility Manager,Water Intrusion,4,
303,CO-1420-0664,78,Bear Creek HS,Facility Manager,Water Intrusion,5,
303,CO-1420-0664,79,Bear Creek HS,School Leader,Outdoor Amenities,5,
303,CO-1420-0664,80,Bear Creek HS,Facility Manager,Outdoor Amenities,4,
303,CO-1420-0664,81,Bear Creek HS,Facility Manager,Outdoor Amenities,4,
303,CO-1420-0664,82,Bear Creek HS,School Leader,Overall Condition,5,
303,CO-1420-0664,83,Bear Creek HS,Facility Manager,Overall Condition,4,
303,CO-1420-0664,84,Bear Creek HS,Facility Manager,Overall Condition,4,
303,CO-1420-0664,85,Bear Creek HS,School Leader,Walkways,5,
303,CO-1420-0664,86,Bear Creek HS,Facility Manager,Walkways,4,
303,CO-1420-0664,87,Bear Creek HS,Facility Manager,Walkways,4,
303,CO-1420-0664,88,Bear Creek HS,School Leader,Safety & Security,5,
303,CO-1420-0664,89,Bear Creek HS,Facility Manager,Safety & Security,3,the secure entrance is not wide enough between doors
303,CO-1420-0664,90,Bear Creek HS,Facility Manager,Safety & Security,3,"The secure entrance is not sufficient, only 5 feet between doors "
510,CO-1420-0660,91,Bear Creek K-8,School Leader,HVAC,3,In some areas of our school it is REALLY HOT and some areas it is really COLD. Especially as it gets very warm the AC struggles in classrooms to maintain a cool temp. And then when it is winter some of the classrooms are really cold and some are really hot.
510,CO-1420-0660,92,Bear Creek K-8,School Leader,Interiors,2,"The walls in our building have giant cracks that run vertically from floor to ceiling. There are many areas of the building that need to be fixed and repaired due to flooding that has occurred. We have two different carpets in our building, we have cracked tiles in the hallway."
510,CO-1420-0660,93,Bear Creek K-8,School Leader,Other Issues,,"We are constantly receiving complaints about our large parking lot and how it does not support a flow of traffic during pick up and drop off. Parents complain about the traffic flow on Dartmouth and how they can not safely pick up their students. "
510,CO-1420-0660,94,Bear Creek K-8,School Leader,Teaching Space,4,
510,CO-1420-0660,95,Bear Creek K-8,School Leader,Water Intrusion,1,"We have classrooms  all over the building that have stained ceiling tiles from water, we have classrooms that have huge vertical cracks in the walls. When it rains really hard, the front door leaks and the carpet on the inside becomes fully saturated. "
510,CO-1420-0660,96,Bear Creek K-8,School Leader,Outdoor Amenities,1,"Our playgrounds were installed the year the building was built. They are old and are breaking down. I have been in the building for 3 years and two of our play structures have broken, and one was removed this summer due to safety concerns. "
510,CO-1420-0660,97,Bear Creek K-8,School Leader,Overall Condition,2,"I think our building is in poor/fair condition. It is outdated with furniture, flooring, and paint. Our playgrounds are breaking and I think our school could use a serious overhaul. "
510,CO-1420-0660,98,Bear Creek K-8,School Leader,Walkways,4,
510,CO-1420-0660,99,Bear Creek K-8,School Leader,Safety & Security,4,
201,CO-1420-0694,100,Bell MS,Facility Manager,HVAC,3,
201,CO-1420-0694,101,Bell MS,Facility Manager,HVAC,2,"The building is hacked together,some spaces work some dont hot and cold. diffrent levles diffrent temps. Units always need repair."
201,CO-1420-0694,102,Bell MS,Facility Manager,Interiors,1,tiles are crumbling all over the place
201,CO-1420-0694,103,Bell MS,Facility Manager,Interiors,2,I have moving walls that where left from prevouse constructions. walls that seperate from the floor up to 3-4 inches. Floors that have buckeled. cracked tiles all over and especialy where the floor is uneven. the tile in cafe is pretty new and crumbles along the wall. really great contruction. smh
201,CO-1420-0694,104,Bell MS,Facility Manager,Other Issues,,Drainage and landscape. I feel this could be fixed
201,CO-1420-0694,105,Bell MS,Facility Manager,Other Issues,,"The plummbing of the building is atrociose. I have toilets that cant be fixed because there are no shut offs for them. They had to add a shut to replace a sink. That was just a sink. "
201,CO-1420-0694,106,Bell MS,Facility Manager,Teaching Space,4,
201,CO-1420-0694,107,Bell MS,Facility Manager,Teaching Space,3,Im indifrent with this.
201,CO-1420-0694,108,Bell MS,Facility Manager,Water Intrusion,1,
201,CO-1420-0694,109,Bell MS,Facility Manager,Water Intrusion,1,There are roof leaks all over. pipes that need upated as fittings are old and dry. outside the drainage of water is impossible. 1 shed floods and is unable to store anything. water blows in the building when the wind blows.
201,CO-1420-0694,110,Bell MS,Facility Manager,Outdoor Amenities,4,
201,CO-1420-0694,111,Bell MS,Facility Manager,Outdoor Amenities,3,There are parts that are delapitaed. I and landscape having working diligently to get them where they should be for sports and BU.
201,CO-1420-0694,112,Bell MS,Facility Manager,Overall Condition,3,
201,CO-1420-0694,113,Bell MS,Facility Manager,Overall Condition,2,"Thats a loaded statment. The building does what jeffco wants it to,and we need middle schools as you guys are throwing our kids to the wolfs essentialy by send them to HS in the 6th grade. "
201,CO-1420-0694,114,Bell MS,Facility Manager,Walkways,1,"concrete is crumbling around the cafe, stair rail in the front entrace has eroded from the concrete in the front."
201,CO-1420-0694,115,Bell MS,Facility Manager,Walkways,1,delapated and falling apart all stairs and stair rails. Sidewalks uneven and broken concrete
201,CO-1420-0694,116,Bell MS,Facility Manager,Safety & Security,3,
201,CO-1420-0694,117,Bell MS,Facility Manager,Safety & Security,5,
102,CO-1420-0724,118,Belmar School of Integrated Arts,School Leader,HVAC,3,We have rooms that are so hot throughout the school year and other spaces that are too cold.  We have adjusted but it is a weekly conversation with staff.
102,CO-1420-0724,119,Belmar School of Integrated Arts,Facility Manager,HVAC,2,Would like it if the AC and heating worked a lot better for the whole building instead of one side
102,CO-1420-0724,120,Belmar School of Integrated Arts,School Leader,Interiors,4,
102,CO-1420-0724,121,Belmar School of Integrated Arts,Facility Manager,Interiors,3,"Walls with large cracks starting from the top to the floor in classrooms and principal's office. Carpet could be a lot better than the tile squares as the tile squares tear easily. Entrance to Cafeteria, the tile could look a lot better without the bulging look in the floor."
102,CO-1420-0724,122,Belmar School of Integrated Arts,School Leader,Other Issues,,"The south side of the building is not in good condition.  Families notice and ask questions - it's a large plot of land that is unkempt and unused - dead grass and more.  Our entry is not as secure as some but works for us.  The leaks are the biggest problem.  "
102,CO-1420-0724,123,Belmar School of Integrated Arts,Facility Manager,Other Issues,,
102,CO-1420-0724,124,Belmar School of Integrated Arts,School Leader,Teaching Space,4,
102,CO-1420-0724,125,Belmar School of Integrated Arts,Facility Manager,Teaching Space,3,Would like it if I had a smaller office so I can use my current office as storage for all my equipment and supplies to free up space in the other closets.
102,CO-1420-0724,126,Belmar School of Integrated Arts,School Leader,Water Intrusion,1,"We have significant issues with water leaking into the building.  The art room and principal's office were most recently flooded.  3 years running, the principal's office has had sheets of water pouring into the room - not through the window but the walls.  The repairs are never adequate.  The art room experiences annual flooding as well as a few other spots in the hallways.  Rainstorms bring a lot of leaks."
102,CO-1420-0724,127,Belmar School of Integrated Arts,Facility Manager,Water Intrusion,1,"Leaks in rooms, hallways, and front office. Addressed to roofers and multiple work orders sent in with nothing happening or given a very poor excuse on why it can't be done"
102,CO-1420-0724,128,Belmar School of Integrated Arts,School Leader,Outdoor Amenities,1,"playground is too small - we receive complaints every year.  Last year we had 67% of students choosing our school over their home school - parents report huge playgrounds and play areas at other schools and they aren't wrong.  Our new playground was one of the first and it is extremely small.  The back area of the school contains a dilapidated basketball court and a large pea gravel pile with railroad ties. "
102,CO-1420-0724,129,Belmar School of Integrated Arts,Facility Manager,Outdoor Amenities,2,"Blacktop needs cracks filled and have fun spaces repainted, Lower area needs raising as it collects water and creates massive puddles and massive ice slipping areas in the winter."
102,CO-1420-0724,130,Belmar School of Integrated Arts,School Leader,Overall Condition,4,
102,CO-1420-0724,131,Belmar School of Integrated Arts,Facility Manager,Overall Condition,3,wanted to put 4 but no option for a comment. My building is fair and one of the better looking school's in the articulation area but there could be improvements made to make it better
102,CO-1420-0724,132,Belmar School of Integrated Arts,School Leader,Walkways,3,"They are fine - "
102,CO-1420-0724,133,Belmar School of Integrated Arts,Facility Manager,Walkways,1,sidewalks with large cracks and blacktop parking lot needs to be redone and pot holes filled. work orders have been put in but nothing has been done about it
102,CO-1420-0724,134,Belmar School of Integrated Arts,School Leader,Safety & Security,4,
102,CO-1420-0724,135,Belmar School of Integrated Arts,Facility Manager,Safety & Security,1,"Security lights would be greatly appreciated when the power goes out or when I need to turn lights on in the darkness of the morning or when teachers come in and dont have access to a light key. Fence around playground or park would be nice to keep strangers from crossing over during school hours. We have signs around letting people know that they are not able to access the playground until certain hours, but they usually ignore the sign or pretend it isn't there even if I have seen them access the playground before and even pointed out where signs are."
103,CO-1420-0779,136,Bergen ES,School Leader,HVAC,3,"The new wing has been extremely hot at times.  It is not on the map, as it seems to not be updated.  "
103,CO-1420-0779,137,Bergen ES,Facility Manager,HVAC,3,"The tractor shed doesn't have heat, which makes it difficult to start the tractor and snow equipment during the winter when it's below freezing in the shed overnight. 
"
103,CO-1420-0779,138,Bergen ES,School Leader,Interiors,3,
103,CO-1420-0779,139,Bergen ES,Facility Manager,Interiors,4,
103,CO-1420-0779,140,Bergen ES,School Leader,Other Issues,,
103,CO-1420-0779,141,Bergen ES,Facility Manager,Other Issues,,"I just want to reiterate about Security. They have an average 40-60 minute response time, if they even show up. Often times I'm told that there won't be anyone who can come within an hour, and while sometimes Security will contact the police if it's needed, often times our calls are just ignored. "
103,CO-1420-0779,142,Bergen ES,School Leader,Teaching Space,4,
103,CO-1420-0779,143,Bergen ES,Facility Manager,Teaching Space,3,"We have the exact number of rooms to get by, without any extra spaces for small groups, or extra classrooms if our student population ever increases. 

Our cafeteria is also way too small, especially when we have two grades of three grades each in there at a time, which we have to do for time. "
103,CO-1420-0779,144,Bergen ES,School Leader,Water Intrusion,3,"The downspouts at the new addition flood but I believe it is being worked on this summer.  "
103,CO-1420-0779,145,Bergen ES,Facility Manager,Water Intrusion,1,"The entire south-facing side of our building floods every time it rains or snows. From the far west side, to the south and south/west. We have to use flood barriers to keep the water from flooding under the doors. "
103,CO-1420-0779,146,Bergen ES,School Leader,Outdoor Amenities,2,"Our playground has many cracks in the pavement that have been resealed and are cracking again.  It is always a hazard for small feet.  Our equipment is very outdated on our playground, as well.  "
103,CO-1420-0779,147,Bergen ES,Facility Manager,Outdoor Amenities,4,
103,CO-1420-0779,148,Bergen ES,School Leader,Overall Condition,4,
103,CO-1420-0779,149,Bergen ES,Facility Manager,Overall Condition,4,
103,CO-1420-0779,150,Bergen ES,School Leader,Walkways,4,
103,CO-1420-0779,151,Bergen ES,Facility Manager,Walkways,4,
103,CO-1420-0779,152,Bergen ES,School Leader,Safety & Security,5,
103,CO-1420-0779,153,Bergen ES,Facility Manager,Safety & Security,1,"We don't have 100% camera coverage around our building, with a blind spot around the back. 
Not all of our hallways have cameras, which has been an issue, as well as with our cafeteria and gym. 
We have exterior doors that don't always latch, and staff that don't check them, which allows unauthorized people entry. 
Our fence around our field doesn't extend to the road, which allows students to freely run to the road when at recess. 
We had construction that ended at the beginning of the 2024-2025 school year, and out exterior lighting still has not been fixed. 
Our red and blue lockdown and secure strobe lights in the gym and cafeteria don't work. 

Also, it is extremely difficult to contact Security. We will often be put on hold before reaching a dispatcher, and the average response time is between 40-60 minutes. This also extends to the police, who have up to a 20 minute response time. 
Our Principal Dispatch radio also doesn't work in our building, making it useless in an emergency. 

Note: The map marker moves the marker after I hit 'enter', making it inaccurate. "
104,CO-1420-0951,154,Blue Heron ES,School Leader,HVAC,2,"The temperature throughout the building is always very inconsistent. Room 180 requires staff and students to be in coats almost year around. Room 133 is always sweating hot and the hallways that include rooms 100-125 are also very warm. In the main office we have heaters going almost year around. "
104,CO-1420-0951,155,Blue Heron ES,Facility Manager,HVAC,1,
104,CO-1420-0951,156,Blue Heron ES,School Leader,Interiors,2,"Our hallway carpet it extremely thin. Our trim is falling off and many of our bathroom counters are falling apart. "
104,CO-1420-0951,157,Blue Heron ES,Facility Manager,Interiors,1,
104,CO-1420-0951,158,Blue Heron ES,School Leader,Other Issues,,
104,CO-1420-0951,159,Blue Heron ES,Facility Manager,Other Issues,,
104,CO-1420-0951,160,Blue Heron ES,School Leader,Teaching Space,5,
104,CO-1420-0951,161,Blue Heron ES,Facility Manager,Teaching Space,4,
104,CO-1420-0951,162,Blue Heron ES,School Leader,Water Intrusion,3,"We have sandbags by multiple exterior doors due to water leaking under the door, especially after snow. The exterior door in the hallway next to the gym is the biggest issue. "
104,CO-1420-0951,163,Blue Heron ES,Facility Manager,Water Intrusion,1,
104,CO-1420-0951,164,Blue Heron ES,School Leader,Outdoor Amenities,4,
104,CO-1420-0951,165,Blue Heron ES,Facility Manager,Outdoor Amenities,1,
104,CO-1420-0951,166,Blue Heron ES,School Leader,Overall Condition,3,We need new carpet.
104,CO-1420-0951,167,Blue Heron ES,Facility Manager,Overall Condition,1,
104,CO-1420-0951,168,Blue Heron ES,School Leader,Walkways,4,
104,CO-1420-0951,169,Blue Heron ES,Facility Manager,Walkways,1,
104,CO-1420-0951,170,Blue Heron ES,School Leader,Safety & Security,4,
104,CO-1420-0951,171,Blue Heron ES,Facility Manager,Safety & Security,3,
513,CO-1420-0952,172,Bradford K-8 North,Facility Manager,HVAC,4,
513,CO-1420-0952,173,Bradford K-8 North,Facility Manager,Interiors,5,
513,CO-1420-0952,174,Bradford K-8 North,Facility Manager,Other Issues,,none at this time
513,CO-1420-0952,175,Bradford K-8 North,Facility Manager,Teaching Space,5,
513,CO-1420-0952,176,Bradford K-8 North,Facility Manager,Water Intrusion,5,
513,CO-1420-0952,177,Bradford K-8 North,Facility Manager,Outdoor Amenities,5,
513,CO-1420-0952,178,Bradford K-8 North,Facility Manager,Overall Condition,5,
513,CO-1420-0952,179,Bradford K-8 North,Facility Manager,Walkways,5,
513,CO-1420-0952,180,Bradford K-8 North,Facility Manager,Safety & Security,5,
512,CO-1420-0950,181,Bradford K-8 South,School Leader,HVAC,2,The gym is still a swamp cooler while the rest of the building is AC and there for does not run effectively. We also have had many issues with the system since having it upgraded just a year ago.
512,CO-1420-0950,182,Bradford K-8 South,School Leader,Interiors,1,"Need new carpet in classrooms it is original to building. also in music, art and library. "
512,CO-1420-0950,183,Bradford K-8 South,School Leader,Other Issues,,"Not currently. "
512,CO-1420-0950,184,Bradford K-8 South,School Leader,Teaching Space,4,
512,CO-1420-0950,185,Bradford K-8 South,School Leader,Water Intrusion,4,
512,CO-1420-0950,186,Bradford K-8 South,School Leader,Outdoor Amenities,1,"black top is in bad shape, playground on west side of building needs updating "
512,CO-1420-0950,187,Bradford K-8 South,School Leader,Overall Condition,3,"items already stated. "
512,CO-1420-0950,188,Bradford K-8 South,School Leader,Walkways,4,
512,CO-1420-0950,189,Bradford K-8 South,School Leader,Safety & Security,3,"We need more cameras in the back hallways and behind the school. "
304,CO-1420-0965,190,Brady Exploration School,School Leader,HVAC,4,
304,CO-1420-0965,191,Brady Exploration School,Facility Manager,HVAC,4,
304,CO-1420-0965,192,Brady Exploration School,School Leader,Interiors,4,
304,CO-1420-0965,193,Brady Exploration School,Facility Manager,Interiors,4,
304,CO-1420-0965,194,Brady Exploration School,School Leader,Other Issues,,"We are wanting to have a more secure set-up for a gate near the woodshop so that we can open the garage to the woodshop more regularly without impacting building security. We are wanting to expand and add two classrooms into our gym/secondary building, but was told it may devalue the building if we updated the two rooms and made them classrooms."
304,CO-1420-0965,195,Brady Exploration School,Facility Manager,Other Issues,,"Currently our flooring in the woodshop has carpet. I was wondering if this can change to actual floor either to wood floor or the concrete that probably is under the carpet. Also, the stairs that lead outside into the basement need a gate. Anyone can access that area. Most of the time our students work on assignments on that area.  "
304,CO-1420-0965,196,Brady Exploration School,School Leader,Teaching Space,4,
304,CO-1420-0965,197,Brady Exploration School,Facility Manager,Teaching Space,4,
304,CO-1420-0965,198,Brady Exploration School,School Leader,Water Intrusion,4,
304,CO-1420-0965,199,Brady Exploration School,Facility Manager,Water Intrusion,5,
304,CO-1420-0965,200,Brady Exploration School,School Leader,Outdoor Amenities,4,
304,CO-1420-0965,201,Brady Exploration School,Facility Manager,Outdoor Amenities,4,
304,CO-1420-0965,202,Brady Exploration School,School Leader,Overall Condition,4,
304,CO-1420-0965,203,Brady Exploration School,Facility Manager,Overall Condition,4,
304,CO-1420-0965,204,Brady Exploration School,School Leader,Walkways,5,
304,CO-1420-0965,205,Brady Exploration School,Facility Manager,Walkways,4,
304,CO-1420-0965,206,Brady Exploration School,School Leader,Safety & Security,4,
304,CO-1420-0965,207,Brady Exploration School,Facility Manager,Safety & Security,4,
105,CO-1420-1244,208,Campbell Preschool,School Leader,HVAC,3,"As this is an old building, some areas are very warm and some are very cold. Our heating and cooling system works but not in a way that is systemic throughout the building. We have continued complaints from staff and our FM addresses these immediately and puts in work orders if needed."
105,CO-1420-1244,209,Campbell Preschool,School Leader,Interiors,3,"The carpet in the north wing is not in good condition. The walls in the cafeteria, where they meet the floors, are not in good condition. We have many stained ceiling tiles due to leaks and areas on the walls where water is leaking into rooms and running down the walls."
105,CO-1420-1244,210,Campbell Preschool,School Leader,Other Issues,,
105,CO-1420-1244,211,Campbell Preschool,School Leader,Teaching Space,4,
105,CO-1420-1244,212,Campbell Preschool,School Leader,Water Intrusion,1,"We continue to have multiple leaks in our roof and gutters. If we have a rain storm, water rushes into our cafeteria through the double doors on the north side of the building that enters into the cafeteria. The walls in this area are rotting because of the water that enters. We continue to change ceiling tiles due to the roof leaks."
105,CO-1420-1244,213,Campbell Preschool,School Leader,Outdoor Amenities,3,"We have wonderful play areas for our students and these areas per state licensing regulations must have at least 6 inches of soft surface (mulch). We have to beg every year for more mulch in order to not be written up by our state inspector. We do rake it up regularly but with wind and normal play, it gets beaten down and blown away. When we request more to be added, we always get push back even when we have had it documented by the state and been given a warning by the inspector. I wish our facilities and the state were on the same page so we could be in compliance without begging for the support."
105,CO-1420-1244,214,Campbell Preschool,School Leader,Overall Condition,3,"The roof, gutters, and the doors to the cafeteria from outside are the biggest point of need. "
105,CO-1420-1244,215,Campbell Preschool,School Leader,Walkways,5,
105,CO-1420-1244,216,Campbell Preschool,School Leader,Safety & Security,5,
202,CO-1420-1318,217,Carmody MS,School Leader,HVAC,4,
202,CO-1420-1318,218,Carmody MS,School Leader,Interiors,4,
202,CO-1420-1318,219,Carmody MS,School Leader,Other Issues,,
202,CO-1420-1318,220,Carmody MS,School Leader,Teaching Space,4,
202,CO-1420-1318,221,Carmody MS,School Leader,Water Intrusion,1,"Many Roof leaks, water entering Admin office, water entering gym (flood/damaged floor)"
202,CO-1420-1318,222,Carmody MS,School Leader,Outdoor Amenities,4,
202,CO-1420-1318,223,Carmody MS,School Leader,Overall Condition,3,"Our Building is very old. The roof needs continuous repairs. Our gym floor needs a lot of work. We have had many water leaks. "
202,CO-1420-1318,224,Carmody MS,School Leader,Walkways,4,
202,CO-1420-1318,225,Carmody MS,School Leader,Safety & Security,3,Lighting is minimal outside. No lights in parking lots. We also do not have a true secure vestibule.
305,CO-1420-1522,226,Chatfield HS,School Leader,HVAC,1,"Our Chiller piping is not adequate for our square footage and size of the property.  
Our heat does not circulate to the edges of the building.  
Auditorium is too hot for events, yearround and is a difficult place to hold our major events and awards despite being a beautiful space."
305,CO-1420-1522,227,Chatfield HS,Facility Manager,HVAC,1,"Chiller piping is inadequate for the sq footage
Heat cant circulate to far ends of the building "
305,CO-1420-1522,228,Chatfield HS,School Leader,Interiors,2,"Carpet is worn throughout the building.
All Science rooms tiles could use replacement in upper A hall and throughout science wing."
305,CO-1420-1522,229,Chatfield HS,Facility Manager,Interiors,1,"All Science rooms, and first floor hallways need flooring redone and carpet in all carpet areas need redone"
305,CO-1420-1522,230,Chatfield HS,School Leader,Other Issues,,"If I were ranking our concerns and the places in which we could use help...
I would say our HVAC concerns are an issue and our front landscaping and curb appeal.

The only othe rthing that I would add is that we could really, really use a furniture allocation for desks for students."
305,CO-1420-1522,231,Chatfield HS,Facility Manager,Other Issues,,Mainly cooling heating on the mechanical side and furniture (student desks tables and chairs) on the academic side
305,CO-1420-1522,232,Chatfield HS,School Leader,Teaching Space,4,
305,CO-1420-1522,233,Chatfield HS,Facility Manager,Teaching Space,5,
305,CO-1420-1522,234,Chatfield HS,School Leader,Water Intrusion,1,"Lower D wing hallway, near Northeast Exit has inadequate drainage.
Lower B wing Entry has inadequate drainage.  
These can often cause ice to freeze and pose a risk to staff."
305,CO-1420-1522,235,Chatfield HS,Facility Manager,Water Intrusion,1,"Lower D wing hallway north east exit inadequate drainage 
Lower B wing entry inadequate drainage "
305,CO-1420-1522,236,Chatfield HS,Facility Manager,Water Intrusion,,"Windows on north and south elevations of C and D wings have failed systemically: undersized units were installed incorrectly, lintels are rusted and unable to divert water, weep holes were sealed at installation, and all glazing seals have failed causing fogging and loss of thermal performance. Result is active water intrusion into walls and drywall. Note: submitted by facility manager after survey was completed."
305,CO-1420-1522,237,Chatfield HS,School Leader,Outdoor Amenities,3,Drainage on our lower fields is consistently an issue.  They are unable to be used at multiple points throughout the school year.
305,CO-1420-1522,238,Chatfield HS,Facility Manager,Outdoor Amenities,2,Inadequate drainage for soccer and Aux field causes swamping
305,CO-1420-1522,239,Chatfield HS,School Leader,Overall Condition,4,
305,CO-1420-1522,240,Chatfield HS,Facility Manager,Overall Condition,4,
305,CO-1420-1522,241,Chatfield HS,School Leader,Walkways,2,"Staiways to lower fields could be checked for cracks and concerns.
Front entrance walkway and landscaping looks bare and worn.  It presents in a poor way on the overall outlook of our building as people enter. New landscaping rock and replacement of or elimination of irrigation systems (that are showing) would be helpful."
305,CO-1420-1522,242,Chatfield HS,Facility Manager,Walkways,1,"Stairways leading to the soccer field and tennis court are cracked beyond the ability to fill, front walk ways and islands are in need of repair and zero scaping"
305,CO-1420-1522,243,Chatfield HS,School Leader,Safety & Security,4,
305,CO-1420-1522,244,Chatfield HS,Facility Manager,Safety & Security,4,
306,CO-1420-1864,245,Columbine HS,School Leader,HVAC,2,"I often get complaints about it being too hot or too cold in various parts of the building. 
Also, with having events that go on until 9:00-10:00 at night, the people attending those events often complain that the building temperature is not comfortable."
306,CO-1420-1864,246,Columbine HS,School Leader,HVAC,2,"Areas of the building are often too warm in the spring and summer. During evening events, which we have often, we cannot turn on the cooling system."
306,CO-1420-1864,247,Columbine HS,Facility Manager,HVAC,3,"There has been times where the HVAC systems would not produce enough cool air in certain areas like science, lower level rooms, and a couple of social studies rooms. Mostly towards the end of the day where we start to run out of ice in the chillers. Usually when this happens it starts to affect the afternoon events especially in the gym when we have games in both gym causing a lot of parents, coaches, and students to complain about it being too hot."
306,CO-1420-1864,248,Columbine HS,School Leader,Interiors,4,
306,CO-1420-1864,249,Columbine HS,School Leader,Interiors,4,
306,CO-1420-1864,250,Columbine HS,Facility Manager,Interiors,4,"Southeast area has a couple of wall cracks "
306,CO-1420-1864,251,Columbine HS,School Leader,Other Issues,,The upper parking lot needs to be repaved.
306,CO-1420-1864,252,Columbine HS,School Leader,Other Issues,,"We have a lot of pot holes in parking lots that need to be filled. And, many of the signs need to be straightened. "
306,CO-1420-1864,253,Columbine HS,Facility Manager,Other Issues,,
306,CO-1420-1864,254,Columbine HS,School Leader,Teaching Space,4,
306,CO-1420-1864,255,Columbine HS,School Leader,Teaching Space,4,
306,CO-1420-1864,256,Columbine HS,Facility Manager,Teaching Space,2,Multiple rooms where teachers have to share rooms. Very limited storage areas that has cause many of the storages to be overfilled and taking over some of custodial storages as well.
306,CO-1420-1864,257,Columbine HS,School Leader,Water Intrusion,4,
306,CO-1420-1864,258,Columbine HS,School Leader,Water Intrusion,3,"With heavy rains, our gymnasium will often have leaking. Our FACS area also experiences leaking as well."
306,CO-1420-1864,259,Columbine HS,Facility Manager,Water Intrusion,2,Multiple roof leaks every single year.
306,CO-1420-1864,260,Columbine HS,School Leader,Outdoor Amenities,3,"The downstairs over hand needs to be pressure washed, cleaned, and repainted. "
306,CO-1420-1864,261,Columbine HS,School Leader,Outdoor Amenities,4,
306,CO-1420-1864,262,Columbine HS,Facility Manager,Outdoor Amenities,3,Irrigation needs to be redone. Many zones from the programming doesn't work or some areas doesn't exist anymore.
306,CO-1420-1864,263,Columbine HS,School Leader,Overall Condition,4,
306,CO-1420-1864,264,Columbine HS,School Leader,Overall Condition,4,
306,CO-1420-1864,265,Columbine HS,Facility Manager,Overall Condition,4,
306,CO-1420-1864,266,Columbine HS,School Leader,Walkways,4,
306,CO-1420-1864,267,Columbine HS,School Leader,Walkways,4,
306,CO-1420-1864,268,Columbine HS,Facility Manager,Walkways,4,
306,CO-1420-1864,269,Columbine HS,School Leader,Safety & Security,3,There are two entrances/exits at Columbine High School. The lower entrance/exit needs security measures implemented such as a secure vestibule.
306,CO-1420-1864,270,Columbine HS,School Leader,Safety & Security,2,A downstairs security vestibule is desperately needed.
306,CO-1420-1864,271,Columbine HS,Facility Manager,Safety & Security,4,
106,CO-1420-1861,272,Columbine Hills ES,School Leader,HVAC,2,"Several rooms do not meet heating needs in the winter time. (preschool wing, and a few other classrooms. Currently new RTU being installed this summer for part of the building. "
106,CO-1420-1861,273,Columbine Hills ES,Facility Manager,HVAC,3,In winter we have several cold rooms.
106,CO-1420-1861,274,Columbine Hills ES,School Leader,Interiors,3,"Gym Carpet floor needs to be replaced.
Floor in kitchen are very old
Primary classrooms could use painting. "
106,CO-1420-1861,275,Columbine Hills ES,Facility Manager,Interiors,4,
106,CO-1420-1861,276,Columbine Hills ES,School Leader,Other Issues,,"Water heaters were installed in 1999. They were to be replaced with a past project but it didn't get done due to budget. 

Columbine Hills Sign on front of budling needs to be refreshed. Wood backing is very old and need s replacement. "
106,CO-1420-1861,277,Columbine Hills ES,Facility Manager,Other Issues,,"All primary classrooms need to be painted.  The gym still has the old carpeting down.  It is failing as well.  It would be better if the music room had LED lighting and better insulation from the gym.  Flagpole needs to be painted.  The school name on the front of the building could use new wood backing or something to make it look newer.     Hot water heaters are at the end of their life cycle.  "
106,CO-1420-1861,278,Columbine Hills ES,School Leader,Teaching Space,5,
106,CO-1420-1861,279,Columbine Hills ES,Facility Manager,Teaching Space,3,It always appears that we have trouble finding spaces for one on one teaching.
106,CO-1420-1861,280,Columbine Hills ES,School Leader,Water Intrusion,4,
106,CO-1420-1861,281,Columbine Hills ES,Facility Manager,Water Intrusion,5,
106,CO-1420-1861,282,Columbine Hills ES,School Leader,Outdoor Amenities,3,"Grass and drainage on field need to be replaced. "
106,CO-1420-1861,283,Columbine Hills ES,Facility Manager,Outdoor Amenities,3,"The sod and dirt filler on the relatively new soccer field have failed.  I don't know how the children run on it and don't trip and fall.  Also, the drainage doesn't work and it pools in the middle of the field."
106,CO-1420-1861,284,Columbine Hills ES,School Leader,Overall Condition,4,
106,CO-1420-1861,285,Columbine Hills ES,Facility Manager,Overall Condition,4,
106,CO-1420-1861,286,Columbine Hills ES,School Leader,Walkways,3,
106,CO-1420-1861,287,Columbine Hills ES,Facility Manager,Walkways,3,"Sidewalks are in bad shape and have been ignored on the east side,  The playground blacktop needs to be milled and repoured."
106,CO-1420-1861,288,Columbine Hills ES,School Leader,Safety & Security,4,
106,CO-1420-1861,289,Columbine Hills ES,Facility Manager,Safety & Security,3,We could use 1 or 2 night time security lights on the front of the school.
307,CO-1420-1886,290,Conifer Senior HS,School Leader,HVAC,2,"We have temperature issues (no cooling) for the first 6 weeks. We need the cool mountain air pulled in at night. "
307,CO-1420-1886,291,Conifer Senior HS,Facility Manager,HVAC,4,
307,CO-1420-1886,292,Conifer Senior HS,School Leader,Interiors,3,"original carpets are 30 years old "
307,CO-1420-1886,293,Conifer Senior HS,Facility Manager,Interiors,3,"Carpet is original 29 years old and bathrooms haven't been updated.  Clinic has the original linoleum. "
307,CO-1420-1886,294,Conifer Senior HS,School Leader,Other Issues,,"restrooms are in rough shape. have not been updated in 30 years. Water storage tank that provides drinking water, needs to be replaced. Our main gym bleachers are nearly unoperational, and require multiple people to retract/move. "
307,CO-1420-1886,295,Conifer Senior HS,Facility Manager,Other Issues,,"We sit on 118 acres and we have several trees that need cut down every year.  In the main gym out bleachers are not working properly we are always calling in work orders to have them repaired sometimes we need several adults to help pull them out and then put them back in. "
307,CO-1420-1886,296,Conifer Senior HS,School Leader,Teaching Space,5,
307,CO-1420-1886,297,Conifer Senior HS,Facility Manager,Teaching Space,4,
307,CO-1420-1886,298,Conifer Senior HS,School Leader,Water Intrusion,3,"roof has been replaced, but still have several leaks that we address consistently  "
307,CO-1420-1886,299,Conifer Senior HS,Facility Manager,Water Intrusion,3,"Water lines are old and we are starting to have breaks and when we have to shut off the main we get really dirty water for awhile. "
307,CO-1420-1886,300,Conifer Senior HS,School Leader,Outdoor Amenities,3,"We absolutely need an a practice field. We are the only HS without a dedicated practice field. "
307,CO-1420-1886,301,Conifer Senior HS,Facility Manager,Outdoor Amenities,5,
307,CO-1420-1886,302,Conifer Senior HS,School Leader,Overall Condition,4,
307,CO-1420-1886,303,Conifer Senior HS,Facility Manager,Overall Condition,4,
307,CO-1420-1886,304,Conifer Senior HS,School Leader,Walkways,3,"Our student pathways connecting the parking lots and fields to the school are in rough shape. "
307,CO-1420-1886,305,Conifer Senior HS,Facility Manager,Walkways,3,"The stairs in the parking lots are in good shape.  But the pathway that goes from the building to the parking lots and down to the fields is in rough shape. "
307,CO-1420-1886,306,Conifer Senior HS,School Leader,Safety & Security,4,
307,CO-1420-1886,307,Conifer Senior HS,Facility Manager,Safety & Security,5,
203,CO-1420-4798,308,Connections Learning Center,School Leader,HVAC,3,There are some hotter and colder rooms.
203,CO-1420-4798,309,Connections Learning Center,School Leader,Interiors,4,
203,CO-1420-4798,310,Connections Learning Center,School Leader,Other Issues,,There is a lot of erosion on the back hillside that requires frequent support.
203,CO-1420-4798,311,Connections Learning Center,School Leader,Teaching Space,4,
203,CO-1420-4798,312,Connections Learning Center,School Leader,Water Intrusion,4,
203,CO-1420-4798,313,Connections Learning Center,School Leader,Outdoor Amenities,4,
203,CO-1420-4798,314,Connections Learning Center,School Leader,Overall Condition,4,
203,CO-1420-4798,315,Connections Learning Center,School Leader,Walkways,4,
203,CO-1420-4798,316,Connections Learning Center,School Leader,Safety & Security,3,Maybe add more cameras near the temps and facing the front field for supervision.
107,CO-1420-1876,317,Coronado ES,School Leader,HVAC,1,"Seldom comfortable.  Some rooms extremely hot, others freezing.  Uur front office staff has both fans and heaters at their desks because we never know what the temperature will be like.  One room is extremely cold all the time and some of them get really noisy at times."
107,CO-1420-1876,318,Coronado ES,Facility Manager,HVAC,3,
107,CO-1420-1876,319,Coronado ES,School Leader,Interiors,4,
107,CO-1420-1876,320,Coronado ES,Facility Manager,Interiors,2,We have wallpaper on some of the walls and because we have swamp coolers they are coming off the walls. To the point that even when I glue them down they will still come up. We have had to staple the wallpaper back to the wall in a few areas.
107,CO-1420-1876,321,Coronado ES,School Leader,Other Issues,,"The fire panel in the front office randomly goes off over and over for hours at a time.  We have had people come out and fix several times but is never a fix, it keeps happening.  Very obnoxious when you are trying to run an office, answer phones and talk to parents when the fire panel is beeping incessantly.  Would love to have it fixed or replaced permanently."
107,CO-1420-1876,322,Coronado ES,Facility Manager,Other Issues,,
107,CO-1420-1876,323,Coronado ES,School Leader,Teaching Space,4,
107,CO-1420-1876,324,Coronado ES,Facility Manager,Teaching Space,4,
107,CO-1420-1876,325,Coronado ES,School Leader,Water Intrusion,4,
107,CO-1420-1876,326,Coronado ES,Facility Manager,Water Intrusion,4,
107,CO-1420-1876,327,Coronado ES,School Leader,Outdoor Amenities,2,The black top both upper and lower need to be redone.  The walking bath on the north side of the building has chunks of asphalt bubbling up and is a tripping hazard.  It was fixed several years ago but is having troubles again.  The asphalt along the pathway on the southside of the building (closest to the fences of the backyards of homeowners) needs to be redone. Not sure if that is HOA or school.
107,CO-1420-1876,328,Coronado ES,Facility Manager,Outdoor Amenities,3,"We would like to redo our black tops, but I have learned that that is apart of the school to pay for. "
107,CO-1420-1876,329,Coronado ES,School Leader,Overall Condition,3,
107,CO-1420-1876,330,Coronado ES,Facility Manager,Overall Condition,4,
107,CO-1420-1876,331,Coronado ES,School Leader,Walkways,3,
107,CO-1420-1876,332,Coronado ES,Facility Manager,Walkways,3,Mostly its our sidewalks by the baseball field that the school would have to replace.
107,CO-1420-1876,333,Coronado ES,School Leader,Safety & Security,3,"I just paid $23,000 to have the proper amount of cameras and views for the safety of our building and community.  As far as lighting, we are okay."
107,CO-1420-1876,334,Coronado ES,Facility Manager,Safety & Security,4,
204,CO-1420-1976,335,Creighton MS,School Leader,HVAC,4,
204,CO-1420-1976,336,Creighton MS,School Leader,Interiors,4,
204,CO-1420-1976,337,Creighton MS,School Leader,Other Issues,,
204,CO-1420-1976,338,Creighton MS,School Leader,Teaching Space,4,
204,CO-1420-1976,339,Creighton MS,School Leader,Water Intrusion,4,
204,CO-1420-1976,340,Creighton MS,School Leader,Outdoor Amenities,4,
204,CO-1420-1976,341,Creighton MS,School Leader,Overall Condition,4,
204,CO-1420-1976,342,Creighton MS,School Leader,Walkways,4,
204,CO-1420-1976,343,Creighton MS,School Leader,Safety & Security,4,
521,CO-1420-2120,344,D'Evelyn Jr-Sr HS,Facility Manager,HVAC,4,
521,CO-1420-2120,345,D'Evelyn Jr-Sr HS,Facility Manager,Interiors,5,
521,CO-1420-2120,346,D'Evelyn Jr-Sr HS,Facility Manager,Other Issues,,
521,CO-1420-2120,347,D'Evelyn Jr-Sr HS,Facility Manager,Teaching Space,5,
521,CO-1420-2120,348,D'Evelyn Jr-Sr HS,Facility Manager,Water Intrusion,4,
521,CO-1420-2120,349,D'Evelyn Jr-Sr HS,Facility Manager,Outdoor Amenities,4,
521,CO-1420-2120,350,D'Evelyn Jr-Sr HS,Facility Manager,Overall Condition,4,
521,CO-1420-2120,351,D'Evelyn Jr-Sr HS,Facility Manager,Walkways,3,"various locations- lunch courtyard-west side its uneven-the east side entrance the tree root is coming up through the cement from the planter boxes. "
521,CO-1420-2120,352,D'Evelyn Jr-Sr HS,Facility Manager,Safety & Security,4,
308,CO-1420-2093,353,Dakota Ridge HS,School Leader,HVAC,3,"We are having our chiller replaced. I will know better once we have a full building. I will say that usually, some classrooms are extremely hot and then very cold in the winter. My office is quite cold in the winter. I have been told that it is because my office is surrounded in windows."
308,CO-1420-2093,354,Dakota Ridge HS,Facility Manager,HVAC,1,"New Chiller not working yet. "
308,CO-1420-2093,355,Dakota Ridge HS,School Leader,Interiors,2,"The linoleum floors in the PE and Performing Arts hallways  are beginning to crack at the seams, tearing, and will need to be replaced. 
The carpet in the main office is the original carpert, approaching 30 years. It is definitely worn down."
308,CO-1420-2093,356,Dakota Ridge HS,Facility Manager,Interiors,3,Got a few areas including my main office where we have old carpet. Tile is warping and in rough shape and my Cafeteria tile is old and warp
308,CO-1420-2093,357,Dakota Ridge HS,School Leader,Other Issues,,
308,CO-1420-2093,358,Dakota Ridge HS,Facility Manager,Other Issues,,
308,CO-1420-2093,359,Dakota Ridge HS,School Leader,Teaching Space,5,
308,CO-1420-2093,360,Dakota Ridge HS,Facility Manager,Teaching Space,4,
308,CO-1420-2093,361,Dakota Ridge HS,School Leader,Water Intrusion,2,"While reparations have been done on certain areas of our roof, when we receive very heavy rain, we have a tendency of having roof leaks. They are usually on the west side of the school., second floor. We replace ceiling tiles on a regular basis."
308,CO-1420-2093,362,Dakota Ridge HS,Facility Manager,Water Intrusion,4,
308,CO-1420-2093,363,Dakota Ridge HS,School Leader,Outdoor Amenities,2,"The rating is a combination of all amenities. The football field and track are a 5. Our soccer field, baseball field, and softball field are 2-3 ratings. The soccer field is never mowed short enough for accurate field play and there are still holes in the field. The baseball field has lips between the infield and outfield that are dangerous for players. The softball field just needs more attention. And the sprinkler system is inadequate. While my facility manager does his best to water the fields, the system itself needs updating."
308,CO-1420-2093,364,Dakota Ridge HS,Facility Manager,Outdoor Amenities,4,
308,CO-1420-2093,365,Dakota Ridge HS,School Leader,Overall Condition,3,I did in previous questions.
308,CO-1420-2093,366,Dakota Ridge HS,Facility Manager,Overall Condition,4,
308,CO-1420-2093,367,Dakota Ridge HS,School Leader,Walkways,4,
308,CO-1420-2093,368,Dakota Ridge HS,Facility Manager,Walkways,4,
308,CO-1420-2093,369,Dakota Ridge HS,School Leader,Safety & Security,5,
308,CO-1420-2093,370,Dakota Ridge HS,Facility Manager,Safety & Security,4,
108,CO-1420-8090,371,Deane ES,School Leader,HVAC,1,It doesn't work
108,CO-1420-8090,372,Deane ES,School Leader,HVAC,2,"We have had issues for the past few years with drastic differences in temps across the building for both heating and cooling. During the summer months, the chiller really struggles to keep the building cool.  We have been on the list to recieve a new chiller for a couple of years."
108,CO-1420-8090,373,Deane ES,Facility Manager,HVAC,3,"HVAC in Cafeteria, common areas and Kindergarten/1st grade classrooms.  "
108,CO-1420-8090,374,Deane ES,School Leader,Interiors,2,Cracking of wall. Exterior needs painted
108,CO-1420-8090,375,Deane ES,School Leader,Interiors,1,"Our building is very old and looks it.  The classroom walls have holes, chiped paint, stains from water damage.  The hallway walls are the old cinder blocks that have cracks.  The majority of the classrooms have original counter tops and cabinets.  These were supposed to be replaced about 5 years ago, however the funds were used to move our SSN program into the building by building ADA approved bathrooms.  This is a huge area of need.  Our students deserve better."
108,CO-1420-8090,376,Deane ES,Facility Manager,Interiors,3,
108,CO-1420-8090,377,Deane ES,School Leader,Other Issues,,Plumbing is a mess
108,CO-1420-8090,378,Deane ES,School Leader,Other Issues,,"Not sure if this is the right avenue, but we could also benefit from new classroom furniture.  Our student desks and chairs have not been replaced in many years.  Thank you for the opportunity to provide input."
108,CO-1420-8090,379,Deane ES,Facility Manager,Other Issues,,
108,CO-1420-8090,380,Deane ES,School Leader,Teaching Space,5,
108,CO-1420-8090,381,Deane ES,School Leader,Teaching Space,2,"With the addition of the Preschool program, our SSN program, growing enrollment, large number of support staff, and the removal of our temp buildings, we are very limited on space for classrooms, work space for support staff and storage."
108,CO-1420-8090,382,Deane ES,Facility Manager,Teaching Space,4,
108,CO-1420-8090,383,Deane ES,School Leader,Water Intrusion,4,
108,CO-1420-8090,384,Deane ES,School Leader,Water Intrusion,3,Our roof has been repaired multiple times.  I have been told we are needing a new roof.
108,CO-1420-8090,385,Deane ES,Facility Manager,Water Intrusion,4,
108,CO-1420-8090,386,Deane ES,School Leader,Outdoor Amenities,2,Needs updating
108,CO-1420-8090,387,Deane ES,School Leader,Outdoor Amenities,2,Our new preschool playground is beautiful and students love our turf.  Our large playground is out dated and could definitely use an upgrade.
108,CO-1420-8090,388,Deane ES,Facility Manager,Outdoor Amenities,3,
108,CO-1420-8090,389,Deane ES,School Leader,Overall Condition,2,
108,CO-1420-8090,390,Deane ES,School Leader,Overall Condition,2,"Deane is an old building and could really use some upgrades.  "
108,CO-1420-8090,391,Deane ES,Facility Manager,Overall Condition,4,
108,CO-1420-8090,392,Deane ES,School Leader,Walkways,5,
108,CO-1420-8090,393,Deane ES,School Leader,Walkways,4,
108,CO-1420-8090,394,Deane ES,Facility Manager,Walkways,4,
108,CO-1420-8090,395,Deane ES,School Leader,Safety & Security,2,Exterior doors stick
108,CO-1420-8090,396,Deane ES,School Leader,Safety & Security,3,There could be some improvements with lighting in our front small parking lot and the parking lot near Ray Ross parking lot
108,CO-1420-8090,397,Deane ES,Facility Manager,Safety & Security,5,
205,CO-1420-2130,398,Deer Creek MS,School Leader,HVAC,5,
205,CO-1420-2130,399,Deer Creek MS,Facility Manager,HVAC,4,
205,CO-1420-2130,400,Deer Creek MS,School Leader,Interiors,3,Portions are old and quickly becoming out of date
205,CO-1420-2130,401,Deer Creek MS,Facility Manager,Interiors,3,"The new addition halls and classroom carpet is from the 90's and needs to be replaced and there are some cracks in the VCT tile in the cafeteria and main hall. "
205,CO-1420-2130,402,Deer Creek MS,School Leader,Other Issues,,
205,CO-1420-2130,403,Deer Creek MS,Facility Manager,Other Issues,,"The Cafeteria Pits, Shop class and Art room need some upgrades is ever possible.
Shop class - needs new tables and seating/sink/floors/old equip replacement/overall space redesign
Art Room - needs Floor and office tile replaced/new sinks/new clay trap (current is very old)
Cafeteria - has built in pits that make seating capacity options limited for lunch - The bottom pit is not used as all for performances and if it could be raised to the level of the mid level pit we could put more tables down for lunches and performances.  "
205,CO-1420-2130,404,Deer Creek MS,School Leader,Teaching Space,5,
205,CO-1420-2130,405,Deer Creek MS,Facility Manager,Teaching Space,5,
205,CO-1420-2130,406,Deer Creek MS,School Leader,Water Intrusion,2,Leak in front office
205,CO-1420-2130,407,Deer Creek MS,Facility Manager,Water Intrusion,3,"We have some reoccurring roof leaks in the same spots that have been difficult to fix.  "
205,CO-1420-2130,408,Deer Creek MS,School Leader,Outdoor Amenities,1,See points on map
205,CO-1420-2130,409,Deer Creek MS,Facility Manager,Outdoor Amenities,2,"Black tops are in terrible shape and have been for for a very long time.  Asphalt is bad, and the cement drain is in bad shape on the West side. "
205,CO-1420-2130,410,Deer Creek MS,School Leader,Overall Condition,4,
205,CO-1420-2130,411,Deer Creek MS,Facility Manager,Overall Condition,4,
205,CO-1420-2130,412,Deer Creek MS,School Leader,Walkways,4,
205,CO-1420-2130,413,Deer Creek MS,Facility Manager,Walkways,3,
205,CO-1420-2130,414,Deer Creek MS,School Leader,Safety & Security,5,
205,CO-1420-2130,415,Deer Creek MS,Facility Manager,Safety & Security,4,
109,CO-1420-9432,416,Dennison ES,School Leader,HVAC,1,"On the same day in different classrooms we can have temperatures that fluctuate between low 60's and high 80's.  This is constant throughout the year.  Our south wing (the one that has most direct sunlight) is so HOT in August and September.  "
109,CO-1420-9432,417,Dennison ES,Facility Manager,HVAC,3,"Temperature is not even- in some classrooms it is too hot, in others too cold"
109,CO-1420-9432,418,Dennison ES,School Leader,Interiors,3,"My interior carpet and cafeteria flooring was updated in 2018 bond.  However, my temp buildings are in disrepair so both flooring and walls are in bad shape. (This is 9 classrooms)"
109,CO-1420-9432,419,Dennison ES,Facility Manager,Interiors,4,
109,CO-1420-9432,420,Dennison ES,School Leader,Other Issues,,"We need a larger building.  Our cafeteria can only hold one grade at a time so we have to start lunches at 10:30 and go until 1:00.  We have four grade levels (and itinerant staff) in temp buildings because there is not room in the building.  Our gym cannot hold our entire school so we have to have two assemblies whenever we have celebrations, etc.  The small gym makes it very difficult for school performances, spelling bee, etc. because there is not a stage and not enough room for seating for guests.  "
109,CO-1420-9432,421,Dennison ES,Facility Manager,Other Issues,,
109,CO-1420-9432,422,Dennison ES,School Leader,Teaching Space,1,We have to have 4 classrooms in temp buildings as well as space for our itinerant staff because we do not have space in the building.  We are way over capacity for the building.
109,CO-1420-9432,423,Dennison ES,Facility Manager,Teaching Space,2,"There is not enough space and the cafeteria ad gym are too small for the amount of kids we have. We have temps for that reason in place of classrooms "
109,CO-1420-9432,424,Dennison ES,School Leader,Water Intrusion,1,"We have major problems with back up in our two story wing, our kitchen and our large bathrooms near the gym.  This happens on a monthly basis at minimum.  On the first day of school last year, 2/3 of the bathrooms were closed off for the day because of the backups.  "
109,CO-1420-9432,425,Dennison ES,Facility Manager,Water Intrusion,3,There are plumming issues due to old sewage pipes
109,CO-1420-9432,426,Dennison ES,School Leader,Outdoor Amenities,4,
109,CO-1420-9432,427,Dennison ES,Facility Manager,Outdoor Amenities,3,"Playground is not leveled "
109,CO-1420-9432,428,Dennison ES,School Leader,Overall Condition,1,"ADA access, plumbing, heating/cooling, temp buildings and size are not adequate."
109,CO-1420-9432,429,Dennison ES,Facility Manager,Overall Condition,3,There are issues with sewage. Roof also has some leaks. Heating and air conditioning is not even thru all rooms. Temps are outdated- 30 years old and they are used as classrooms
109,CO-1420-9432,430,Dennison ES,School Leader,Walkways,3,"Temp ramps are not in great shape and four of our temps only have stairs for entry which is impossible for ADA access.  In addition, I have four classrooms in the building with only stair access which is not ADA compliant.  "
109,CO-1420-9432,431,Dennison ES,Facility Manager,Walkways,4,
109,CO-1420-9432,432,Dennison ES,School Leader,Safety & Security,3,"We have a secure entrance but we need back fencing to protect from open space area behind our building.  We have had ""unhoused"" people camping in those areas several times in my year here.  "
109,CO-1420-9432,433,Dennison ES,Facility Manager,Safety & Security,4,
110,CO-1420-2194,434,Devinny ES,School Leader,HVAC,4,
110,CO-1420-2194,435,Devinny ES,School Leader,HVAC,4,
110,CO-1420-2194,436,Devinny ES,Facility Manager,HVAC,4,
110,CO-1420-2194,437,Devinny ES,School Leader,Interiors,4,
110,CO-1420-2194,438,Devinny ES,School Leader,Interiors,5,
110,CO-1420-2194,439,Devinny ES,Facility Manager,Interiors,4,
110,CO-1420-2194,440,Devinny ES,School Leader,Other Issues,,"Dead spots of grass near front need attended to as this is very visible for all who come into the building. Cracked piece of concrete is also in same location. "
110,CO-1420-2194,441,Devinny ES,School Leader,Other Issues,,
110,CO-1420-2194,442,Devinny ES,Facility Manager,Other Issues,,
110,CO-1420-2194,443,Devinny ES,School Leader,Teaching Space,3,"We don't have much additional space in the building as our enrollment is strong, and our class sizes are maxed out."
110,CO-1420-2194,444,Devinny ES,School Leader,Teaching Space,2,"We are at capacity and have turned all of our hallway workrooms into intervention rooms and have our STEM class moving into one of the hallway workrooms as we go into the 25-26  school year.  "
110,CO-1420-2194,445,Devinny ES,Facility Manager,Teaching Space,5,
110,CO-1420-2194,446,Devinny ES,School Leader,Water Intrusion,4,
110,CO-1420-2194,447,Devinny ES,School Leader,Water Intrusion,2,There are some doors that seasonally have water coming under the weather stripping.
110,CO-1420-2194,448,Devinny ES,Facility Manager,Water Intrusion,4,
110,CO-1420-2194,449,Devinny ES,School Leader,Outdoor Amenities,3,The retaining wall is being repaired this summer which will help.  The ball field gets large puddles that become muddy and are a hazard.
110,CO-1420-2194,450,Devinny ES,School Leader,Outdoor Amenities,4,
110,CO-1420-2194,451,Devinny ES,Facility Manager,Outdoor Amenities,4,
110,CO-1420-2194,452,Devinny ES,School Leader,Overall Condition,4,
110,CO-1420-2194,453,Devinny ES,School Leader,Overall Condition,4,
110,CO-1420-2194,454,Devinny ES,Facility Manager,Overall Condition,5,
110,CO-1420-2194,455,Devinny ES,School Leader,Walkways,4,
110,CO-1420-2194,456,Devinny ES,School Leader,Walkways,3,Front area by steps has a cracked piece of concrete at the top that may need to be replaced or sealed.
110,CO-1420-2194,457,Devinny ES,Facility Manager,Walkways,4,
110,CO-1420-2194,458,Devinny ES,School Leader,Safety & Security,4,
110,CO-1420-2194,459,Devinny ES,School Leader,Safety & Security,4,
110,CO-1420-2194,460,Devinny ES,Facility Manager,Safety & Security,5,
206,CO-1420-2288,461,Drake MS,School Leader,HVAC,1,extremely hot in most rooms and especially upstairs in July- September (especially when school starts).
206,CO-1420-2288,462,Drake MS,School Leader,Interiors,4,
206,CO-1420-2288,463,Drake MS,School Leader,Other Issues,,
206,CO-1420-2288,464,Drake MS,School Leader,Teaching Space,4,
206,CO-1420-2288,465,Drake MS,School Leader,Water Intrusion,4,
206,CO-1420-2288,466,Drake MS,School Leader,Outdoor Amenities,4,
206,CO-1420-2288,467,Drake MS,School Leader,Overall Condition,3,
206,CO-1420-2288,468,Drake MS,School Leader,Walkways,4,
206,CO-1420-2288,469,Drake MS,School Leader,Safety & Security,3,
207,CO-1420-2300,470,Dunstan MS,School Leader,HVAC,4,
207,CO-1420-2300,471,Dunstan MS,School Leader,HVAC,3,"We have classrooms that run very hot at the start of the school year - especially the upper floors - hallways A, B, C, & D."
207,CO-1420-2300,472,Dunstan MS,School Leader,HVAC,3,Inconsistent temperatures across rooms. This is most prominent in the first few weeks of the school year when the upstairs rooms can be very hot.
207,CO-1420-2300,473,Dunstan MS,School Leader,Interiors,3,We have many different types of carpet of varying ages. At some point we would appreciate being included on a FF&E to have new/consistent flooring and furniture.
207,CO-1420-2300,474,Dunstan MS,School Leader,Interiors,3,"We struggle to have the appropriate machines to clean the variety of types of carpet we have throughout the school. Specifically, the old carpet - we need to make sure we have the right machines to truly clean this otherwise it looks stained and dirty. This is school-wide."
207,CO-1420-2300,475,Dunstan MS,School Leader,Interiors,1,"For a few years our FM said she had a carpet cleaning device that does not produce good results for the type of carpet we have. As a result, the carpets look stained and dirty. It would be great to have a machine that produces consistent results that are clean. "
207,CO-1420-2300,476,Dunstan MS,School Leader,Other Issues,,"Thank you very much for the work on the school. The work of this team is noticed and appreciated! "
207,CO-1420-2300,477,Dunstan MS,School Leader,Other Issues,,"Our plastic bleachers in the gym are getting old, cracking, and breaking. Our gym is heavily used by our school population and the community. Some of the cracks cause areas where people could be pinched or cut. Eventually, we need to be added to an FF & E list for new bleachers.

The furniture is also a mixture of old classroom furniture and newer furniture that came when we added the 6th grade wing. Eventually, it would be nice to have uniform furniture that can be used in a flexible manner to promote student learning - such as in small groups, standing, sitting - the more flexibility - the better for creative learning."
207,CO-1420-2300,478,Dunstan MS,School Leader,Other Issues,,"When our 6th grade wing was added lockers were installed that are too tall for 6th graders to see the combination locks and not enough of them were installed. So the 6th graders who do have a locker in the 6th grade hallway, if they have a top locker - they cannot see the combination lock to operate it. We have a limited  number of these lockers, so some of our 6th graders are assigned lockers in the 7th & 8th hallways. Research regarding middle school students suggests designating a section of the school for 6th grade students to increase their sense of community and safety.

The plastic bleachers in our gym are breaking. This school's gym has heavy use from inside and outside users. Some of the cracks in the seats pinch people. Within the next few years we would appreciate being added to a list for new bleachers."
207,CO-1420-2300,479,Dunstan MS,School Leader,Teaching Space,4,
207,CO-1420-2300,480,Dunstan MS,School Leader,Teaching Space,4,
207,CO-1420-2300,481,Dunstan MS,School Leader,Teaching Space,4,
207,CO-1420-2300,482,Dunstan MS,School Leader,Water Intrusion,2,Not sure if the leak in the gym has been repaired or not. I think the water intrusion on the wall of our northeast entrance was fixed.
207,CO-1420-2300,483,Dunstan MS,School Leader,Water Intrusion,2,We have water that is causing the wall by the northeast entrance to sag. Our gym has had leaks for years.
207,CO-1420-2300,484,Dunstan MS,School Leader,Water Intrusion,1,We continue to have leaks in our gym. These have existed for years. I recently pointed out the wall near our northeast student entrance where there is water damage and the paint has rippled down the wall. Our FM assured me she submitted a work order to repair this.
207,CO-1420-2300,485,Dunstan MS,School Leader,Outdoor Amenities,3,"We appreciate the work that occurred on the field. We are still hearing there is standing water on the field. We affectionately call this, ""Lake Dunstan."""
207,CO-1420-2300,486,Dunstan MS,School Leader,Outdoor Amenities,4,
207,CO-1420-2300,487,Dunstan MS,School Leader,Outdoor Amenities,4,
207,CO-1420-2300,488,Dunstan MS,School Leader,Overall Condition,4,
207,CO-1420-2300,489,Dunstan MS,School Leader,Overall Condition,4,
207,CO-1420-2300,490,Dunstan MS,School Leader,Overall Condition,2,It is declining due to having multiple years of an understaffed crew. We are now fully staffed and can hopefully catch up. We have been fully staffed for about 1 year. I have been at Dunstan for 6 years.
207,CO-1420-2300,491,Dunstan MS,School Leader,Walkways,4,
207,CO-1420-2300,492,Dunstan MS,School Leader,Walkways,4,
207,CO-1420-2300,493,Dunstan MS,School Leader,Walkways,4,
207,CO-1420-2300,494,Dunstan MS,School Leader,Safety & Security,5,
207,CO-1420-2300,495,Dunstan MS,School Leader,Safety & Security,3,Some cameras are too old to operate. The school is paying for replacements and repairs.
207,CO-1420-2300,496,Dunstan MS,School Leader,Safety & Security,4,
111,CO-1420-2322,497,Dutch Creek ES,Facility Manager,HVAC,3,"Heating is perfectly adequate. Nice and warm during the winter.  During the hotter months it always seems extremely warm in our building Cooling does not seem sufficient.  Could just be building automation setpoints, not sure."
111,CO-1420-2322,498,Dutch Creek ES,Facility Manager,Interiors,5,
111,CO-1420-2322,499,Dutch Creek ES,Facility Manager,Other Issues,,N/A.
111,CO-1420-2322,500,Dutch Creek ES,Facility Manager,Teaching Space,5,
111,CO-1420-2322,501,Dutch Creek ES,Facility Manager,Water Intrusion,4,
111,CO-1420-2322,502,Dutch Creek ES,Facility Manager,Outdoor Amenities,5,
111,CO-1420-2322,503,Dutch Creek ES,Facility Manager,Overall Condition,5,
111,CO-1420-2322,504,Dutch Creek ES,Facility Manager,Walkways,3,"There is a section of sidewalk that has sunk and now the classroom that lines up with the walkway is exposed to the outside elements. Light can be seen under the wall from the inside of the classroom.  Also have some concrete that needs repair in the amphitheater. "
111,CO-1420-2322,505,Dutch Creek ES,Facility Manager,Safety & Security,3,We currently are in need of some added exterior lighting.  There are some fixtures that are more for residential needs. We could use a few more wall packs around the perimeter.  Some of the existing spotlights are unable to be serviced.
112,CO-1420-2496,506,Edgewater ES,School Leader,HVAC,2,"There are times that the gym is extremely hot or extremely cold. Rooms on the north end of the building can be very cold in the winter, but this is better now than in the past. "
112,CO-1420-2496,507,Edgewater ES,School Leader,HVAC,3,"Some rooms remain very hot when the air conditioner is on. (Classrooms in Hallway A and gym). "
112,CO-1420-2496,508,Edgewater ES,Facility Manager,HVAC,3,"There have been recurring problems with the air conditioning, particularly in the gym."
112,CO-1420-2496,509,Edgewater ES,School Leader,Interiors,1,"Brick walls in the lower floor are disintegrating from water. See response above. Adult bathrooms are in terrible condition. "
112,CO-1420-2496,510,Edgewater ES,School Leader,Interiors,3,"Our only adult bathrooms are in horrible shape, including the flooring, vanity, mirrors and lighting. "
112,CO-1420-2496,511,Edgewater ES,Facility Manager,Interiors,2,"Many instances of water damage, as previously mentioned."
112,CO-1420-2496,512,Edgewater ES,School Leader,Other Issues,,"We have ongoing, periodic problems with sewer gas coming into the building. It is usually alleviated by pouring water in a few drains to make sure the p-traps are sealed. However, this last spring, the sewer gas was horrible, even causing my eyes to water on some days. This can't be good for kids/staff. "
112,CO-1420-2496,513,Edgewater ES,School Leader,Other Issues,,not at this time
112,CO-1420-2496,514,Edgewater ES,Facility Manager,Other Issues,,"There have also been issues with the floor drains in the kitchen recently, as well as problems with their refrigeration. "
112,CO-1420-2496,515,Edgewater ES,School Leader,Teaching Space,3,"We still have coaching staff (4 members) in one temporary room and another temporary room is used by band, orchestra, PTA, Adult ESL, Adult cooking class, parent gatherings/meetings with principal, and for other things like student assessment in small groups and hearing/vision testing, etc.  We were supposed to have 4 classrooms added on from the bond, but the addition was excluded when construction took place. The extra rooms would have allowed us to have all the temporary buildings removed. "
112,CO-1420-2496,516,Edgewater ES,School Leader,Teaching Space,2,"We still have staff in Temp buildings that are falling apart. Our Instructional Coaches are in one temp, and our band, orchestra, PTA, adult ESL classes, adult cooking class,  and principal coffees with families are all in one other temp room. We were supposed to have an addition of 4 classrooms from the last Bond and never received this addition.  Having these 4 rooms would alleviate the need for the temps. "
112,CO-1420-2496,517,Edgewater ES,Facility Manager,Teaching Space,4,
112,CO-1420-2496,518,Edgewater ES,School Leader,Water Intrusion,1,"Our electric room floods when there is a lot of rain. This seems extremely dangerous with the electricity and water in the same room. Also, our brick walls on our lower floor are failing and disintegrating from water. If a French drain were to be out in where the drain from the roof empties to a garden near the building, this would probably help greatly. "
112,CO-1420-2496,519,Edgewater ES,School Leader,Water Intrusion,1,"The inside brick walls in Hallway B are crumbling. I think this is due to a drain near the building from the HVAC system on the roof. "
112,CO-1420-2496,520,Edgewater ES,Facility Manager,Water Intrusion,1,"There is obvious water damage on several of the walls downstairs. Though my most significant is the occasional flooding in the electrical room. When I checked it one day to find the floor covered in water, I put in a work order, but was told this has been an ongoing issue for years. Still, it seems potentially hazardous."
112,CO-1420-2496,521,Edgewater ES,School Leader,Outdoor Amenities,4,
112,CO-1420-2496,522,Edgewater ES,School Leader,Outdoor Amenities,5,
112,CO-1420-2496,523,Edgewater ES,Facility Manager,Outdoor Amenities,4,
112,CO-1420-2496,524,Edgewater ES,School Leader,Overall Condition,3,Adult bathrooms and failing walls on the first floor are the biggest concerns with the condition of our building. We are thankful for the grant for additional space and equipment on our playground.
112,CO-1420-2496,525,Edgewater ES,School Leader,Overall Condition,3,"Inside walls in hallway B are crumbing near the floor. "
112,CO-1420-2496,526,Edgewater ES,Facility Manager,Overall Condition,2,"In addition to the previously mentioned water damage, there have been some major plumbing issues lately. In the last few months, we've had two instances of floor drains overflowing with sewage, as well as a persistent smell of gas coming from the staff bathrooms and the crawlspace below the principal's office."
112,CO-1420-2496,527,Edgewater ES,School Leader,Walkways,4,
112,CO-1420-2496,528,Edgewater ES,School Leader,Walkways,4,
112,CO-1420-2496,529,Edgewater ES,Facility Manager,Walkways,3,"There are several cracks in the sidewalk, particularly near the trees on the east side of the building, next to the parking lot."
112,CO-1420-2496,530,Edgewater ES,School Leader,Safety & Security,2,"Fencing along Depew St. would be helpful in keeping the public from our school grounds. We find people in the garden area at times and crossing our playground to gain access to the public park that boarders our campus to the east. "
112,CO-1420-2496,531,Edgewater ES,School Leader,Safety & Security,3,"We could use more cameras, especially outside on the north and east side of the building, and several more interior cameras. "
112,CO-1420-2496,532,Edgewater ES,Facility Manager,Safety & Security,4,
113,CO-1420-2550,533,Eiber ES,School Leader,HVAC,3,Main office - A/C is not working. It works in the rest of the building
113,CO-1420-2550,534,Eiber ES,School Leader,Interiors,4,
113,CO-1420-2550,535,Eiber ES,School Leader,Other Issues,,
113,CO-1420-2550,536,Eiber ES,School Leader,Teaching Space,5,
113,CO-1420-2550,537,Eiber ES,School Leader,Water Intrusion,5,
113,CO-1420-2550,538,Eiber ES,School Leader,Outdoor Amenities,5,
113,CO-1420-2550,539,Eiber ES,School Leader,Overall Condition,5,
113,CO-1420-2550,540,Eiber ES,School Leader,Walkways,5,
113,CO-1420-2550,541,Eiber ES,School Leader,Safety & Security,5,
114,CO-1420-2616,542,Elk Creek ES,School Leader,HVAC,2,Some rooms are extremely warm while others are freezing on the same day. It can be a real problem and we had to cancel preschool last year for a day due to extremely cold classrooms.
114,CO-1420-2616,543,Elk Creek ES,Facility Manager,HVAC,5,
114,CO-1420-2616,544,Elk Creek ES,Facility Manager,HVAC,2,"Exhaust fans were and still are missing in accordance to HVAC personal .  "
114,CO-1420-2616,545,Elk Creek ES,Facility Manager,HVAC,2,"This Building is 30 years old and the HVAC is wack. Somedays some roms are  too hot. I have no control over HVAC unless it needs repair. "
114,CO-1420-2616,546,Elk Creek ES,School Leader,Interiors,2,
114,CO-1420-2616,547,Elk Creek ES,Facility Manager,Interiors,3,Original Building was recarpeted in the bond but the addition flooring will need replacement.
114,CO-1420-2616,548,Elk Creek ES,Facility Manager,Interiors,3,"Elk Creek Elementary is 36 years old. Most of our classroom walls are wallpaper and are peeling off. Some carpet needs to be replaced and some areas have become unglued. In many areas our flooring is uneven due to water damage and poor construction. "
114,CO-1420-2616,549,Elk Creek ES,Facility Manager,Interiors,1,"This building could use a upgrade on floors especially carpet but that costs money which we need funding for. Again this building is 30 plus years old. "
114,CO-1420-2616,550,Elk Creek ES,School Leader,Other Issues,,My FM could address this the best.
114,CO-1420-2616,551,Elk Creek ES,Facility Manager,Other Issues,,Overflow parking lot needs to be paved and fenced.
114,CO-1420-2616,552,Elk Creek ES,Facility Manager,Other Issues,,"Our main play pad could use a resurfacing. "
114,CO-1420-2616,553,Elk Creek ES,Facility Manager,Other Issues,,
114,CO-1420-2616,554,Elk Creek ES,School Leader,Teaching Space,5,
114,CO-1420-2616,555,Elk Creek ES,Facility Manager,Teaching Space,5,
114,CO-1420-2616,556,Elk Creek ES,Facility Manager,Teaching Space,5,
114,CO-1420-2616,557,Elk Creek ES,Facility Manager,Teaching Space,5,
114,CO-1420-2616,558,Elk Creek ES,School Leader,Water Intrusion,3,"lower level of building, water comes in exterior doors."
114,CO-1420-2616,559,Elk Creek ES,Facility Manager,Water Intrusion,5,
114,CO-1420-2616,560,Elk Creek ES,Facility Manager,Water Intrusion,1,"Elk Creek East side of building has massive flooding when it rains. The playground pitch of draining off of the playground causes this problem. In order to fix the problem a drain cut into the cement and a grill cover over the drain would solve this problem . The pitch of the hill at the (BOTTOM) of said hill has a cement  water  drainage system that includes a cement wash with metal drainage  grill. 
In winter time, as the snow melts it creates ice damns on walkways and in front of exit doors and endangers the health welfare and wellbeing of children and staff.    "
114,CO-1420-2616,561,Elk Creek ES,Facility Manager,Water Intrusion,4,
114,CO-1420-2616,562,Elk Creek ES,School Leader,Outdoor Amenities,2,
114,CO-1420-2616,563,Elk Creek ES,Facility Manager,Outdoor Amenities,1,need a artificial turf playfield. Gravel is unsafe.
114,CO-1420-2616,564,Elk Creek ES,Facility Manager,Outdoor Amenities,1,"Our wood fencing is front of building is rotten and damaged.  Some our grounds are trampled over by children running over it. We believe that xeriscape would help tremendously.  "
114,CO-1420-2616,565,Elk Creek ES,Facility Manager,Outdoor Amenities,5,
114,CO-1420-2616,566,Elk Creek ES,School Leader,Overall Condition,4,
114,CO-1420-2616,567,Elk Creek ES,Facility Manager,Overall Condition,4,
114,CO-1420-2616,568,Elk Creek ES,Facility Manager,Overall Condition,3,"Due to our location and the weather seasons our roof occasionally has issues.  "
114,CO-1420-2616,569,Elk Creek ES,Facility Manager,Overall Condition,4,
114,CO-1420-2616,570,Elk Creek ES,School Leader,Walkways,2,"The concrete is a mess, looks bad and we have tried to address this."
114,CO-1420-2616,571,Elk Creek ES,Facility Manager,Walkways,5,
114,CO-1420-2616,572,Elk Creek ES,Facility Manager,Walkways,1,"Concrete sidewalk on East side of building  has separated approximately 3 inches form exterior wall foundation. This causes water damage, mold and rodent problems in the building.   "
114,CO-1420-2616,573,Elk Creek ES,Facility Manager,Walkways,2,The way this building is built every slop outside goes toward the building making snow and rain enter from leaks to ice forming around entrances making it not safe sometimes.
114,CO-1420-2616,574,Elk Creek ES,School Leader,Safety & Security,3,
114,CO-1420-2616,575,Elk Creek ES,Facility Manager,Safety & Security,5,
114,CO-1420-2616,576,Elk Creek ES,Facility Manager,Safety & Security,3,"Security cameras are minimal at Elk Creek Elementary. We've had break-ins and vandalism and trespassing. On one occasion an arrest was made. "
114,CO-1420-2616,577,Elk Creek ES,Facility Manager,Safety & Security,5,
309,CO-1420-2836,578,Evergreen HS,School Leader,HVAC,2,"Ongoing inconsistencies with overly hot conditions in the Choir and Band rooms. This occurs throughout the year, not just during summer months. The upper floors also experience overly hot conditions (80-90 degrees). There are other spaces that deal with overly cold conditions (upper-50s to lower 60s). Main office offices are routinely cold, requiring individual portable heaters in all offices."
309,CO-1420-2836,579,Evergreen HS,Facility Manager,HVAC,4,
309,CO-1420-2836,580,Evergreen HS,School Leader,Interiors,2,Flooring is mostly good. The new molding and trim does not adhere. The new paint on all handrails was not applied properly. Carpet is good!
309,CO-1420-2836,581,Evergreen HS,Facility Manager,Interiors,2,"Senior hall still has the original carpet on it even after construction. I go to these other high schools in the district and wonder why they look great and our building looks old and outdated. "
309,CO-1420-2836,582,Evergreen HS,School Leader,Other Issues,,"All concerns have been raised--there are no funds or solutions given. "
309,CO-1420-2836,583,Evergreen HS,Facility Manager,Other Issues,,"Sport sheds are falling apart. The food stand on the soccer field needs removed but the ones on the football field need replaced. 
Path that leads to our upper dirt parking lot constantly erodes away making it difficult for student walkway. 
Bridge that leads to open space wetlands is getting old and not safe to walk on"
309,CO-1420-2836,584,Evergreen HS,School Leader,Teaching Space,5,
309,CO-1420-2836,585,Evergreen HS,Facility Manager,Teaching Space,5,
309,CO-1420-2836,586,Evergreen HS,School Leader,Water Intrusion,5,
309,CO-1420-2836,587,Evergreen HS,Facility Manager,Water Intrusion,4,"Minor roof leaks "
309,CO-1420-2836,588,Evergreen HS,School Leader,Outdoor Amenities,1,"There is a notable inequity in the athletic facilities at other high school and EHS. Our lights and bleachers were parent-funded. We have an unlit field with dangerous footing that poses an injury risk to Marching Band and other field-based sports. This requires heavy usage and split time between up to four different programs during the fall and spring. This also poses possible Title IX related equity issues. Parking lot is consistently not cared for with ice/snow related events. "
309,CO-1420-2836,589,Evergreen HS,Facility Manager,Outdoor Amenities,3,"Soccer field if in ruff shape. Flooding is an issues with the natural water way coming from our wetland area. Also has created groves and ridges making it difficult to use. 
Football field track is falling apart. Has cuts and rips in it. 
Tennis court has cracks in it
"
309,CO-1420-2836,590,Evergreen HS,School Leader,Overall Condition,2,"Parts of the building are fine. Other parts are old, dirty due to age and use. We have an open sewage line behind the wrestling room doors, which makes for a poor student experience. This is an older building that would benefit from numerous upgrades to be on par in terms of services, comfort, educational and teaching/working conditions with other high schools in the district. "
309,CO-1420-2836,591,Evergreen HS,Facility Manager,Overall Condition,3,
309,CO-1420-2836,592,Evergreen HS,School Leader,Walkways,1,Some crumbling concrete. Ice melt cannot be used on new pours. These are our ADA entrances and exits. I have concerns around equity and safety as it pertains to students and guests with mobility issues. Sidewalks and stairs ARE NOT reliably safe for weeks at a time during winter months.
309,CO-1420-2836,593,Evergreen HS,Facility Manager,Walkways,2,"Bus stairs have cracks in it and are starting to fall apart 
Main stairs have a chunk missing out of them 
Athletic staircase is starting to get cracks in it."
309,CO-1420-2836,594,Evergreen HS,School Leader,Safety & Security,2,There are dozens of blind spots that need cameras. There is collapsing fencing. A gate requested in fall of 2024 to support safe entrances during after school events has not been addressed. Ongoing ice related injuries. The secure vestibule doors had a few instances of not locking. Unarmed doors.
309,CO-1420-2836,595,Evergreen HS,Facility Manager,Safety & Security,4,
208,CO-1420-2832,596,Evergreen MS,School Leader,HVAC,1,"Building is either extremely hot or extremely cold. There is no comfort zone. "
208,CO-1420-2832,597,Evergreen MS,School Leader,Interiors,5,
208,CO-1420-2832,598,Evergreen MS,School Leader,Other Issues,,"short on exterior security cameras. "
208,CO-1420-2832,599,Evergreen MS,School Leader,Teaching Space,5,
208,CO-1420-2832,600,Evergreen MS,School Leader,Water Intrusion,1,
208,CO-1420-2832,601,Evergreen MS,School Leader,Outdoor Amenities,2,"track and tennis courts are unsafe. broken springler heads throughout. "
208,CO-1420-2832,602,Evergreen MS,School Leader,Overall Condition,4,
208,CO-1420-2832,603,Evergreen MS,School Leader,Walkways,4,
208,CO-1420-2832,604,Evergreen MS,School Leader,Safety & Security,4,
209,CO-1420-2820,605,Everitt MS,School Leader,HVAC,2,"There are multiple rooms that are either too hot or too cool. These include the choir and band rooms, gym, principal�۪s office, conference room. "
209,CO-1420-2820,606,Everitt MS,Facility Manager,HVAC,4,
209,CO-1420-2820,607,Everitt MS,School Leader,Interiors,3,"Our tile flooring throughout need to be rewaxed. Our walls are in need of paint. "
209,CO-1420-2820,608,Everitt MS,Facility Manager,Interiors,3,"We need new tile in all rooms. Tile is cracking and really scratched. "
209,CO-1420-2820,609,Everitt MS,School Leader,Other Issues,,"The basement restrooms (community facing during events) are in a significant state of disrepair. "
209,CO-1420-2820,610,Everitt MS,Facility Manager,Other Issues,,
209,CO-1420-2820,611,Everitt MS,School Leader,Teaching Space,5,
209,CO-1420-2820,612,Everitt MS,Facility Manager,Teaching Space,4,
209,CO-1420-2820,613,Everitt MS,School Leader,Water Intrusion,1,"We had multiple roof leaks this year some of which took a long time to repair. "
209,CO-1420-2820,614,Everitt MS,Facility Manager,Water Intrusion,5,
209,CO-1420-2820,615,Everitt MS,School Leader,Outdoor Amenities,2,"There are multiple broken benches which need to be replaced or repaired. "
209,CO-1420-2820,616,Everitt MS,Facility Manager,Outdoor Amenities,4,
209,CO-1420-2820,617,Everitt MS,School Leader,Overall Condition,3,
209,CO-1420-2820,618,Everitt MS,Facility Manager,Overall Condition,4,
209,CO-1420-2820,619,Everitt MS,School Leader,Walkways,2,"The stairs on the east side are falling apart. "
209,CO-1420-2820,620,Everitt MS,Facility Manager,Walkways,4,
209,CO-1420-2820,621,Everitt MS,School Leader,Safety & Security,2,"We had issues this year with our parking lot lighting. It was out much of the year. "
209,CO-1420-2820,622,Everitt MS,Facility Manager,Safety & Security,1,"It has not been updated. We have not received a secured vestibule. And we don't have wall panic buttons "
115,CO-1420-2866,623,Fairmount ES,School Leader,HVAC,4,
115,CO-1420-2866,624,Fairmount ES,Facility Manager,HVAC,4,
115,CO-1420-2866,625,Fairmount ES,School Leader,Interiors,1,"Most of the carpet in classrooms is old and gross. "
115,CO-1420-2866,626,Fairmount ES,Facility Manager,Interiors,2,bathrooms and cafeteria need new flooring
115,CO-1420-2866,627,Fairmount ES,School Leader,Other Issues,,
115,CO-1420-2866,628,Fairmount ES,Facility Manager,Other Issues,,"we need a new parking lot badly this is a safety concern and tripping hazard. we have roof leaks in area when it rains. "
115,CO-1420-2866,629,Fairmount ES,School Leader,Teaching Space,4,
115,CO-1420-2866,630,Fairmount ES,Facility Manager,Teaching Space,4,
115,CO-1420-2866,631,Fairmount ES,School Leader,Water Intrusion,4,
115,CO-1420-2866,632,Fairmount ES,Facility Manager,Water Intrusion,3,water comes under door in gym when it rains
115,CO-1420-2866,633,Fairmount ES,School Leader,Outdoor Amenities,2,"The playground is solid, but the back top and field are in poor condition. "
115,CO-1420-2866,634,Fairmount ES,Facility Manager,Outdoor Amenities,2,playground needs replaced and pavement in play area
115,CO-1420-2866,635,Fairmount ES,School Leader,Overall Condition,3,"Overall I think it is OK. We need a new parking lot, carpet in classrooms, bathroom fixes, black top, and field work. "
115,CO-1420-2866,636,Fairmount ES,Facility Manager,Overall Condition,4,
115,CO-1420-2866,637,Fairmount ES,School Leader,Walkways,4,
115,CO-1420-2866,638,Fairmount ES,Facility Manager,Walkways,4,
115,CO-1420-2866,639,Fairmount ES,School Leader,Safety & Security,3,"We would like to have cameras in the vestibule and additional ones outside. We have some areas where I don't feel we have a clear view of areas. "
115,CO-1420-2866,640,Fairmount ES,Facility Manager,Safety & Security,3,i would like more cameras in the building
210,CO-1420-2963,641,Falcon Bluffs MS,Facility Manager,HVAC,1,"The chiller as we speak as been broken since the last week of school. Problems in the winter time with excessive heat and dampers getting stuck open. "
210,CO-1420-2963,642,Falcon Bluffs MS,Facility Manager,Interiors,3,"Eating in classrooms for Breakfast carpets are getting stained.  "
210,CO-1420-2963,643,Falcon Bluffs MS,Facility Manager,Other Issues,,The sound system for the gym and our auditorium are on there last leg . Lots of repairs over the last couple of years. Sometimes they don't work at all.
210,CO-1420-2963,644,Falcon Bluffs MS,Facility Manager,Teaching Space,2,Not enough storage space for custodial equipment.
210,CO-1420-2963,645,Falcon Bluffs MS,Facility Manager,Water Intrusion,3,Every time it rains we have a new water leak in the roof.
210,CO-1420-2963,646,Falcon Bluffs MS,Facility Manager,Outdoor Amenities,5,
210,CO-1420-2963,647,Falcon Bluffs MS,Facility Manager,Overall Condition,3,All the problems I pointed out earlier HVAC not up to par carpets getting stained roof leaks .
210,CO-1420-2963,648,Falcon Bluffs MS,Facility Manager,Walkways,5,
210,CO-1420-2963,649,Falcon Bluffs MS,Facility Manager,Safety & Security,3,Exterior building lights don't light up a lot of the building in the dark.
116,CO-1420-3025,650,Foothills ES,School Leader,HVAC,2,Some rooms are overly hot in the summer and the same rooms are overly cold in the winter. Not even disbursement of air conditioning or heating.
116,CO-1420-3025,651,Foothills ES,School Leader,Interiors,3,"The building has had several additions over the years- with each addition, we have mismatched flooring. There are pieces of the tile flooring that are missing and have not been replaced."
116,CO-1420-3025,652,Foothills ES,School Leader,Other Issues,,"The handicap parking is problematic for one of my staff members- he is concerned about the length of distance from the handicpa spot to the entrance of the building, especially when the weather is poor."
116,CO-1420-3025,653,Foothills ES,School Leader,Teaching Space,1,We are at capacity- I do not have enough space for teachers and am close to not having enough space for the number of students we have.
116,CO-1420-3025,654,Foothills ES,School Leader,Water Intrusion,1,"Every year I have been at Foothills we have had a significant water leak. One year it was in a kindergarten classroom and caused damage to the belongings in the room. Last year it was in the main hallway, celing tiles were replaced and carpet was dried. "
116,CO-1420-3025,655,Foothills ES,School Leader,Outdoor Amenities,4,
116,CO-1420-3025,656,Foothills ES,School Leader,Overall Condition,2,See above information
116,CO-1420-3025,657,Foothills ES,School Leader,Walkways,4,
116,CO-1420-3025,658,Foothills ES,School Leader,Safety & Security,2,"The main entrance is extremely small and in the main entrance vestibule, there is a window that opens to the principals office- this is not safe. "
502,CO-1420-3088,659,Foster Dual Language PK-8,School Leader,HVAC,3,"We have some rooms that get really hot, even when it is very cold outside. Your photo here is a very old photo of my school. Our Temp buildings are gone and we had a new addition in 2021 - I'm surprised this is the photo your are using for this.  
"
502,CO-1420-3088,660,Foster Dual Language PK-8,Facility Manager,HVAC,4,
502,CO-1420-3088,661,Foster Dual Language PK-8,Facility Manager,HVAC,4,
502,CO-1420-3088,662,Foster Dual Language PK-8,School Leader,Interiors,4,
502,CO-1420-3088,663,Foster Dual Language PK-8,Facility Manager,Interiors,4,
502,CO-1420-3088,664,Foster Dual Language PK-8,Facility Manager,Interiors,3,"The flooring in the gym(carpet) is really old and needs to be replaced because it is deteriorating and is becoming a safety hazard for the kids.
-Also the partition walls between the gym and cafeteria(sliding doors) are old and deteriorating as well."
502,CO-1420-3088,665,Foster Dual Language PK-8,School Leader,Other Issues,,"Saftety in our Parking lot! 
We need more space for parking. This school was built in 1955 as a neighborhood school. We have gone from three buses full of students to one bus because so many people drive their students, with only an increase of students at Foster. We need a bigger parking lot and a safer pick up lane for parents. We were supposed to receive a new parking lot from the last bond, but there wasn't enough money for it. This is a HUGE safety concern. "
502,CO-1420-3088,666,Foster Dual Language PK-8,Facility Manager,Other Issues,,We need a better cameras (video) and also a bigger parking lot.
502,CO-1420-3088,667,Foster Dual Language PK-8,Facility Manager,Other Issues,,"We only have one women's bathroom on one side of the building that has been shared by the female teachers,can we please have more bathrooms for them to use please,
"
502,CO-1420-3088,668,Foster Dual Language PK-8,School Leader,Teaching Space,4,
502,CO-1420-3088,669,Foster Dual Language PK-8,Facility Manager,Teaching Space,4,
502,CO-1420-3088,670,Foster Dual Language PK-8,Facility Manager,Teaching Space,4,
502,CO-1420-3088,671,Foster Dual Language PK-8,School Leader,Water Intrusion,5,
502,CO-1420-3088,672,Foster Dual Language PK-8,Facility Manager,Water Intrusion,4,
502,CO-1420-3088,673,Foster Dual Language PK-8,Facility Manager,Water Intrusion,4,
502,CO-1420-3088,674,Foster Dual Language PK-8,School Leader,Outdoor Amenities,4,
502,CO-1420-3088,675,Foster Dual Language PK-8,Facility Manager,Outdoor Amenities,5,
502,CO-1420-3088,676,Foster Dual Language PK-8,Facility Manager,Outdoor Amenities,5,
502,CO-1420-3088,677,Foster Dual Language PK-8,School Leader,Overall Condition,4,
502,CO-1420-3088,678,Foster Dual Language PK-8,Facility Manager,Overall Condition,4,
502,CO-1420-3088,679,Foster Dual Language PK-8,Facility Manager,Overall Condition,4,
502,CO-1420-3088,680,Foster Dual Language PK-8,School Leader,Walkways,4,
502,CO-1420-3088,681,Foster Dual Language PK-8,Facility Manager,Walkways,5,
502,CO-1420-3088,682,Foster Dual Language PK-8,Facility Manager,Walkways,5,
502,CO-1420-3088,683,Foster Dual Language PK-8,School Leader,Safety & Security,3,We need another camera for safety here. We have an active homeless population and need a camera here for video and also for observation. It is a blind spot.
502,CO-1420-3088,684,Foster Dual Language PK-8,Facility Manager,Safety & Security,4,
502,CO-1420-3088,685,Foster Dual Language PK-8,Facility Manager,Safety & Security,3,"The cameras video is really poor and is really difficult to see a clear face in a video also we are in need of a Camera looking towards the storage sheds, because we have homeless people breaking in to them really often."
310,CO-1420-3502,686,Golden HS,School Leader,HVAC,1,"The units do not heat and cool the building consistently heat and cool from room to room. One room may be cold and another room may hot. There are certain rooms that must be cooled through fans and certain rooms are so hot during winter we have to open windows. The HVAC unit is the biggest mechanical issue at GHS. "
310,CO-1420-3502,687,Golden HS,School Leader,Interiors,2,"Since I started last year we have been repainting, but the carpet is not in good shape at all. "
310,CO-1420-3502,688,Golden HS,School Leader,Other Issues,,"Parking lot needs to be repaved. "
310,CO-1420-3502,689,Golden HS,School Leader,Teaching Space,2,We are full.
310,CO-1420-3502,690,Golden HS,School Leader,Water Intrusion,4,
310,CO-1420-3502,691,Golden HS,School Leader,Outdoor Amenities,4,
310,CO-1420-3502,692,Golden HS,School Leader,Overall Condition,3,"The building is 17 years old and looks 50. "
310,CO-1420-3502,693,Golden HS,School Leader,Walkways,4,
310,CO-1420-3502,694,Golden HS,School Leader,Safety & Security,1,We do not have a secure vestibule. We also have two building which cause multiple doors to have be unlocked to allow outside people easier access to the inside of the campus. I would prefer our courtyard to be fenced.
118,CO-1420-3536,695,Governor's Ranch ES,School Leader,HVAC,3,Classroom temps in the fall tend to be high resulting in multiple fans used in each classroom.
118,CO-1420-3536,696,Governor's Ranch ES,Facility Manager,HVAC,4,
118,CO-1420-3536,697,Governor's Ranch ES,Facility Manager,HVAC,5,
118,CO-1420-3536,698,Governor's Ranch ES,School Leader,Interiors,3,We painted all classroom walls summer of 2023 prior to classroom carpet being replaced.  We are currently in a 2-3 year project of painting all interior hallways walls.  All painting is done at school's expense using SBB funds.
118,CO-1420-3536,699,Governor's Ranch ES,Facility Manager,Interiors,2,"In all the pods has old wallpaper makes it hard to clean and to keep in fair looking condition !! floors are in poor condition in art room and in cafeteria !! "
118,CO-1420-3536,700,Governor's Ranch ES,Facility Manager,Interiors,4,
118,CO-1420-3536,701,Governor's Ranch ES,School Leader,Other Issues,,
118,CO-1420-3536,702,Governor's Ranch ES,Facility Manager,Other Issues,,"n\a "
118,CO-1420-3536,703,Governor's Ranch ES,Facility Manager,Other Issues,,
118,CO-1420-3536,704,Governor's Ranch ES,School Leader,Teaching Space,3,"We continue to grow, and we are currently using every classroom space.  Using SBB dollars, we fixed/flipped the dark room into a CLDE office/classroom.  The removal of our temp buildings meant additional wear/tear on the main building by clubs and before/after school care."
118,CO-1420-3536,705,Governor's Ranch ES,Facility Manager,Teaching Space,4,
118,CO-1420-3536,706,Governor's Ranch ES,Facility Manager,Teaching Space,4,Our school i
118,CO-1420-3536,707,Governor's Ranch ES,School Leader,Water Intrusion,4,
118,CO-1420-3536,708,Governor's Ranch ES,Facility Manager,Water Intrusion,4,
118,CO-1420-3536,709,Governor's Ranch ES,Facility Manager,Water Intrusion,5,
118,CO-1420-3536,710,Governor's Ranch ES,School Leader,Outdoor Amenities,2,Playground updated ($240k) completed using school funds in 2025; blacktop areas and areas were temp buildings were are in disrepair.  Baseball field benches are in disrepair.
118,CO-1420-3536,711,Governor's Ranch ES,Facility Manager,Outdoor Amenities,4,
118,CO-1420-3536,712,Governor's Ranch ES,Facility Manager,Outdoor Amenities,5,
118,CO-1420-3536,713,Governor's Ranch ES,School Leader,Overall Condition,3,
118,CO-1420-3536,714,Governor's Ranch ES,Facility Manager,Overall Condition,5,
118,CO-1420-3536,715,Governor's Ranch ES,Facility Manager,Overall Condition,2,"Windows and doors are so old in every classroom!! .. bathrooms tile ,doors "
118,CO-1420-3536,716,Governor's Ranch ES,School Leader,Walkways,2,Concrete heaving by trees and sinking near building resulting is trip hazards and snow removal issues (heaving) and water resting by foundation (sinking).
118,CO-1420-3536,717,Governor's Ranch ES,Facility Manager,Walkways,4,
118,CO-1420-3536,718,Governor's Ranch ES,Facility Manager,Walkways,3,"Back north playground sidewalk  has a big broken spot. "
118,CO-1420-3536,719,Governor's Ranch ES,School Leader,Safety & Security,3,"With exception of main entry camera and security vestibule, all cameras have been purchased using school funds.  Two additional cameras are needed as indicated on map (location marker isn't accurate--see descriptions for each marker).  Also, several cameras are now out of warranty that will need to be replaced with they break."
118,CO-1420-3536,720,Governor's Ranch ES,Facility Manager,Safety & Security,5,
118,CO-1420-3536,721,Governor's Ranch ES,Facility Manager,Safety & Security,5,
119,CO-1420-3622,722,Green Gables ES,School Leader,HVAC,5,
119,CO-1420-3622,723,Green Gables ES,Facility Manager,HVAC,4,
119,CO-1420-3622,724,Green Gables ES,School Leader,Interiors,5,
119,CO-1420-3622,725,Green Gables ES,Facility Manager,Interiors,4,
119,CO-1420-3622,726,Green Gables ES,School Leader,Other Issues,,"Our bathrooms are old and in need of work and updates. The floors/walls are old and damaged. The floor tiles are cracked and gross. The boys bathrooms in particular consistently smell of urine and that is not due to them lacking proper cleaning and sanitizing. Honestly, it seems like the smell is in the walls and floor. "
119,CO-1420-3622,727,Green Gables ES,Facility Manager,Other Issues,,"Our bathrooms are very outdated. The tile on the floor is cracking holding urine and other things causing our bathrooms to consistently smell regardless of cleaning and sanitizing. "
119,CO-1420-3622,728,Green Gables ES,School Leader,Teaching Space,3,"Our building is in good condition, however, it is a small school and we have grown in enrollment. We have limited space for staff members and many share work and student spaces. "
119,CO-1420-3622,729,Green Gables ES,Facility Manager,Teaching Space,3,We have a small building and with shared staff lack work spaces for adults. We also can never grow our enrollment because we can't add classrooms. We are at capacity.
119,CO-1420-3622,730,Green Gables ES,School Leader,Water Intrusion,3,When there is heavy rain or heavy/wet snowfall we will often leaks in the rooms identified below.
119,CO-1420-3622,731,Green Gables ES,Facility Manager,Water Intrusion,1,
119,CO-1420-3622,732,Green Gables ES,School Leader,Outdoor Amenities,5,
119,CO-1420-3622,733,Green Gables ES,Facility Manager,Outdoor Amenities,4,
119,CO-1420-3622,734,Green Gables ES,School Leader,Overall Condition,5,
119,CO-1420-3622,735,Green Gables ES,Facility Manager,Overall Condition,4,
119,CO-1420-3622,736,Green Gables ES,School Leader,Walkways,5,
119,CO-1420-3622,737,Green Gables ES,Facility Manager,Walkways,5,
119,CO-1420-3622,738,Green Gables ES,School Leader,Safety & Security,3,We could utilize additional outdoor cameras as we have had vandalism increasing on our property and we do not have cameras in all the outdoor locations to support that and if there was an emergency situation where we needed to see the entire perimeter of ourproperty.
119,CO-1420-3622,739,Green Gables ES,Facility Manager,Safety & Security,2,"Our secure vestibule does not have a window screen, but instead a door into the office and a door into the school. We have been told this is not technically how it should have been done and is not as secure as if we had the window box and no door directly into the office. 

We lack security cameras on the outside of the building to give a clear view of who is on property. "
311,CO-1420-3628,740,Green Mountain HS,School Leader,HVAC,1,"The air is never moving in the building. The ac especially "
311,CO-1420-3628,741,Green Mountain HS,Facility Manager,HVAC,2,Building struggles to cool down
311,CO-1420-3628,742,Green Mountain HS,School Leader,Interiors,1,"The leaks have damaged the walls and floors, everything needs an update "
311,CO-1420-3628,743,Green Mountain HS,Facility Manager,Interiors,3,
311,CO-1420-3628,744,Green Mountain HS,School Leader,Other Issues,,
311,CO-1420-3628,745,Green Mountain HS,Facility Manager,Other Issues,,
311,CO-1420-3628,746,Green Mountain HS,School Leader,Teaching Space,4,
311,CO-1420-3628,747,Green Mountain HS,Facility Manager,Teaching Space,4,
311,CO-1420-3628,748,Green Mountain HS,School Leader,Water Intrusion,1,"We have so many leaks including our main commons onto our stage and multiple classrooms. "
311,CO-1420-3628,749,Green Mountain HS,Facility Manager,Water Intrusion,2,Major flood in athletics at beginning of May. Many roof leaks always putting in work order replacing ceiling tiles and the roof leak always comes back. In need of a new roof
311,CO-1420-3628,750,Green Mountain HS,School Leader,Outdoor Amenities,1,"The softball field and baseball field are not safe for students or visitors. "
311,CO-1420-3628,751,Green Mountain HS,Facility Manager,Outdoor Amenities,4,
311,CO-1420-3628,752,Green Mountain HS,School Leader,Overall Condition,1,"Green Mountain is n serious need of updates. "
311,CO-1420-3628,753,Green Mountain HS,Facility Manager,Overall Condition,2,"Building could use some tlc. With me being new I have a goal on how I can improve the overall look to he building. But I can only do so much. H hall, C hall and I hall  the  really old carpet needs replaced. New roof, some asbestos abatement. drainage into gym water is rotting in a area and was told nothing could be done. "
311,CO-1420-3628,754,Green Mountain HS,School Leader,Walkways,4,
311,CO-1420-3628,755,Green Mountain HS,Facility Manager,Walkways,4,
311,CO-1420-3628,756,Green Mountain HS,School Leader,Safety & Security,4,
311,CO-1420-3628,757,Green Mountain HS,Facility Manager,Safety & Security,4,
120,CO-1420-3726,758,Hackberry Hill ES,School Leader,HVAC,4,
120,CO-1420-3726,759,Hackberry Hill ES,Facility Manager,HVAC,3,"Temperature regulation across the building is inconsistent. Some rooms become excessively hot, while others remain uncomfortably cold due to limited control over individual room temperatures and poor airflow. Older sections of the building, particularly south-facing rooms, tend to overheat on sunny days, while north-facing classrooms often become very cold during the winter. Although the school attempts to regulate temperatures building-wide, some classrooms take longer to adjust and lack individual thermostats for direct control."
120,CO-1420-3726,760,Hackberry Hill ES,School Leader,Interiors,5,
120,CO-1420-3726,761,Hackberry Hill ES,Facility Manager,Interiors,2,"The school has outdated tile flooring, and many areas throughout the building still have old, discolored carpets that show significant wear and age. Storages have large cracks and missing cement. Gang restrooms have outdated floors with many chips pieces and imperfections that cannot be fixed. Walls are in good condition. "
120,CO-1420-3726,762,Hackberry Hill ES,School Leader,Other Issues,,
120,CO-1420-3726,763,Hackberry Hill ES,Facility Manager,Other Issues,,"Aside from the safety concerns related to the playground wood chips, inconsistent HVAC air temperatures, and outdated flooring, the school is otherwise in good overall condition."
120,CO-1420-3726,764,Hackberry Hill ES,School Leader,Teaching Space,5,
120,CO-1420-3726,765,Hackberry Hill ES,Facility Manager,Teaching Space,4,
120,CO-1420-3726,766,Hackberry Hill ES,School Leader,Water Intrusion,5,
120,CO-1420-3726,767,Hackberry Hill ES,Facility Manager,Water Intrusion,4,
120,CO-1420-3726,768,Hackberry Hill ES,School Leader,Outdoor Amenities,5,
120,CO-1420-3726,769,Hackberry Hill ES,Facility Manager,Outdoor Amenities,3,"The playground equipment is in good condition; however, the wood chip base has presented ongoing safety concerns. Areas beneath the swings and slides often become uneven as children frequently displace the wood chips, leading to surfaces that do not meet safety standards. While regular raking can temporarily address the issue, it requires consistent daily attention. Additionally, weather conditions���such as wind blowing chips out of the play area and freezing temperatures making the chips immovable���further complicate maintenance."
120,CO-1420-3726,770,Hackberry Hill ES,School Leader,Overall Condition,5,
120,CO-1420-3726,771,Hackberry Hill ES,Facility Manager,Overall Condition,4,
120,CO-1420-3726,772,Hackberry Hill ES,School Leader,Walkways,5,
120,CO-1420-3726,773,Hackberry Hill ES,Facility Manager,Walkways,5,
120,CO-1420-3726,774,Hackberry Hill ES,School Leader,Safety & Security,5,
120,CO-1420-3726,775,Hackberry Hill ES,Facility Manager,Safety & Security,4,
121,CO-1420-4190,776,Hutchinson ES,School Leader,HVAC,3,"Art toom hallway tends to get very warm. "
121,CO-1420-4190,777,Hutchinson ES,Facility Manager,HVAC,4,
121,CO-1420-4190,778,Hutchinson ES,School Leader,Interiors,3,It's an old building. Walls and flooring could use a bit of love
121,CO-1420-4190,779,Hutchinson ES,Facility Manager,Interiors,3,"Almost all doors interior and exterior need an upgrade, pink laminate not really in style any more. Most areas are ok, most of the wall paper is in good shape. Recently got a lot of new carpet except in a few locations. can feel foundation bumps in a couple of spots in hallways. worst is in cafeteria where it has cracked the tile and makes for a tripping hazard. All in all considering the age of the building, looks to be in pretty good shape."
121,CO-1420-4190,780,Hutchinson ES,School Leader,Other Issues,,We would really like the district to look into resurfacing our back playground pad. Our community has asked about this for three years. It is also becoming a safety issue.
121,CO-1420-4190,781,Hutchinson ES,Facility Manager,Other Issues,,"one corner of building has a sizable gap after it was Mudd jacked up. Cafeteria retiling needed. finish the lighting up grade in hallways and offices. Finish carpet upgrade, 3 rooms and hallways. Fire lane to the north of building needs to be redone the hill eroded it away making eye sore. All doors upgrade. Concrete ramp leading into school has a few sizable cracks."
121,CO-1420-4190,782,Hutchinson ES,School Leader,Teaching Space,4,
121,CO-1420-4190,783,Hutchinson ES,Facility Manager,Teaching Space,4,
121,CO-1420-4190,784,Hutchinson ES,School Leader,Water Intrusion,5,
121,CO-1420-4190,785,Hutchinson ES,Facility Manager,Water Intrusion,4,
121,CO-1420-4190,786,Hutchinson ES,School Leader,Outdoor Amenities,2,"Our back playground pad needs to be resurfaced and painted. We would like more 4 square games, new basketball hoops etc..."
121,CO-1420-4190,787,Hutchinson ES,Facility Manager,Outdoor Amenities,5,
121,CO-1420-4190,788,Hutchinson ES,School Leader,Overall Condition,3,"It's just getting old and when compared with other schools in our area, we could use some work. "
121,CO-1420-4190,789,Hutchinson ES,Facility Manager,Overall Condition,4,
121,CO-1420-4190,790,Hutchinson ES,School Leader,Walkways,4,
121,CO-1420-4190,791,Hutchinson ES,Facility Manager,Walkways,4,
121,CO-1420-4190,792,Hutchinson ES,School Leader,Safety & Security,3,We need more cameras.
121,CO-1420-4190,793,Hutchinson ES,Facility Manager,Safety & Security,3,"front vestibule has no pass through window, several blind spots from cameras on exterior of building. No cameras on interior"
410;411,CO-1420-4307,794,Irwin (JRLP),Facility Manager,HVAC,5,
410;411,CO-1420-4307,795,Irwin (JRLP),Facility Manager,Interiors,5,
410;411,CO-1420-4307,796,Irwin (JRLP),Facility Manager,Other Issues,,
410;411,CO-1420-4307,797,Irwin (JRLP),Facility Manager,Teaching Space,5,
410;411,CO-1420-4307,798,Irwin (JRLP),Facility Manager,Water Intrusion,5,
410;411,CO-1420-4307,799,Irwin (JRLP),Facility Manager,Outdoor Amenities,5,
410;411,CO-1420-4307,800,Irwin (JRLP),Facility Manager,Overall Condition,5,
410;411,CO-1420-4307,801,Irwin (JRLP),Facility Manager,Walkways,5,
410;411,CO-1420-4307,802,Irwin (JRLP),Facility Manager,Safety & Security,5,
410;411,CO-1420-4307,803,Irwin (JVA),School Leader,HVAC,3,There are many times when we need to use a space heater in the winter or the heating doesn't work during the coldest of days.
410;411,CO-1420-4307,804,Irwin (JVA),School Leader,Interiors,4,
410;411,CO-1420-4307,805,Irwin (JVA),School Leader,Other Issues,,"It would be better to co-locate us in a location further north and closer to Highway 93, as we have a lot of students coming to us from mountain areas (Conifer, Evergreen), Golden area, or C470 area."
410;411,CO-1420-4307,806,Irwin (JVA),School Leader,Teaching Space,1,"JVA and JRLP share a physical location. While we are both remote schools, we are different. JRLP serves students as young as kindergarten age. JVA serves students up to age 21, with many having weapons and assault charges. Each school has two classrooms to share for all of our students, which causes challenges especially during testing season. Also, we have 6 admin and 3 secretaries each, with only two offices for the admin and make-shift work spaces for the secretaries. Honestly, it would be better to co-locate JVA in a high school with a secure location that is underutilized, ideally on the Northwest side of the county as we have a lot of mountain kids enrolled coming from Evergreen/Conifer, and north-central area schools like RV and Golden."
410;411,CO-1420-4307,807,Irwin (JVA),School Leader,Water Intrusion,4,
410;411,CO-1420-4307,808,Irwin (JVA),School Leader,Outdoor Amenities,1,"JVA is a high school serving students up to the age of 21. We have pre-school equipment onsite! It would be great to have a cafeteria and a basketball court for students, which of course a preschool facility is not setup to have."
410;411,CO-1420-4307,809,Irwin (JVA),School Leader,Overall Condition,3,"The building is in good condition for a small elementary or preschool. It does not work for a high school like JVA. "
410;411,CO-1420-4307,810,Irwin (JVA),School Leader,Walkways,4,
410;411,CO-1420-4307,811,Irwin (JVA),School Leader,Safety & Security,1,"JVA does not have a secure entrance even though we are an AEC school serving some of the highest risk students in Jeffco. This is a critical need. "
122,CO-1420-6539,812,Jeffco Open School,School Leader,HVAC,2,"When temperatures are extreme outside (hot or cold), the HVAC system does not provide adequate heating or cooling in our gym or in several classroom locations throughout the school. The cooling issues are most extreme on the second floor. Heating issues are most drastic in rooms where large glass garage doors exist. "
122,CO-1420-6539,813,Jeffco Open School,Facility Manager,HVAC,1,"AHU2 frequently stops working, and is currently not working. The entire upper level of the building is consistently very hot in the summertime compared to the lower level."
122,CO-1420-6539,814,Jeffco Open School,School Leader,Interiors,4,
122,CO-1420-6539,815,Jeffco Open School,Facility Manager,Interiors,3,"Vinyl flooring is in terrible condition in the hallway outside the gym and preschool, classrooms C131 and C137, and the exterior door in the hallway outside room C137. The stairs in the commons area kickplates are falling apart. "
122,CO-1420-6539,816,Jeffco Open School,School Leader,Other Issues,,"The room that was our old theater (A-102) is so poorly lit that it is difficult to use for any classes. The lighting needs to be upgraded for new purposes. This area could also be converted into classroom space and/or storage, solving other issues."
122,CO-1420-6539,817,Jeffco Open School,Facility Manager,Other Issues,,"There are woodpeckers living at the top of the building, in the old theater at the parking lot end of the building. There are about 100 holes and counting in the exterior of the building on the top."
122,CO-1420-6539,818,Jeffco Open School,School Leader,Teaching Space,4,
122,CO-1420-6539,819,Jeffco Open School,Facility Manager,Teaching Space,4,
122,CO-1420-6539,820,Jeffco Open School,School Leader,Water Intrusion,4,
122,CO-1420-6539,821,Jeffco Open School,Facility Manager,Water Intrusion,3,"This building leaks in multiple areas during heavy rain. There are signs of long-term roof leaks scattered throughout the building on the upper level. One area in particular is located in the hallway outside room N201. "
122,CO-1420-6539,822,Jeffco Open School,School Leader,Outdoor Amenities,3,"The main issue with our outdoor space is that our field has not been usable for field sports since construction in 2023. "
122,CO-1420-6539,823,Jeffco Open School,Facility Manager,Outdoor Amenities,3,"The athletics field is very bumpy with mounds of grass, and the irrigation is not the greatest to keep all the grass alive. The courtyard could use some painted games on the ground.    "
122,CO-1420-6539,824,Jeffco Open School,School Leader,Overall Condition,4,
122,CO-1420-6539,825,Jeffco Open School,Facility Manager,Overall Condition,4,
122,CO-1420-6539,826,Jeffco Open School,School Leader,Walkways,4,
122,CO-1420-6539,827,Jeffco Open School,Facility Manager,Walkways,4,
122,CO-1420-6539,828,Jeffco Open School,School Leader,Safety & Security,3,Our building has a secure entry and doors that lock reliably when needed. There are a couple places in the exterior of our building that need lighting for safety and there is a need to secure some outbuildings or provide more storage within the building to prevent break-ins.
122,CO-1420-6539,829,Jeffco Open School,Facility Manager,Safety & Security,3,"On the SE end of the property, we have open grass areas that invite homeless people to camp out and use drugs on our property. This building is also very dark in the front of the building, from the parking lot to the corner of Wadsworth."
952,CO-1420-1730,830,Jefferson Academy at Coal Creek,Facility Manager,HVAC,5,
952,CO-1420-1730,831,Jefferson Academy at Coal Creek,Facility Manager,Interiors,3,The school was slated  for new carpets and LED lighting. The Charter is so embarrassed by the carpets they have laid area  carpets over the old carpet. The area carpets are so sturdy that Ralston Valley High School wants to order them for their entrances.
952,CO-1420-1730,832,Jefferson Academy at Coal Creek,Facility Manager,Other Issues,,I noticed this morning that the crushed gravel put down by a contractor last year by the basketball court has been plowed up by the snow contractor this winter and his now covering a drain spout
952,CO-1420-1730,833,Jefferson Academy at Coal Creek,Facility Manager,Teaching Space,4,
952,CO-1420-1730,834,Jefferson Academy at Coal Creek,Facility Manager,Water Intrusion,1,"

The entrance to the outside of the cafeteria is a steep hill. Every August since I have been here a downpour floods the cafeteria, kitchen and pantry. Fortunately the flood waters have stopped before the boiler toom. I have asked for a trench dug next to the sidewalk to divert the water to the drain a coupl feet from the door, but it has not happened . It may take an hour for a bobcat backhoe to dig the trench

"
952,CO-1420-1730,835,Jefferson Academy at Coal Creek,Facility Manager,Outdoor Amenities,4,
952,CO-1420-1730,836,Jefferson Academy at Coal Creek,Facility Manager,Overall Condition,4,
952,CO-1420-1730,837,Jefferson Academy at Coal Creek,Facility Manager,Walkways,3,"The handicapped ramp is more like a bobsled run. I currently plow the dirt area between the baseball field and tractor shed. Parents walk this area to drop off their children on cold mornings. A rough surface blacktop would may this area safer for parents and not suspectable to regular and plow erosion "
952,CO-1420-1730,838,Jefferson Academy at Coal Creek,Facility Manager,Safety & Security,2,The district canceled the secure vestal because they wanted to close a remote school. This fall a few kids tried to open the front door with a crowbar. My custodian was still at work and when he investigated it scared them off. He called in for two days after that afraid he might be attacked at the school. Due to the remoteness it will take any police response at least a half hour to get to the school making it unsafe for a large female staff.
522,CO-1420-4422,839,Jefferson Jr-Sr HS,School Leader,HVAC,2,
522,CO-1420-4422,840,Jefferson Jr-Sr HS,Facility Manager,HVAC,3,
522,CO-1420-4422,841,Jefferson Jr-Sr HS,School Leader,Interiors,4,
522,CO-1420-4422,842,Jefferson Jr-Sr HS,Facility Manager,Interiors,4,
522,CO-1420-4422,843,Jefferson Jr-Sr HS,School Leader,Other Issues,,Please fix our roof leaks. Heating/cooling is inconsistent. Lighting in our North parking lot is inadequate. Thank you for your consideration.
522,CO-1420-4422,844,Jefferson Jr-Sr HS,Facility Manager,Other Issues,,
522,CO-1420-4422,845,Jefferson Jr-Sr HS,School Leader,Teaching Space,5,
522,CO-1420-4422,846,Jefferson Jr-Sr HS,Facility Manager,Teaching Space,4,
522,CO-1420-4422,847,Jefferson Jr-Sr HS,School Leader,Water Intrusion,1,
522,CO-1420-4422,848,Jefferson Jr-Sr HS,Facility Manager,Water Intrusion,2,roof leaks in the gym and many classrooms
522,CO-1420-4422,849,Jefferson Jr-Sr HS,School Leader,Outdoor Amenities,4,
522,CO-1420-4422,850,Jefferson Jr-Sr HS,Facility Manager,Outdoor Amenities,5,
522,CO-1420-4422,851,Jefferson Jr-Sr HS,School Leader,Overall Condition,2,
522,CO-1420-4422,852,Jefferson Jr-Sr HS,Facility Manager,Overall Condition,4,
522,CO-1420-4422,853,Jefferson Jr-Sr HS,School Leader,Walkways,4,
522,CO-1420-4422,854,Jefferson Jr-Sr HS,Facility Manager,Walkways,2,most sidewalks are good.  24th ave needs to be replaced badly.  The city and district have been fighting on who's going to pay for it.  FM is going to get seriously hurt doing snow removal one day.  The old FM mentioned he broke his plow blade on 24th ave.  Its not suitable for wheel chair access at all
522,CO-1420-4422,855,Jefferson Jr-Sr HS,School Leader,Safety & Security,1,
522,CO-1420-4422,856,Jefferson Jr-Sr HS,Facility Manager,Safety & Security,4,
211,CO-1420-4548,857,Ken Caryl MS,School Leader,HVAC,3,"issues with HVAC service calls are frequent the building has pockets that work well and pockets that are ineffective  "
211,CO-1420-4548,858,Ken Caryl MS,Facility Manager,HVAC,3,HVAC units are older multizone units. They have issues when switching between heating and cooling seasons. Metysys is not reliable to troubleshoot problems for the Facility Manager. Science wing is altogether not on Metasys.
211,CO-1420-4548,859,Ken Caryl MS,School Leader,Interiors,2,"Cafeteria tile cracks frequent and is not correctly installed bathroom tiles are falling apart and the floors in the bathrooms are in bad shape  "
211,CO-1420-4548,860,Ken Caryl MS,Facility Manager,Interiors,3,Gym floor is sinking on the east side. Classroom 129 floor is lower in the northeast corner. Wall in custodial closet #176 has large crack in wall. Male PE teachers office also has a large crack in it #173A
211,CO-1420-4548,861,Ken Caryl MS,School Leader,Other Issues,,
211,CO-1420-4548,862,Ken Caryl MS,Facility Manager,Other Issues,,"Compared to other Middle schools in Jeffco this school seems not to have received remodels or upgrades that others have. A new building should also be considered. We are the only feeder middle school to Columbine with a large enrollment. The building is showing its age. Heating and cooling is inconsistent around the building.
  Sewer pipes on older side of building are iron and showing degradation."
211,CO-1420-4548,863,Ken Caryl MS,School Leader,Teaching Space,4,
211,CO-1420-4548,864,Ken Caryl MS,Facility Manager,Teaching Space,4,
211,CO-1420-4548,865,Ken Caryl MS,School Leader,Water Intrusion,2,"Sometime nothing that is frequent but a couple time a year we get a leak "
211,CO-1420-4548,866,Ken Caryl MS,Facility Manager,Water Intrusion,3,Several roof leaks
211,CO-1420-4548,867,Ken Caryl MS,School Leader,Outdoor Amenities,3,"Grass is always dying and could use more water, where temps were is a void of space and filled in with rocks the space should be utilized more effectively   "
211,CO-1420-4548,868,Ken Caryl MS,Facility Manager,Outdoor Amenities,3,"Play pad could use resurfacing. "
211,CO-1420-4548,869,Ken Caryl MS,School Leader,Overall Condition,3,"building is old could use some exterior paint refresh. overall for the age the build seems to be doing good "
211,CO-1420-4548,870,Ken Caryl MS,Facility Manager,Overall Condition,4,
211,CO-1420-4548,871,Ken Caryl MS,School Leader,Walkways,3,"older building but overall thy seem ok "
211,CO-1420-4548,872,Ken Caryl MS,Facility Manager,Walkways,2,"Sidewalks have cracks. Sidewalk around new addition has pulled away from walls leaving 2"" gap for water to penetrate. Several ground down areas where sidewalks have heaved."
211,CO-1420-4548,873,Ken Caryl MS,School Leader,Safety & Security,2,"More camera would help to eliminate blind spots both internally and externally. The existing camera resolution is not great on some and they system itself Avalon is antiquated and seems out dated "
211,CO-1420-4548,874,Ken Caryl MS,Facility Manager,Safety & Security,3,"  Some cameras are outdated and have poor visual quality. We need updated cameras and more of them."
123,CO-1420-4549,875,Kendallvue ES,School Leader,HVAC,3,"We have hot spots or the whole building can be hot when the weather is hot.  We also have cold spots or the whole building can be cold when we have cold weather.  Not being able to adjust the HVAC on our property is a real challenge. "
123,CO-1420-4549,876,Kendallvue ES,School Leader,HVAC,2,"Typically when the weather outside is hot, it is hot in many of the classrooms.  For example, in early May this year, when it was in the upper 80's, we had classrooms that were 78-80 degrees.  This is not suitable for student learning.  In the colder months, we have cold classrooms.  Although it is not as bad as when it is hot outside.  It would be nice if schools could override the central system and cool rooms.  "
123,CO-1420-4549,877,Kendallvue ES,Facility Manager,HVAC,5,
123,CO-1420-4549,878,Kendallvue ES,School Leader,Interiors,3,"Generally, yes our floors are in good shape from the most recent construction.  However, they were not able to paint the pod hallways and they could use a new paint job to brighten them up. "
123,CO-1420-4549,879,Kendallvue ES,School Leader,Interiors,4,
123,CO-1420-4549,880,Kendallvue ES,Facility Manager,Interiors,4,
123,CO-1420-4549,881,Kendallvue ES,School Leader,Other Issues,,"For security purposes, I believe at least two more cameras would be a huge benefit for our school. "
123,CO-1420-4549,882,Kendallvue ES,School Leader,Other Issues,,"I will say again - the parking lot needs to be repaved! "
123,CO-1420-4549,883,Kendallvue ES,Facility Manager,Other Issues,,"It was mentioned to me when I took over the building that they typically keep the vents in the gym closed because they blow cold air onto the thermostat and cause irregular cooling. In the boiler room upstairs they keep a desk near the window because in the winter the cold air starts to freeze some of the systems, so they have to prop a desk to help guide cold air coming in away from it. There are also two locations that water does not drain fully, one of them by the blacktop is where students typically walk. Its my first year in the building but i could see it causing issues with ice hazards going into the winter."
123,CO-1420-4549,884,Kendallvue ES,School Leader,Teaching Space,3,"As our enrollment has increased this year, I may not have an additional classroom which we use for storage.  If the district had a central location for extra desks, chairs, etc... this would not be a problem. "
123,CO-1420-4549,885,Kendallvue ES,School Leader,Teaching Space,3,"If our enrollment stays at the 330 mark, or 390 with PK, we don't have enough space for support staff.  All my classrooms are full and no space for SPED providers or other support staff.  I have very little storage for PE.  Since we partner with Red Rock After School Program, we have even less space for their supplies. "
123,CO-1420-4549,886,Kendallvue ES,Facility Manager,Teaching Space,5,
123,CO-1420-4549,887,Kendallvue ES,School Leader,Water Intrusion,5,
123,CO-1420-4549,888,Kendallvue ES,School Leader,Water Intrusion,4,
123,CO-1420-4549,889,Kendallvue ES,Facility Manager,Water Intrusion,5,
123,CO-1420-4549,890,Kendallvue ES,School Leader,Outdoor Amenities,4,
123,CO-1420-4549,891,Kendallvue ES,School Leader,Outdoor Amenities,3,"We had 17 picnic tables that were removed by risk management in the spring of 2024.  They were never replaced - not even 3-5 picnic tables!  Our new PK playground will be helpful.  Our blacktop on the playground is cracking and creates some problems when students play soccer or basketball there. "
123,CO-1420-4549,892,Kendallvue ES,Facility Manager,Outdoor Amenities,3,The watering schedule was recently adjusted to try to remedy this. but at the moment the fields have a lot of crunchy brown grass.
123,CO-1420-4549,893,Kendallvue ES,School Leader,Overall Condition,3,"After the construction in the summer of 2023, our school is in generally good condition.  Our main issues are HVAC and parking lot. "
123,CO-1420-4549,894,Kendallvue ES,School Leader,Overall Condition,3,"The building is in overall ""okay"" condition.  It's an old building that did not get near enough refurbishing when we had our construction project.  The main hallways need new lights.  The pod areas need wall touchup.  The bathrooms need updating.  Finally, and this is the most glaring item for me right now, our parking lot is crumbling and falling apart.  I'm afraid someone will hurt themselves walking through out parking lot. "
123,CO-1420-4549,895,Kendallvue ES,Facility Manager,Overall Condition,5,
123,CO-1420-4549,896,Kendallvue ES,School Leader,Walkways,3,"Our parking lot is terrible and I am afraid someone might trip and hurt themselves.  We have lots of cracks and potholes in our parking lot.  The sidewalks are cracking all around the school.  My first priority would be to fix our parking lot.  I have asked for the past two years! "
123,CO-1420-4549,897,Kendallvue ES,School Leader,Walkways,3,"The concrete sidewalks in front of the school are all cracked.  They are not yet crumbling, but will soon. "
123,CO-1420-4549,898,Kendallvue ES,Facility Manager,Walkways,5,
123,CO-1420-4549,899,Kendallvue ES,School Leader,Safety & Security,3,"We back up to Foothills open space.  There is a pathway that neighbors and others use during the day.  Sometimes they walk through our playground because the pathways are connected.  Signage would be appropriate or a fence to remind folks not to pass through our property while students are on campus. "
123,CO-1420-4549,900,Kendallvue ES,School Leader,Safety & Security,3,"Our school would be more secure if we had more cameras.  We have a large, open space in front of the school with not signage indicating simple reminders for families during school hours - such as ""no dogs on campus""."
123,CO-1420-4549,901,Kendallvue ES,Facility Manager,Safety & Security,5,
124,CO-1420-4550,902,Kendrick Lakes ES,Facility Manager,HVAC,3,Problems with rooms upstairs don't cooling off for comfort
124,CO-1420-4550,903,Kendrick Lakes ES,Facility Manager,Interiors,5,
124,CO-1420-4550,904,Kendrick Lakes ES,Facility Manager,Other Issues,,
124,CO-1420-4550,905,Kendrick Lakes ES,Facility Manager,Teaching Space,5,
124,CO-1420-4550,906,Kendrick Lakes ES,Facility Manager,Water Intrusion,3," Leaks in some areas that Cant be resolve I Puat alot of work other roof people come and dont find anything wrong "
124,CO-1420-4550,907,Kendrick Lakes ES,Facility Manager,Outdoor Amenities,5,
124,CO-1420-4550,908,Kendrick Lakes ES,Facility Manager,Overall Condition,5,
124,CO-1420-4550,909,Kendrick Lakes ES,Facility Manager,Walkways,5,
124,CO-1420-4550,910,Kendrick Lakes ES,Facility Manager,Safety & Security,5,
125,CO-1420-4830,911,Kyffin ES,School Leader,HVAC,3,"Room 110 has heating and cooling issues and rooms 138, 142 and 146 have issues with properly cooling."
125,CO-1420-4830,912,Kyffin ES,School Leader,Interiors,4,
125,CO-1420-4830,913,Kyffin ES,School Leader,Other Issues,,"Additional concerns I have are 1. There are (3?) water heaters placed in the drop ceiling (unsure of all of the locations).  We had one leak over a weekend and ruin cabinents and classroom materials- we need to consider removing and replacing these with water heaters in other locations that do not threaten classroom materials and the ability to use classrooms.
2. Heat sensor in the kitchen- I believe we are still leaving this off becuase it gets too hot during the summer and late spring and sets of the fire alarm.
3. Our plumbing has always been an issue, creating somewhat of a urine smell in all of the bathrooms on the south side of the building. Ventilation is not adequate to fix the smell."
125,CO-1420-4830,914,Kyffin ES,School Leader,Teaching Space,2,"We will be moving preschool to the main building 26/27, this will create space issues for the rest of the building. 1. Kindergarten classes will be moved to rooms not designed for Kindergarten (no sinks, smaller size). 2. At least 2 gen ed classrooms will move to the interior of the building with no access to exterior light.  3. There is also very limited storage for facitilites equipment and other equipment- moving classrooms will also impact our storage solutions."
125,CO-1420-4830,915,Kyffin ES,School Leader,Water Intrusion,1,"We have persistent roof leaks across the building. Room 116, "
125,CO-1420-4830,916,Kyffin ES,School Leader,Outdoor Amenities,3,"Our playground equipment is great. Students using wheelchairs and walkers cannot access the equipment because of the use of woodchips instead of an accessible surface. In addition, a concrete ramp in the primary playground does not extend enough, creating a tripping hazard next to large rocks.
Our upper SW field does not drain properly, so water gathers and kills the grass, which leads to mud and tripping hazards."
125,CO-1420-4830,917,Kyffin ES,School Leader,Overall Condition,3,"Kyffin is an older building with many maintenance and older building needs.  "
125,CO-1420-4830,918,Kyffin ES,School Leader,Walkways,2,"Asphault on primary (north) side of the building. See note in map location. "
125,CO-1420-4830,919,Kyffin ES,School Leader,Safety & Security,4,
312,CO-1420-4942,920,Lakewood HS,School Leader,HVAC,2,"Inconsistent cooling/heating, old antiquated system"
312,CO-1420-4942,921,Lakewood HS,School Leader,HVAC,3,Uneven heating and cooling throughout the building
312,CO-1420-4942,922,Lakewood HS,Facility Manager,HVAC,4,
312,CO-1420-4942,923,Lakewood HS,School Leader,Interiors,3,The condition of the flooring was horrible last year under the prior FM.  It's going to take a while to get them back in shape.  We need repainting on the walls throughout the building.
312,CO-1420-4942,924,Lakewood HS,School Leader,Interiors,2,"We started the year with a filthy, unkept building.  Eventually, the FM retired; however, we are still trying to get the building back in order.  Our new FM (Marie) is working hard, but we consistently face shortages in staff, and we have not been able to get the building back where it needs to be.  "
312,CO-1420-4942,925,Lakewood HS,Facility Manager,Interiors,2,"Our floors are damaged on the tile in the Commons areas and there is cracking tiles in hallways. "
312,CO-1420-4942,926,Lakewood HS,School Leader,Other Issues,,A good night lead would go a long way towards getting our building back in order.
312,CO-1420-4942,927,Lakewood HS,School Leader,Other Issues,,"Our parking lot could use some work. We had some very large cracks that were temporarily sealed last year, but the entire parking lot would benefit from resurfacing.  "
312,CO-1420-4942,928,Lakewood HS,Facility Manager,Other Issues,,"Our plumbing is an issue here, mainly based on the amount of toilets clogging. "
312,CO-1420-4942,929,Lakewood HS,School Leader,Teaching Space,4,
312,CO-1420-4942,930,Lakewood HS,School Leader,Teaching Space,4,
312,CO-1420-4942,931,Lakewood HS,Facility Manager,Teaching Space,5,
312,CO-1420-4942,932,Lakewood HS,School Leader,Water Intrusion,1,We've had ongoing issues with water intrusion throughout the building for years.  We have water stained tiles through out the building.
312,CO-1420-4942,933,Lakewood HS,School Leader,Water Intrusion,1,"We have constant leaks throughout the building.  We have stained tiles from water intrusion throughout the building (classrooms, office spaces, hallways, etc.).  The leaks got so bad this spring that we had to vacate a classroom due to excessive water intrusion."
312,CO-1420-4942,934,Lakewood HS,Facility Manager,Water Intrusion,2,"The roof has been patched a few times, but whenever it rains or snows we seem to continue to have leaks. Also the SW side of the building where the back gym doors are allows water to enter and leak on to the carpet that is there. "
312,CO-1420-4942,935,Lakewood HS,School Leader,Outdoor Amenities,3,"Our parking lot needs recoating and sealing of cracks.  Our track needs drainage work.  Our grass playing surfaces need some leveling.  "
312,CO-1420-4942,936,Lakewood HS,School Leader,Outdoor Amenities,4,
312,CO-1420-4942,937,Lakewood HS,Facility Manager,Outdoor Amenities,5,
312,CO-1420-4942,938,Lakewood HS,School Leader,Overall Condition,3,"Our prior FM was not up to the task, and we failed our building inspection last year.  Our new FM, Marie, is working on getting the building back into presentable shape; however, there are years of neglected upkeep to catch up on."
312,CO-1420-4942,939,Lakewood HS,School Leader,Overall Condition,3,"Again, this has to do with maintenance that was not kept up by the prior FM and ongoing staffing shortages."
312,CO-1420-4942,940,Lakewood HS,Facility Manager,Overall Condition,4,
312,CO-1420-4942,941,Lakewood HS,School Leader,Walkways,4,
312,CO-1420-4942,942,Lakewood HS,School Leader,Walkways,3,The cleanliness of our interior staircases is an ongoing issue.  They were neglected for years so we have some work to do.
312,CO-1420-4942,943,Lakewood HS,Facility Manager,Walkways,4,
312,CO-1420-4942,944,Lakewood HS,School Leader,Safety & Security,4,
312,CO-1420-4942,945,Lakewood HS,School Leader,Safety & Security,4,
312,CO-1420-4942,946,Lakewood HS,Facility Manager,Safety & Security,5,
126,CO-1420-5004,947,Lasley ES,School Leader,HVAC,3,"There are areas in the building that are extremely hot when the rest of the building is cool. "
126,CO-1420-5004,948,Lasley ES,Facility Manager,HVAC,3,"Needs replaced due to life cycle. when running during hot days, parts fail. "
126,CO-1420-5004,949,Lasley ES,School Leader,Interiors,5,
126,CO-1420-5004,950,Lasley ES,Facility Manager,Interiors,4,
126,CO-1420-5004,951,Lasley ES,School Leader,Other Issues,,"The roof is my main, ongoing, concern. "
126,CO-1420-5004,952,Lasley ES,Facility Manager,Other Issues,,
126,CO-1420-5004,953,Lasley ES,School Leader,Teaching Space,3,We continue to grow and after this year we will be out of classrooms if we continue our enrollment trajectory. I'm not sure where I will house all students next year.
126,CO-1420-5004,954,Lasley ES,Facility Manager,Teaching Space,4,
126,CO-1420-5004,955,Lasley ES,School Leader,Water Intrusion,2,The roof is always leaking in the Winter/Spring....always...
126,CO-1420-5004,956,Lasley ES,Facility Manager,Water Intrusion,2,"Water intrusion has be an issue on this site. Maintenance has done repairs. However still have to use sump pump to remove water from this section of the roof. "
126,CO-1420-5004,957,Lasley ES,School Leader,Outdoor Amenities,5,
126,CO-1420-5004,958,Lasley ES,Facility Manager,Outdoor Amenities,2,"Could use update to irrigation to include court yards. We could also pave the west parking lot to eliminate rock and improve overall site "
126,CO-1420-5004,959,Lasley ES,School Leader,Overall Condition,4,
126,CO-1420-5004,960,Lasley ES,Facility Manager,Overall Condition,2,
126,CO-1420-5004,961,Lasley ES,School Leader,Walkways,5,
126,CO-1420-5004,962,Lasley ES,Facility Manager,Walkways,5,
126,CO-1420-5004,963,Lasley ES,School Leader,Safety & Security,4,
126,CO-1420-5004,964,Lasley ES,Facility Manager,Safety & Security,2,"Lighting is ok but very light. Building playgrounds and parking lots are very dark "
128,CO-1420-5036,965,Leawood ES,School Leader,HVAC,3,"Inconsistent heating and cooling throughout the building. Especially in the main office as well as room numbers #176, #177, and #164A"
128,CO-1420-5036,966,Leawood ES,Facility Manager,HVAC,3,it is inconsistent sometimes teachers are saying its hot in their room or saying its cold
128,CO-1420-5036,967,Leawood ES,School Leader,Interiors,2,"Cafeteria floor has tile damage, bathroom floors have grout that is wearing and saturated with urine from years of use (original floors). Cabinets under the primary sinks need to be replaced. "
128,CO-1420-5036,968,Leawood ES,Facility Manager,Interiors,4,
128,CO-1420-5036,969,Leawood ES,School Leader,Other Issues,,"No, but thank you for asking about the status of the building."
128,CO-1420-5036,970,Leawood ES,Facility Manager,Other Issues,,none at the moment
128,CO-1420-5036,971,Leawood ES,School Leader,Teaching Space,3,"Would like to have a functional science lab. "
128,CO-1420-5036,972,Leawood ES,Facility Manager,Teaching Space,5,
128,CO-1420-5036,973,Leawood ES,School Leader,Water Intrusion,3,"Nothing inside but outside between the blacktop and PK playground. As well as the front lawn on the western side by the drainage grate. "
128,CO-1420-5036,974,Leawood ES,Facility Manager,Water Intrusion,3,water puddles up in the back and front sometimes
128,CO-1420-5036,975,Leawood ES,School Leader,Outdoor Amenities,2,"There are a lot of cracks on the blacktops for the basketball courts which are tripping hazards for staff and students. "
128,CO-1420-5036,976,Leawood ES,Facility Manager,Outdoor Amenities,3,there is cracks in the outside basketball courts
128,CO-1420-5036,977,Leawood ES,School Leader,Overall Condition,3,"Carpets in primary need to be replaced, as well as cafeteria flooring, and bathroom floors. Our bathrooms in the main portion of the building are in desperate need of an upgrade. Also, there is no sink in the staff lounge. "
128,CO-1420-5036,978,Leawood ES,Facility Manager,Overall Condition,4,
128,CO-1420-5036,979,Leawood ES,School Leader,Walkways,4,
128,CO-1420-5036,980,Leawood ES,Facility Manager,Walkways,5,
128,CO-1420-5036,981,Leawood ES,School Leader,Safety & Security,3,"Would like more cameras for coverage of highly populated areas such as gym, cafeteria, and hallways"
128,CO-1420-5036,982,Leawood ES,Facility Manager,Safety & Security,5,
129,CO-1420-5222,983,Little ES,School Leader,HVAC,3,"our HVAC system seems to be ok, however, it is not consistent across the building"
129,CO-1420-5222,984,Little ES,Facility Manager,HVAC,3,
129,CO-1420-5222,985,Little ES,Facility Manager,HVAC,4,
129,CO-1420-5222,986,Little ES,School Leader,Interiors,1,"We need new carpet! In our kindergarten rooms, we still have the same carpet from when I attended kindergarten here in the early 80s. We have rugs covering holes in the LMC from an old remodel. There are broken tiles in the bathrooms, cafeteria, and kitchen. The walls are okay, but they are temporary and make it hard for noise levels because it travels between classrooms."
129,CO-1420-5222,987,Little ES,Facility Manager,Interiors,1,"All the flooring in the school needs to be replaced, 14 bathrooms, kitchen floor, Cafeteria floor, carpeting in all the classrooms. We have original carpet from 1972 in our classrooms. The cafeteria floor is crumbling in multiple places and facilities has to come out and repair it frequently. The carpet in the classrooms is beyond cleaning no matter how hard we try to get them clean."
129,CO-1420-5222,988,Little ES,Facility Manager,Interiors,1,"All carpets in all rooms throughout the whole building is in poor condition and needs replaced.
The cafeteria floor is chipping and stained and warped in a few places. Needs replaced."
129,CO-1420-5222,989,Little ES,School Leader,Other Issues,,"Our baseball field is not good. If we are going to rent it and have others pay for the use of it, then it needs to be upgraded and worth their money. "
129,CO-1420-5222,990,Little ES,Facility Manager,Other Issues,,"15 Bathrooms in this school are in very poor condition due to flooring issues, draining issues, and sinks and cabinets in bathrooms that do not have running water in them. "
129,CO-1420-5222,991,Little ES,Facility Manager,Other Issues,,
129,CO-1420-5222,992,Little ES,School Leader,Teaching Space,3,"Someday, we need a preschool for equity needs in our community, and this would need to be addressed at that time. "
129,CO-1420-5222,993,Little ES,Facility Manager,Teaching Space,4,
129,CO-1420-5222,994,Little ES,Facility Manager,Teaching Space,3,We do not have space for a preschool.
129,CO-1420-5222,995,Little ES,School Leader,Water Intrusion,3,"Our gym and the hallway in the ""new wing"" has leaks at times."
129,CO-1420-5222,996,Little ES,Facility Manager,Water Intrusion,3,
129,CO-1420-5222,997,Little ES,Facility Manager,Water Intrusion,5,
129,CO-1420-5222,998,Little ES,School Leader,Outdoor Amenities,2,"We need more rocks and such to make it safe.  We had an outside group of people who came this summer to help make it look better with paint and such. If it were not for them, this would be 1. "
129,CO-1420-5222,999,Little ES,Facility Manager,Outdoor Amenities,1,"The playground does not have enough squeegee on it, landscape tells me it does but facilities and I do not agree with them that's why we have to have them come out and fluff the playground multiple times through the year. "
129,CO-1420-5222,1000,Little ES,Facility Manager,Outdoor Amenities,1,"As explained in previuos question playground needs fencing. The playground also needs squeegee replaced with something better than squeegee. The squeegee compacts so hard that it can't be moved with the equipment I have. Landscape has to come out about 4 times a year with a skidster to fluff the squeegee. "
129,CO-1420-5222,1001,Little ES,School Leader,Overall Condition,3,
129,CO-1420-5222,1002,Little ES,Facility Manager,Overall Condition,1,"The lighting needs to be replaced with new LED fixtures, ceiling tile needs to be replaced in most of the school not just a few here and there. As mentioned before with the floors, playground, etc. "
129,CO-1420-5222,1003,Little ES,Facility Manager,Overall Condition,2,"I have cracks in the brick on the outside of the building due to settlement. 
Temporary walls in classrooms need to removed and permanent walls put in. "
129,CO-1420-5222,1004,Little ES,School Leader,Walkways,4,
129,CO-1420-5222,1005,Little ES,Facility Manager,Walkways,3,
129,CO-1420-5222,1006,Little ES,Facility Manager,Walkways,4,
129,CO-1420-5222,1007,Little ES,School Leader,Safety & Security,4,
129,CO-1420-5222,1008,Little ES,Facility Manager,Safety & Security,3,
129,CO-1420-5222,1009,Little ES,Facility Manager,Safety & Security,2,The playground does not have fencing around it and balls go out in the street and it is not a secure place.
313,CO-1420-5623,1010,Long View HS,School Leader,HVAC,4,
313,CO-1420-5623,1011,Long View HS,School Leader,HVAC,4,
313,CO-1420-5623,1012,Long View HS,School Leader,Interiors,3,"carpet separating "
313,CO-1420-5623,1013,Long View HS,School Leader,Interiors,4,
313,CO-1420-5623,1014,Long View HS,School Leader,Other Issues,,"N/A "
313,CO-1420-5623,1015,Long View HS,School Leader,Other Issues,,"Front door needs repair "
313,CO-1420-5623,1016,Long View HS,School Leader,Teaching Space,3,"lack of science lab, physical education space, elective space "
313,CO-1420-5623,1017,Long View HS,School Leader,Teaching Space,3,"Lack of science lab, physical education space, elective classroom, staff bathroom "
313,CO-1420-5623,1018,Long View HS,School Leader,Water Intrusion,3,"kitchen ceiling "
313,CO-1420-5623,1019,Long View HS,School Leader,Water Intrusion,2,"Roof leaking & water mitigation around the building "
313,CO-1420-5623,1020,Long View HS,School Leader,Outdoor Amenities,4,
313,CO-1420-5623,1021,Long View HS,School Leader,Outdoor Amenities,4,
313,CO-1420-5623,1022,Long View HS,School Leader,Overall Condition,4,
313,CO-1420-5623,1023,Long View HS,School Leader,Overall Condition,4,
313,CO-1420-5623,1024,Long View HS,School Leader,Walkways,3,"temp building stairs need repair "
313,CO-1420-5623,1025,Long View HS,School Leader,Walkways,3,"Stairs of temp buildings need repair "
313,CO-1420-5623,1026,Long View HS,School Leader,Safety & Security,5,
313,CO-1420-5623,1027,Long View HS,School Leader,Safety & Security,5,
130,CO-1420-5350,1028,Lukas ES,School Leader,HVAC,4,
130,CO-1420-5350,1029,Lukas ES,Facility Manager,HVAC,3,"swap cooler makes building very humid and causes other issues with too much moisture in building. "
130,CO-1420-5350,1030,Lukas ES,School Leader,Interiors,3,"areas of concern:  cafeteria floor has damaged tiles, many classroom walls have peeling wall paper, carpet in library is old and stained"
130,CO-1420-5350,1031,Lukas ES,Facility Manager,Interiors,3,"cafeteria floor is cracking tiles badly
art room tiles cracking badly
Walls throughout entire building still have wallpaper, peeling at seams, falling off and moisture gets behind from swap cooler"
130,CO-1420-5350,1032,Lukas ES,School Leader,Other Issues,,"Our parking lot is in very poor condition and need full repaving. "
130,CO-1420-5350,1033,Lukas ES,Facility Manager,Other Issues,,"stairs to boiler room are very dangerous
wallpaper
swamp cooler
bad tile in building "
130,CO-1420-5350,1034,Lukas ES,School Leader,Teaching Space,5,
130,CO-1420-5350,1035,Lukas ES,Facility Manager,Teaching Space,5,
130,CO-1420-5350,1036,Lukas ES,School Leader,Water Intrusion,4,
130,CO-1420-5350,1037,Lukas ES,Facility Manager,Water Intrusion,4,
130,CO-1420-5350,1038,Lukas ES,School Leader,Outdoor Amenities,3,"basketball hoops could use updating, lots of cracks in asphalt, need repainting of game areas, need more sitting and shade areas since consolidation"
130,CO-1420-5350,1039,Lukas ES,Facility Manager,Outdoor Amenities,5,
130,CO-1420-5350,1040,Lukas ES,School Leader,Overall Condition,4,
130,CO-1420-5350,1041,Lukas ES,Facility Manager,Overall Condition,4,
130,CO-1420-5350,1042,Lukas ES,School Leader,Walkways,4,
130,CO-1420-5350,1043,Lukas ES,Facility Manager,Walkways,4,
130,CO-1420-5350,1044,Lukas ES,School Leader,Safety & Security,4,
130,CO-1420-5350,1045,Lukas ES,Facility Manager,Safety & Security,5,
131,CO-1420-5354,1046,Lumberg ES,School Leader,HVAC,2,Some areas of the building are really cold (library) and others are extremely hot (classrooms in the newer wing)
131,CO-1420-5354,1047,Lumberg ES,School Leader,Interiors,2,"our carpets are dirty, despite being cleaned this summer. My FM told me they aren't allowed to scrub them since we have the carpet squares."
131,CO-1420-5354,1048,Lumberg ES,School Leader,Other Issues,,We have a new FM so I would like to hear from her once she has more time in our building.  I'm not sure she has a deep enough understanding of our building needs yet.
131,CO-1420-5354,1049,Lumberg ES,School Leader,Teaching Space,2,"we are at 98% capacity which makes it difficult for us to find space for all students and staff.  I notice the map you have shows that we have temp buildings, but we do not."
131,CO-1420-5354,1050,Lumberg ES,School Leader,Water Intrusion,1,"water has leaked into our communications room, an office, and a classroom- all on the north side of our building. There is currently a work order in place."
131,CO-1420-5354,1051,Lumberg ES,School Leader,Outdoor Amenities,4,
131,CO-1420-5354,1052,Lumberg ES,School Leader,Overall Condition,4,
131,CO-1420-5354,1053,Lumberg ES,School Leader,Walkways,4,
131,CO-1420-5354,1054,Lumberg ES,School Leader,Safety & Security,4,
212,CO-1420-5454,1055,Mandalay MS,School Leader,HVAC,1,"Our HVAC system has been down since the beginning of May.  We have a temporary chiller that is cooling the building until the replacement unit arrives.  The upstairs south-facing rooms are challenging to get to a comfortable temperature.  "
212,CO-1420-5454,1056,Mandalay MS,Facility Manager,HVAC,2,Our AC/Chiller has been out of commission since Spring Break due to the Master Panels overloading and frying. We submitted a work order as soon as the chiller went down and have been patiently waiting for the parts to become available. In the meantime maintenance has arranged to install a temporary chiller in the middle of July until a more permanent solution can be met.
212,CO-1420-5454,1057,Mandalay MS,School Leader,Interiors,2,"Our flooring was scheduled to be replaced with bond money but our project was cut. "
212,CO-1420-5454,1058,Mandalay MS,Facility Manager,Interiors,4,
212,CO-1420-5454,1059,Mandalay MS,School Leader,Other Issues,,
212,CO-1420-5454,1060,Mandalay MS,Facility Manager,Other Issues,,
212,CO-1420-5454,1061,Mandalay MS,School Leader,Teaching Space,3,"Our classroom footprints are too small to accommodate the large class sizes.  It creates a safety issue. "
212,CO-1420-5454,1062,Mandalay MS,Facility Manager,Teaching Space,4,
212,CO-1420-5454,1063,Mandalay MS,School Leader,Water Intrusion,1,"There is water intrusion on the north side of the building that leaks when it rains.  One leads to the staff lounge and the other to the boiler room. "
212,CO-1420-5454,1064,Mandalay MS,Facility Manager,Water Intrusion,3,"On the north side of the building there are a couple doors, one door leading from the teacher's parking lot to the staff lounge, and a set of double doors next to it that lead to the boiler room, that both see flooding during heavy rainfall. We have also recieved a water main break just outside those doors as well. Fortunately though, everything has been taken care of by maintenance."
212,CO-1420-5454,1065,Mandalay MS,School Leader,Outdoor Amenities,2,Our basketball courts and tennis courts are not safe.  Our outdoor recreation surfaces and options are original and outdated.
212,CO-1420-5454,1066,Mandalay MS,Facility Manager,Outdoor Amenities,3,"We have a condemned basketball court out behind our building, next to the track field, that allegedly contains asbestos. Fortunately we have not had an issue of kids getting back in there as it's been fenced off."
212,CO-1420-5454,1067,Mandalay MS,School Leader,Overall Condition,3,"While my FM and her team keep our building looking fantastic, it is an old facility that needs some updates to be an equitable space for our students. "
212,CO-1420-5454,1068,Mandalay MS,Facility Manager,Overall Condition,4,
212,CO-1420-5454,1069,Mandalay MS,School Leader,Walkways,4,
212,CO-1420-5454,1070,Mandalay MS,Facility Manager,Walkways,4,
212,CO-1420-5454,1071,Mandalay MS,School Leader,Safety & Security,4,
212,CO-1420-5454,1072,Mandalay MS,Facility Manager,Safety & Security,4,
213,CO-1420-5472,1073,Manning School,School Leader,HVAC,4,
213,CO-1420-5472,1074,Manning School,Facility Manager,HVAC,4,
213,CO-1420-5472,1075,Manning School,School Leader,Interiors,4,
213,CO-1420-5472,1076,Manning School,Facility Manager,Interiors,3,In Orchestra room P-2 by Auditorium the steps are crumbling and has been addressed.
213,CO-1420-5472,1077,Manning School,School Leader,Other Issues,,
213,CO-1420-5472,1078,Manning School,Facility Manager,Other Issues,,"The hallway carpet can use some replacing, would like getting rid of all asbestos tile to a no maintenance tile."
213,CO-1420-5472,1079,Manning School,School Leader,Teaching Space,1,"The new addition was built two classrooms too small.  Our sixth grade science classrooms are in repurposed lounges, and we are using closets as offices and work spaces."
213,CO-1420-5472,1080,Manning School,Facility Manager,Teaching Space,1,"our new wing was built to small and now we have people in spaces that we really shouldn't have people in because of the wing being to small. We have an art room in a room that is meant to be a science room, and two science rooms that are two small for science rooms."
213,CO-1420-5472,1081,Manning School,School Leader,Water Intrusion,1,New wing continues to leak significantly.   Contractor has been trying to solve.
213,CO-1420-5472,1082,Manning School,Facility Manager,Water Intrusion,3,We have/had water leak in new wing for a while that can't seem to be figured out in W-106. Now they may have fixed the it.
213,CO-1420-5472,1083,Manning School,School Leader,Outdoor Amenities,4,
213,CO-1420-5472,1084,Manning School,Facility Manager,Outdoor Amenities,4,
213,CO-1420-5472,1085,Manning School,School Leader,Overall Condition,4,
213,CO-1420-5472,1086,Manning School,Facility Manager,Overall Condition,4,
213,CO-1420-5472,1087,Manning School,School Leader,Walkways,4,
213,CO-1420-5472,1088,Manning School,Facility Manager,Walkways,3,all my walkways are in great shape the only reason why I give this a three is only because there is no sidewalk to basketball court.
213,CO-1420-5472,1089,Manning School,School Leader,Safety & Security,4,
213,CO-1420-5472,1090,Manning School,Facility Manager,Safety & Security,5,
133,CO-1420-5580,1091,Marshdale ES,School Leader,HVAC,4,
133,CO-1420-5580,1092,Marshdale ES,School Leader,Interiors,5,
133,CO-1420-5580,1093,Marshdale ES,School Leader,Other Issues,,"I know they're working on the drainage ditch and we are having some turf replaced, otherwise, I feel very lucky! "
133,CO-1420-5580,1094,Marshdale ES,School Leader,Teaching Space,3,"We have to go from 3 to 2 kinder classes every other year. "
133,CO-1420-5580,1095,Marshdale ES,School Leader,Water Intrusion,4,
133,CO-1420-5580,1096,Marshdale ES,School Leader,Outdoor Amenities,4,
133,CO-1420-5580,1097,Marshdale ES,School Leader,Overall Condition,4,
133,CO-1420-5580,1098,Marshdale ES,School Leader,Walkways,4,
133,CO-1420-5580,1099,Marshdale ES,School Leader,Safety & Security,4,
314,CO-1420-0033,1100,McLain Community HS,School Leader,HVAC,1,"There are extreme hot and cold spots during summer and winter.  We have had multiple folks out to look at it, and the consensus is that the system needs an overhaul."
314,CO-1420-0033,1101,McLain Community HS,School Leader,Interiors,4,
314,CO-1420-0033,1102,McLain Community HS,School Leader,Other Issues,,
314,CO-1420-0033,1103,McLain Community HS,School Leader,Teaching Space,5,
314,CO-1420-0033,1104,McLain Community HS,School Leader,Water Intrusion,2,The roof has started to fail in numerous places.  We were told it is the oldest roof of its kind in the district.
314,CO-1420-0033,1105,McLain Community HS,School Leader,Outdoor Amenities,2,"We have an outstanding work order (to the tune of a year old) for prairie dog elimination.  We have a child care on site, and due to the prairie dogs encroaching closer to the builing, we now have coyotes on property regulary."
314,CO-1420-0033,1106,McLain Community HS,School Leader,Overall Condition,5,
314,CO-1420-0033,1107,McLain Community HS,School Leader,Walkways,5,
314,CO-1420-0033,1108,McLain Community HS,School Leader,Safety & Security,5,
134,CO-1420-5758,1109,Meiklejohn ES,School Leader,HVAC,1,"Jeff and I did a walkthrough of Meiklejohn.  There are numerous areas that are way too hot or too cold.  The system is not balanced and needs a review.  "
134,CO-1420-5758,1110,Meiklejohn ES,Facility Manager,HVAC,1,we have issue with the building being a 2 pipe system. When the temps start to change and we have days that are really hot then days that are cold the system can't keep up and the building often overheats.
134,CO-1420-5758,1111,Meiklejohn ES,School Leader,Interiors,4,
134,CO-1420-5758,1112,Meiklejohn ES,Facility Manager,Interiors,3,Our carpet is in need of replacement at the Entry ways other than the main office. They are so stiff you can even scrub the carpet squares and we do not have the same carpet squares in storage to replace what's there. Some Rooms have a strange giant cut down the middle that is causing the carpet too continually pull up in certain spots. Some Rooms have spots that are visible worn down the fibers are clearly a different level then the rest of the floor. The Hallways carpets are in good condition though.
134,CO-1420-5758,1113,Meiklejohn ES,School Leader,Other Issues,,
134,CO-1420-5758,1114,Meiklejohn ES,Facility Manager,Other Issues,,
134,CO-1420-5758,1115,Meiklejohn ES,School Leader,Teaching Space,5,
134,CO-1420-5758,1116,Meiklejohn ES,Facility Manager,Teaching Space,1,We have rooms that are filled with storage for either furniture or teachers learning materials and supplies. We could use these spaces for learning better but have no where to put all the furniture or materials.
134,CO-1420-5758,1117,Meiklejohn ES,School Leader,Water Intrusion,2,There are several areas on the rook that leak during rain storms.
134,CO-1420-5758,1118,Meiklejohn ES,Facility Manager,Water Intrusion,2,"The Roof has constant leaks that get ""repaired"" but either come back or find a new weak spot and starts leaking. "
134,CO-1420-5758,1119,Meiklejohn ES,School Leader,Outdoor Amenities,3,Our back playground blacktop needs resurfacing.
134,CO-1420-5758,1120,Meiklejohn ES,Facility Manager,Outdoor Amenities,2,Pole under big slide has a noticeable crack that we have to watch and make sure it doesn't get any bigger. This is the support pole for the big slide. Trash Cans and Benches have started to loose there plastic coating and is peeling off and causing rusty metal to show and sometime become a safety hazard. We have to remove 2 outdoor trash cans this year do the plastic peeling and metal becoming rusty and sharp.
134,CO-1420-5758,1121,Meiklejohn ES,School Leader,Overall Condition,3,"Challenges noted in all questions, thank you!"
134,CO-1420-5758,1122,Meiklejohn ES,Facility Manager,Overall Condition,4,
134,CO-1420-5758,1123,Meiklejohn ES,School Leader,Walkways,4,
134,CO-1420-5758,1124,Meiklejohn ES,Facility Manager,Walkways,3,I have concrete repair need around the building especially the back side of the cafeteria that has not been addressed after multiple work orders have been put in.
134,CO-1420-5758,1125,Meiklejohn ES,School Leader,Safety & Security,3,"We have limited lights in our parking lot and outside areas.  "
134,CO-1420-5758,1126,Meiklejohn ES,Facility Manager,Safety & Security,2,"We have a issue with Doors not latching due to air pressure and it it creates a security issue. Its easy for people to forget to pull the door shut all the way so it latches and you can feel the air pressure keeping the entry doors from latching. It happenms at almost every entry during various parts of the day. We also have am issue with Rocks from the play ground getting stuck in doors and a better smaller gravel all round might be a good solution for the back doors. They have tried to do part of the landscaping by the back entry doors and it's helped but now the other big rocks are spilling over from kids running to the door. These create tripping hazzards and the back doors often get caught on a rock still, "
501,CO-1420-5892,1127,Miller Special School,School Leader,HVAC,2,"Temperature throughout the building varies.   Some office space and classrooms are way too hot for students in August and September and then really cold in the winter months. 

Hopefully this will be remedied with the new building"
501,CO-1420-5892,1128,Miller Special School,School Leader,Interiors,3,"Again, this will be remedied with the new building.  Current building floors are in good shape.   Floor boards are missing in some places throughout the building.   Touch up painting and painting of halls could go along way (however may not be worth time or investment due to building being torn down soon)"
501,CO-1420-5892,1129,Miller Special School,School Leader,Other Issues,,"The parking lot is very icy  with any snow, especially the southern most bank of parking spots.  Not sure what a fix may be. "
501,CO-1420-5892,1130,Miller Special School,School Leader,Teaching Space,2,"This will be remedied in new building "
501,CO-1420-5892,1131,Miller Special School,School Leader,Water Intrusion,2,"There is evidence of roof leaks throughout our building.  This will be remedied with the new build. "
501,CO-1420-5892,1132,Miller Special School,School Leader,Outdoor Amenities,4,
501,CO-1420-5892,1133,Miller Special School,School Leader,Overall Condition,2,"The new build is addressing the problem areas of our school with the exception of the parking lot entrance.   "
501,CO-1420-5892,1134,Miller Special School,School Leader,Walkways,4,
501,CO-1420-5892,1135,Miller Special School,School Leader,Safety & Security,4,
135,CO-1420-5944,1136,Mitchell ES,School Leader,HVAC,4,
135,CO-1420-5944,1137,Mitchell ES,Facility Manager,HVAC,3,Kitchen staff consistently complains of excessive heat in kitchen and cafeteria area in summer and even in winter. Most other areas of the school are ok - but the upstairs classrooms on the south and east wings sometimes get too hot as well.
135,CO-1420-5944,1138,Mitchell ES,School Leader,Interiors,2,Classroom carpet needs replacing
135,CO-1420-5944,1139,Mitchell ES,Facility Manager,Interiors,3,A lot of carpet in the building (mainly classrooms) is old and needs replaced. Walls are ok.
135,CO-1420-5944,1140,Mitchell ES,School Leader,Other Issues,,
135,CO-1420-5944,1141,Mitchell ES,Facility Manager,Other Issues,,"There should probably be a ramp installed for ADA going up or down from the top level to the lower level around the outside of the school, for handicap/wheelchairs, and for utility vehicle access."
135,CO-1420-5944,1142,Mitchell ES,School Leader,Teaching Space,4,
135,CO-1420-5944,1143,Mitchell ES,Facility Manager,Teaching Space,4,
135,CO-1420-5944,1144,Mitchell ES,School Leader,Water Intrusion,2,"When we have heavy rain, we see leaking in windows as well as along the front entrance into a lower level comm room."
135,CO-1420-5944,1145,Mitchell ES,Facility Manager,Water Intrusion,1,"There is a mysterious leak that comes into the Comm. room downstairs when there is a heavy rain. Our maintenance group leader, structural, electrician personnel have all looked at it and cannot identify the source of the leak. Water comes in from the wall/ceiling in the downstairs comm room 103. This is right below the main entry area where a downspout comes and lets water out onto the concrete."
135,CO-1420-5944,1146,Mitchell ES,School Leader,Outdoor Amenities,2,"Lower playpad needs repaving, parking lot needs repaving, many sidewalks have cracks and are showing wear. 
natural area along west fence-line needs a different material other than pea gravel to prevent slipping on the sidewalk through the fence. "
135,CO-1420-5944,1147,Mitchell ES,Facility Manager,Outdoor Amenities,4,
135,CO-1420-5944,1148,Mitchell ES,School Leader,Overall Condition,4,
135,CO-1420-5944,1149,Mitchell ES,Facility Manager,Overall Condition,4,
135,CO-1420-5944,1150,Mitchell ES,School Leader,Walkways,2,"Many sidewalks have large cracks and are uneven. 
Drainage along south stairs gets filled and the raparian rocks are a challenge with young students."
135,CO-1420-5944,1151,Mitchell ES,Facility Manager,Walkways,3,"Some of the concrete on sidewalks has cracks that we have put work orders in to have looked at. The parking lot really needs to be resurfaced, as it has many potholes and Jeffco never fills them all, but when they do, the filling doesn't last long."
135,CO-1420-5944,1152,Mitchell ES,School Leader,Safety & Security,4,
135,CO-1420-5944,1153,Mitchell ES,Facility Manager,Safety & Security,3,"The building is sufficiently secure although there is one issue with fencing. There is a gate down at the southwest corner of the property, behind the baseball diamond, that the school would like to remain secured except in case of emergency evacuations, so we put zip ties on the gate to keep it closed, and keep students from running off of the property that way. However, neighbors or area children, come and cut the zip ties so they can walk their dogs onto the property. Maybe there can be some alternate solution to keeping the gate secured except for in case of an actual emergency. Or just get rid of the gate altogether or something. "
136,CO-1420-6133,1154,Mortensen ES,School Leader,HVAC,5,
136,CO-1420-6133,1155,Mortensen ES,Facility Manager,HVAC,2,"Have had issues with actuators getting stuck closed causing heating issues. Also, AC could be colder I average around 78-80 plus degrees in the school around summertime with the overrides on all day.    "
136,CO-1420-6133,1156,Mortensen ES,School Leader,Interiors,5,
136,CO-1420-6133,1157,Mortensen ES,Facility Manager,Interiors,4,
136,CO-1420-6133,1158,Mortensen ES,School Leader,Other Issues,,"Other than the doors not always latching, no.  Thanks for taking the time to reach out and ask these questions. "
136,CO-1420-6133,1159,Mortensen ES,Facility Manager,Other Issues,,"Would like to see more cameras placed around the building in the blind spots that the existing cameras can't see. One particularly by the sheds and gym. "
136,CO-1420-6133,1160,Mortensen ES,School Leader,Teaching Space,4,
136,CO-1420-6133,1161,Mortensen ES,Facility Manager,Teaching Space,1,"I have been having a really bad issue with storage space, for years I have had struggled to find space from items that need storage. We have the Jeffco children's theater program at our school and combined with the teacher items it's extremely difficult to store anything here. Been wanting an extra shed or something to help mitigate the storage issue. Please help with this issue. "
136,CO-1420-6133,1162,Mortensen ES,School Leader,Water Intrusion,4,
136,CO-1420-6133,1163,Mortensen ES,Facility Manager,Water Intrusion,1,"I have a concrete crack that runs the length of the building on the back side. Its causing separation from the building this also allows water to enter the building in about 4 classrooms during the wintertime. "
136,CO-1420-6133,1164,Mortensen ES,School Leader,Outdoor Amenities,4,
136,CO-1420-6133,1165,Mortensen ES,Facility Manager,Outdoor Amenities,3,"Would like to maybe see the woodchips get replaced with the synthetic mat so the grounds could look nicer and less maintenance. "
136,CO-1420-6133,1166,Mortensen ES,School Leader,Overall Condition,5,
136,CO-1420-6133,1167,Mortensen ES,Facility Manager,Overall Condition,3,
136,CO-1420-6133,1168,Mortensen ES,School Leader,Walkways,4,
136,CO-1420-6133,1169,Mortensen ES,Facility Manager,Walkways,1,"I have a crack that runs the length of my building on the backside, its causing separation between the sidewalk and actual building. This also lets water into some classrooms during wintertime and very rainy days. "
136,CO-1420-6133,1170,Mortensen ES,School Leader,Safety & Security,3,Several exterior doors around the perimeter of the school do not latch when closed.
136,CO-1420-6133,1171,Mortensen ES,Facility Manager,Safety & Security,4,
221,,1172,Mount Blue Sky OELS,School Leader,HVAC,4,
221,,1173,Mount Blue Sky OELS,School Leader,Interiors,1,"We have very old carpets, floors, and finishes in most buildings. "
221,,1174,Mount Blue Sky OELS,School Leader,Other Issues,,"We just need a major update on interiors of buildings due to the age of our buildings. "
221,,1175,Mount Blue Sky OELS,School Leader,Teaching Space,5,
221,,1176,Mount Blue Sky OELS,School Leader,Water Intrusion,4,
221,,1177,Mount Blue Sky OELS,School Leader,Outdoor Amenities,3,"It would be ideal to have a crushed asphalt driveway that is similar to the road leading up to us. Our low ropes course needs updating and the weeds are invasive. "
221,,1178,Mount Blue Sky OELS,School Leader,Overall Condition,2,"The dining hall is in great shape but many of our buildings need repairs. The most urgent need is the astronomy building roof. We also have an infestation of mice in many of our buildings. "
221,,1179,Mount Blue Sky OELS,School Leader,Walkways,3,Stairs are very old in many of our outside facilities. They need updating.
221,,1180,Mount Blue Sky OELS,School Leader,Safety & Security,1,"We don't have any of these. We'd love some more security on our campus - cameras, intercom and such. Our fire alarms have a lot of issues."
137,CO-1420-6135,1181,Mount Carbon ES,Facility Manager,HVAC,2,right now I have one boiler down that needs maintenance also when we go to air conditioning I always have a few rooms that I have to call in because they run hot
137,CO-1420-6135,1182,Mount Carbon ES,Facility Manager,Interiors,2,My tile floors are starting to show a lot of wear and tear on them they look good but will need to replace in the near future. All of my classrooms still have old carpet that needs to be replaced paint on walls is as old as the building so it's starting to show it's age and getting harder to clean
137,CO-1420-6135,1183,Mount Carbon ES,Facility Manager,Other Issues,,some of the outside door frames are starting to rust at the bottom still need new lighting in the places that were not done in the building have lights outside that were discontinued so they will need to be replaced with new fixtures
137,CO-1420-6135,1184,Mount Carbon ES,Facility Manager,Teaching Space,4,
137,CO-1420-6135,1185,Mount Carbon ES,Facility Manager,Water Intrusion,4,
137,CO-1420-6135,1186,Mount Carbon ES,Facility Manager,Outdoor Amenities,4,
137,CO-1420-6135,1187,Mount Carbon ES,Facility Manager,Overall Condition,4,
137,CO-1420-6135,1188,Mount Carbon ES,Facility Manager,Walkways,4,
137,CO-1420-6135,1189,Mount Carbon ES,Facility Manager,Safety & Security,5,
139,CO-1420-6286,1190,Normandy ES,Facility Manager,HVAC,4,
139,CO-1420-6286,1191,Normandy ES,Facility Manager,HVAC,4,
139,CO-1420-6286,1192,Normandy ES,Facility Manager,Interiors,4,
139,CO-1420-6286,1193,Normandy ES,Facility Manager,Interiors,4,"Walls between 8&9 are cracking where it is leaking.  Flooring in cafeteria could use a resurfacing "
139,CO-1420-6286,1194,Normandy ES,Facility Manager,Other Issues,,
139,CO-1420-6286,1195,Normandy ES,Facility Manager,Other Issues,,We could use a new roof.
139,CO-1420-6286,1196,Normandy ES,Facility Manager,Teaching Space,4,
139,CO-1420-6286,1197,Normandy ES,Facility Manager,Teaching Space,4,
139,CO-1420-6286,1198,Normandy ES,Facility Manager,Water Intrusion,1,"Your map tool is difficult to use. The roof leaksin rooms 8,9,5a,5b,library,129b and in the hallway outside 129b."
139,CO-1420-6286,1199,Normandy ES,Facility Manager,Water Intrusion,1,"Roof leaks in between rooms 8&9, library, laundry room"
139,CO-1420-6286,1200,Normandy ES,Facility Manager,Outdoor Amenities,4,
139,CO-1420-6286,1201,Normandy ES,Facility Manager,Outdoor Amenities,4,
139,CO-1420-6286,1202,Normandy ES,Facility Manager,Overall Condition,4,
139,CO-1420-6286,1203,Normandy ES,Facility Manager,Overall Condition,4,
139,CO-1420-6286,1204,Normandy ES,Facility Manager,Walkways,4,
139,CO-1420-6286,1205,Normandy ES,Facility Manager,Walkways,4,
139,CO-1420-6286,1206,Normandy ES,Facility Manager,Safety & Security,4,
139,CO-1420-6286,1207,Normandy ES,Facility Manager,Safety & Security,4,
214,CO-1420-6330,1208,North Arvada MS,School Leader,HVAC,5,
214,CO-1420-6330,1209,North Arvada MS,Facility Manager,HVAC,4,
214,CO-1420-6330,1210,North Arvada MS,School Leader,Interiors,5,
214,CO-1420-6330,1211,North Arvada MS,Facility Manager,Interiors,4,
214,CO-1420-6330,1212,North Arvada MS,School Leader,Other Issues,,"The front steps to our facility could use updated weather stripping and some new cement in the corners where cracking is forming. We are also seeing cracking and sinking cement on the back patio behind our faculty lounge. "
214,CO-1420-6330,1213,North Arvada MS,Facility Manager,Other Issues,,No.
214,CO-1420-6330,1214,North Arvada MS,School Leader,Teaching Space,5,
214,CO-1420-6330,1215,North Arvada MS,Facility Manager,Teaching Space,5,
214,CO-1420-6330,1216,North Arvada MS,School Leader,Water Intrusion,4,
214,CO-1420-6330,1217,North Arvada MS,Facility Manager,Water Intrusion,4,
214,CO-1420-6330,1218,North Arvada MS,School Leader,Outdoor Amenities,5,
214,CO-1420-6330,1219,North Arvada MS,Facility Manager,Outdoor Amenities,4,
214,CO-1420-6330,1220,North Arvada MS,School Leader,Overall Condition,4,
214,CO-1420-6330,1221,North Arvada MS,Facility Manager,Overall Condition,4,
214,CO-1420-6330,1222,North Arvada MS,School Leader,Walkways,5,
214,CO-1420-6330,1223,North Arvada MS,Facility Manager,Walkways,2,"The main stairs have large cracks and the weather strip are shifting "
214,CO-1420-6330,1224,North Arvada MS,School Leader,Safety & Security,5,
214,CO-1420-6330,1225,North Arvada MS,Facility Manager,Safety & Security,4,
215,CO-1420-6470,1226,Oberon MS,School Leader,HVAC,3,"There have been times where classroom temperatures have exceeded 80% and a work order has been needed to get them to a reasonable temperature for learning. "
215,CO-1420-6470,1227,Oberon MS,School Leader,Interiors,4,
215,CO-1420-6470,1228,Oberon MS,School Leader,Other Issues,,
215,CO-1420-6470,1229,Oberon MS,School Leader,Teaching Space,4,
215,CO-1420-6470,1230,Oberon MS,School Leader,Water Intrusion,4,
215,CO-1420-6470,1231,Oberon MS,School Leader,Outdoor Amenities,4,
215,CO-1420-6470,1232,Oberon MS,School Leader,Overall Condition,4,
215,CO-1420-6470,1233,Oberon MS,School Leader,Walkways,3,"Evacuation pathway west and south of the track needs to be repaved. 8th grade entrance has cracked foundation and water pools away from the drain. "
215,CO-1420-6470,1234,Oberon MS,School Leader,Safety & Security,3,"Need an outdoor PA system to announce Secure/Lockdown.  Some doors on the west side expand in the sunlight so they don't close on their own once opened. "
140,CO-1420-6804,1235,Parmalee ES,Facility Manager,HVAC,1,"Classrooms have portable A/C units.  Have to put in workorders to have the exhaust host to connect to windows.
"
140,CO-1420-6804,1236,Parmalee ES,Facility Manager,Interiors,4,
140,CO-1420-6804,1237,Parmalee ES,Facility Manager,Other Issues,,
140,CO-1420-6804,1238,Parmalee ES,Facility Manager,Teaching Space,1,not enough storage for all custodial equipment in one space.  Surplus furniture is stored in sheds.
140,CO-1420-6804,1239,Parmalee ES,Facility Manager,Water Intrusion,4,
140,CO-1420-6804,1240,Parmalee ES,Facility Manager,Outdoor Amenities,2,"Playgrounds are in need of an upgrade.  Not enough shade for students.  "
140,CO-1420-6804,1241,Parmalee ES,Facility Manager,Overall Condition,3,
140,CO-1420-6804,1242,Parmalee ES,Facility Manager,Walkways,1,"Sidewalks around the new addition of school are in good shape.  Sidewalk along drop off area needs to be redone, lots of chips and uneven walkways."
140,CO-1420-6804,1243,Parmalee ES,Facility Manager,Safety & Security,3,Exterior lights not bright enough.  No camera near the build's boiler room cause a blind spot.
141,CO-1420-6808,1244,Patterson International School,School Leader,HVAC,3,Some parts of the building are hotter or colder than others.
141,CO-1420-6808,1245,Patterson International School,School Leader,HVAC,2,"Some areas are cool & others hot. "
141,CO-1420-6808,1246,Patterson International School,School Leader,Interiors,2,We have bad tile in the art room and PE storage and damaged tile. There is also abestos in the tile.
141,CO-1420-6808,1247,Patterson International School,School Leader,Interiors,3,"Dated "
141,CO-1420-6808,1248,Patterson International School,School Leader,Other Issues,,We need outdoor speakers and hallway cameras to make our building more safe and secure. Our budget does not allow us to cover this essential cost.
141,CO-1420-6808,1249,Patterson International School,School Leader,Other Issues,,
141,CO-1420-6808,1250,Patterson International School,School Leader,Teaching Space,2,We took Preschool into our building and do not have enough classroom or office spaces.
141,CO-1420-6808,1251,Patterson International School,School Leader,Teaching Space,1,"We took in in school and are at capacity, sharing rooms & offices "
141,CO-1420-6808,1252,Patterson International School,School Leader,Water Intrusion,4,
141,CO-1420-6808,1253,Patterson International School,School Leader,Water Intrusion,1,"External ditch next to parking lot overflows & is in danger of damaging sheds & building. "
141,CO-1420-6808,1254,Patterson International School,School Leader,Outdoor Amenities,4,
141,CO-1420-6808,1255,Patterson International School,School Leader,Outdoor Amenities,4,
141,CO-1420-6808,1256,Patterson International School,School Leader,Overall Condition,3,Already described in previous questions. This is an older building.
141,CO-1420-6808,1257,Patterson International School,School Leader,Overall Condition,2,"Dated building, many internal temporary walls. "
141,CO-1420-6808,1258,Patterson International School,School Leader,Walkways,3,
141,CO-1420-6808,1259,Patterson International School,School Leader,Walkways,3,Upper field track has not been resurfaced and is dangerous.
141,CO-1420-6808,1260,Patterson International School,School Leader,Safety & Security,4,
141,CO-1420-6808,1261,Patterson International School,School Leader,Safety & Security,2,"We have been licking our gates at back but need better external lighting &  loud speaker outside for announcing secure or hold. "
142,CO-1420-6848,1262,Peak Expeditionary School at Pennington,School Leader,HVAC,2,Cooling rooms that are south facing has been an issue. Heating has worked but very loud in the classroom.
142,CO-1420-6848,1263,Peak Expeditionary School at Pennington,School Leader,Interiors,2,"Our carpet was replaced due to extreme wear, but now it has patches and does not match throughout the main halls of the building."
142,CO-1420-6848,1264,Peak Expeditionary School at Pennington,School Leader,Other Issues,,
142,CO-1420-6848,1265,Peak Expeditionary School at Pennington,School Leader,Teaching Space,5,
142,CO-1420-6848,1266,Peak Expeditionary School at Pennington,School Leader,Water Intrusion,1,We have an ongoing issue of leaking from our roof into our library each year that has not been resolved.
142,CO-1420-6848,1267,Peak Expeditionary School at Pennington,School Leader,Outdoor Amenities,4,
142,CO-1420-6848,1268,Peak Expeditionary School at Pennington,School Leader,Overall Condition,3,"We also need stop signs replaced out front. Otherwise, the building has really improved over the 7 years I have worked here due to the bond work of the district and an amazing FM Ms. Patricia."
142,CO-1420-6848,1269,Peak Expeditionary School at Pennington,School Leader,Walkways,5,
142,CO-1420-6848,1270,Peak Expeditionary School at Pennington,School Leader,Safety & Security,5,
523,CO-1420-7114,1271,Pomona Jr-Sr HS,School Leader,HVAC,3,
523,CO-1420-7114,1272,Pomona Jr-Sr HS,Facility Manager,HVAC,4,
523,CO-1420-7114,1273,Pomona Jr-Sr HS,School Leader,Interiors,4,
523,CO-1420-7114,1274,Pomona Jr-Sr HS,Facility Manager,Interiors,5,
523,CO-1420-7114,1275,Pomona Jr-Sr HS,School Leader,Other Issues,,
523,CO-1420-7114,1276,Pomona Jr-Sr HS,Facility Manager,Other Issues,,"HVAC system is original to building. Our HVAC tech is doing a good job of keeping it running, but I have been told that it only has a 10 year left before it should be replaced. "
523,CO-1420-7114,1277,Pomona Jr-Sr HS,School Leader,Teaching Space,3,
523,CO-1420-7114,1278,Pomona Jr-Sr HS,Facility Manager,Teaching Space,5,
523,CO-1420-7114,1279,Pomona Jr-Sr HS,School Leader,Water Intrusion,4,
523,CO-1420-7114,1280,Pomona Jr-Sr HS,Facility Manager,Water Intrusion,4,
523,CO-1420-7114,1281,Pomona Jr-Sr HS,School Leader,Outdoor Amenities,2,With the addition of Junior High students and over 25 Jr. High students in our SSN program we lack some equipment for these students to cool down or stimulate their needs.
523,CO-1420-7114,1282,Pomona Jr-Sr HS,Facility Manager,Outdoor Amenities,4,
523,CO-1420-7114,1283,Pomona Jr-Sr HS,School Leader,Overall Condition,4,
523,CO-1420-7114,1284,Pomona Jr-Sr HS,Facility Manager,Overall Condition,4,
523,CO-1420-7114,1285,Pomona Jr-Sr HS,School Leader,Walkways,4,
523,CO-1420-7114,1286,Pomona Jr-Sr HS,Facility Manager,Walkways,3,"Sidewalls around the property are old and could use some minor repairs. "
523,CO-1420-7114,1287,Pomona Jr-Sr HS,School Leader,Safety & Security,3,
523,CO-1420-7114,1288,Pomona Jr-Sr HS,Facility Manager,Safety & Security,5,
143,CO-1420-7128,1289,Powderhorn ES,School Leader,HVAC,2,"There is wide variation in temperature across the building and it's very difficult to operate the system in a manner that creates consistent climate across its different spaces. Staff, students, and families have commented on those climactic differences. They persist despite persistent and tireless efforts from the custodial staff to modulate and regulate the temperature in the building."
143,CO-1420-7128,1290,Powderhorn ES,Facility Manager,HVAC,4,
143,CO-1420-7128,1291,Powderhorn ES,School Leader,Interiors,3,"The older footprint of the building is starting to show its age. Carpets are fading, in particular."
143,CO-1420-7128,1292,Powderhorn ES,Facility Manager,Interiors,4,
143,CO-1420-7128,1293,Powderhorn ES,School Leader,Other Issues,,"There is a pole on the playground that several students have accidentally run into. The pole is part of a larger play structure. My Area Nurse has noticed this trend, and I've connected with Risk Management on the issue to seek solutions. I've also collaborated with Kayla about it, but we have yet to receive a definitive suggestion."
143,CO-1420-7128,1294,Powderhorn ES,Facility Manager,Other Issues,,"Lack of storage, minor ceiling leaks, carpet in classrooms that are older but majority of the carpet is in good condition, bathrooms in the older part of the building have older countertops and flooring that could use an update as well. "
143,CO-1420-7128,1295,Powderhorn ES,School Leader,Teaching Space,5,
143,CO-1420-7128,1296,Powderhorn ES,Facility Manager,Teaching Space,3,"There is not enough storage in this building when all the classrooms are being used. "
143,CO-1420-7128,1297,Powderhorn ES,School Leader,Water Intrusion,4,
143,CO-1420-7128,1298,Powderhorn ES,Facility Manager,Water Intrusion,4,
143,CO-1420-7128,1299,Powderhorn ES,School Leader,Outdoor Amenities,4,
143,CO-1420-7128,1300,Powderhorn ES,Facility Manager,Outdoor Amenities,5,
143,CO-1420-7128,1301,Powderhorn ES,School Leader,Overall Condition,4,
143,CO-1420-7128,1302,Powderhorn ES,Facility Manager,Overall Condition,4,
143,CO-1420-7128,1303,Powderhorn ES,School Leader,Walkways,4,
143,CO-1420-7128,1304,Powderhorn ES,Facility Manager,Walkways,5,
143,CO-1420-7128,1305,Powderhorn ES,School Leader,Safety & Security,4,
143,CO-1420-7128,1306,Powderhorn ES,Facility Manager,Safety & Security,5,
144,CO-1420-7190,1307,Prospect Valley ES,School Leader,HVAC,5,
144,CO-1420-7190,1308,Prospect Valley ES,Facility Manager,HVAC,3,"there is no cooling for the gym - from my understanding this is standard, however it makes the days pretty unbearable for the sports and acitivities that are going on in there. "
144,CO-1420-7190,1309,Prospect Valley ES,School Leader,Interiors,4,
144,CO-1420-7190,1310,Prospect Valley ES,Facility Manager,Interiors,3,"we struggle with drain placement thoughout the building - the drain never seems the be the lowest spot which causes pooling and other damage from standing water - the most significant areas are the clinic restroom - the upper gang restrooms and the plaza outside the main entrance. "
144,CO-1420-7190,1311,Prospect Valley ES,School Leader,Other Issues,,"Our building is only 2.5 years old. We are happy. All Jeffco students should have what we have. Thanks. "
144,CO-1420-7190,1312,Prospect Valley ES,Facility Manager,Other Issues,,"we've struggled with an unbearable sewage stench in the kitchen for around 2 years. no one has been able to locate or solve the problem. it's awful and around the food the students eat. "
144,CO-1420-7190,1313,Prospect Valley ES,School Leader,Teaching Space,4,
144,CO-1420-7190,1314,Prospect Valley ES,Facility Manager,Teaching Space,5,
144,CO-1420-7190,1315,Prospect Valley ES,School Leader,Water Intrusion,5,
144,CO-1420-7190,1316,Prospect Valley ES,Facility Manager,Water Intrusion,3,"we have some issues with a roof that was installed less than 3 years ago that either cannot or will not be fixed. also the way the concrete was laid in certain areas makes it fall back into the building - the locksmith was able to grind some concrete and fix some issues himself. this map of our building is not current for me to show. "
144,CO-1420-7190,1317,Prospect Valley ES,School Leader,Outdoor Amenities,5,
144,CO-1420-7190,1318,Prospect Valley ES,Facility Manager,Outdoor Amenities,5,
144,CO-1420-7190,1319,Prospect Valley ES,School Leader,Overall Condition,5,
144,CO-1420-7190,1320,Prospect Valley ES,Facility Manager,Overall Condition,5,
144,CO-1420-7190,1321,Prospect Valley ES,School Leader,Walkways,5,
144,CO-1420-7190,1322,Prospect Valley ES,Facility Manager,Walkways,4,
144,CO-1420-7190,1323,Prospect Valley ES,School Leader,Safety & Security,5,
144,CO-1420-7190,1324,Prospect Valley ES,Facility Manager,Safety & Security,5,
145,CO-1420-7238,1325,Ralston ES,School Leader,HVAC,4,
145,CO-1420-7238,1326,Ralston ES,Facility Manager,HVAC,2,"For one there is no A/C in Ralston Elementary, the only thing I can do is turn on overrides in the morning to help cool the building down the best I can but that only helps for so long. The heat is pretty good most of the time the front of the building and main office end up getting way to hot though for the staff. "
145,CO-1420-7238,1327,Ralston ES,School Leader,Interiors,5,
145,CO-1420-7238,1328,Ralston ES,Facility Manager,Interiors,3,"There are a couple of single person bathroom floors that still have asbestos in them and really could use an upgrade. "
145,CO-1420-7238,1329,Ralston ES,School Leader,Other Issues,,"It seems my FM and I need to constantly monitor the condition of the building and enter work orders to get individual items fixed. I wonder if a walkthrough with me, my FM, and a facilities leader to generate a master list of repairs/projects would be a better way. As a veteran principal who owns a home that I repair, I know what to look for. But many years ago as a 1st year 31 year old principal, I didn't ever look at the condition of my building and I know things got overlooked. Seems like your department is putting a lot of trust in the FM and principal to take time to observe issues and enter work orders."
145,CO-1420-7238,1330,Ralston ES,Facility Manager,Other Issues,,"The teacher parking lot on the East side of the building needs some big pot holes filled, every door on the building needs new door sweeps, the roof definitely needs some work since there have been multiple leaks over the last couple of years and a couple of them have been happening for the last 5 years. "
145,CO-1420-7238,1331,Ralston ES,School Leader,Teaching Space,5,
145,CO-1420-7238,1332,Ralston ES,Facility Manager,Teaching Space,4,
145,CO-1420-7238,1333,Ralston ES,School Leader,Water Intrusion,3,"Roof leaks frequently in one location, there is water damage on an exterior brick wall with moss growing on the brick."
145,CO-1420-7238,1334,Ralston ES,Facility Manager,Water Intrusion,2,"Over the past couple of years there has been quite a bit of leaks happening in the roof, I had about 8 leaks happening at once about 2 years ago."
145,CO-1420-7238,1335,Ralston ES,School Leader,Outdoor Amenities,5,
145,CO-1420-7238,1336,Ralston ES,Facility Manager,Outdoor Amenities,4,
145,CO-1420-7238,1337,Ralston ES,School Leader,Overall Condition,4,
145,CO-1420-7238,1338,Ralston ES,Facility Manager,Overall Condition,3,
145,CO-1420-7238,1339,Ralston ES,School Leader,Walkways,4,
145,CO-1420-7238,1340,Ralston ES,Facility Manager,Walkways,4,
145,CO-1420-7238,1341,Ralston ES,School Leader,Safety & Security,5,
145,CO-1420-7238,1342,Ralston ES,Facility Manager,Safety & Security,4,
315,CO-1420-7239,1343,Ralston Valley HS,Facility Manager,HVAC,5,
315,CO-1420-7239,1344,Ralston Valley HS,Facility Manager,Interiors,3,"Hallway carpets need replaced. Sci floor are bad and need replaced or down to polished concrete. Gym floor needs sanded down. Some of the bathrooms counter tops need replaced. Art room counter tops are bad. Clay traps are bad in the art rooms.  "
315,CO-1420-7239,1345,Ralston Valley HS,Facility Manager,Other Issues,,"Art room clay traps, bad plumbing. Art room counter tops and sinks are in bad shape. Science flooring is bad. All the carpets in the hallways needs replaced. Student bathrooms counter tops are bad. Lots of lights are out ,bad Ballast. both gyms have bad lighting. Cafeteria lighting is bad and also the tile is bad. Sci and cafeteria tables need replaced and all students desk are braking. "
315,CO-1420-7239,1346,Ralston Valley HS,Facility Manager,Teaching Space,4,
315,CO-1420-7239,1347,Ralston Valley HS,Facility Manager,Water Intrusion,4,
315,CO-1420-7239,1348,Ralston Valley HS,Facility Manager,Outdoor Amenities,4,
315,CO-1420-7239,1349,Ralston Valley HS,Facility Manager,Overall Condition,4,
315,CO-1420-7239,1350,Ralston Valley HS,Facility Manager,Walkways,3,"Several sidewalks need fixed. from heaving. "
315,CO-1420-7239,1351,Ralston Valley HS,Facility Manager,Safety & Security,5,
146,CO-1420-7282,1352,Red Rocks ES,School Leader,HVAC,3,"Ongoing support is valued and needed. Recent adjustments by HVAC staff have been helpful, seeing a reduction of complaints from temps to admin offices,  yet this year was a ""cooler year"" so unknown if our real needs are evident. "
146,CO-1420-7282,1353,Red Rocks ES,Facility Manager,HVAC,4,
146,CO-1420-7282,1354,Red Rocks ES,Facility Manager,HVAC,4,
146,CO-1420-7282,1355,Red Rocks ES,School Leader,Interiors,4,
146,CO-1420-7282,1356,Red Rocks ES,Facility Manager,Interiors,3,
146,CO-1420-7282,1357,Red Rocks ES,Facility Manager,Interiors,3,
146,CO-1420-7282,1358,Red Rocks ES,School Leader,Other Issues,,"Drainage from above Red Rocks ampitheater trail system creates mudflows across temp access road and onto basketball courts. French drains installed appear to be clogged. Site Maintenance is aware. "
146,CO-1420-7282,1359,Red Rocks ES,Facility Manager,Other Issues,,
146,CO-1420-7282,1360,Red Rocks ES,Facility Manager,Other Issues,,
146,CO-1420-7282,1361,Red Rocks ES,School Leader,Teaching Space,2,"Quirky building, yet it is beloved.  Notes from the FCI survey in 2017 showed inadequate spaces. Recent furniture and future ready projects have been helpful. "
146,CO-1420-7282,1362,Red Rocks ES,Facility Manager,Teaching Space,4,
146,CO-1420-7282,1363,Red Rocks ES,Facility Manager,Teaching Space,3,
146,CO-1420-7282,1364,Red Rocks ES,School Leader,Water Intrusion,2,Windows along rooms 7 and 8 lower floor show window leakage
146,CO-1420-7282,1365,Red Rocks ES,Facility Manager,Water Intrusion,3,
146,CO-1420-7282,1366,Red Rocks ES,Facility Manager,Water Intrusion,3,
146,CO-1420-7282,1367,Red Rocks ES,School Leader,Outdoor Amenities,4,
146,CO-1420-7282,1368,Red Rocks ES,Facility Manager,Outdoor Amenities,4,
146,CO-1420-7282,1369,Red Rocks ES,Facility Manager,Outdoor Amenities,5,
146,CO-1420-7282,1370,Red Rocks ES,School Leader,Overall Condition,4,"No specific "
146,CO-1420-7282,1371,Red Rocks ES,Facility Manager,Overall Condition,4,
146,CO-1420-7282,1372,Red Rocks ES,Facility Manager,Overall Condition,4,
146,CO-1420-7282,1373,Red Rocks ES,School Leader,Walkways,3,"ADA access ramp on northeast side of building adjacent to main plaza shows aging/peeling/cracking concrete. Other areas in good repair. "
146,CO-1420-7282,1374,Red Rocks ES,Facility Manager,Walkways,3,
146,CO-1420-7282,1375,Red Rocks ES,Facility Manager,Walkways,2,
146,CO-1420-7282,1376,Red Rocks ES,School Leader,Safety & Security,3,"Overall security features are noted as adequate, yet discussions with Bill Robbins include the need for a fob system for external chainlink gate to assist Temp classrooms with evac. We have approx 100+ kids in temps daily."
146,CO-1420-7282,1377,Red Rocks ES,Facility Manager,Safety & Security,4,
146,CO-1420-7282,1378,Red Rocks ES,Facility Manager,Safety & Security,5,
147,CO-1420-7483,1379,Rooney Ranch ES,School Leader,HVAC,3,
147,CO-1420-7483,1380,Rooney Ranch ES,School Leader,HVAC,4,
147,CO-1420-7483,1381,Rooney Ranch ES,School Leader,Interiors,1,"Main Entrance, Hallways, classrooms, cafeteria: stained carpet, holes, completely worn areas, cracking tile"
147,CO-1420-7483,1382,Rooney Ranch ES,School Leader,Interiors,1,"The carpet and flooring are in very poor condition. Concrete showing through the carpet cracked/bubbling tile in student bathrooms and cafeteria, rust stains from furniture in some classrooms, carpet worn down to the backing at our main entrance, old stains that cannot be removed, etc"
147,CO-1420-7483,1383,Rooney Ranch ES,School Leader,Other Issues,,The grass needs more water to maintain an acceptable appearance.
147,CO-1420-7483,1384,Rooney Ranch ES,School Leader,Other Issues,,The carpet and flooring are in very poor condition.
147,CO-1420-7483,1385,Rooney Ranch ES,School Leader,Teaching Space,4,
147,CO-1420-7483,1386,Rooney Ranch ES,School Leader,Teaching Space,4,
147,CO-1420-7483,1387,Rooney Ranch ES,School Leader,Water Intrusion,5,
147,CO-1420-7483,1388,Rooney Ranch ES,School Leader,Water Intrusion,4,
147,CO-1420-7483,1389,Rooney Ranch ES,School Leader,Outdoor Amenities,2,We continue to fail inspection for required amount of playground woodchips. The playground blacktop has many gaps in the asphalt.
147,CO-1420-7483,1390,Rooney Ranch ES,School Leader,Outdoor Amenities,2,Blacktop surfaces are in poor condition.
147,CO-1420-7483,1391,Rooney Ranch ES,School Leader,Overall Condition,2,"The school is in dire need of new carpet and tile, and blacktop repair."
147,CO-1420-7483,1392,Rooney Ranch ES,School Leader,Overall Condition,3,
147,CO-1420-7483,1393,Rooney Ranch ES,School Leader,Walkways,4,
147,CO-1420-7483,1394,Rooney Ranch ES,School Leader,Walkways,3,
147,CO-1420-7483,1395,Rooney Ranch ES,School Leader,Safety & Security,3,
147,CO-1420-7483,1396,Rooney Ranch ES,School Leader,Safety & Security,3,Playgrounds should be fully enclosed with gates.
148,CO-1420-7468,1397,Rose Stein International ES,School Leader,HVAC,4,
148,CO-1420-7468,1398,Rose Stein International ES,School Leader,Interiors,5,
148,CO-1420-7468,1399,Rose Stein International ES,School Leader,Other Issues,,"We are only in need of a vector type monitoring system, but that is under safety and security. From a facilities standpoint, Rose Stein is in great condition. "
148,CO-1420-7468,1400,Rose Stein International ES,School Leader,Teaching Space,4,
148,CO-1420-7468,1401,Rose Stein International ES,School Leader,Water Intrusion,4,
148,CO-1420-7468,1402,Rose Stein International ES,School Leader,Outdoor Amenities,5,
148,CO-1420-7468,1403,Rose Stein International ES,School Leader,Overall Condition,5,
148,CO-1420-7468,1404,Rose Stein International ES,School Leader,Walkways,5,
148,CO-1420-7468,1405,Rose Stein International ES,School Leader,Safety & Security,4,
149,CO-1420-7529,1406,Ryan ES,Facility Manager,HVAC,2,"HVAC routinely fails, usually once every other week. 

1. According to maintenance, the Kitchen AC is not going to be repaired, which is a safety concern. Kitchen staff already are working in a hot room with stoves and ovens, and the lack of AC is going to cause a lot of problems.

2. AC for A-Pod (South-east corner of building) frequently doesn't work.

"
149,CO-1420-7529,1407,Ryan ES,Facility Manager,Interiors,3,"1. Cafeteria flooring has some sort of bubbling rising from below the tile, and continually causes cracks and damage . We called this in as soon as we noticed a few years ago, and were dismissed and told it wasn't a problem and was in fact expected. It has only gotten worse with time.

2. Art room floor has a similar rising/bubbling from around tiles on the north-side of the class-room. It is not otherwise noticeable. When stripping wax and cleaning them, sometimes liquid can get beneath the tiles, rising up and bubbling when weight is put on the tile."
149,CO-1420-7529,1408,Ryan ES,Facility Manager,Other Issues,,"1, 2. Irrigation seems to flood in a few areas, with 'swamps' developing. When reported in previous years, the problem had to get worse before it would be addressed-- therefore these are unlikely for us to report.

3, 4. Dry spots where grass is dying or nearly completely dead. Landscaping is aware of the issue and plan to address it in spring/fall.

5. Dead tree on west side of building. A work order is already in place, and Landscaping will eventually get to it.

6. Mullion bars are stiff, and difficult to remove when needed. Keys seem to get stuck, and locks temperamental (Maintenance has not been able to fix this as of yet-- it may require a full replacement). Wiring is easily damaged when working to remove/ return them."
149,CO-1420-7529,1409,Ryan ES,Facility Manager,Teaching Space,4,
149,CO-1420-7529,1410,Ryan ES,Facility Manager,Water Intrusion,3,Water from snow melt or Westminster sprinklers seep under north doorways in certain rooms.
149,CO-1420-7529,1411,Ryan ES,Facility Manager,Outdoor Amenities,4,
149,CO-1420-7529,1412,Ryan ES,Facility Manager,Overall Condition,4,
149,CO-1420-7529,1413,Ryan ES,Facility Manager,Walkways,3,"Exterior near Art Room and Gym, sidewalk is cracking and dips lower than the rest of the ground. It is especially bad when there is snow melt."
149,CO-1420-7529,1414,Ryan ES,Facility Manager,Safety & Security,2,"Our front secure entryway should have an additional security camera within the vestibule itself. Due to it not being on the 'original blueprints,' it had not been included, nor will a new one be added."
150,CO-1420-7708,1415,Secrest ES,School Leader,HVAC,2,"Inconsistent across the building.  Some rooms are hot, some are cold. Seems to be different rooms each season. "
150,CO-1420-7708,1416,Secrest ES,Facility Manager,HVAC,3,Temperature not consistent-  hot and cold spots
150,CO-1420-7708,1417,Secrest ES,School Leader,Interiors,2,"Our carpet squares are peeling up in most classrooms and replacement tiles are not fitting well due to shrinkage after multiple years of shampooing. "
150,CO-1420-7708,1418,Secrest ES,Facility Manager,Interiors,2,"Cove base is coming off in many rooms, not attached at corners.  Carpet squares are also not attached to the floor anymore- carpet tape isn't sticky- edges are tenting in most classrooms"
150,CO-1420-7708,1419,Secrest ES,School Leader,Other Issues,,"Our parking lot is too small and traffic flow is terrible during drop off and pick up. "
150,CO-1420-7708,1420,Secrest ES,Facility Manager,Other Issues,,
150,CO-1420-7708,1421,Secrest ES,School Leader,Teaching Space,3,"Would love to have bathrooms for my preschool classrooms. "
150,CO-1420-7708,1422,Secrest ES,Facility Manager,Teaching Space,4,
150,CO-1420-7708,1423,Secrest ES,School Leader,Water Intrusion,4,
150,CO-1420-7708,1424,Secrest ES,Facility Manager,Water Intrusion,5,
150,CO-1420-7708,1425,Secrest ES,School Leader,Outdoor Amenities,3,"Blacktop is cracking.  Would like to have more accessible play areas for our disabled students. "
150,CO-1420-7708,1426,Secrest ES,Facility Manager,Outdoor Amenities,3,"Other than regular refilling of wood chips, things are fine"
150,CO-1420-7708,1427,Secrest ES,School Leader,Overall Condition,3,
150,CO-1420-7708,1428,Secrest ES,Facility Manager,Overall Condition,3,It's old and showing it's age.  We make the best of it.
150,CO-1420-7708,1429,Secrest ES,School Leader,Walkways,4,
150,CO-1420-7708,1430,Secrest ES,Facility Manager,Walkways,2,Sidewalk outside cafeteria is too high and the door catches leaving our building unsecure
150,CO-1420-7708,1431,Secrest ES,School Leader,Safety & Security,2,"I wish there was more of a visual separation between our property and the rec center to our north.  Perhaps not a full fence, but some trees or hedges. "
150,CO-1420-7708,1432,Secrest ES,Facility Manager,Safety & Security,2,"Lack of lighting near kitchen entrance- kitchen staff is entering in the dark much of the year. "
152,CO-1420-7780,1433,Shaffer ES,School Leader,HVAC,4,
152,CO-1420-7780,1434,Shaffer ES,School Leader,Interiors,4,
152,CO-1420-7780,1435,Shaffer ES,School Leader,Other Issues,,
152,CO-1420-7780,1436,Shaffer ES,School Leader,Teaching Space,4,
152,CO-1420-7780,1437,Shaffer ES,School Leader,Water Intrusion,2,We had a few areas flood over the summer. I don't know all of the information though.
152,CO-1420-7780,1438,Shaffer ES,School Leader,Outdoor Amenities,4,
152,CO-1420-7780,1439,Shaffer ES,School Leader,Overall Condition,4,
152,CO-1420-7780,1440,Shaffer ES,School Leader,Walkways,4,
152,CO-1420-7780,1441,Shaffer ES,School Leader,Safety & Security,3,"We used to have a fence along the front side of the building. It was wooden and I don't know if that was why it was removed but something similar would be of great benefit. "
153,CO-1420-7833,1442,Shelton ES,School Leader,HVAC,4,
153,CO-1420-7833,1443,Shelton ES,School Leader,Interiors,2,"We need paint in all of our classroom.  "
153,CO-1420-7833,1444,Shelton ES,School Leader,Other Issues,,"Our building has been open for 30 years and we have the orginal furinture.  I am wondering when we are on the list to update our furniture.  It is in poor shape.  "
153,CO-1420-7833,1445,Shelton ES,School Leader,Teaching Space,5,
153,CO-1420-7833,1446,Shelton ES,School Leader,Water Intrusion,3,"We don't have water intrusion, however our plumbing gets backed up several times throughout the school year.  The plumbing needs to be addressed when this is backed up it does create flooding and water intrusion.  "
153,CO-1420-7833,1447,Shelton ES,School Leader,Outdoor Amenities,3,"Our bottom backtop needs to be refinished and our access to playground needs to be more accessible for our students in wheelchairs. Currently, right now our students in wheelchairs have to take the black path around the entire campus to access the lower playground.  This takes about 7-10 minutes to access. This is time lost with their peers and playing experience, as well in an emergency it doesn't allow us to get a student who needs to enter the building with a wheelchair in a timely manner.  "
153,CO-1420-7833,1448,Shelton ES,School Leader,Overall Condition,4,
153,CO-1420-7833,1449,Shelton ES,School Leader,Walkways,3,"See previous comment on blacktop and ADA access.  "
153,CO-1420-7833,1450,Shelton ES,School Leader,Safety & Security,1,"Our secure entrance does not allow vistors to be pushed into our main office and is extremely hard to manage.  Most secured entrances force vistors to enter the main office.  Ours allows people to have access to anywhere in the building once they are let in.  "
154,CO-1420-7870,1451,Sierra ES,School Leader,HVAC,5,
154,CO-1420-7870,1452,Sierra ES,Facility Manager,HVAC,4,
154,CO-1420-7870,1453,Sierra ES,Facility Manager,HVAC,5,
154,CO-1420-7870,1454,Sierra ES,School Leader,Interiors,5,
154,CO-1420-7870,1455,Sierra ES,Facility Manager,Interiors,4,
154,CO-1420-7870,1456,Sierra ES,Facility Manager,Interiors,5,
154,CO-1420-7870,1457,Sierra ES,School Leader,Other Issues,,no everting  is well condition
154,CO-1420-7870,1458,Sierra ES,Facility Manager,Other Issues,,
154,CO-1420-7870,1459,Sierra ES,Facility Manager,Other Issues,,
154,CO-1420-7870,1460,Sierra ES,School Leader,Teaching Space,5,
154,CO-1420-7870,1461,Sierra ES,Facility Manager,Teaching Space,5,
154,CO-1420-7870,1462,Sierra ES,Facility Manager,Teaching Space,5,
154,CO-1420-7870,1463,Sierra ES,School Leader,Water Intrusion,5,
154,CO-1420-7870,1464,Sierra ES,Facility Manager,Water Intrusion,4,
154,CO-1420-7870,1465,Sierra ES,Facility Manager,Water Intrusion,5,
154,CO-1420-7870,1466,Sierra ES,School Leader,Outdoor Amenities,5,
154,CO-1420-7870,1467,Sierra ES,Facility Manager,Outdoor Amenities,5,
154,CO-1420-7870,1468,Sierra ES,Facility Manager,Outdoor Amenities,5,
154,CO-1420-7870,1469,Sierra ES,School Leader,Overall Condition,5,
154,CO-1420-7870,1470,Sierra ES,Facility Manager,Overall Condition,5,
154,CO-1420-7870,1471,Sierra ES,Facility Manager,Overall Condition,5,
154,CO-1420-7870,1472,Sierra ES,School Leader,Walkways,5,
154,CO-1420-7870,1473,Sierra ES,Facility Manager,Walkways,5,
154,CO-1420-7870,1474,Sierra ES,Facility Manager,Walkways,5,
154,CO-1420-7870,1475,Sierra ES,School Leader,Safety & Security,5,
154,CO-1420-7870,1476,Sierra ES,Facility Manager,Safety & Security,5,
154,CO-1420-7870,1477,Sierra ES,Facility Manager,Safety & Security,5,
155,CO-1420-7962,1478,Slater ES,School Leader,HVAC,4,
155,CO-1420-7962,1479,Slater ES,Facility Manager,HVAC,4,
155,CO-1420-7962,1480,Slater ES,School Leader,Interiors,4,
155,CO-1420-7962,1481,Slater ES,Facility Manager,Interiors,5,
155,CO-1420-7962,1482,Slater ES,School Leader,Other Issues,,Historically we have had some plumbing issues because of large trees.  We do not have very much vistor parking but I am not sure there is any way to fix this.
155,CO-1420-7962,1483,Slater ES,Facility Manager,Other Issues,,No any issues.
155,CO-1420-7962,1484,Slater ES,School Leader,Teaching Space,4,
155,CO-1420-7962,1485,Slater ES,Facility Manager,Teaching Space,5,
155,CO-1420-7962,1486,Slater ES,School Leader,Water Intrusion,5,
155,CO-1420-7962,1487,Slater ES,Facility Manager,Water Intrusion,5,
155,CO-1420-7962,1488,Slater ES,School Leader,Outdoor Amenities,1,Both the preschool and main playground are woefully outdated and do not provide adquate activity for students
155,CO-1420-7962,1489,Slater ES,Facility Manager,Outdoor Amenities,5,
155,CO-1420-7962,1490,Slater ES,School Leader,Overall Condition,4,
155,CO-1420-7962,1491,Slater ES,Facility Manager,Overall Condition,5,
155,CO-1420-7962,1492,Slater ES,School Leader,Walkways,4,
155,CO-1420-7962,1493,Slater ES,Facility Manager,Walkways,5,
155,CO-1420-7962,1494,Slater ES,School Leader,Safety & Security,2,We only have 2 exterior cameras.  This is something that I am going to find a way to fund in the comming year
155,CO-1420-7962,1495,Slater ES,Facility Manager,Safety & Security,5,
504,CO-1420-8036,1496,Sobesky Academy,School Leader,HVAC,2,"There is a large variance in temperatures in the building.  Classrooms and office range from uncomfortably hot to too cold.  Students are bringing blankets to some classes while staff have fans running in learning spaces nearby.  The temperatures will change throughout day, will vary day by day, and vary throughout the school year.  There is no pattern or predictability.  
*Too many places to mark on the map."
504,CO-1420-8036,1497,Sobesky Academy,Facility Manager,HVAC,3,Lots o rooms are cold and the kids pull off the thermostats so they are now with a blank plate over them. Not sure if they are functioning
504,CO-1420-8036,1498,Sobesky Academy,School Leader,Interiors,2,"The carpet in the hallways was recently replaced.  The carpet in the other areas is worn, stained, dirty, and needs replaced.  
Our walls repairs do not seem to be fixed in a timely manner.  Our AP ends up fixing them on his own time so that our building looks nice and to avoid students making a small hole bigger.   
Our stairwell railings were painted over multiple times, which made it easy for the paint to be picked at and peeled.  They need to be sandblasted and painted.  "
504,CO-1420-8036,1499,Sobesky Academy,Facility Manager,Interiors,2,"Cafe has several cracks along the whole floor and on the edges, gym floor still has carpet"
504,CO-1420-8036,1500,Sobesky Academy,School Leader,Other Issues,,"Our neighbor at 7050 W 42nd Ave has reported flooding and driveway damage due to a sprinkler on our property which is causing water to run downhill.  He states that this has been happening for multiple years.  

Crack in ceiling on first floor on west side of building."
504,CO-1420-8036,1501,Sobesky Academy,Facility Manager,Other Issues,,"I have a hole in the soffit outside the front doors. "
504,CO-1420-8036,1502,Sobesky Academy,School Leader,Teaching Space,4,
504,CO-1420-8036,1503,Sobesky Academy,Facility Manager,Teaching Space,4,
504,CO-1420-8036,1504,Sobesky Academy,School Leader,Water Intrusion,2,"The building has multiple roof leaks (too many to mark on the map).  We continue to replace ceiling tiles.  In two locations, there is bubbling on the walls."
504,CO-1420-8036,1505,Sobesky Academy,Facility Manager,Water Intrusion,2,"I have numerous roof leaks. 

"
504,CO-1420-8036,1506,Sobesky Academy,School Leader,Outdoor Amenities,2,"The blacktop has 2""-3"" cracks with chunks missing out of it making it not ADA accessible.  "
504,CO-1420-8036,1507,Sobesky Academy,Facility Manager,Outdoor Amenities,1,"There are huge cracks in both play pads, missing chunks of asphalt and square concrete pieces from old tether ball poles that are higher than the asphalt"
504,CO-1420-8036,1508,Sobesky Academy,School Leader,Overall Condition,3,"Our building is getting older but we are doing our best to keep it looking nice.  Our student population has unique needs and tends to express themselves through property damage, which makes others feel uncomfortable.  We want to ensure our building is a place that students feel safe and welcomed.  "
504,CO-1420-8036,1509,Sobesky Academy,Facility Manager,Overall Condition,3,
504,CO-1420-8036,1510,Sobesky Academy,School Leader,Walkways,4,
504,CO-1420-8036,1511,Sobesky Academy,Facility Manager,Walkways,3,have a few raised concrete around building. No stairs.
504,CO-1420-8036,1512,Sobesky Academy,School Leader,Safety & Security,2,"Our doors do not latch when the ventilation system is running.  We know this is a common problem with schools, we just want it to be known that it is a concern.
Our exterior lights are not bright and do not adjust in a timely manner when the time changes.  
Our trees need to be trimmed as they are blocking our cameras."
504,CO-1420-8036,1513,Sobesky Academy,Facility Manager,Safety & Security,3,"we are waiting on new LED lighting on the outside of building w/o placed in April. Per electrician. Northside of building is very dark with lights we have now.

I only have new LED lighting in main hall in front of main office and in classrooms that have new lighting"
156,CO-1420-8102,1514,South Lakewood ES,School Leader,HVAC,3,"We've had issues the past year with the HVAC. At times one side of the building is working, while the other is not. Our HVAC was recently replaced, which could be the cause for some of the issues. When we call district, HVAC is attended to in a timely manner. "
156,CO-1420-8102,1515,South Lakewood ES,Facility Manager,HVAC,3,A few glycol leaks around the school effecting the ceiling tiles.
156,CO-1420-8102,1516,South Lakewood ES,Facility Manager,HVAC,4,
156,CO-1420-8102,1517,South Lakewood ES,School Leader,Interiors,3,"Our classroom carpet/flooring is very old and starting to wear. The walls and finishes are in good condition. "
156,CO-1420-8102,1518,South Lakewood ES,Facility Manager,Interiors,2,Carpet in classrooms are old and stained. Walls have old wallpaper and need to be painted
156,CO-1420-8102,1519,South Lakewood ES,Facility Manager,Interiors,4,
156,CO-1420-8102,1520,South Lakewood ES,School Leader,Other Issues,,Thank you for taking the time to get to know our buildings!
156,CO-1420-8102,1521,South Lakewood ES,Facility Manager,Other Issues,,"South-East end of the property could use a revamp as there are dead bushes that grow weeds and cause an eyesore to community members. "
156,CO-1420-8102,1522,South Lakewood ES,Facility Manager,Other Issues,,
156,CO-1420-8102,1523,South Lakewood ES,School Leader,Teaching Space,4,
156,CO-1420-8102,1524,South Lakewood ES,Facility Manager,Teaching Space,4,
156,CO-1420-8102,1525,South Lakewood ES,Facility Manager,Teaching Space,5,
156,CO-1420-8102,1526,South Lakewood ES,School Leader,Water Intrusion,2,"We have had water leaking from our ceiling in multiple places around our school, most notably by the Music room. All of our ceiling tiles have been replaced, however, we are still seeing water leaking. In the AP office, there is a leak, as well. "
156,CO-1420-8102,1527,South Lakewood ES,Facility Manager,Water Intrusion,5,
156,CO-1420-8102,1528,South Lakewood ES,Facility Manager,Water Intrusion,2,A lot of leaks in the roof of the school causing water to leak onto the ceiling tiles.
156,CO-1420-8102,1529,South Lakewood ES,School Leader,Outdoor Amenities,4,
156,CO-1420-8102,1530,South Lakewood ES,Facility Manager,Outdoor Amenities,4,
156,CO-1420-8102,1531,South Lakewood ES,Facility Manager,Outdoor Amenities,3,"Sandpit in the field that had become a large bump in the grass. Blacktop is getting old due to weathering "
156,CO-1420-8102,1532,South Lakewood ES,School Leader,Overall Condition,4,
156,CO-1420-8102,1533,South Lakewood ES,Facility Manager,Overall Condition,4,
156,CO-1420-8102,1534,South Lakewood ES,Facility Manager,Overall Condition,3,"A few aspects of the building could use some work including carpets, walls, and athletic field. The leaks of water and glycol need work as well, as they are damaging and cost ineffective as well."
156,CO-1420-8102,1535,South Lakewood ES,School Leader,Walkways,4,
156,CO-1420-8102,1536,South Lakewood ES,Facility Manager,Walkways,5,
156,CO-1420-8102,1537,South Lakewood ES,Facility Manager,Walkways,5,
156,CO-1420-8102,1538,South Lakewood ES,School Leader,Safety & Security,3,"We have two gates that are open for students to run out of. This can be troublesome when we have students who elope, especially our ASD students. I don't know if there is a way to close the fences so they are secure, or if they need to be open to allow public access? We do have multiple adults outside at all times to monitor, so if we can't get the gates secure, that is okay, too. Thanks!"
156,CO-1420-8102,1539,South Lakewood ES,Facility Manager,Safety & Security,5,
156,CO-1420-8102,1540,South Lakewood ES,Facility Manager,Safety & Security,5,
316,CO-1420-8209,1541,Standley Lake HS,School Leader,HVAC,2,Actuators are constantly going out. The system is wholly unreliable
316,CO-1420-8209,1542,Standley Lake HS,Facility Manager,HVAC,2,"When the system works its great but it usually has many bad days, actuators are going on on multiple units  causing students and staff to be uncomfortable days to weeks at a time , the east end of the building and the north central end seems to suffer the most "
316,CO-1420-8209,1543,Standley Lake HS,School Leader,Interiors,2,"Carper is original to building. 30+ years. Some walls are non functioning(divider wall type. "
316,CO-1420-8209,1544,Standley Lake HS,Facility Manager,Interiors,2,"All classroom carpet is well over 35 years old, it's in very poor condition it is no longer really even cleanable"
316,CO-1420-8209,1545,Standley Lake HS,School Leader,Other Issues,,"All sewer lines need to be jetted all the way to the main lines. Fire panel is not reliable since construction in 2022. "
316,CO-1420-8209,1546,Standley Lake HS,Facility Manager,Other Issues,,
316,CO-1420-8209,1547,Standley Lake HS,School Leader,Teaching Space,5,
316,CO-1420-8209,1548,Standley Lake HS,Facility Manager,Teaching Space,4,
316,CO-1420-8209,1549,Standley Lake HS,School Leader,Water Intrusion,2,"Front doors are not sealed correctly. (they are only 3 years old.  Roof has multiple leaks and has been repaired man, many times. East end of building is most problematic. "
316,CO-1420-8209,1550,Standley Lake HS,Facility Manager,Water Intrusion,2,"We have multiple roof leaks after every rain and snow storm, our front entry is not properly sealed after construction and water is always coming right into the building through the front doors , east end above the stairs also has an ongoing roof leak problem "
316,CO-1420-8209,1551,Standley Lake HS,School Leader,Outdoor Amenities,4,
316,CO-1420-8209,1552,Standley Lake HS,Facility Manager,Outdoor Amenities,4,
316,CO-1420-8209,1553,Standley Lake HS,School Leader,Overall Condition,3,
316,CO-1420-8209,1554,Standley Lake HS,Facility Manager,Overall Condition,3,"multiple irrigation problems, all sewer lines need to be jetted, we have multiple kitchen backups and lower east end backups every school year , roof in really poor shape , all high ceiling tile is stained from roof leaks "
316,CO-1420-8209,1555,Standley Lake HS,School Leader,Walkways,4,
316,CO-1420-8209,1556,Standley Lake HS,Facility Manager,Walkways,4,
316,CO-1420-8209,1557,Standley Lake HS,School Leader,Safety & Security,4,
316,CO-1420-8209,1558,Standley Lake HS,Facility Manager,Safety & Security,4,
157,CO-1420-8223,1559,Stevens ES,School Leader,HVAC,3,
157,CO-1420-8223,1560,Stevens ES,Facility Manager,HVAC,4,
157,CO-1420-8223,1561,Stevens ES,School Leader,Interiors,4,
157,CO-1420-8223,1562,Stevens ES,Facility Manager,Interiors,4,
157,CO-1420-8223,1563,Stevens ES,School Leader,Other Issues,,
157,CO-1420-8223,1564,Stevens ES,Facility Manager,Other Issues,,
157,CO-1420-8223,1565,Stevens ES,School Leader,Teaching Space,4,
157,CO-1420-8223,1566,Stevens ES,Facility Manager,Teaching Space,2,"Since ROFT closer we have had to create learning space for staff and students in places not meant for learning, for example we now use old awkward science prep room as for learning space."
157,CO-1420-8223,1567,Stevens ES,School Leader,Water Intrusion,3,"leak in the gym this year "
157,CO-1420-8223,1568,Stevens ES,Facility Manager,Water Intrusion,4,
157,CO-1420-8223,1569,Stevens ES,School Leader,Outdoor Amenities,4,
157,CO-1420-8223,1570,Stevens ES,Facility Manager,Outdoor Amenities,3,"playground still have wood mulch that blows away in wind and freezes over the winter, mulch decomposes every year and district wont replace as needed, making it hard to keep in compliance."
157,CO-1420-8223,1571,Stevens ES,School Leader,Overall Condition,4,
157,CO-1420-8223,1572,Stevens ES,Facility Manager,Overall Condition,4,
157,CO-1420-8223,1573,Stevens ES,School Leader,Walkways,4,
157,CO-1420-8223,1574,Stevens ES,Facility Manager,Walkways,4,
157,CO-1420-8223,1575,Stevens ES,School Leader,Safety & Security,4,
157,CO-1420-8223,1576,Stevens ES,Facility Manager,Safety & Security,4,
158,CO-1420-8276,1577,Stober ES,School Leader,HVAC,3,"Our new wing heating system works on overload. Some of our older classrooms are very hot. "
158,CO-1420-8276,1578,Stober ES,School Leader,Interiors,3,"We do have new carpet, but our cafeteria floor needs replacement due to cracking, mismatched tiles, etc. "
158,CO-1420-8276,1579,Stober ES,School Leader,Other Issues,,
158,CO-1420-8276,1580,Stober ES,School Leader,Teaching Space,3,"We would benefit from additional space for students, probably 1-2 more classrooms, as well as offices for staff members and more room for SAE. "
158,CO-1420-8276,1581,Stober ES,School Leader,Water Intrusion,2,"Gym ceiling leaks consistently as well as hallway and classrooms at times. "
158,CO-1420-8276,1582,Stober ES,School Leader,Outdoor Amenities,3,"Our playground equipment is old, cracking, and we probably need a new structure. "
158,CO-1420-8276,1583,Stober ES,School Leader,Overall Condition,4,
158,CO-1420-8276,1584,Stober ES,School Leader,Walkways,4,
158,CO-1420-8276,1585,Stober ES,School Leader,Safety & Security,3,"The exterior is not very well lit. There should be additional lighting added to the parking lot and areas on the property. "
159,CO-1420-8280,1586,Stony Creek ES,School Leader,HVAC,1,"We are one of the few schools in the district that does not have air conditioning.  We have a swamp cooler instead.  Many areas of the building can get extremely hot and therefore creating less than optimum learning conditions.  "
159,CO-1420-8280,1587,Stony Creek ES,School Leader,Interiors,3,"When we had our bond upgrades in 2022, they didn't have enough money to carpet the entire school.  There is still the old carpet in the music room, Instructional coach office, Principal office, and a couple of classrooms. The tile in the cafeteria is very old.  That was also in the original plan to upgrade but they ran out of money for that too."
159,CO-1420-8280,1588,Stony Creek ES,School Leader,Other Issues,,
159,CO-1420-8280,1589,Stony Creek ES,School Leader,Teaching Space,4,
159,CO-1420-8280,1590,Stony Creek ES,School Leader,Water Intrusion,4,
159,CO-1420-8280,1591,Stony Creek ES,School Leader,Outdoor Amenities,1,"We were told by facilities that we are one of the few schools that are in need of a playground in South Jeffco.  "
159,CO-1420-8280,1592,Stony Creek ES,School Leader,Overall Condition,3,Our bathrooms (adult and student) and teacher's lounge need to be updated.  It's frustrating going to other schools and seeing how their working and learning conditions are much better.  It is an equity issue!
159,CO-1420-8280,1593,Stony Creek ES,School Leader,Walkways,4,
159,CO-1420-8280,1594,Stony Creek ES,School Leader,Safety & Security,2,We have two exterior doors that do not click and completely close without being pulled shut. One is the exterior door to the kitchen and the other is the exterior gym door.
160,CO-1420-8300,1595,Stott ES,School Leader,HVAC,1,Several classrooms are very hot all year long. Classrooms S3 and W3 are the worst. PreK classrooms are freezing in winter.
160,CO-1420-8300,1596,Stott ES,School Leader,Interiors,4,
160,CO-1420-8300,1597,Stott ES,School Leader,Other Issues,,"We haven't had new furniture in a very long time. Everything we have is ripped, broken, or barely holding on. "
160,CO-1420-8300,1598,Stott ES,School Leader,Teaching Space,4,
160,CO-1420-8300,1599,Stott ES,School Leader,Water Intrusion,1,"Room N4 and principal's office leak every time it rains. Room N2, 141 and 139 have water that comes under the front wall when we get a heavy rain. Drains in the front lawn get clogged. Rooms W6 and W7 had water pouring down between the walls earlier this year. Work orders have been submitted for all of this. "
160,CO-1420-8300,1600,Stott ES,School Leader,Outdoor Amenities,2,"Soccer field is always dead. There are broken sprinkler lines that have never been repaired. Kickball field is not usable. The dirt is as hard as concrete. Blacktop hasn't been redone in the 10 years I have worked here. Very large cracks that are trip hazards. "
160,CO-1420-8300,1601,Stott ES,School Leader,Overall Condition,4,
160,CO-1420-8300,1602,Stott ES,School Leader,Walkways,3,"Primarily good. The drainage for the entire parking lot runs right through our crosswalk. This floods in bad weather and kids have to walk through shin deep water to get to the building. "
160,CO-1420-8300,1603,Stott ES,School Leader,Safety & Security,2,"The property is not fenced. It is a big lot, but we have a retention pond adjacent to the playground and no secure fencing. We routinely have people on the property during the school day who think it is a park."
216,CO-1420-8381,1604,Summit Ridge MS,School Leader,HVAC,3,Some rooms are very hot in the summer and very cold in the winter.
216,CO-1420-8381,1605,Summit Ridge MS,Facility Manager,HVAC,3,
216,CO-1420-8381,1606,Summit Ridge MS,Facility Manager,HVAC,3,inconsistent temps room to room
216,CO-1420-8381,1607,Summit Ridge MS,School Leader,Interiors,5,
216,CO-1420-8381,1608,Summit Ridge MS,Facility Manager,Interiors,5,
216,CO-1420-8381,1609,Summit Ridge MS,Facility Manager,Interiors,4,
216,CO-1420-8381,1610,Summit Ridge MS,School Leader,Other Issues,,"We need classroom tables and chairs (furniture). We have been on the list for years. "
216,CO-1420-8381,1611,Summit Ridge MS,Facility Manager,Other Issues,,We need new Furniture ours is very old and needs replaced.
216,CO-1420-8381,1612,Summit Ridge MS,Facility Manager,Other Issues,,Mainly concrete repairs that need to be done. I have work orders in.
216,CO-1420-8381,1613,Summit Ridge MS,School Leader,Teaching Space,5,
216,CO-1420-8381,1614,Summit Ridge MS,Facility Manager,Teaching Space,4,
216,CO-1420-8381,1615,Summit Ridge MS,Facility Manager,Teaching Space,5,
216,CO-1420-8381,1616,Summit Ridge MS,School Leader,Water Intrusion,1,
216,CO-1420-8381,1617,Summit Ridge MS,Facility Manager,Water Intrusion,4,
216,CO-1420-8381,1618,Summit Ridge MS,Facility Manager,Water Intrusion,4,
216,CO-1420-8381,1619,Summit Ridge MS,School Leader,Outdoor Amenities,3,"We have a football field and track, as well as a baseball diamond, but no additional amenities. We would love some playground equipment."
216,CO-1420-8381,1620,Summit Ridge MS,Facility Manager,Outdoor Amenities,4,
216,CO-1420-8381,1621,Summit Ridge MS,Facility Manager,Outdoor Amenities,5,
216,CO-1420-8381,1622,Summit Ridge MS,School Leader,Overall Condition,5,
216,CO-1420-8381,1623,Summit Ridge MS,Facility Manager,Overall Condition,4,
216,CO-1420-8381,1624,Summit Ridge MS,Facility Manager,Overall Condition,5,
216,CO-1420-8381,1625,Summit Ridge MS,School Leader,Walkways,5,
216,CO-1420-8381,1626,Summit Ridge MS,Facility Manager,Walkways,2,There is alot of broken concrete around the building mostly in the back
216,CO-1420-8381,1627,Summit Ridge MS,Facility Manager,Walkways,2,Lots of broken and heaving concrete around the building... safety hazard.
216,CO-1420-8381,1628,Summit Ridge MS,School Leader,Safety & Security,4,
216,CO-1420-8381,1629,Summit Ridge MS,Facility Manager,Safety & Security,5,
216,CO-1420-8381,1630,Summit Ridge MS,Facility Manager,Safety & Security,5,
161,CO-1420-8432,1631,Swanson ES,School Leader,HVAC,2,"This is very inconsistent in the building. Some parts of the building/classrooms are very hot when they shouldn't be and others are much colder than they should be. My FM has put in work orders for this issue and we have not gotten the situation resolved. "
161,CO-1420-8432,1632,Swanson ES,School Leader,Interiors,4,
161,CO-1420-8432,1633,Swanson ES,School Leader,Other Issues,,"Our main entry has a rocky square where a tree once lived, but is now a place where there is nothing. It is slighlty above an eyesore. "
161,CO-1420-8432,1634,Swanson ES,School Leader,Teaching Space,5,
161,CO-1420-8432,1635,Swanson ES,School Leader,Water Intrusion,4,
161,CO-1420-8432,1636,Swanson ES,School Leader,Outdoor Amenities,2,"The playground areas are in good condition. The blacktops however are in desperate need of resurfacing. I have inquired about this multiple times and have been told there are no funds to do this. The one on the east side of the property collects water. The play field has some grass, but many weeds. "
161,CO-1420-8432,1637,Swanson ES,School Leader,Overall Condition,4,"My building is old. There are "
161,CO-1420-8432,1638,Swanson ES,School Leader,Walkways,4,
161,CO-1420-8432,1639,Swanson ES,School Leader,Safety & Security,3,"Mostly. We have an alcove on the west side of our building that is a place people camp out in, grafitti our building, urinate, and leave their trash. This has felt like a safety issue this spring and has been reported as such. Having this area gated off would increase our safety entering and exiting the building on this side. This is also near the entrance our before and after care uses daily."
511,CO-1420-8856,1640,Three Creeks K-8,School Leader,HVAC,1,"The system seems to be very inconsistent depending on where you are in the building. There has been discoveries over time that some vents weren't even hooked into the system at all. Some rooms average 70+ degrees whiles others are low 60's. South facing second floor rooms are always much hotter due to sun exposure and we are unable to individually adjust those spaces to compensate, so we run a bunch a fans to attempt to cool those rooms."
511,CO-1420-8856,1641,Three Creeks K-8,Facility Manager,HVAC,1,
511,CO-1420-8856,1642,Three Creeks K-8,Facility Manager,HVAC,2,
511,CO-1420-8856,1643,Three Creeks K-8,School Leader,Interiors,1,"The original contractor did not prime the walls prior to painting them just 8 years ago when the building was built. That means that any tape, command strip, staple, etc. that is used pulls the paint right all the walls! All hallways and classrooms look MUCH older than 8 years and are ALL in need of dry wall and paint repair which is quite sad. There are several places on the flooring that there are cracks in the polished concerte hallways. There are several rooms with significant cracks in the walls from shifting or settlement."
511,CO-1420-8856,1644,Three Creeks K-8,Facility Manager,Interiors,2,
511,CO-1420-8856,1645,Three Creeks K-8,Facility Manager,Interiors,2,"my walls never got premiered when school open and the concrete flooring never got the floor finish primer so there no point to buffing them to shine. I have lots of rooms with cracks in classroom walls and parts of the floor cracks all the way down "
511,CO-1420-8856,1646,Three Creeks K-8,School Leader,Other Issues,,"Not sure if this is the avenue for this feedback but the contractor, JCM - Cory Jackson, does low quality work and is over priced. I have been quoted work from him at two different schools, been dissatisfied with the work and outcome, the price is higher than if we were to bid it out. I am told by David Curnow that jobs less than 25K don't need to get 3 bids and that JCM has done work with Jeffco for 20+ years. Being married to someone in the field, I think it's time Jeffco looked at those practices because when a school is funding something like a simple outlet costing 2K to install when the work including labor should be a fraction of that, it's a problem. Many departments of facilities are amazing and want to truly help schools do what they can, but it feels like construction isn't one of them."
511,CO-1420-8856,1647,Three Creeks K-8,Facility Manager,Other Issues,,"HVAC never works right either too hot or too cold to small classrooms and bulky furniture does not fit the classrooms open field just sitting around. Buslanes too small for drop off pick up need another gym for I have 4 gym teachers one gym. no storage anywhere need bigger tractor shed fire alarm panel always beep even when it work right cracks in floors walls etc. no primer on walls so paint tears off  big cracks in floors in main hallway cafe. the school is only  8 years old lookd like it 100 years old "
511,CO-1420-8856,1648,Three Creeks K-8,Facility Manager,Other Issues,,"I have a bad sewer or odor smell and maintained people and environmental services can finger it out. It is always when cold or damp in mornings. I always get put water down drains and no answer's. It been this way for three years    "
511,CO-1420-8856,1649,Three Creeks K-8,School Leader,Teaching Space,2,"We are making do! Last summer there were three walls built to make new spaces for 'tiny' classrooms. We are watching enrollment and adjusting to stay within the space we have. 
Having only 1 gym for over 1,000 students and running 3 PE classes at a time is a safety concern and challenge. 
Having a cafeteria that is also the theater stage/classroom is a challenge for scheduling and productions or assemblies.
We have two art rooms for three art classes and therefore one of the art classes is taught from what was once a storage space, which isn't equitable."
511,CO-1420-8856,1650,Three Creeks K-8,Facility Manager,Teaching Space,2,
511,CO-1420-8856,1651,Three Creeks K-8,Facility Manager,Teaching Space,3,"some rooms feel small with cabinets and bulky furniture and very cramped "
511,CO-1420-8856,1652,Three Creeks K-8,School Leader,Water Intrusion,3,"There are some water leaks and pooling water at enterance areas. In the front of the building, not right at the door, the gravel space is sunken and water pools there become an ice fall risk. At the back outside cafeteria door, the concert is sunken and water pools there right at the doorway - it gets tracked in and also becomes an ice fall risk in winter months. There is water damage to ceiling tiles from leaks in the offices (101R, 101Q, 101N, 101M), water damage from a leak down the hallway wall and on ceiling tiles on the second floor in Boulder Creek outside rms 204 and 210 and ceiling tiles outside rm 207, water damage from a leak down the hallway wall and on ceiling tiles on the second floor in Coal Creek outside rm 222 - this leak has peeled all paint from the wall, water damage from a leak in large spaces of the hallway along the second floor Clear Creek outside rm 234 and all along rm 238 and at the doorway of 236. Additionally the following rooms have damage to ceiling tiles from water damage - Rm 234 (large space near windows), Rm 238, Rm 232A, Rm 223, Rm 214."
511,CO-1420-8856,1653,Three Creeks K-8,Facility Manager,Water Intrusion,4,
511,CO-1420-8856,1654,Three Creeks K-8,Facility Manager,Water Intrusion,3,
511,CO-1420-8856,1655,Three Creeks K-8,School Leader,Outdoor Amenities,4,
511,CO-1420-8856,1656,Three Creeks K-8,Facility Manager,Outdoor Amenities,2,
511,CO-1420-8856,1657,Three Creeks K-8,Facility Manager,Outdoor Amenities,3,"feels small play grounds and courts for a K-8 "
511,CO-1420-8856,1658,Three Creeks K-8,School Leader,Overall Condition,2,"The building is big, beautiful and fairly new. It seems like the quality of materials used to build and upkeep/care is low and therefore it is in need of a lot of work on the inside."
511,CO-1420-8856,1659,Three Creeks K-8,Facility Manager,Overall Condition,3,
511,CO-1420-8856,1660,Three Creeks K-8,Facility Manager,Overall Condition,2,"It needs work on hvac unit walls and floors "
511,CO-1420-8856,1661,Three Creeks K-8,School Leader,Walkways,4,
511,CO-1420-8856,1662,Three Creeks K-8,Facility Manager,Walkways,2,
511,CO-1420-8856,1663,Three Creeks K-8,Facility Manager,Walkways,3,"They seem to be in good shape "
511,CO-1420-8856,1664,Three Creeks K-8,School Leader,Safety & Security,1,"I do not have a secure vestibule. I have a vestibule and the ability to lock the door to the office and double doors to the hallway, but there is no receiving window, there is no magnetic release door and therefore we have to go open the locked door for each visitor, letting them into our office before we can check their ID through Raptor and vet their purpose for being in our building - at this point they have already gained access to our building. I have brought this up and was assured that this summer (currently happening) I would get a secure vestibule, but that is not the case. 
We have some fencing that was purchased by PTO, but a large portion of our playground is open to the field adjacent to our property (also owned by Jeffco).
Lighting is adequate. Cameras have been added to over time but there remain a couple of blind spots to correct."
511,CO-1420-8856,1665,Three Creeks K-8,Facility Manager,Safety & Security,1,
511,CO-1420-8856,1666,Three Creeks K-8,Facility Manager,Safety & Security,2,
963,CO-1420-8793,1667,Two Roads - Arvada,Facility Manager,HVAC,5,
963,CO-1420-8793,1668,Two Roads - Arvada,Facility Manager,Interiors,3,
963,CO-1420-8793,1669,Two Roads - Arvada,Facility Manager,Other Issues,,no
963,CO-1420-8793,1670,Two Roads - Arvada,Facility Manager,Teaching Space,4,
963,CO-1420-8793,1671,Two Roads - Arvada,Facility Manager,Water Intrusion,5,
963,CO-1420-8793,1672,Two Roads - Arvada,Facility Manager,Outdoor Amenities,4,
963,CO-1420-8793,1673,Two Roads - Arvada,Facility Manager,Overall Condition,4,
963,CO-1420-8793,1674,Two Roads - Arvada,Facility Manager,Walkways,4,
963,CO-1420-8793,1675,Two Roads - Arvada,Facility Manager,Safety & Security,4,
162,CO-1420-9008,1676,Ute Meadows ES,Facility Manager,HVAC,2,"Our cooling and heating system is outdated. Maintenance on our current systems seems to be an issue because of how old it is, i.e, parts are not available/expensive, hard to come by. "
162,CO-1420-9008,1677,Ute Meadows ES,Facility Manager,Interiors,1,"The carpet needs to be updated; it is old and gross. The corners come up, and are being ripped by the students with nothing to replace it with. Our tile in the cafeteria, LMC workroom, art room, kdg, and bathrooms are disgusting. We need it updated like other schools have had. Our tile is original to the building and is now yellow, even with keeping up with the proper maintenance. "
162,CO-1420-9008,1678,Ute Meadows ES,Facility Manager,Other Issues,,"I�۪ve put in a lot of effort to improve the appearance of our school through cosmetic upgrades, painting classrooms, the gym, and cafeteria, resealing the blacktop, and planting flowers, all in an attempt to make the school look presentable. But the truth is, these are surface-level fixes. What our building really needs is substantial investment: new carpeting, reliable heating and cooling systems, upgraded fencing, and improved exterior lighting. We are barely getting semi new furniture this year after 37 years.
"
162,CO-1420-9008,1679,Ute Meadows ES,Facility Manager,Teaching Space,4,
162,CO-1420-9008,1680,Ute Meadows ES,Facility Manager,Water Intrusion,3,"Water often seeps in under the worn door sweeps. "
162,CO-1420-9008,1681,Ute Meadows ES,Facility Manager,Outdoor Amenities,1,
162,CO-1420-9008,1682,Ute Meadows ES,Facility Manager,Overall Condition,1,"I�۪ve put in a lot of effort to improve the appearance of our school through cosmetic upgrades, painting classrooms, the gym, and cafeteria, resealing the blacktop, and planting flowers, all in an attempt to make the school look presentable. But the truth is, these are surface-level fixes. What our building really needs is substantial investment: new carpeting, reliable heating and cooling systems, upgraded fencing, and improved exterior lighting. We are barely getting semi new furniture this year after 37 years.

Our facility is outdated, and it's clear to anyone who walks through it. What�۪s even more disheartening is seeing other schools receive full renovations and major improvements while we continue to be overlooked. This imbalance doesn�۪t reflect the message of equality and equity that�۪s often preached within the district. Our students and staff deserve better, not just to look good on the outside, but to function safely and comfortably on the inside as well."
162,CO-1420-9008,1683,Ute Meadows ES,Facility Manager,Walkways,1,
162,CO-1420-9008,1684,Ute Meadows ES,Facility Manager,Safety & Security,1,
163,CO-1420-9052,1685,Van Arsdale ES,School Leader,HVAC,2,"There are areas of the building that get incredibly hot or stay cold in the winter. "
163,CO-1420-9052,1686,Van Arsdale ES,Facility Manager,HVAC,5,
163,CO-1420-9052,1687,Van Arsdale ES,School Leader,Interiors,3,We have carpet in classrooms that is getting old.
163,CO-1420-9052,1688,Van Arsdale ES,Facility Manager,Interiors,1,Tiles are cracked and not leveled in cafeteria. The carpets in the building are original. The walls need to be painted and corners need to be replaced.
163,CO-1420-9052,1689,Van Arsdale ES,School Leader,Other Issues,,
163,CO-1420-9052,1690,Van Arsdale ES,Facility Manager,Other Issues,,"The building paint is original in classrooms and hallways. "
163,CO-1420-9052,1691,Van Arsdale ES,School Leader,Teaching Space,5,
163,CO-1420-9052,1692,Van Arsdale ES,Facility Manager,Teaching Space,4,
163,CO-1420-9052,1693,Van Arsdale ES,School Leader,Water Intrusion,4,
163,CO-1420-9052,1694,Van Arsdale ES,Facility Manager,Water Intrusion,5,
163,CO-1420-9052,1695,Van Arsdale ES,School Leader,Outdoor Amenities,3,The blacktop has huge cracks and is becoming unsafe
163,CO-1420-9052,1696,Van Arsdale ES,Facility Manager,Outdoor Amenities,4,
163,CO-1420-9052,1697,Van Arsdale ES,School Leader,Overall Condition,4,
163,CO-1420-9052,1698,Van Arsdale ES,Facility Manager,Overall Condition,5,
163,CO-1420-9052,1699,Van Arsdale ES,School Leader,Walkways,5,
163,CO-1420-9052,1700,Van Arsdale ES,Facility Manager,Walkways,2,"Walkway near the preschool playground is a severe trip hazard and I believe that its due to the root of a tree. "
163,CO-1420-9052,1701,Van Arsdale ES,School Leader,Safety & Security,2,"It is incredibly dark near the front walkways in the evening. "
163,CO-1420-9052,1702,Van Arsdale ES,Facility Manager,Safety & Security,5,
164,CO-1420-9058,1703,Vanderhoof ES,School Leader,HVAC,2,We have issues every year in different parts of the building with extreme heat and freezing. It is all over the building.
164,CO-1420-9058,1704,Vanderhoof ES,Facility Manager,HVAC,3,"Our Cafeteria don't cool down completely.   During lunch it gets extremely hot in there.   We have 3 Temps with window air conditioning.   Every year teachers request and extra air condition unit.  Our school don't have the budget for such items. "
164,CO-1420-9058,1705,Vanderhoof ES,School Leader,Interiors,3,"most are holding up since construction, the artroom continues to have problems on the floor."
164,CO-1420-9058,1706,Vanderhoof ES,Facility Manager,Interiors,4,
164,CO-1420-9058,1707,Vanderhoof ES,School Leader,Other Issues,,not at this time
164,CO-1420-9058,1708,Vanderhoof ES,Facility Manager,Other Issues,,
164,CO-1420-9058,1709,Vanderhoof ES,School Leader,Teaching Space,3,Now we do.
164,CO-1420-9058,1710,Vanderhoof ES,Facility Manager,Teaching Space,2,"
SAE, Music and Orchestra are in the Cafeteria.   We have 40 Cafeteria tables.  Makes for a very tight spot.  "
164,CO-1420-9058,1711,Vanderhoof ES,School Leader,Water Intrusion,3,Depends on weather and pipes. We had leaking on the west side of the school last year after the spring rain storm.
164,CO-1420-9058,1712,Vanderhoof ES,Facility Manager,Water Intrusion,5,
164,CO-1420-9058,1713,Vanderhoof ES,School Leader,Outdoor Amenities,2,We need filler and I have requested support with our basketball hoops but haven't heard back. Our PTA has raised money to replace old hoops and put in new ones. But no response since we submitted the work ticket in the spring last year.
164,CO-1420-9058,1714,Vanderhoof ES,Facility Manager,Outdoor Amenities,4,
164,CO-1420-9058,1715,Vanderhoof ES,School Leader,Overall Condition,4,
164,CO-1420-9058,1716,Vanderhoof ES,Facility Manager,Overall Condition,5,
164,CO-1420-9058,1717,Vanderhoof ES,School Leader,Walkways,5,
164,CO-1420-9058,1718,Vanderhoof ES,Facility Manager,Walkways,5,
164,CO-1420-9058,1719,Vanderhoof ES,School Leader,Safety & Security,1,"We need more fencing, our school is open to the parking lot and public park as well as the street."
164,CO-1420-9058,1720,Vanderhoof ES,Facility Manager,Safety & Security,4,
165,CO-1420-9232,1721,Warder ES,School Leader,HVAC,4,
165,CO-1420-9232,1722,Warder ES,Facility Manager,HVAC,3,
165,CO-1420-9232,1723,Warder ES,School Leader,Interiors,3,"Need painting of trim complete- we recently paid for carpet out of SBB, gym floor and other tile areas have problems"
165,CO-1420-9232,1724,Warder ES,Facility Manager,Interiors,3,"My clinic  my art room pre school closet floors all have glue coming up "
165,CO-1420-9232,1725,Warder ES,School Leader,Other Issues,,"My parking lot needs to be slightly modified to ensure enough space. There has been lack of communication within the facilities department about this. It was supposed to be restriped this summer, however, the crew came and restriped without the changes previously agreed upon. We are still waiting on the work from the Arvada Aquatics center to be completed as well. "
165,CO-1420-9232,1726,Warder ES,Facility Manager,Other Issues,,
165,CO-1420-9232,1727,Warder ES,School Leader,Teaching Space,2,We are currently maxed out for space with our current number of students with the addition of PK. We need more students to be sustainable from an SBB perspective.
165,CO-1420-9232,1728,Warder ES,Facility Manager,Teaching Space,3,There is not enough space for people to park
165,CO-1420-9232,1729,Warder ES,School Leader,Water Intrusion,4,
165,CO-1420-9232,1730,Warder ES,Facility Manager,Water Intrusion,4,
165,CO-1420-9232,1731,Warder ES,School Leader,Outdoor Amenities,3,"We need to secure funding to install playpit/drainage in order to install swings from the Arvada Pool Center. "
165,CO-1420-9232,1732,Warder ES,Facility Manager,Outdoor Amenities,4,
165,CO-1420-9232,1733,Warder ES,School Leader,Overall Condition,4,
165,CO-1420-9232,1734,Warder ES,Facility Manager,Overall Condition,4,
165,CO-1420-9232,1735,Warder ES,School Leader,Walkways,4,
165,CO-1420-9232,1736,Warder ES,Facility Manager,Walkways,4,
165,CO-1420-9232,1737,Warder ES,School Leader,Safety & Security,3,"Fencing around playground and property is incomplete at this time. "
165,CO-1420-9232,1738,Warder ES,Facility Manager,Safety & Security,3,
401,CO-1420-9234,1739,Warren Tech Central,School Leader,HVAC,1,"The HVAC system was designed to support buildings built in 1973.  Concerned that flow is not addressed correctly, does not adequately cover classroom areas.  In addition, advanced programs such as precision machining, engineering, 3D printing require additional venting for specific machinery.  "
401,CO-1420-9234,1740,Warren Tech Central,School Leader,HVAC,2,"It's hit or miss, but Building A gets insanely hot on summer afternoons.  We paid for a wall to increase student capacity in welding but couldn't afford the HVAC or power.  Please send money."
401,CO-1420-9234,1741,Warren Tech Central,School Leader,Interiors,1,"We were supposed to complete a remodel from the 2018 Bond, however, asbestos abatement limited to completion of the building.  In addition, the LVT that was placed in the building in the summer of 2024 is already lifting up in areas.  So the carpeted areas of the building consist of tile floor that probably requires asbestos abatement.  The issue that came up last summer is that some of the tile had been incapsulated with glue instead of proper abatement.  In addition, the flooring in the cosmetology area, does not meet industry standards.  Walls are in need of repair and updated painting.  In addition, all restrooms on this campus including building a, b, c and d, need upgrading"
401,CO-1420-9234,1742,Warren Tech Central,School Leader,Interiors,2,"We need new carpet and flooring.  It was a part of the last bond, but didn't happen.  Our building is over 50 years old"
401,CO-1420-9234,1743,Warren Tech Central,School Leader,Other Issues,,"Electrical panels could be evaluated for power so we know what is available for the programming we have.  Our Facilities team would probably say they have a good understanding which I believe they do, but we should evaluate the Skilled Trades programming as well as the Engineering, Advanced Printing and Graphic Design programs to see what equipment is in use and what needs may be coming down the pipeline in the next five years.  In addition, the Cosmetology program is in need fixing the power in their programs.  "
401,CO-1420-9234,1744,Warren Tech Central,School Leader,Other Issues,,"We would love to do a walk-through of our program spaces and equipment.  We need HVAC and electrical on the new wall in welding.  Also, many of our machines are beyond life expectancy.  "
401,CO-1420-9234,1745,Warren Tech Central,School Leader,Teaching Space,3,"Because of the unique programming at Warren Tech, many spaces, such as Auto Tech, have long been outside of industry standards.  Bays for auto programs should allow a vehicle to be pulled from its space.  In addition, many of the HVAC requirements for the types of materials in the precision machining program, engineering program, and advanced printing programs do not allow for upgraded machinery needed to teach these programs."
401,CO-1420-9234,1746,Warren Tech Central,School Leader,Teaching Space,4,
401,CO-1420-9234,1747,Warren Tech Central,School Leader,Water Intrusion,3,"We do not specifically have water intrusion, but we do have programs that are in need of better systems for waste water - Culinary and our auto programs"
401,CO-1420-9234,1748,Warren Tech Central,School Leader,Water Intrusion,4,
401,CO-1420-9234,1749,Warren Tech Central,School Leader,Outdoor Amenities,3,"The exterior of the building is in good condition but could use some attention to awnings, sidewalk repair, and deferred maintenance.  We had an employee injured this winter due to the lack of awnings on exterior doors.  Need updated sprinkler and irrigation for grass."
401,CO-1420-9234,1750,Warren Tech Central,School Leader,Outdoor Amenities,4,
401,CO-1420-9234,1751,Warren Tech Central,School Leader,Overall Condition,3,"With some additional attention to the HVAC and the possible completion of the flooring/lighting that was cancelled due to the cost of asbestos abatement, we could be at an ok space for a number of years to follow.  "
401,CO-1420-9234,1752,Warren Tech Central,School Leader,Overall Condition,4,
401,CO-1420-9234,1753,Warren Tech Central,School Leader,Walkways,4,
401,CO-1420-9234,1754,Warren Tech Central,School Leader,Walkways,3,addressed in previous question
401,CO-1420-9234,1755,Warren Tech Central,School Leader,Safety & Security,2,There is a need for better lighting and cameras around the building.  The angles of some cameras are inadequate to cover the amount of space for our building
401,CO-1420-9234,1756,Warren Tech Central,School Leader,Safety & Security,4,
402,CO-1420-9245,1757,Warren Tech North,School Leader,HVAC,3,"In the main office area, temperatures in offices are very different. Adjustments to cool one office to a reasonable temperature can make offices around it unbearably hot. A District HVAC tech came out and identified a problem with air circulation/sourcing last year, but the problem has not been addressed."
402,CO-1420-9245,1758,Warren Tech North,School Leader,Interiors,3,"Warren Tech North is an aging building, and the FM and his crew take good care of our spaces. Carpet and tile in some classrooms, offices, and other areas are quite worn. Many classroom walls are damaged from years of use."
402,CO-1420-9245,1759,Warren Tech North,School Leader,Other Issues,,"The FM and his crew at Arvada West High School do an excellent job of caring for our small Warren Tech campus that sits on AWest property. "
402,CO-1420-9245,1760,Warren Tech North,School Leader,Teaching Space,4,
402,CO-1420-9245,1761,Warren Tech North,School Leader,Water Intrusion,4,
402,CO-1420-9245,1762,Warren Tech North,School Leader,Outdoor Amenities,2,"Two playgrounds were built on the Warren Tech North site to support a preschool program that was subsequently moved to a preschool center. One playground is in good shape and used by the community. The other playground has been scavenged by the district (and individual schools) for equipment, leaving the fence in disrepair and the ground area a mishmash of concrete foundation and sidewalk, grass, and mulch. This area should be restored by the District to its original condition. "
402,CO-1420-9245,1763,Warren Tech North,School Leader,Overall Condition,3,"We have frequent power surge issues and, in the past year, we have had several electrical issues, especially with lighting in classrooms and the main hallway. The lighting issues have been fixed, but I am concerned that there is an underlying electrical problem that hasn't been identified yet."
402,CO-1420-9245,1764,Warren Tech North,School Leader,Walkways,2,"Exterior walkways between parking lot and the main entrance to the building are inadequately lit, creating a hazard for students, families, staff, and industry partners who attend evening events at Warren Tech North."
402,CO-1420-9245,1765,Warren Tech North,School Leader,Safety & Security,2,"No exterior lighting on sidewalk and stairs between the building and parking lot. Evening events present a hazard for staff, students, families, and visitors due to inadequate lighting on the front walkways."
403,CO-1420-1001,1766,Warren Tech South,School Leader,HVAC,3,"Aircraft hangar, which functions as a classroom area, did not have any AC installed during construction, so it's very hot in August and September.  Overall HVAC unit usually breaks down at least once a year in the winter.  Otherwise, things work fine."
403,CO-1420-1001,1767,Warren Tech South,School Leader,Interiors,4,
403,CO-1420-1001,1768,Warren Tech South,School Leader,Other Issues,,
403,CO-1420-1001,1769,Warren Tech South,School Leader,Teaching Space,4,
403,CO-1420-1001,1770,Warren Tech South,School Leader,Water Intrusion,4,
403,CO-1420-1001,1771,Warren Tech South,School Leader,Outdoor Amenities,5,
403,CO-1420-1001,1772,Warren Tech South,School Leader,Overall Condition,4,
403,CO-1420-1001,1773,Warren Tech South,School Leader,Walkways,5,
403,CO-1420-1001,1774,Warren Tech South,School Leader,Safety & Security,5,
217,CO-1420-9299,1775,Wayne Carle MS,School Leader,HVAC,3,
217,CO-1420-9299,1776,Wayne Carle MS,Facility Manager,HVAC,4,
217,CO-1420-9299,1777,Wayne Carle MS,School Leader,Interiors,4,
217,CO-1420-9299,1778,Wayne Carle MS,Facility Manager,Interiors,4,
217,CO-1420-9299,1779,Wayne Carle MS,School Leader,Other Issues,,
217,CO-1420-9299,1780,Wayne Carle MS,Facility Manager,Other Issues,,
217,CO-1420-9299,1781,Wayne Carle MS,School Leader,Teaching Space,5,
217,CO-1420-9299,1782,Wayne Carle MS,Facility Manager,Teaching Space,4,
217,CO-1420-9299,1783,Wayne Carle MS,School Leader,Water Intrusion,2,
217,CO-1420-9299,1784,Wayne Carle MS,Facility Manager,Water Intrusion,3,With heavy Rain Basement sometimes floods a little over sidewalk.
217,CO-1420-9299,1785,Wayne Carle MS,School Leader,Outdoor Amenities,4,
217,CO-1420-9299,1786,Wayne Carle MS,Facility Manager,Outdoor Amenities,3,Black top courts have several large cracks and pooling of water on them.
217,CO-1420-9299,1787,Wayne Carle MS,School Leader,Overall Condition,4,
217,CO-1420-9299,1788,Wayne Carle MS,Facility Manager,Overall Condition,4,
217,CO-1420-9299,1789,Wayne Carle MS,School Leader,Walkways,4,
217,CO-1420-9299,1790,Wayne Carle MS,Facility Manager,Walkways,4,
217,CO-1420-9299,1791,Wayne Carle MS,School Leader,Safety & Security,2,
217,CO-1420-9299,1792,Wayne Carle MS,Facility Manager,Safety & Security,4,
166,CO-1420-9328,1793,Weber ES,Facility Manager,HVAC,3,"New Main office is in the 80's by after noon. This is coming off of last summers construction "
166,CO-1420-9328,1794,Weber ES,Facility Manager,HVAC,4,
166,CO-1420-9328,1795,Weber ES,Facility Manager,Interiors,4,
166,CO-1420-9328,1796,Weber ES,Facility Manager,Interiors,5,
166,CO-1420-9328,1797,Weber ES,Facility Manager,Other Issues,,"Wood Chips in 14 areas all around the building that blow everywhere, Weeds are a daily task. Bugs/Earwigs live and bread in the wood chips and enter the building/Classrooms. Would really like rock in these areas.  "
166,CO-1420-9328,1798,Weber ES,Facility Manager,Other Issues,,"Wood Chips all around the exterior of the building that causses pincher bugs, ants and weeds that are a daily issue. "
166,CO-1420-9328,1799,Weber ES,Facility Manager,Teaching Space,3,"More classroom space needed for special Ed  "
166,CO-1420-9328,1800,Weber ES,Facility Manager,Teaching Space,4,
166,CO-1420-9328,1801,Weber ES,Facility Manager,Water Intrusion,3,"When heavy rains accrue outside sidewalk drains cant keep up with the water that comes down the hill. Flooding happens in the cafeteria. 
Also the roof drains that run under the front lawn are clogged or caved in.    "
166,CO-1420-9328,1802,Weber ES,Facility Manager,Water Intrusion,5,
166,CO-1420-9328,1803,Weber ES,Facility Manager,Outdoor Amenities,4,
166,CO-1420-9328,1804,Weber ES,Facility Manager,Outdoor Amenities,4,
166,CO-1420-9328,1805,Weber ES,Facility Manager,Overall Condition,5,
166,CO-1420-9328,1806,Weber ES,Facility Manager,Overall Condition,4,
166,CO-1420-9328,1807,Weber ES,Facility Manager,Walkways,4,
166,CO-1420-9328,1808,Weber ES,Facility Manager,Walkways,4,
166,CO-1420-9328,1809,Weber ES,Facility Manager,Safety & Security,5,
166,CO-1420-9328,1810,Weber ES,Facility Manager,Safety & Security,5,
167,CO-1420-9342,1811,Welchester ES,School Leader,HVAC,3,"Specific classrooms are too hot in the fall and spring. Fans are required in those classrooms to try to cool down. Map won't let me click on specific classrooms. Room numbers 119, 118, 116, 120, 121, 127"
167,CO-1420-9342,1812,Welchester ES,Facility Manager,HVAC,2,"During the hotter parts of the school year, I receive frequent complaints on the temperature of classrooms. The cafeteria is hot pretty much year round, with it arguably better when the hvac is just turned off and the air from the surrounding zones filtering in. The only room I can say with confidence is a consistent comfortable temperature is the gym. "
167,CO-1420-9342,1813,Welchester ES,School Leader,Interiors,5,
167,CO-1420-9342,1814,Welchester ES,Facility Manager,Interiors,3,"The floors are in pretty good shape, however there walls that have not been noticeably repaired since they were installed. There is a fair amount of paint that comes off each year with cleaning or new patches of missing paint from tape or command strips ripping it off the wall. "
167,CO-1420-9342,1815,Welchester ES,School Leader,Other Issues,,
167,CO-1420-9342,1816,Welchester ES,Facility Manager,Other Issues,,"We really need our trees trimmed, I've had a work order for it for several months. 

The exterior paint on the soffit is peeling after a  previous ""repair"" was attempted, we cannot afford to fix this with the school budget and have had to argue with admin to help pay for it.  We have kids coming up to show us handfuls of paint flecks when they go out to recess. 

Our vestibule is old and of a design that differs from what we are seeing installed in different schools. There is no security window just a door to get into the building or main office. 

We do not have any ADA doors. 

"
167,CO-1420-9342,1817,Welchester ES,School Leader,Teaching Space,5,
167,CO-1420-9342,1818,Welchester ES,Facility Manager,Teaching Space,3,"I am not an educator, no comment"
167,CO-1420-9342,1819,Welchester ES,School Leader,Water Intrusion,4,
167,CO-1420-9342,1820,Welchester ES,Facility Manager,Water Intrusion,1,"There has been a leak in the library hallway for at least five years with multiple attempts to repair it. Hopefully this most recent one will work. Throughout the building you can find ceiling tiles with water damage. "
167,CO-1420-9342,1821,Welchester ES,School Leader,Outdoor Amenities,2,"2/3 playgrounds are over 20+ years old. Recently had to redo swings and woodchips to be in compliance with safety. "
167,CO-1420-9342,1822,Welchester ES,Facility Manager,Outdoor Amenities,3,"While they do meet the needs, some of our playgrounds are on the older side with some design choices that don't make much sense to me. For example, we have playground with pea gravel right next to and sitting higher than a newer woodchip one. There is no way to keep the material from mixing or to keep it from just running down the hill into the field as there is nothing to contain it on that side. There are also larger rocks or pieces of asphalt/concrete that end up where kids can fall on them because others like to chip at weak sections of the blacktop/surrounding surfaces. On the west side we have another old pea gravel play structure that didnt even have barriers to keep the pea gravel in place when it was installed. Now we have the same black plastic barriers that do the bare minimum to slow the flow of squeegee material. This play structure essentially sits on a hill of its own lost squeegee material. "
167,CO-1420-9342,1823,Welchester ES,School Leader,Overall Condition,2,"Outside paint issues and safety entering into the building is a huge concern. "
167,CO-1420-9342,1824,Welchester ES,Facility Manager,Overall Condition,3,"I'm somewhere between a three and a four. While there are issues such as the ones I've listed previously, considering the age and hit or miss upkeep the school has received, it is in pretty decent shape."
167,CO-1420-9342,1825,Welchester ES,School Leader,Walkways,1,"The paint around the building has been an ongoing issue as it was not completed correctly over and over again. Families state concerns as they pick up peals of paint and bring them to the office. Kinder and preschool playground has paint chips everywhere and I am concerned licensing will have an issue. To fix this eye sore and now safety issue, I have been quoted over $65,000. "
167,CO-1420-9342,1826,Welchester ES,Facility Manager,Walkways,5,
167,CO-1420-9342,1827,Welchester ES,School Leader,Safety & Security,1,"Our vestibule was one of the original. There is no fob access into the office through the vestibule or entry hall. It is only keys and automatically will lock. We have failed safety for this on every Lockdown. "
167,CO-1420-9342,1828,Welchester ES,Facility Manager,Safety & Security,4,
168,CO-1420-9424,1829,West Jefferson ES,School Leader,HVAC,4,
168,CO-1420-9424,1830,West Jefferson ES,Facility Manager,HVAC,2,too hot
168,CO-1420-9424,1831,West Jefferson ES,School Leader,Interiors,4,
168,CO-1420-9424,1832,West Jefferson ES,Facility Manager,Interiors,2,we need classrooms painted and new carpet in the classrooms
168,CO-1420-9424,1833,West Jefferson ES,School Leader,Other Issues,,"We have some ongoing leaks, including one in the ceiling above the main entrance, that has stained the carpet, stained the tiles, and has been open for weeks. We also have one in the main office. They just never seem to get quite repaired and cleaned up."
168,CO-1420-9424,1834,West Jefferson ES,Facility Manager,Other Issues,,
168,CO-1420-9424,1835,West Jefferson ES,School Leader,Teaching Space,4,
168,CO-1420-9424,1836,West Jefferson ES,Facility Manager,Teaching Space,4,
168,CO-1420-9424,1837,West Jefferson ES,School Leader,Water Intrusion,1,"Pod 3, rooms 13 and 14 will flood with heavy precipitation. The concrete has been repaired, but we will have to place a bucket or an extension from the downspout to move the water away, which creates a tripping hazard."
168,CO-1420-9424,1838,West Jefferson ES,Facility Manager,Water Intrusion,2,rooms 13/14 and kitchen entry
168,CO-1420-9424,1839,West Jefferson ES,School Leader,Outdoor Amenities,4,
168,CO-1420-9424,1840,West Jefferson ES,Facility Manager,Outdoor Amenities,4,
168,CO-1420-9424,1841,West Jefferson ES,School Leader,Overall Condition,4,
168,CO-1420-9424,1842,West Jefferson ES,Facility Manager,Overall Condition,4,
168,CO-1420-9424,1843,West Jefferson ES,School Leader,Walkways,4,
168,CO-1420-9424,1844,West Jefferson ES,Facility Manager,Walkways,4,
168,CO-1420-9424,1845,West Jefferson ES,School Leader,Safety & Security,2,We need a fence around the kindergarten playground as it is just feet away from the parking lot.
168,CO-1420-9424,1846,West Jefferson ES,Facility Manager,Safety & Security,2,We need better camera coverage
218,CO-1420-9428,1847,West Jefferson MS,School Leader,HVAC,3,"Despite being in the mountains, during the summer months the building gets very warm since we do not have air conditioning ."
218,CO-1420-9428,1848,West Jefferson MS,Facility Manager,HVAC,2,south side of building is extreamly hot always on hot day or cold days
218,CO-1420-9428,1849,West Jefferson MS,School Leader,Interiors,4,
218,CO-1420-9428,1850,West Jefferson MS,Facility Manager,Interiors,1,"need major paint every year kids peel wall paper causing damage towalls
tile flooring needs replaced in 6th science rm 

Countertops are chipping need replaced cabinets old painted and repainted look bad.

some super old carpet elective are and 6th area"
218,CO-1420-9428,1851,West Jefferson MS,School Leader,Other Issues,,
218,CO-1420-9428,1852,West Jefferson MS,Facility Manager,Other Issues,,"Destructive kid and behavior issues are getting extreamly bad they are bringing in tools and taking apart lockers , desks, tables, stalls, any thing they can.

No conciquences+ continueed behavior"
218,CO-1420-9428,1853,West Jefferson MS,School Leader,Teaching Space,4,
218,CO-1420-9428,1854,West Jefferson MS,Facility Manager,Teaching Space,3,N/A not my roll
218,CO-1420-9428,1855,West Jefferson MS,School Leader,Water Intrusion,3,We have several areas were the roof leaks during heavy rain and snow melt.
218,CO-1420-9428,1856,West Jefferson MS,Facility Manager,Water Intrusion,1,multi roof drains leaks  and other leak by a hvac unit
218,CO-1420-9428,1857,West Jefferson MS,School Leader,Outdoor Amenities,2,Our tennis court area is in horrible shape.  We have been told we can't re-surface due to asbestos.
218,CO-1420-9428,1858,West Jefferson MS,Facility Manager,Outdoor Amenities,3,"decorative planter boxes are being distoryed to the poing no longer can repair

basketball courts black top starting to crack"
218,CO-1420-9428,1859,West Jefferson MS,School Leader,Overall Condition,4,
218,CO-1420-9428,1860,West Jefferson MS,Facility Manager,Overall Condition,3,ok but being short staffed makes it hard to keep up on things needed
218,CO-1420-9428,1861,West Jefferson MS,School Leader,Walkways,4,
218,CO-1420-9428,1862,West Jefferson MS,Facility Manager,Walkways,2,starting to get freeze thaw cracking
218,CO-1420-9428,1863,West Jefferson MS,School Leader,Safety & Security,3,We are lacking some fencing on the back perimeter and have no cameras on the backside of the building.
218,CO-1420-9428,1864,West Jefferson MS,Facility Manager,Safety & Security,2,"we are getting a secured entry this summer
Half of building has no cameras outside and blind spots in side"
169,CO-1420-9429,1865,West Woods ES,School Leader,HVAC,3,The remaining system on the north end is still not regulating and classrooms are not cool.  The 5 temp building classrooms (90-94 students) have additional window units due to temps rising to about 85-90 degrees during the months of August-October
169,CO-1420-9429,1866,West Woods ES,School Leader,Interiors,1,"The building is entering it's 30th year and the carpet around the entire building is still the original carpet from when built including all classrooms, library and all hallways.  The exceptions include entryways (walk off carpet was installed in 2024) and the old computer lab that has been transformed into a conference meeting room (paid for by WWE PTSA).

Walls currently have a wall paper texture that is unable to be painted over.  29 years of wear and tear have made it hard to cover up.  Teachers are willing to paint, however due to the surface area they are unable to.  Again, very dated and makes the building looking run down."
169,CO-1420-9429,1867,West Woods ES,School Leader,Other Issues,,
169,CO-1420-9429,1868,West Woods ES,School Leader,Teaching Space,1,An addition to accommodate the 4 classrooms that are currently in temp buildings would make the appropriate amount of teaching/learning space that is safe and secure for the 90-94 students served.
169,CO-1420-9429,1869,West Woods ES,School Leader,Water Intrusion,5,
169,CO-1420-9429,1870,West Woods ES,School Leader,Outdoor Amenities,4,
169,CO-1420-9429,1871,West Woods ES,School Leader,Overall Condition,3,"Carpet throughout entire building, temp building classrooms are an ongoing safety/security concern, paint need updating"
169,CO-1420-9429,1872,West Woods ES,School Leader,Walkways,4,
169,CO-1420-9429,1873,West Woods ES,School Leader,Safety & Security,3,"The 5 temp building classrooms are an ongoing concern (90-94 students).  "
170,CO-1420-9412,1874,Westgate ES,Facility Manager,HVAC,3,
170,CO-1420-9412,1875,Westgate ES,Facility Manager,Interiors,1,
170,CO-1420-9412,1876,Westgate ES,Facility Manager,Other Issues,,
170,CO-1420-9412,1877,Westgate ES,Facility Manager,Teaching Space,5,
170,CO-1420-9412,1878,Westgate ES,Facility Manager,Water Intrusion,2,Multiple doors leak with heavy rain and heavy snow melt. Our Vestibule door leaks alot
170,CO-1420-9412,1879,Westgate ES,Facility Manager,Outdoor Amenities,3,
170,CO-1420-9412,1880,Westgate ES,Facility Manager,Overall Condition,3,
170,CO-1420-9412,1881,Westgate ES,Facility Manager,Walkways,4,
170,CO-1420-9412,1882,Westgate ES,Facility Manager,Safety & Security,4,
171,CO-1420-9490,1883,Westridge ES,School Leader,HVAC,2,"We have certain classrooms that often rise above 76 degrees in the beginning months of school. I know it's an average, but those classrooms are awful learning spaces. "
171,CO-1420-9490,1884,Westridge ES,Facility Manager,HVAC,3,"Most of the building cools and heats deccently few rooms do tend to get hotter or colder then they should and take quite a while to get up to temp
A3 get real hot
C3.4.5 gets really cold in winter months
FM office never recieves enough air flow"
171,CO-1420-9490,1885,Westridge ES,Facility Manager,HVAC,4,
171,CO-1420-9490,1886,Westridge ES,School Leader,Interiors,3,"Between two of our classrooms, there is a makeshift fix for one of the panels on the wall. Other areas that are not in good condition are more cosmetic. "
171,CO-1420-9490,1887,Westridge ES,Facility Manager,Interiors,3,Some of the tile in bathrooms and clinic is starting to degrade and chip
171,CO-1420-9490,1888,Westridge ES,Facility Manager,Interiors,3,"Tile In cafe has permanent damage
Tile in clinics peels up
bathroom, few tiles are cracked throughout all
some classroom Walls are missing a wall paper that is no longer available  "
171,CO-1420-9490,1889,Westridge ES,School Leader,Other Issues,,"Our grass is struggling. There are big areas where it has died completely, leaving dirt and mud where the kids play at recess. "
171,CO-1420-9490,1890,Westridge ES,Facility Manager,Other Issues,,
171,CO-1420-9490,1891,Westridge ES,Facility Manager,Other Issues,,
171,CO-1420-9490,1892,Westridge ES,School Leader,Teaching Space,5,
171,CO-1420-9490,1893,Westridge ES,Facility Manager,Teaching Space,5,
171,CO-1420-9490,1894,Westridge ES,Facility Manager,Teaching Space,2,"I lack a fair amount of storage for any overflow furniture that we may occur or need to keep on hand as a result teacher are required to keep anything they cant get rid of in their rooms cluttering their spaces as well "
171,CO-1420-9490,1895,Westridge ES,School Leader,Water Intrusion,3,"During heavy rain, our library and nearby hallway has leaks. "
171,CO-1420-9490,1896,Westridge ES,Facility Manager,Water Intrusion,4,
171,CO-1420-9490,1897,Westridge ES,Facility Manager,Water Intrusion,5,
171,CO-1420-9490,1898,Westridge ES,School Leader,Outdoor Amenities,4,
171,CO-1420-9490,1899,Westridge ES,Facility Manager,Outdoor Amenities,3,"Blacktop need to be at the very least patched, if not torn up and re-laid along side the basketball hoops could use replacing as well"
171,CO-1420-9490,1900,Westridge ES,Facility Manager,Outdoor Amenities,3,"Sprinklers out of date causing watering issues during hot months that has lead to some completely bare spots that need some landscaping and reseeding
blacktop courts need to be relayed, cracking throughout both tops and hoops are of an older design.
Playground structures fairly recent and in good condition "
171,CO-1420-9490,1901,Westridge ES,School Leader,Overall Condition,4,
171,CO-1420-9490,1902,Westridge ES,Facility Manager,Overall Condition,4,
171,CO-1420-9490,1903,Westridge ES,Facility Manager,Overall Condition,4,
171,CO-1420-9490,1904,Westridge ES,School Leader,Walkways,5,
171,CO-1420-9490,1905,Westridge ES,Facility Manager,Walkways,3,"Some sidewalks undergo heaving quite a bit when in cold months, that over time has begun to lead to some low spots and cracking"
171,CO-1420-9490,1906,Westridge ES,Facility Manager,Walkways,3,Minor sidewalk cracking everywhere mostly caused by ground heaving during freeze periods over time
171,CO-1420-9490,1907,Westridge ES,School Leader,Safety & Security,5,
171,CO-1420-9490,1908,Westridge ES,Facility Manager,Safety & Security,5,
171,CO-1420-9490,1909,Westridge ES,Facility Manager,Safety & Security,5,
317,CO-1420-9510,1910,Wheat Ridge HS,School Leader,HVAC,3,"We are new univents in two main areas of the school which would change my rating. There are times that the front office is way to hot as well. "
317,CO-1420-9510,1911,Wheat Ridge HS,School Leader,Interiors,5,
317,CO-1420-9510,1912,Wheat Ridge HS,School Leader,Other Issues,,
317,CO-1420-9510,1913,Wheat Ridge HS,School Leader,Teaching Space,5,
317,CO-1420-9510,1914,Wheat Ridge HS,School Leader,Water Intrusion,1,"Please refer the the most recent phase of construction. Hopefully the current repairs and construction will address this issue. The front office area is sinking so our offices have shifting floors and/or opens near the wall and carpet due to settling. "
317,CO-1420-9510,1915,Wheat Ridge HS,School Leader,Outdoor Amenities,4,
317,CO-1420-9510,1916,Wheat Ridge HS,School Leader,Overall Condition,4,
317,CO-1420-9510,1917,Wheat Ridge HS,School Leader,Walkways,3,"Many of the inside issues have been address with recent round of construction. The steps leading football field need to be replaced are falling apart. This is important because this is a fire exit area for half of the school. When steps are icy or folks have impacted mobility, this because very dangerous. "
317,CO-1420-9510,1918,Wheat Ridge HS,School Leader,Safety & Security,2,"We have several areas outside the building that lighting is needed, updated security cameras to provide additional inside views of student and public locations (no all hallways are visible), and we have steps leading to back football field that are falling apart. "
172,CO-1420-9648,1919,Wilmot ES,School Leader,HVAC,2,We do not have sufficient airflow in the summer because there is no AC.  Some classrooms can reach temperatures in the mid 80s making it difficult for teachers to teach and students to learn.
172,CO-1420-9648,1920,Wilmot ES,School Leader,HVAC,3,"We struggle with hot and cold areas in the building during the winter.  In August and September it can be uncomfortably hot.  We purchased air conditioners for the most impacted rooms, but it�۪s still really hot."
172,CO-1420-9648,1921,Wilmot ES,Facility Manager,HVAC,3,"Due to the altitude, we do not have central air that is cooling. Unfortunately, while this cannot be avoided, I am still actively working with the HVAC techs of the district to ensure that the building stays at a manageable temperature during the late summer and early fall."
172,CO-1420-9648,1922,Wilmot ES,School Leader,Interiors,4,
172,CO-1420-9648,1923,Wilmot ES,School Leader,Interiors,4,
172,CO-1420-9648,1924,Wilmot ES,Facility Manager,Interiors,3,We have some tile and carpet/concrete foundation that are sinking while the school sinks and shifts in certain areas due to the topography of the land that it is built on.
172,CO-1420-9648,1925,Wilmot ES,School Leader,Other Issues,,"I would like to take this opportunity to say that our Facilities Manager, Jake Trujillo, does a great job.  He cares about our building and has a student's first mentality when addressing all issues.  We appreciate him and our evening custodian, Todd Tiffany."
172,CO-1420-9648,1926,Wilmot ES,School Leader,Other Issues,,"We have some landscaping needs that I have discussed with our FM.  I would also like to take this opportunity to share that our FM Jake Trujillo is great.  He works really hard to keep our building clean and looking good in spite of being chronically short staffed. "
172,CO-1420-9648,1927,Wilmot ES,Facility Manager,Other Issues,,The sealant on the outside of the building has multiple faults on the south side of the building which in turn is allowing the entry of pests such as mice at an increased rate. This alongside the repair of cracks in the asphalt around the building would greatly benefit the students and the staff overall.
172,CO-1420-9648,1928,Wilmot ES,School Leader,Teaching Space,4,
172,CO-1420-9648,1929,Wilmot ES,School Leader,Teaching Space,4,
172,CO-1420-9648,1930,Wilmot ES,Facility Manager,Teaching Space,4,
172,CO-1420-9648,1931,Wilmot ES,School Leader,Water Intrusion,5,
172,CO-1420-9648,1932,Wilmot ES,School Leader,Water Intrusion,4,
172,CO-1420-9648,1933,Wilmot ES,Facility Manager,Water Intrusion,5,
172,CO-1420-9648,1934,Wilmot ES,School Leader,Outdoor Amenities,1,"Several issues in this regard:
1. Field that was to be installed through a partnership with EPRD this summer is still not done.  It looks terrible and is unusable.  We have no where to have field day because they turned our only field into a parking lot in anticipation of having the additional field space complete and ready by this fall.
2. Our water was turned off for three weeks this summer and our grass looks terrible.  Our FM said there was some pipe replacement, but after that work was completed, it took two weeks for people to come back out to turn the water back on and in that time, the grass died.
3. We have several large barricades in our garden parking lot that are construction related and meant to be temporary, but we're going on 5 years of having these ugly barriers.  I hate them.  Can't we just remove them?!  If Wilmot owns them, I will start the process of disposing of them.  If we don't, who does?"
172,CO-1420-9648,1935,Wilmot ES,School Leader,Outdoor Amenities,3,"We need some source of shade on our big playground.  We are working with Courtney G. and our PTA to raise the money but if there are any district matching funds or similar funds, it would help us reach our goal much sooner."
172,CO-1420-9648,1936,Wilmot ES,Facility Manager,Outdoor Amenities,3,The condition of the asphalt is starting falter in some areas around the basketball courts as well as a lack of shade during the hotter parts of the month which is currently being mitigated with make-shift shade structures by the facilities crew. A shade structure is finally forthcoming.
172,CO-1420-9648,1937,Wilmot ES,School Leader,Overall Condition,4,
172,CO-1420-9648,1938,Wilmot ES,School Leader,Overall Condition,4,
172,CO-1420-9648,1939,Wilmot ES,Facility Manager,Overall Condition,4,
172,CO-1420-9648,1940,Wilmot ES,School Leader,Walkways,5,
172,CO-1420-9648,1941,Wilmot ES,School Leader,Walkways,5,
172,CO-1420-9648,1942,Wilmot ES,Facility Manager,Walkways,4,
172,CO-1420-9648,1943,Wilmot ES,School Leader,Safety & Security,3,"We have several exterior doors (including one of our kindergarten classroom doors) that do not properly close due to structural issues/door does not fit properly (room 132) , airflow and debris getting stuck in the door jam (exterior doors by parking lot, by teacher's lounge, and by lower playground exit)."
172,CO-1420-9648,1944,Wilmot ES,School Leader,Safety & Security,3,"We still have problems with exterior doors that do not properly and completely close.  The map feature is difficult to use, but the problematic doors include the kindergarten doors, the exterior doors by the teachers lounge and the doors to the big playground."
172,CO-1420-9648,1945,Wilmot ES,Facility Manager,Safety & Security,4,