CDE Pairing,Nth Closest to Origin,Origin CDE Code,Origin CDE Prefix,Origin Facility Name,Origin Grades,Destination CDE Code,Destination CDE Prefix,Destination Facility Name,Destination Grade,Network Distance (Miles),Linear Distance (Miles),Grade Overlap
0030 - 5454,2,30,CO-1420-0030,Adams Elementary,'PK-5,5454,CO-1420-5454,Mandalay Middle,'6-8,0.597591976,0.456208633,'No
0030 - 7753,3,30,CO-1420-0030,Adams Elementary,'PK-5,7753,CO-1420-7753,Semper Elementary,'PK-5,0.900573573,0.777504731,'PK-5
0030 - 5222,4,30,CO-1420-0030,Adams Elementary,'PK-5,5222,CO-1420-5222,Little Elementary,'K-5,1.950548606,1.1348338,'K-5
0030 - 7114,5,30,CO-1420-0030,Adams Elementary,'PK-5,7114,CO-1420-7114,Pomona Junior/Senior High,'6-12,2.837001254,1.811935735,'No
0030 - 5350,6,30,CO-1420-0030,Adams Elementary,'PK-5,5350,CO-1420-5350,Lukas Elementary,'K-5,2.946104339,1.969112274,'K-5
0030 - 8209,7,30,CO-1420-0030,Adams Elementary,'PK-5,8209,CO-1420-8209,Standley Lake High,'9-12,2.961836401,2.125923268,'No
0030 - 9299,8,30,CO-1420-0030,Adams Elementary,'PK-5,9299,CO-1420-9299,Wayne Carle Middle,'6-8,3.2050473,2.50514818,'No
0030 - 9328,9,30,CO-1420-0030,Adams Elementary,'PK-5,9328,CO-1420-9328,Weber Elementary,'PK-5,3.306555398,2.162390388,'PK-5
0030 - 3726,10,30,CO-1420-0030,Adams Elementary,'PK-5,3726,CO-1420-3726,Hackberry Hill Elementary,'K-5,3.335014637,2.524319057,'K-5
0030 - 9232,11,30,CO-1420-0030,Adams Elementary,'PK-5,9232,CO-1420-9232,Warder Elementary,'PK-5,3.554242471,2.632536657,'PK-5
0030 - 7529,12,30,CO-1420-0030,Adams Elementary,'PK-5,7529,CO-1420-7529,Ryan Elementary,'PK-5,3.670084305,2.480631044,'PK-5
0030 - 6330,13,30,CO-1420-0030,Adams Elementary,'PK-5,6330,CO-1420-6330,North Arvada Middle,'6-8,4.106721456,2.860167684,'No
0030 - 0370,14,30,CO-1420-0030,Adams Elementary,'PK-5,370,CO-1420-0370,Arvada High,'9-12,4.605442335,3.842080509,'No
0030 - 7870,15,30,CO-1420-0030,Adams Elementary,'PK-5,7870,CO-1420-7870,Sierra Elementary,'PK-5,4.87082229,3.592432815,'PK-5
0030 - 8432,16,30,CO-1420-0030,Adams Elementary,'PK-5,8432,CO-1420-8432,Swanson Elementary,'K-5,5.035024534,3.388568468,'K-5
0030 - 7708,17,30,CO-1420-0030,Adams Elementary,'PK-5,7708,CO-1420-7708,Secrest Elementary,'PK-5,5.123401228,3.887431111,'PK-5
0030 - 5024,18,30,CO-1420-0030,Adams Elementary,'PK-5,5024,CO-1420-5024,Lawrence Elementary,'K-5,5.87456904,5.01629736,'K-5
0030 - 5758,19,30,CO-1420-0030,Adams Elementary,'PK-5,5758,CO-1420-5758,Meiklejohn Elementary,'PK-5,5.886574019,4.729304692,'PK-5
0030 - 6470,20,30,CO-1420-0030,Adams Elementary,'PK-5,6470,CO-1420-6470,Oberon Middle,'6-8,6.159282235,3.980923405,'No
0030 - 3088,21,30,CO-1420-0030,Adams Elementary,'PK-5,3088,CO-1420-3088,Foster Dual Language PK-8 School,'PK-8,6.243605449,5.296375938,'PK-5
0030 - 1244,22,30,CO-1420-0030,Adams Elementary,'PK-5,1244,CO-1420-1244,Campbell Early Learning Center,'PK,6.29331034,4.633949947,'PK
0030 - 7239,23,30,CO-1420-0030,Adams Elementary,'PK-5,7239,CO-1420-7239,Ralston Valley High,'9-12,6.546689143,4.811448191,'No
0030 - 9052,24,30,CO-1420-0030,Adams Elementary,'PK-5,9052,CO-1420-9052,Van Arsdale Elementary,'PK-5,6.620172336,5.024297284,'PK-5
0030 - 9245,25,30,CO-1420-0030,Adams Elementary,'PK-5,9245,CO-1420-9245,Warren Tech North,'11-12,7.150017554,5.263373144,'No
0030 - 3216,26,30,CO-1420-0030,Adams Elementary,'PK-5,3216,CO-1420-3216,Fremont Elementary,'K-5,7.228053564,5.268145465,'K-5
0030 - 0378,27,30,CO-1420-0030,Adams Elementary,'PK-5,378,CO-1420-0378,Arvada West High,'9-12,7.310029194,5.23107381,'No
0030 - 9058,28,30,CO-1420-0030,Adams Elementary,'PK-5,9058,CO-1420-9058,Vanderhoof Elementary,'K-5,7.568446297,5.580737687,'K-5
0030 - 8036,29,30,CO-1420-0030,Adams Elementary,'PK-5,8036,CO-1420-8036,Sobesky Academy,'K-12,7.976637655,6.695481376,'K-5
0030 - 6848,30,30,CO-1420-0030,Adams Elementary,'PK-5,6848,CO-1420-6848,Peak Expeditionary-Pennington,'PK-5,8.027356102,6.482960916,'PK-5
0030 - 8300,31,30,CO-1420-0030,Adams Elementary,'PK-5,8300,CO-1420-8300,Stott Elementary,'PK-5,8.091148259,5.49131593,'PK-5
0030 - 8223,32,30,CO-1420-0030,Adams Elementary,'PK-5,8223,CO-1420-8223,Stevens Elementary,'PK-5,8.114830794,6.833483556,'PK-5
0030 - 6285,33,30,CO-1420-0030,Adams Elementary,'PK-5,6285,CO-1420-6285,Norma Anderson Early Learning Center,'PK,8.720588097,6.845893865,'PK
0030 - 2820,34,30,CO-1420-0030,Adams Elementary,'PK-5,2820,CO-1420-2820,Everitt Middle,'6-8,8.859336801,7.139240013,'No
0030 - 2288,35,30,CO-1420-0030,Adams Elementary,'PK-5,2288,CO-1420-2288,Drake Middle,'6-8,9.065069673,6.759860787,'No
0030 - 9429,36,30,CO-1420-0030,Adams Elementary,'PK-5,9429,CO-1420-9429,West Woods Elementary,'K-5,9.125806358,7.068751291,'K-5
0030 - 9510,37,30,CO-1420-0030,Adams Elementary,'PK-5,9510,CO-1420-9510,Wheat Ridge High,'9-12,9.216867768,7.516798491,'No
0030 - 4422,38,30,CO-1420-0030,Adams Elementary,'PK-5,4422,CO-1420-4422,Jefferson Junior/Senior High,'7-12,9.420475527,8.190768944,'No
0030 - 2496,39,30,CO-1420-0030,Adams Elementary,'PK-5,2496,CO-1420-2496,Edgewater Elementary,'PK-6,9.462045699,8.207310476,'PK-5
0030 - 5354,40,30,CO-1420-0030,Adams Elementary,'PK-5,5354,CO-1420-5354,Lumberg Elementary,'PK-6,9.620781869,8.275288658,'PK-5
0030 - 7962,41,30,CO-1420-0030,Adams Elementary,'PK-5,7962,CO-1420-7962,Slater Elementary,'PK-5,9.659795005,8.259695555,'PK-5
0030 - 8856,42,30,CO-1420-0030,Adams Elementary,'PK-5,8856,CO-1420-8856,Three Creeks K-8,'K-8,9.877529736,8.277199831,'K-5
,,,CO-1420-,,',,CO-1420-,,',,,#N/A
0033 - 5623,2,33,CO-1420-0033,McLain Community High School,'9-12,5623,CO-1420-5623,Long View,'10-12,0.285249842,0.124222375,'10-12
0033 - 9234,3,33,CO-1420-0033,McLain Community High School,'9-12,9234,CO-1420-9234,Warren Tech Central,'11-12,0.675780612,0.146279593,'11-12
0033 - 4830,4,33,CO-1420-0033,McLain Community High School,'9-12,4830,CO-1420-4830,Kyffin Elementary,'PK-5,1.889392657,0.486953518,'No
0033 - 3025,5,33,CO-1420-0033,McLain Community High School,'9-12,3025,CO-1420-3025,Foothills Elementary,'PK-5,2.967344661,0.871514481,'No
0033 - 3201,6,33,CO-1420-0033,McLain Community High School,'9-12,3201,CO-1420-3201,Free Horizon Montessori,'PK-8,3.128494782,1.857504116,'No
0033 - 5892,7,33,CO-1420-0033,McLain Community High School,'9-12,5892,CO-1420-5892,Fletcher Miller Special,'PK-12,3.143564387,2.328808705,'9-12
0033 - 9432,8,33,CO-1420-0033,McLain Community High School,'9-12,9432,CO-1420-9432,Dennison Elementary,'K-6,3.223891239,2.458248101,'No
0033 - 1976,9,33,CO-1420-0033,McLain Community High School,'9-12,1976,CO-1420-1976,Creighton Middle,'6-8,3.226999271,2.404450495,'No
0033 - 9342,10,33,CO-1420-0033,McLain Community High School,'9-12,9342,CO-1420-9342,Welchester Elementary,'PK-5,3.42766997,1.289952147,'No
0033 - 4942,11,33,CO-1420-0033,McLain Community High School,'9-12,4942,CO-1420-4942,Lakewood High,'9-12,3.611125765,2.574985682,'9-12
0033 - 3628,12,33,CO-1420-0033,McLain Community High School,'9-12,3628,CO-1420-3628,Green Mountain High,'9-12,3.693257165,1.480508587,'9-12
0033 - 2194,13,33,CO-1420-0033,McLain Community High School,'9-12,2194,CO-1420-2194,Devinny Elementary,'K-5,3.994509115,2.071402086,'No
0033 - 8102,14,33,CO-1420-0033,McLain Community High School,'9-12,8102,CO-1420-8102,South Lakewood Elementary,'K-5,4.00138195,3.146028153,'No
0033 - 0694,15,33,CO-1420-0033,McLain Community High School,'9-12,694,CO-1420-0694,Bell Middle,'6-8,4.057757046,2.646571856,'No
0033 - 2300,16,33,CO-1420-0033,McLain Community High School,'9-12,2300,CO-1420-2300,Dunstan Middle,'6-8,4.118262695,2.180979784,'No
0033 - 2550,17,33,CO-1420-0033,McLain Community High School,'9-12,2550,CO-1420-2550,Eiber Elementary,'PK-5,4.153676222,2.945477821,'No
0033 - 8276,18,33,CO-1420-0033,McLain Community High School,'9-12,8276,CO-1420-8276,Stober Elementary,'K-5,4.251974148,2.74597197,'No
0033 - 0724,19,33,CO-1420-0033,McLain Community High School,'9-12,724,CO-1420-0724,Belmar School of Integrated Arts,'K-5,4.325603053,2.83007531,'No
0033 - 4798,20,33,CO-1420-0033,McLain Community High School,'9-12,4798,CO-1420-4798,Connections Learning Center,'6-8,4.535543905,2.912326819,'No
0033 - 4550,21,33,CO-1420-0033,McLain Community High School,'9-12,4550,CO-1420-4550,Kendrick Lakes Elementary,'PK-5,4.605247643,2.968948066,'No
0033 - 4190,22,33,CO-1420-0033,McLain Community High School,'9-12,4190,CO-1420-4190,Hutchinson Elementary,'PK-5,4.696964637,2.329042096,'No
0033 - 6539,23,33,CO-1420-0033,McLain Community High School,'9-12,6539,CO-1420-6539,JeffCo Open Elementary,'PK-6,4.883984823,3.860473206,'No
0033 - 7190,24,33,CO-1420-0033,McLain Community High School,'9-12,7190,CO-1420-7190,Prospect Valley Elementary,'K-5,4.994430858,3.769441729,'No
0033 - 6808,25,33,CO-1420-0033,McLain Community High School,'9-12,6808,CO-1420-6808,Patterson Elementary,'PK-6,5.016885958,3.310035045,'No
0033 - 7833,26,33,CO-1420-0033,McLain Community High School,'9-12,7833,CO-1420-7833,Shelton Elementary,'PK-5,5.025716022,3.388275772,'No
0033 - 7483,27,33,CO-1420-0033,McLain Community High School,'9-12,7483,CO-1420-7483,Rooney Ranch Elementary,'K-5,5.037828948,2.545611118,'No
0033 - 1318,28,33,CO-1420-0033,McLain Community High School,'9-12,1318,CO-1420-1318,Carmody Middle,'6-8,5.180883354,3.335581951,'No
0033 - 5472,29,33,CO-1420-0033,McLain Community High School,'9-12,5472,CO-1420-5472,Manning,'6-8,5.226739202,3.167131637,'No
0033 - 7468,30,33,CO-1420-0033,McLain Community High School,'9-12,7468,CO-1420-7468,Rose Stein International Elementary,'PK-6,5.29443046,4.054260123,'No
0033 - 5524,31,33,CO-1420-0033,McLain Community High School,'9-12,5524,CO-1420-5524,Maple Grove Elementary,'PK-5,5.30621726,3.089116463,'No
0033 - 3502,32,33,CO-1420-0033,McLain Community High School,'9-12,3502,CO-1420-3502,Golden High,'9-12,5.318040902,3.720069063,'9-12
0033 - 7962,33,33,CO-1420-0033,McLain Community High School,'9-12,7962,CO-1420-7962,Slater Elementary,'PK-5,5.523396975,3.995355985,'No
0033 - 0108,34,33,CO-1420-0033,McLain Community High School,'9-12,108,CO-1420-0108,Alameda Intl Junior/Senior High,'7-12,5.700790241,3.901948661,'9-12
0033 - 9510,35,33,CO-1420-0033,McLain Community High School,'9-12,9510,CO-1420-9510,Wheat Ridge High,'9-12,5.864918624,4.278852967,'9-12
0033 - 8090,36,33,CO-1420-0033,McLain Community High School,'9-12,8090,CO-1420-8090,Deane Elementary,'PK-6,5.961903577,4.811303971,'No
0033 - 3622,37,33,CO-1420-0033,McLain Community High School,'9-12,3622,CO-1420-3622,Green Gables Elementary,'PK-5,5.977112899,3.927850364,'No
0033 - 2820,38,33,CO-1420-0033,McLain Community High School,'9-12,2820,CO-1420-2820,Everitt Middle,'6-8,6.170432271,4.553959935,'No
0033 - 4422,39,33,CO-1420-0033,McLain Community High School,'9-12,4422,CO-1420-4422,Jefferson Junior/Senior High,'7-12,6.547121777,4.867655112,'9-12
0033 - 5004,40,33,CO-1420-0033,McLain Community High School,'9-12,5004,CO-1420-5004,Lasley Elementary,'K-6,6.563555191,4.812608849,'No
0033 - 0660,41,33,CO-1420-0033,McLain Community High School,'9-12,660,CO-1420-0660,Bear Creek K-8,'K-8,6.576087219,4.533949525,'No
0033 - 5354,42,33,CO-1420-0033,McLain Community High School,'9-12,5354,CO-1420-5354,Lumberg Elementary,'PK-6,6.584899438,4.926239322,'No
0033 - 0664,43,33,CO-1420-0033,McLain Community High School,'9-12,664,CO-1420-0664,Bear Creek High,'9-12,6.600936496,4.469000545,'9-12
0033 - 0965,44,33,CO-1420-0033,McLain Community High School,'9-12,965,CO-1420-0965,Brady Exploration School,'10-12,6.723672023,5.265239927,'10-12
0033 - 9412,45,33,CO-1420-0033,McLain Community High School,'9-12,9412,CO-1420-9412,Westgate Elementary,'PK-5,6.752395619,4.450726184,'No
0033 - 6285,46,33,CO-1420-0033,McLain Community High School,'9-12,6285,CO-1420-6285,Norma Anderson Early Learning Center,'PK,7.016493484,4.766979708,'No
0033 - 6848,47,33,CO-1420-0033,McLain Community High School,'9-12,6848,CO-1420-6848,Peak Expeditionary-Pennington,'PK-5,7.066039843,5.157566355,'No
0033 - 5944,48,33,CO-1420-0033,McLain Community High School,'9-12,5944,CO-1420-5944,Mitchell Elementary,'K-5,7.223099497,5.370161626,'No
0033 - 2288,49,33,CO-1420-0033,McLain Community High School,'9-12,2288,CO-1420-2288,Drake Middle,'6-8,7.234302082,5.255389185,'No
0033 - 2496,50,33,CO-1420-0033,McLain Community High School,'9-12,2496,CO-1420-2496,Edgewater Elementary,'PK-6,7.441602856,5.613800457,'No
0033 - 8223,51,33,CO-1420-0033,McLain Community High School,'9-12,8223,CO-1420-8223,Stevens Elementary,'PK-5,7.66151634,5.58162418,'No
0033 - 2120,52,33,CO-1420-0033,McLain Community High School,'9-12,2120,CO-1420-2120,D'Evelyn Junior/Senior,'6-12,7.842066904,5.277206908,'9-12
0033 - 2866,53,33,CO-1420-0033,McLain Community High School,'9-12,2866,CO-1420-2866,Fairmount Elementary,'K-5,7.859578046,5.226658388,'No
0033 - 8036,54,33,CO-1420-0033,McLain Community High School,'9-12,8036,CO-1420-8036,Sobesky Academy,'K-12,7.911879095,5.719598931,'9-12
0033 - 9058,55,33,CO-1420-0033,McLain Community High School,'9-12,9058,CO-1420-9058,Vanderhoof Elementary,'K-5,8.51461307,6.259913597,'No
0033 - 7282,56,33,CO-1420-0033,McLain Community High School,'9-12,7282,CO-1420-7282,Red Rocks Elementary,'K-5,8.610517437,4.652783784,'No
0033 - 3216,57,33,CO-1420-0033,McLain Community High School,'9-12,3216,CO-1420-3216,Fremont Elementary,'K-5,8.834343803,6.851183726,'No
0033 - 0378,58,33,CO-1420-0033,McLain Community High School,'9-12,378,CO-1420-0378,Arvada West High,'9-12,8.851294003,6.70904007,'9-12
0033 - 9245,59,33,CO-1420-0033,McLain Community High School,'9-12,9245,CO-1420-9245,Warren Tech North,'11-12,8.853554371,6.633166299,'11-12
0033 - 5024,60,33,CO-1420-0033,McLain Community High School,'9-12,5024,CO-1420-5024,Lawrence Elementary,'K-5,8.876958761,6.758156011,'No
0033 - 8300,61,33,CO-1420-0033,McLain Community High School,'9-12,8300,CO-1420-8300,Stott Elementary,'PK-5,9.084008332,7.02169319,'No
0033 - 3088,62,33,CO-1420-0033,McLain Community High School,'9-12,3088,CO-1420-3088,Foster Dual Language PK-8 School,'PK-8,9.349386764,6.743220286,'No
0033 - 3536,63,33,CO-1420-0033,McLain Community High School,'9-12,3536,CO-1420-3536,Governor's Ranch Elementary,'PK-5,9.394377918,7.085714507,'No
0033 - 1244,64,33,CO-1420-0033,McLain Community High School,'9-12,1244,CO-1420-1244,Campbell Early Learning Center,'PK,9.543768765,7.200106529,'No
0033 - 9490,65,33,CO-1420-0033,McLain Community High School,'9-12,9490,CO-1420-9490,Westridge Elementary,'K-5,9.889234967,7.193712566,'No
0033 - 4549,66,33,CO-1420-0033,McLain Community High School,'9-12,4549,CO-1420-4549,Kendallvue Elementary,'PK-5,9.942295441,5.787458139,'No
,,,CO-1420-,,',,CO-1420-,,',,,#N/A
0108 - 6808,2,108,CO-1420-0108,Alameda Intl Junior/Senior High,'7-12,6808,CO-1420-6808,Patterson Elementary,'PK-6,0.965273658,0.62393314,'No
0108 - 5004,3,108,CO-1420-0108,Alameda Intl Junior/Senior High,'7-12,5004,CO-1420-5004,Lasley Elementary,'K-6,1.408127701,0.936612758,'No
0108 - 3622,4,108,CO-1420-0108,Alameda Intl Junior/Senior High,'7-12,3622,CO-1420-3622,Green Gables Elementary,'PK-5,1.550139154,1.128577255,'No
0108 - 0724,5,108,CO-1420-0108,Alameda Intl Junior/Senior High,'7-12,724,CO-1420-0724,Belmar School of Integrated Arts,'K-5,1.610172776,1.093179361,'No
0108 - 4550,6,108,CO-1420-0108,Alameda Intl Junior/Senior High,'7-12,4550,CO-1420-4550,Kendrick Lakes Elementary,'PK-5,1.727357421,1.076965027,'No
0108 - 7468,7,108,CO-1420-0108,Alameda Intl Junior/Senior High,'7-12,7468,CO-1420-7468,Rose Stein International Elementary,'PK-6,2.244579143,1.605761826,'No
0108 - 8090,8,108,CO-1420-0108,Alameda Intl Junior/Senior High,'7-12,8090,CO-1420-8090,Deane Elementary,'PK-6,2.304826597,1.497910916,'No
0108 - 1318,9,108,CO-1420-0108,Alameda Intl Junior/Senior High,'7-12,1318,CO-1420-1318,Carmody Middle,'6-8,2.32336057,1.612861485,'7-8
0108 - 0965,10,108,CO-1420-0108,Alameda Intl Junior/Senior High,'7-12,965,CO-1420-0965,Brady Exploration School,'10-12,2.416625083,1.683822859,'10-12
0108 - 9412,11,108,CO-1420-0108,Alameda Intl Junior/Senior High,'7-12,9412,CO-1420-9412,Westgate Elementary,'PK-5,2.536649005,1.723333067,'No
0108 - 8102,12,108,CO-1420-0108,Alameda Intl Junior/Senior High,'7-12,8102,CO-1420-8102,South Lakewood Elementary,'K-5,2.618999804,1.832402702,'No
0108 - 1976,13,108,CO-1420-0108,Alameda Intl Junior/Senior High,'7-12,1976,CO-1420-1976,Creighton Middle,'6-8,3.087960405,2.066405873,'7-8
0108 - 5892,14,108,CO-1420-0108,Alameda Intl Junior/Senior High,'7-12,5892,CO-1420-5892,Fletcher Miller Special,'PK-12,3.232978365,2.233673696,'7-12
0108 - 6539,15,108,CO-1420-0108,Alameda Intl Junior/Senior High,'7-12,6539,CO-1420-6539,JeffCo Open Elementary,'PK-6,3.320284425,2.795444163,'No
0108 - 9432,16,108,CO-1420-0108,Alameda Intl Junior/Senior High,'7-12,9432,CO-1420-9432,Dennison Elementary,'K-6,3.45154432,2.272136301,'No
0108 - 0660,17,108,CO-1420-0108,Alameda Intl Junior/Senior High,'7-12,660,CO-1420-0660,Bear Creek K-8,'K-8,3.63456779,2.519037671,'7-8
0108 - 4942,18,108,CO-1420-0108,Alameda Intl Junior/Senior High,'7-12,4942,CO-1420-4942,Lakewood High,'9-12,3.698914282,2.663192682,'9-12
0108 - 2300,19,108,CO-1420-0108,Alameda Intl Junior/Senior High,'7-12,2300,CO-1420-2300,Dunstan Middle,'6-8,3.866922609,2.993046521,'7-8
0108 - 2194,20,108,CO-1420-0108,Alameda Intl Junior/Senior High,'7-12,2194,CO-1420-2194,Devinny Elementary,'K-5,3.870961211,3.016725061,'No
0108 - 0664,21,108,CO-1420-0108,Alameda Intl Junior/Senior High,'7-12,664,CO-1420-0664,Bear Creek High,'9-12,3.914723999,2.797935715,'9-12
0108 - 3025,22,108,CO-1420-0108,Alameda Intl Junior/Senior High,'7-12,3025,CO-1420-3025,Foothills Elementary,'PK-5,4.112269253,3.379539294,'No
0108 - 4190,23,108,CO-1420-0108,Alameda Intl Junior/Senior High,'7-12,4190,CO-1420-4190,Hutchinson Elementary,'PK-5,4.146204063,3.392490587,'No
0108 - 2550,24,108,CO-1420-0108,Alameda Intl Junior/Senior High,'7-12,2550,CO-1420-2550,Eiber Elementary,'PK-5,4.226596249,3.252271176,'No
0108 - 3628,25,108,CO-1420-0108,Alameda Intl Junior/Senior High,'7-12,3628,CO-1420-3628,Green Mountain High,'9-12,4.262211058,3.254842854,'9-12
0108 - 4422,26,108,CO-1420-0108,Alameda Intl Junior/Senior High,'7-12,4422,CO-1420-4422,Jefferson Junior/Senior High,'7-12,4.652142027,4.013867185,'7-12
0108 - 7483,27,108,CO-1420-0108,Alameda Intl Junior/Senior High,'7-12,7483,CO-1420-7483,Rooney Ranch Elementary,'K-5,4.666670561,3.752237736,'No
0108 - 5354,28,108,CO-1420-0108,Alameda Intl Junior/Senior High,'7-12,5354,CO-1420-5354,Lumberg Elementary,'PK-6,4.689919688,3.944544071,'No
0108 - 7962,29,108,CO-1420-0108,Alameda Intl Junior/Senior High,'7-12,7962,CO-1420-7962,Slater Elementary,'PK-5,5.005625637,4.066571157,'No
0108 - 9234,30,108,CO-1420-0108,Alameda Intl Junior/Senior High,'7-12,9234,CO-1420-9234,Warren Tech Central,'11-12,5.203052062,3.783756689,'11-12
0108 - 2120,31,108,CO-1420-0108,Alameda Intl Junior/Senior High,'7-12,2120,CO-1420-2120,D'Evelyn Junior/Senior,'6-12,5.428595101,3.799244289,'7-12
0108 - 2496,32,108,CO-1420-0108,Alameda Intl Junior/Senior High,'7-12,2496,CO-1420-2496,Edgewater Elementary,'PK-6,5.546623106,4.209508737,'No
0108 - 5623,33,108,CO-1420-0108,Alameda Intl Junior/Senior High,'7-12,5623,CO-1420-5623,Long View,'10-12,5.554382343,3.876308617,'10-12
0108 - 3536,34,108,CO-1420-0108,Alameda Intl Junior/Senior High,'7-12,3536,CO-1420-3536,Governor's Ranch Elementary,'PK-5,5.675648558,5.096511289,'No
0108 - 0033,35,108,CO-1420-0108,Alameda Intl Junior/Senior High,'7-12,33,CO-1420-0033,McLain Community High School,'9-12,5.700790241,3.901948661,'9-12
0108 - 8223,36,108,CO-1420-0108,Alameda Intl Junior/Senior High,'7-12,8223,CO-1420-8223,Stevens Elementary,'PK-5,5.919932402,5.358933046,'No
0108 - 9342,37,108,CO-1420-0108,Alameda Intl Junior/Senior High,'7-12,9342,CO-1420-9342,Welchester Elementary,'PK-5,5.941830513,4.208919683,'No
0108 - 8036,38,108,CO-1420-0108,Alameda Intl Junior/Senior High,'7-12,8036,CO-1420-8036,Sobesky Academy,'K-12,6.170295157,5.497347769,'7-12
0108 - 9510,39,108,CO-1420-0108,Alameda Intl Junior/Senior High,'7-12,9510,CO-1420-9510,Wheat Ridge High,'9-12,6.304477386,5.024851419,'9-12
0108 - 4830,40,108,CO-1420-0108,Alameda Intl Junior/Senior High,'7-12,4830,CO-1420-4830,Kyffin Elementary,'PK-5,6.304527153,4.378695879,'No
0108 - 8276,41,108,CO-1420-0108,Alameda Intl Junior/Senior High,'7-12,8276,CO-1420-8276,Stober Elementary,'K-5,6.673733408,4.795213484,'No
0108 - 2820,42,108,CO-1420-0108,Alameda Intl Junior/Senior High,'7-12,2820,CO-1420-2820,Everitt Middle,'6-8,6.864750955,5.492181041,'7-8
0108 - 7190,43,108,CO-1420-0108,Alameda Intl Junior/Senior High,'7-12,7190,CO-1420-7190,Prospect Valley Elementary,'K-5,6.988759839,5.362214595,'No
0108 - 0951,44,108,CO-1420-0108,Alameda Intl Junior/Senior High,'7-12,951,CO-1420-0951,Blue Heron Elementary,'PK-5,7.148344998,5.674622781,'No
0108 - 9490,45,108,CO-1420-0108,Alameda Intl Junior/Senior High,'7-12,9490,CO-1420-9490,Westridge Elementary,'K-5,7.212410707,5.795070263,'No
0108 - 1864,46,108,CO-1420-0108,Alameda Intl Junior/Senior High,'7-12,1864,CO-1420-1864,Columbine High,'9-12,7.334956425,6.165219622,'9-12
0108 - 5036,47,108,CO-1420-0108,Alameda Intl Junior/Senior High,'7-12,5036,CO-1420-5036,Leawood Elementary,'PK-5,7.33547863,6.051470135,'No
0108 - 3201,48,108,CO-1420-0108,Alameda Intl Junior/Senior High,'7-12,3201,CO-1420-3201,Free Horizon Montessori,'PK-8,7.465671705,5.693253109,'7-8
0108 - 4549,49,108,CO-1420-0108,Alameda Intl Junior/Senior High,'7-12,4549,CO-1420-4549,Kendallvue Elementary,'PK-5,7.531028029,5.616013725,'No
0108 - 6848,50,108,CO-1420-0108,Alameda Intl Junior/Senior High,'7-12,6848,CO-1420-6848,Peak Expeditionary-Pennington,'PK-5,7.531980613,6.164782764,'No
0108 - 6285,51,108,CO-1420-0108,Alameda Intl Junior/Senior High,'7-12,6285,CO-1420-6285,Norma Anderson Early Learning Center,'PK,7.710812168,6.177473425,'No
0108 - 3088,52,108,CO-1420-0108,Alameda Intl Junior/Senior High,'7-12,3088,CO-1420-3088,Foster Dual Language PK-8 School,'PK-8,7.779249577,6.898500344,'7-8
0108 - 5024,53,108,CO-1420-0108,Alameda Intl Junior/Senior High,'7-12,5024,CO-1420-5024,Lawrence Elementary,'K-5,7.84684925,7.249763998,'No
0108 - 5472,54,108,CO-1420-0108,Alameda Intl Junior/Senior High,'7-12,5472,CO-1420-5472,Manning,'6-8,7.986321192,5.75926876,'7-8
0108 - 5524,55,108,CO-1420-0108,Alameda Intl Junior/Senior High,'7-12,5524,CO-1420-5524,Maple Grove Elementary,'PK-5,8.076811369,5.690296366,'No
0108 - 8280,56,108,CO-1420-0108,Alameda Intl Junior/Senior High,'7-12,8280,CO-1420-8280,Stony Creek Elementary,'PK-5,8.111710461,7.476375009,'No
0108 - 7282,57,108,CO-1420-0108,Alameda Intl Junior/Senior High,'7-12,7282,CO-1420-7282,Red Rocks Elementary,'K-5,8.198966357,6.52121532,'No
0108 - 2130,58,108,CO-1420-0108,Alameda Intl Junior/Senior High,'7-12,2130,CO-1420-2130,Deer Creek Middle,'6-8,8.34763754,7.404085084,'7-8
0108 - 0694,59,108,CO-1420-0108,Alameda Intl Junior/Senior High,'7-12,694,CO-1420-0694,Bell Middle,'6-8,8.394933969,6.537646925,'7-8
0108 - 8381,60,108,CO-1420-0108,Alameda Intl Junior/Senior High,'7-12,8381,CO-1420-8381,Summit Ridge Middle,'6-8,8.418882313,6.718834102,'7-8
0108 - 2322,61,108,CO-1420-0108,Alameda Intl Junior/Senior High,'7-12,2322,CO-1420-2322,Dutch Creek Elementary,'PK-5,8.433473845,7.304120267,'No
0108 - 6286,62,108,CO-1420-0108,Alameda Intl Junior/Senior High,'7-12,6286,CO-1420-6286,Normandy Elementary,'PK-5,8.445275671,7.017147893,'No
0108 - 7128,63,108,CO-1420-0108,Alameda Intl Junior/Senior High,'7-12,7128,CO-1420-7128,Powderhorn Elementary,'PK-5,8.593017707,6.783827463,'No
0108 - 6135,64,108,CO-1420-0108,Alameda Intl Junior/Senior High,'7-12,6135,CO-1420-6135,Mt. Carbon Elementary,'PK-5,8.605092306,6.299913193,'No
0108 - 1876,65,108,CO-1420-0108,Alameda Intl Junior/Senior High,'7-12,1876,CO-1420-1876,Coronado Elementary,'PK-5,8.702383935,8.295315638,'No
0108 - 4798,66,108,CO-1420-0108,Alameda Intl Junior/Senior High,'7-12,4798,CO-1420-4798,Connections Learning Center,'6-8,8.889318836,6.799003163,'7-8
0108 - 7708,67,108,CO-1420-0108,Alameda Intl Junior/Senior High,'7-12,7708,CO-1420-7708,Secrest Elementary,'PK-5,8.896659758,8.305603171,'No
0108 - 4548,68,108,CO-1420-0108,Alameda Intl Junior/Senior High,'7-12,4548,CO-1420-4548,Ken Caryl Middle,'6-8,8.919884557,7.715984928,'7-8
0108 - 9008,69,108,CO-1420-0108,Alameda Intl Junior/Senior High,'7-12,9008,CO-1420-9008,Ute Meadows Elementary,'PK-5,8.92462535,7.721874689,'No
0108 - 0370,70,108,CO-1420-0108,Alameda Intl Junior/Senior High,'7-12,370,CO-1420-0370,Arvada High,'9-12,9.010398026,8.436129539,'9-12
0108 - 2093,71,108,CO-1420-0108,Alameda Intl Junior/Senior High,'7-12,2093,CO-1420-2093,Dakota Ridge High,'9-12,9.203477339,7.055649891,'9-12
0108 - 1001,72,108,CO-1420-0108,Alameda Intl Junior/Senior High,'7-12,1001,CO-1420-1001,Warren Tech South,'11-12,9.370223473,7.18950868,'11-12
0108 - 7833,73,108,CO-1420-0108,Alameda Intl Junior/Senior High,'7-12,7833,CO-1420-7833,Shelton Elementary,'PK-5,9.399210253,7.242288445,'No
0108 - 1522,74,108,CO-1420-0108,Alameda Intl Junior/Senior High,'7-12,1522,CO-1420-1522,Chatfield High,'9-12,9.565549766,7.79645471,'9-12
0108 - 6133,75,108,CO-1420-0108,Alameda Intl Junior/Senior High,'7-12,6133,CO-1420-6133,Mortensen Elementary,'PK-5,9.57694391,8.511955868,'No
0108 - 3502,76,108,CO-1420-0108,Alameda Intl Junior/Senior High,'7-12,3502,CO-1420-3502,Golden High,'9-12,9.655217825,7.593541317,'9-12
0108 - 1861,77,108,CO-1420-0108,Alameda Intl Junior/Senior High,'7-12,1861,CO-1420-1861,Columbine Hills Elementary,'PK-5,9.66718969,8.180820125,'No
0108 - 9058,78,108,CO-1420-0108,Alameda Intl Junior/Senior High,'7-12,9058,CO-1420-9058,Vanderhoof Elementary,'K-5,9.705117904,7.919188239,'No
0108 - 2963,79,108,CO-1420-0108,Alameda Intl Junior/Senior High,'7-12,2963,CO-1420-2963,Falcon Bluffs Middle,'6-8,9.710976941,9.01235022,'7-8
0108 - 8432,80,108,CO-1420-0108,Alameda Intl Junior/Senior High,'7-12,8432,CO-1420-8432,Swanson Elementary,'K-5,9.723475943,8.833786938,'No
0108 - 2288,81,108,CO-1420-0108,Alameda Intl Junior/Senior High,'7-12,2288,CO-1420-2288,Drake Middle,'6-8,9.754049266,7.361928859,'7-8
0108 - 7780,82,108,CO-1420-0108,Alameda Intl Junior/Senior High,'7-12,7780,CO-1420-7780,Shaffer Elementary,'PK-5,9.882451954,8.5599786,'No
,,,CO-1420-,,',,CO-1420-,,',,,#N/A
0370 - 7708,2,370,CO-1420-0370,Arvada High,'9-12,7708,CO-1420-7708,Secrest Elementary,'PK-5,0.918749318,0.622596621,'No
0370 - 8432,3,370,CO-1420-0370,Arvada High,'9-12,8432,CO-1420-8432,Swanson Elementary,'K-5,1.39812025,1.132751975,'No
0370 - 5024,4,370,CO-1420-0370,Arvada High,'9-12,5024,CO-1420-5024,Lawrence Elementary,'K-5,1.535854996,1.189763645,'No
0370 - 6330,5,370,CO-1420-0370,Arvada High,'9-12,6330,CO-1420-6330,North Arvada Middle,'6-8,1.606676969,1.044108991,'No
0370 - 3726,6,370,CO-1420-0370,Arvada High,'9-12,3726,CO-1420-3726,Hackberry Hill Elementary,'K-5,1.64115982,1.319070984,'No
0370 - 3088,7,370,CO-1420-0370,Arvada High,'9-12,3088,CO-1420-3088,Foster Dual Language PK-8 School,'PK-8,1.94725831,1.608776958,'No
0370 - 9232,8,370,CO-1420-0370,Arvada High,'9-12,9232,CO-1420-9232,Warder Elementary,'PK-5,2.312524904,1.522998806,'No
0370 - 1244,9,370,CO-1420-0370,Arvada High,'9-12,1244,CO-1420-1244,Campbell Early Learning Center,'PK,2.498795442,1.828538484,'No
0370 - 9328,10,370,CO-1420-0370,Arvada High,'9-12,9328,CO-1420-9328,Weber Elementary,'PK-5,2.775580502,2.193730814,'No
0370 - 7114,11,370,CO-1420-0370,Arvada High,'9-12,7114,CO-1420-7114,Pomona Junior/Senior High,'6-12,2.853644509,2.376272404,'9-12
0370 - 9245,12,370,CO-1420-0370,Arvada High,'9-12,9245,CO-1420-9245,Warren Tech North,'11-12,3.021899058,2.272868628,'11-12
0370 - 0378,13,370,CO-1420-0370,Arvada High,'9-12,378,CO-1420-0378,Arvada West High,'9-12,3.181910698,2.318952461,'9-12
0370 - 9058,14,370,CO-1420-0370,Arvada High,'9-12,9058,CO-1420-9058,Vanderhoof Elementary,'K-5,3.212297827,2.399967732,'No
0370 - 3216,15,370,CO-1420-0370,Arvada High,'9-12,3216,CO-1420-3216,Fremont Elementary,'K-5,3.221512158,2.580799256,'No
0370 - 5222,16,370,CO-1420-0370,Arvada High,'9-12,5222,CO-1420-5222,Little Elementary,'K-5,3.355510733,2.720357803,'No
0370 - 6470,17,370,CO-1420-0370,Arvada High,'9-12,6470,CO-1420-6470,Oberon Middle,'6-8,3.359847029,2.242745938,'No
0370 - 7870,18,370,CO-1420-0370,Arvada High,'9-12,7870,CO-1420-7870,Sierra Elementary,'PK-5,3.435402106,2.485835287,'No
0370 - 6848,19,370,CO-1420-0370,Arvada High,'9-12,6848,CO-1420-6848,Peak Expeditionary-Pennington,'PK-5,3.532904352,2.67609107,'No
0370 - 8036,20,370,CO-1420-0370,Arvada High,'9-12,8036,CO-1420-8036,Sobesky Academy,'K-12,3.644010394,3.000203237,'9-12
0370 - 8223,21,370,CO-1420-0370,Arvada High,'9-12,8223,CO-1420-8223,Stevens Elementary,'PK-5,3.782203533,3.122977555,'No
0370 - 8300,22,370,CO-1420-0370,Arvada High,'9-12,8300,CO-1420-8300,Stott Elementary,'PK-5,4.091475491,3.119326878,'No
0370 - 7753,23,370,CO-1420-0370,Arvada High,'9-12,7753,CO-1420-7753,Semper Elementary,'PK-5,4.131746476,3.871660065,'No
0370 - 6285,24,370,CO-1420-0370,Arvada High,'9-12,6285,CO-1420-6285,Norma Anderson Early Learning Center,'PK,4.226136348,3.120178123,'No
0370 - 2820,25,370,CO-1420-0370,Arvada High,'9-12,2820,CO-1420-2820,Everitt Middle,'6-8,4.364885052,3.309975123,'No
0370 - 5454,26,370,CO-1420-0370,Arvada High,'9-12,5454,CO-1420-5454,Mandalay Middle,'6-8,4.556952655,3.947484113,'No
0370 - 0030,27,370,CO-1420-0370,Arvada High,'9-12,30,CO-1420-0030,Adams Elementary,'PK-5,4.605442335,3.842080509,'No
0370 - 2288,28,370,CO-1420-0370,Arvada High,'9-12,2288,CO-1420-2288,Drake Middle,'6-8,4.652807431,3.492194534,'No
0370 - 9052,29,370,CO-1420-0370,Arvada High,'9-12,9052,CO-1420-9052,Van Arsdale Elementary,'PK-5,4.758749158,3.625610033,'No
0370 - 9510,30,370,CO-1420-0370,Arvada High,'9-12,9510,CO-1420-9510,Wheat Ridge High,'9-12,4.878353883,3.67585265,'9-12
0370 - 4422,31,370,CO-1420-0370,Arvada High,'9-12,4422,CO-1420-4422,Jefferson Junior/Senior High,'7-12,5.087848266,4.500359044,'9-12
0370 - 5350,32,370,CO-1420-0370,Arvada High,'9-12,5350,CO-1420-5350,Lukas Elementary,'K-5,5.236192846,4.07246428,'No
0370 - 5354,33,370,CO-1420-0370,Arvada High,'9-12,5354,CO-1420-5354,Lumberg Elementary,'PK-6,5.288154608,4.605530388,'No
0370 - 7962,34,370,CO-1420-0370,Arvada High,'9-12,7962,CO-1420-7962,Slater Elementary,'PK-5,5.325017389,4.436398077,'No
0370 - 7239,35,370,CO-1420-0370,Arvada High,'9-12,7239,CO-1420-7239,Ralston Valley High,'9-12,5.427152666,4.002799538,'9-12
0370 - 8209,36,370,CO-1420-0370,Arvada High,'9-12,8209,CO-1420-8209,Standley Lake High,'9-12,5.535610027,4.86289198,'9-12
0370 - 9299,37,370,CO-1420-0370,Arvada High,'9-12,9299,CO-1420-9299,Wayne Carle Middle,'6-8,5.544157177,4.527150566,'No
0370 - 5758,38,370,CO-1420-0370,Arvada High,'9-12,5758,CO-1420-5758,Meiklejohn Elementary,'PK-5,5.586406411,4.156345657,'No
0370 - 2496,39,370,CO-1420-0370,Arvada High,'9-12,2496,CO-1420-2496,Edgewater Elementary,'PK-6,5.628592417,4.699476743,'No
0370 - 7190,40,370,CO-1420-0370,Arvada High,'9-12,7190,CO-1420-7190,Prospect Valley Elementary,'K-5,5.74846179,4.079518642,'No
0370 - 6539,41,370,CO-1420-0370,Arvada High,'9-12,6539,CO-1420-6539,JeffCo Open Elementary,'PK-6,6.232523798,5.640813635,'No
0370 - 9429,42,370,CO-1420-0370,Arvada High,'9-12,9429,CO-1420-9429,West Woods Elementary,'K-5,6.394015629,5.509483779,'No
0370 - 5472,43,370,CO-1420-0370,Arvada High,'9-12,5472,CO-1420-5472,Manning,'6-8,6.491632897,5.096922517,'No
0370 - 5524,44,370,CO-1420-0370,Arvada High,'9-12,5524,CO-1420-5524,Maple Grove Elementary,'PK-5,6.582123074,5.14962732,'No
0370 - 2550,45,370,CO-1420-0370,Arvada High,'9-12,2550,CO-1420-2550,Eiber Elementary,'PK-5,6.676242268,5.496494265,'No
0370 - 8276,46,370,CO-1420-0370,Arvada High,'9-12,8276,CO-1420-8276,Stober Elementary,'K-5,6.727644203,5.108217727,'No
0370 - 2866,47,370,CO-1420-0370,Arvada High,'9-12,2866,CO-1420-2866,Fairmount Elementary,'K-5,6.890387218,5.338785257,'No
0370 - 7529,48,370,CO-1420-0370,Arvada High,'9-12,7529,CO-1420-7529,Ryan Elementary,'PK-5,7.267188845,6.304253728,'No
0370 - 4942,49,370,CO-1420-0370,Arvada High,'9-12,4942,CO-1420-4942,Lakewood High,'9-12,7.389311913,6.172851533,'9-12
0370 - 8102,50,370,CO-1420-0370,Arvada High,'9-12,8102,CO-1420-8102,South Lakewood Elementary,'K-5,7.601281636,6.683561858,'No
0370 - 7468,51,370,CO-1420-0370,Arvada High,'9-12,7468,CO-1420-7468,Rose Stein International Elementary,'PK-6,7.674100729,6.907587319,'No
0370 - 5892,52,370,CO-1420-0370,Arvada High,'9-12,5892,CO-1420-5892,Fletcher Miller Special,'PK-12,7.82252079,6.74940711,'9-12
0370 - 9432,53,370,CO-1420-0370,Arvada High,'9-12,9432,CO-1420-9432,Dennison Elementary,'K-6,7.902847643,6.610359337,'No
0370 - 1976,54,370,CO-1420-0370,Arvada High,'9-12,1976,CO-1420-1976,Creighton Middle,'6-8,8.087022622,6.87020025,'No
0370 - 9342,55,370,CO-1420-0370,Arvada High,'9-12,9342,CO-1420-9342,Welchester Elementary,'PK-5,8.368813192,6.565855769,'No
0370 - 8090,56,370,CO-1420-0370,Arvada High,'9-12,8090,CO-1420-8090,Deane Elementary,'PK-6,8.760856074,7.592808424,'No
0370 - 0724,57,370,CO-1420-0370,Arvada High,'9-12,724,CO-1420-0724,Belmar School of Integrated Arts,'K-5,8.958281765,7.911774953,'No
0370 - 0108,58,370,CO-1420-0370,Arvada High,'9-12,108,CO-1420-0108,Alameda Intl Junior/Senior High,'7-12,9.010398026,8.436129539,'9-12
0370 - 0965,59,370,CO-1420-0370,Arvada High,'9-12,965,CO-1420-0965,Brady Exploration School,'10-12,9.242946393,8.008647824,'10-12
0370 - 3201,60,370,CO-1420-0370,Arvada High,'9-12,3201,CO-1420-3201,Free Horizon Montessori,'PK-8,9.245538132,7.616078701,'No
0370 - 6808,61,370,CO-1420-0370,Arvada High,'9-12,6808,CO-1420-6808,Patterson Elementary,'PK-6,9.361976347,8.400184351,'No
0370 - 5004,62,370,CO-1420-0370,Arvada High,'9-12,5004,CO-1420-5004,Lasley Elementary,'K-6,9.467444784,8.605510657,'No
0370 - 9234,63,370,CO-1420-0370,Arvada High,'9-12,9234,CO-1420-9234,Warren Tech Central,'11-12,9.751001708,7.739059663,'11-12
0370 - 4550,64,370,CO-1420-0370,Arvada High,'9-12,4550,CO-1420-4550,Kendrick Lakes Elementary,'PK-5,9.783267536,8.567626168,'No
0370 - 8856,65,370,CO-1420-0370,Arvada High,'9-12,8856,CO-1420-8856,Three Creeks K-8,'K-8,9.866393738,8.102492091,'No
,,,CO-1420-,,',,CO-1420-,,',,,#N/A
0378 - 9245,2,378,CO-1420-0378,Arvada West High,'9-12,9245,CO-1420-9245,Warren Tech North,'11-12,0.16001164,0.110858904,'11-12
0378 - 3216,3,378,CO-1420-0378,Arvada West High,'9-12,3216,CO-1420-3216,Fremont Elementary,'K-5,0.575037721,0.346090536,'No
0378 - 9058,4,378,CO-1420-0378,Arvada West High,'9-12,9058,CO-1420-9058,Vanderhoof Elementary,'K-5,0.591070279,0.469610948,'No
0378 - 1244,5,378,CO-1420-0378,Arvada West High,'9-12,1244,CO-1420-1244,Campbell Early Learning Center,'PK,1.04731257,0.608788913,'No
0378 - 8300,6,378,CO-1420-0378,Arvada West High,'9-12,8300,CO-1420-8300,Stott Elementary,'PK-5,1.428105713,0.93364842,'No
0378 - 2288,7,378,CO-1420-0378,Arvada West High,'9-12,2288,CO-1420-2288,Drake Middle,'6-8,1.973519416,1.545786781,'No
0378 - 6470,8,378,CO-1420-0378,Arvada West High,'9-12,6470,CO-1420-6470,Oberon Middle,'6-8,1.979847099,1.454861229,'No
0378 - 5024,9,378,CO-1420-0378,Arvada West High,'9-12,5024,CO-1420-5024,Lawrence Elementary,'K-5,2.791711079,2.349986262,'No
0378 - 7870,10,378,CO-1420-0378,Arvada West High,'9-12,7870,CO-1420-7870,Sierra Elementary,'PK-5,2.905980088,1.990565523,'No
0378 - 9052,11,378,CO-1420-0378,Arvada West High,'9-12,9052,CO-1420-9052,Van Arsdale Elementary,'PK-5,2.911507189,1.968167175,'No
0378 - 0370,12,378,CO-1420-0378,Arvada West High,'9-12,370,CO-1420-0370,Arvada High,'9-12,3.181910698,2.318952461,'9-12
0378 - 6848,13,378,CO-1420-0378,Arvada West High,'9-12,6848,CO-1420-6848,Peak Expeditionary-Pennington,'PK-5,3.225910965,2.288681779,'No
0378 - 6285,14,378,CO-1420-0378,Arvada West High,'9-12,6285,CO-1420-6285,Norma Anderson Early Learning Center,'PK,3.485336186,2.208554864,'No
0378 - 2820,15,378,CO-1420-0378,Arvada West High,'9-12,2820,CO-1420-2820,Everitt Middle,'6-8,3.624084891,2.910822763,'No
0378 - 7708,16,378,CO-1420-0378,Arvada West High,'9-12,7708,CO-1420-7708,Secrest Elementary,'PK-5,3.733875818,2.900638285,'No
0378 - 3088,17,378,CO-1420-0378,Arvada West High,'9-12,3088,CO-1420-3088,Foster Dual Language PK-8 School,'PK-8,3.787813429,2.959869204,'No
0378 - 7239,18,378,CO-1420-0378,Arvada West High,'9-12,7239,CO-1420-7239,Ralston Valley High,'9-12,3.852987133,2.613237593,'9-12
0378 - 9232,19,378,CO-1420-0378,Arvada West High,'9-12,9232,CO-1420-9232,Warder Elementary,'PK-5,3.992657745,2.639683845,'No
0378 - 5758,20,378,CO-1420-0378,Arvada West High,'9-12,5758,CO-1420-5758,Meiklejohn Elementary,'PK-5,4.012240878,2.867999253,'No
0378 - 2866,21,378,CO-1420-0378,Arvada West High,'9-12,2866,CO-1420-2866,Fairmount Elementary,'K-5,4.18994232,3.103396082,'No
0378 - 5472,22,378,CO-1420-0378,Arvada West High,'9-12,5472,CO-1420-5472,Manning,'6-8,4.231691997,3.595261736,'No
0378 - 5524,23,378,CO-1420-0378,Arvada West High,'9-12,5524,CO-1420-5524,Maple Grove Elementary,'PK-5,4.322182174,3.667405237,'No
0378 - 9429,24,378,CO-1420-0378,Arvada West High,'9-12,9429,CO-1420-9429,West Woods Elementary,'K-5,4.354526192,3.367608709,'No
0378 - 6330,25,378,CO-1420-0378,Arvada West High,'9-12,6330,CO-1420-6330,North Arvada Middle,'6-8,4.3878485,3.105100263,'No
0378 - 8432,26,378,CO-1420-0378,Arvada West High,'9-12,8432,CO-1420-8432,Swanson Elementary,'K-5,4.392521358,3.444852052,'No
0378 - 9328,27,378,CO-1420-0378,Arvada West High,'9-12,9328,CO-1420-9328,Weber Elementary,'PK-5,4.407068418,3.079683845,'No
0378 - 9510,28,378,CO-1420-0378,Arvada West High,'9-12,9510,CO-1420-9510,Wheat Ridge High,'9-12,4.416113197,3.382254377,'9-12
0378 - 3726,29,378,CO-1420-0378,Arvada West High,'9-12,3726,CO-1420-3726,Hackberry Hill Elementary,'K-5,4.42233135,3.065036962,'No
0378 - 7114,30,378,CO-1420-0378,Arvada West High,'9-12,7114,CO-1420-7114,Pomona Junior/Senior High,'6-12,4.939667871,3.423360523,'9-12
0378 - 7190,31,378,CO-1420-0378,Arvada West High,'9-12,7190,CO-1420-7190,Prospect Valley Elementary,'K-5,5.007661629,3.131539866,'No
0378 - 8276,32,378,CO-1420-0378,Arvada West High,'9-12,8276,CO-1420-8276,Stober Elementary,'K-5,5.092391087,4.038518138,'No
0378 - 8036,33,378,CO-1420-0378,Arvada West High,'9-12,8036,CO-1420-8036,Sobesky Academy,'K-12,5.156193114,3.79336644,'9-12
0378 - 8223,34,378,CO-1420-0378,Arvada West High,'9-12,8223,CO-1420-8223,Stevens Elementary,'PK-5,5.267559616,3.841087408,'No
0378 - 7962,35,378,CO-1420-0378,Arvada West High,'9-12,7962,CO-1420-7962,Slater Elementary,'PK-5,5.717850297,4.396120693,'No
0378 - 2550,36,378,CO-1420-0378,Arvada West High,'9-12,2550,CO-1420-2550,Eiber Elementary,'PK-5,6.044529751,5.14224982,'No
0378 - 5222,37,378,CO-1420-0378,Arvada West High,'9-12,5222,CO-1420-5222,Little Elementary,'K-5,6.136682264,4.301122902,'No
0378 - 9342,38,378,CO-1420-0378,Arvada West High,'9-12,9342,CO-1420-9342,Welchester Elementary,'PK-5,6.301913038,5.428698122,'No
0378 - 4422,39,378,CO-1420-0378,Arvada West High,'9-12,4422,CO-1420-4422,Jefferson Junior/Senior High,'7-12,6.54448664,4.991445836,'9-12
0378 - 4942,40,378,CO-1420-0378,Arvada West High,'9-12,4942,CO-1420-4942,Lakewood High,'9-12,6.648511752,5.785672685,'9-12
0378 - 7753,41,378,CO-1420-0378,Arvada West High,'9-12,7753,CO-1420-7753,Semper Elementary,'PK-5,6.681188909,4.920413305,'No
0378 - 5354,42,378,CO-1420-0378,Arvada West High,'9-12,5354,CO-1420-5354,Lumberg Elementary,'PK-6,6.760873202,5.133276958,'No
0378 - 3201,43,378,CO-1420-0378,Arvada West High,'9-12,3201,CO-1420-3201,Free Horizon Montessori,'PK-8,6.985597231,6.012213702,'No
0378 - 5892,44,378,CO-1420-0378,Arvada West High,'9-12,5892,CO-1420-5892,Fletcher Miller Special,'PK-12,7.081720629,6.324783868,'9-12
0378 - 5350,45,378,CO-1420-0378,Arvada West High,'9-12,5350,CO-1420-5350,Lukas Elementary,'K-5,7.084445483,4.518179788,'No
0378 - 9432,46,378,CO-1420-0378,Arvada West High,'9-12,9432,CO-1420-9432,Dennison Elementary,'K-6,7.162047481,6.224545658,'No
0378 - 5454,47,378,CO-1420-0378,Arvada West High,'9-12,5454,CO-1420-5454,Mandalay Middle,'6-8,7.261539514,5.141093678,'No
0378 - 0030,48,378,CO-1420-0378,Arvada West High,'9-12,30,CO-1420-0030,Adams Elementary,'PK-5,7.310029194,5.23107381,'No
0378 - 2496,49,378,CO-1420-0378,Arvada West High,'9-12,2496,CO-1420-2496,Edgewater Elementary,'PK-6,7.364775413,5.53630667,'No
0378 - 6539,50,378,CO-1420-0378,Arvada West High,'9-12,6539,CO-1420-6539,JeffCo Open Elementary,'PK-6,7.369148601,5.750608449,'No
0378 - 8209,51,378,CO-1420-0378,Arvada West High,'9-12,8209,CO-1420-8209,Standley Lake High,'9-12,7.383862664,5.351059497,'9-12
0378 - 9299,52,378,CO-1420-0378,Arvada West High,'9-12,9299,CO-1420-9299,Wayne Carle Middle,'6-8,7.392409814,4.727411346,'No
0378 - 1976,53,378,CO-1420-0378,Arvada West High,'9-12,1976,CO-1420-1976,Creighton Middle,'6-8,7.460799289,6.477846146,'No
0378 - 4830,54,378,CO-1420-0378,Arvada West High,'9-12,4830,CO-1420-4830,Kyffin Elementary,'PK-5,7.843744709,6.530509238,'No
0378 - 0694,55,378,CO-1420-0378,Arvada West High,'9-12,694,CO-1420-0694,Bell Middle,'6-8,7.87155516,6.418957579,'No
0378 - 8102,56,378,CO-1420-0378,Arvada West High,'9-12,8102,CO-1420-8102,South Lakewood Elementary,'K-5,7.899273887,6.547800499,'No
0378 - 8856,57,378,CO-1420-0378,Arvada West High,'9-12,8856,CO-1420-8856,Three Creeks K-8,'K-8,8.202381201,6.342108907,'No
0378 - 5944,58,378,CO-1420-0378,Arvada West High,'9-12,5944,CO-1420-5944,Mitchell Elementary,'K-5,8.245404709,6.514332018,'No
0378 - 4798,59,378,CO-1420-0378,Arvada West High,'9-12,4798,CO-1420-4798,Connections Learning Center,'6-8,8.365940027,6.397638269,'No
0378 - 3502,60,378,CO-1420-0378,Arvada West High,'9-12,3502,CO-1420-3502,Golden High,'9-12,8.500136282,6.40594708,'9-12
0378 - 9234,61,378,CO-1420-0378,Arvada West High,'9-12,9234,CO-1420-9234,Warren Tech Central,'11-12,8.624100715,6.649792252,'11-12
0378 - 0724,62,378,CO-1420-0378,Arvada West High,'9-12,724,CO-1420-0724,Belmar School of Integrated Arts,'K-5,8.74769287,7.605352596,'No
0378 - 0033,63,378,CO-1420-0378,Arvada West High,'9-12,33,CO-1420-0033,McLain Community High School,'9-12,8.851294003,6.70904007,'9-12
0378 - 5623,64,378,CO-1420-0378,Arvada West High,'9-12,5623,CO-1420-5623,Long View,'10-12,8.927353007,6.833201697,'10-12
0378 - 7468,65,378,CO-1420-0378,Arvada West High,'9-12,7468,CO-1420-7468,Rose Stein International Elementary,'PK-6,9.067829005,7.068462529,'No
0378 - 4550,66,378,CO-1420-0378,Arvada West High,'9-12,4550,CO-1420-4550,Kendrick Lakes Elementary,'PK-5,9.106715812,8.215325795,'No
0378 - 3025,67,378,CO-1420-0378,Arvada West High,'9-12,3025,CO-1420-3025,Foothills Elementary,'PK-5,9.323071125,7.468547712,'No
0378 - 7833,68,378,CO-1420-0378,Arvada West High,'9-12,7833,CO-1420-7833,Shelton Elementary,'PK-5,9.496925643,7.63047535,'No
0378 - 6808,69,378,CO-1420-0378,Arvada West High,'9-12,6808,CO-1420-6808,Patterson Elementary,'PK-6,9.518354127,8.174353212,'No
0378 - 7529,70,378,CO-1420-0378,Arvada West High,'9-12,7529,CO-1420-7529,Ryan Elementary,'PK-5,9.816631277,7.437363884,'No
0378 - 3628,71,378,CO-1420-0378,Arvada West High,'9-12,3628,CO-1420-3628,Green Mountain High,'9-12,9.903909078,8.073299519,'9-12
,,,CO-1420-,,',,CO-1420-,,',,,#N/A
0660 - 0664,2,660,CO-1420-0660,Bear Creek K-8,'K-8,664,CO-1420-0664,Bear Creek High,'9-12,0.567677281,0.367202742,'No
0660 - 9412,3,660,CO-1420-0660,Bear Creek K-8,'K-8,9412,CO-1420-9412,Westgate Elementary,'PK-5,1.353425388,0.872415493,'K-5
0660 - 1318,4,660,CO-1420-0660,Bear Creek K-8,'K-8,1318,CO-1420-1318,Carmody Middle,'6-8,1.761650394,1.361709101,'6-8
0660 - 2120,5,660,CO-1420-0660,Bear Creek K-8,'K-8,2120,CO-1420-2120,D'Evelyn Junior/Senior,'6-12,2.277756583,1.280543719,'6-8
0660 - 3622,6,660,CO-1420-0660,Bear Creek K-8,'K-8,3622,CO-1420-3622,Green Gables Elementary,'PK-5,2.549158295,1.395499313,'K-5
0660 - 4550,7,660,CO-1420-0660,Bear Creek K-8,'K-8,4550,CO-1420-4550,Kendrick Lakes Elementary,'PK-5,3.017594151,2.213555466,'K-5
0660 - 2300,8,660,CO-1420-0660,Bear Creek K-8,'K-8,2300,CO-1420-2300,Dunstan Middle,'6-8,3.261146262,2.509221586,'6-8
0660 - 2194,9,660,CO-1420-0660,Bear Creek K-8,'K-8,2194,CO-1420-2194,Devinny Elementary,'K-5,3.397059912,2.609331492,'K-5
0660 - 4190,10,660,CO-1420-0660,Bear Creek K-8,'K-8,4190,CO-1420-4190,Hutchinson Elementary,'PK-5,3.540427715,2.648833278,'K-5
0660 - 6808,11,660,CO-1420-0660,Bear Creek K-8,'K-8,6808,CO-1420-6808,Patterson Elementary,'PK-6,3.579027286,2.380277454,'K-6
0660 - 0108,12,660,CO-1420-0660,Bear Creek K-8,'K-8,108,CO-1420-0108,Alameda Intl Junior/Senior High,'7-12,3.63456779,2.519037671,'7-8
0660 - 0724,13,660,CO-1420-0660,Bear Creek K-8,'K-8,724,CO-1420-0724,Belmar School of Integrated Arts,'K-5,3.726353096,2.860124507,'K-5
0660 - 7483,14,660,CO-1420-0660,Bear Creek K-8,'K-8,7483,CO-1420-7483,Rooney Ranch Elementary,'K-5,3.749590086,2.799668754,'K-5
0660 - 3536,15,660,CO-1420-0660,Bear Creek K-8,'K-8,3536,CO-1420-3536,Governor's Ranch Elementary,'PK-5,3.81686158,2.764747284,'K-5
0660 - 3628,16,660,CO-1420-0660,Bear Creek K-8,'K-8,3628,CO-1420-3628,Green Mountain High,'9-12,4.073476907,3.184557154,'No
0660 - 5004,17,660,CO-1420-0660,Bear Creek K-8,'K-8,5004,CO-1420-5004,Lasley Elementary,'K-6,4.138253705,2.946343149,'K-6
0660 - 9490,18,660,CO-1420-0660,Bear Creek K-8,'K-8,9490,CO-1420-9490,Westridge Elementary,'K-5,4.324924646,3.306199414,'K-5
0660 - 4549,19,660,CO-1420-0660,Bear Creek K-8,'K-8,4549,CO-1420-4549,Kendallvue Elementary,'PK-5,4.38164876,3.242436929,'K-5
0660 - 3025,20,660,CO-1420-0660,Bear Creek K-8,'K-8,3025,CO-1420-3025,Foothills Elementary,'PK-5,4.477050464,3.695055792,'K-5
0660 - 1976,21,660,CO-1420-0660,Bear Creek K-8,'K-8,1976,CO-1420-1976,Creighton Middle,'6-8,4.801718549,3.953321472,'6-8
0660 - 5892,22,660,CO-1420-0660,Bear Creek K-8,'K-8,5892,CO-1420-5892,Fletcher Miller Special,'PK-12,4.851141314,4.097430789,'K-8
0660 - 9432,23,660,CO-1420-0660,Bear Creek K-8,'K-8,9432,CO-1420-9432,Dennison Elementary,'K-6,5.0811111,4.213101458,'K-6
0660 - 8102,24,660,CO-1420-0660,Bear Creek K-8,'K-8,8102,CO-1420-8102,South Lakewood Elementary,'K-5,5.242672056,4.091223047,'K-5
0660 - 8090,25,660,CO-1420-0660,Bear Creek K-8,'K-8,8090,CO-1420-8090,Deane Elementary,'PK-6,5.31345441,3.91989355,'K-6
0660 - 7468,26,660,CO-1420-0660,Bear Creek K-8,'K-8,7468,CO-1420-7468,Rose Stein International Elementary,'PK-6,5.419869156,4.112115963,'K-6
0660 - 0965,27,660,CO-1420-0660,Bear Creek K-8,'K-8,965,CO-1420-0965,Brady Exploration School,'10-12,5.425252896,3.904388349,'No
0660 - 6135,28,660,CO-1420-0660,Bear Creek K-8,'K-8,6135,CO-1420-6135,Mt. Carbon Elementary,'PK-5,5.455713037,3.79131735,'K-5
0660 - 8381,29,660,CO-1420-0660,Bear Creek K-8,'K-8,8381,CO-1420-8381,Summit Ridge Middle,'6-8,5.465575915,4.206067464,'6-8
0660 - 7128,30,660,CO-1420-0660,Bear Creek K-8,'K-8,7128,CO-1420-7128,Powderhorn Elementary,'PK-5,5.639711308,4.266896108,'K-5
0660 - 4942,31,660,CO-1420-0660,Bear Creek K-8,'K-8,4942,CO-1420-4942,Lakewood High,'9-12,5.736427822,4.658882101,'No
0660 - 0951,32,660,CO-1420-0660,Bear Creek K-8,'K-8,951,CO-1420-0951,Blue Heron Elementary,'PK-5,5.857246164,3.971401145,'K-5
0660 - 1864,33,660,CO-1420-0660,Bear Creek K-8,'K-8,1864,CO-1420-1864,Columbine High,'9-12,6.043857591,4.177720887,'No
0660 - 5036,34,660,CO-1420-0660,Bear Creek K-8,'K-8,5036,CO-1420-5036,Leawood Elementary,'PK-5,6.044379796,4.220836904,'K-5
0660 - 7282,35,660,CO-1420-0660,Bear Creek K-8,'K-8,7282,CO-1420-7282,Red Rocks Elementary,'K-5,6.0512236,4.954296134,'K-5
0660 - 2093,36,660,CO-1420-0660,Bear Creek K-8,'K-8,2093,CO-1420-2093,Dakota Ridge High,'9-12,6.05409807,4.549483846,'No
0660 - 9234,37,660,CO-1420-0660,Bear Creek K-8,'K-8,9234,CO-1420-9234,Warren Tech Central,'11-12,6.07834904,4.48400178,'No
0660 - 9008,38,660,CO-1420-0660,Bear Creek K-8,'K-8,9008,CO-1420-9008,Ute Meadows Elementary,'PK-5,6.125671009,5.261053756,'K-5
0660 - 1001,39,660,CO-1420-0660,Bear Creek K-8,'K-8,1001,CO-1420-1001,Warren Tech South,'11-12,6.237351414,4.677272327,'No
0660 - 2550,40,660,CO-1420-0660,Bear Creek K-8,'K-8,2550,CO-1420-2550,Eiber Elementary,'PK-5,6.280791096,5.331855424,'K-5
0660 - 2130,41,660,CO-1420-0660,Bear Creek K-8,'K-8,2130,CO-1420-2130,Deer Creek Middle,'6-8,6.337850799,5.062403984,'6-8
0660 - 5623,42,660,CO-1420-0660,Bear Creek K-8,'K-8,5623,CO-1420-5623,Long View,'10-12,6.429679321,4.444654752,'No
0660 - 6539,43,660,CO-1420-0660,Bear Creek K-8,'K-8,6539,CO-1420-6539,JeffCo Open Elementary,'PK-6,6.495685476,5.190292472,'K-6
0660 - 0033,44,660,CO-1420-0660,Bear Creek K-8,'K-8,33,CO-1420-0033,McLain Community High School,'9-12,6.576087219,4.533949525,'No
0660 - 1522,45,660,CO-1420-0660,Bear Creek K-8,'K-8,1522,CO-1420-1522,Chatfield High,'9-12,6.766595424,5.297560523,'No
0660 - 8280,46,660,CO-1420-0660,Bear Creek K-8,'K-8,8280,CO-1420-8280,Stony Creek Elementary,'PK-5,6.798171926,5.172687365,'K-5
0660 - 9342,47,660,CO-1420-0660,Bear Creek K-8,'K-8,9342,CO-1420-9342,Welchester Elementary,'PK-5,6.997884035,5.43022524,'K-5
0660 - 2322,48,660,CO-1420-0660,Bear Creek K-8,'K-8,2322,CO-1420-2322,Dutch Creek Elementary,'PK-5,7.142375011,5.20770445,'K-5
0660 - 6286,49,660,CO-1420-0660,Bear Creek K-8,'K-8,6286,CO-1420-6286,Normandy Elementary,'PK-5,7.154176837,5.115287243,'K-5
0660 - 6133,50,660,CO-1420-0660,Bear Creek K-8,'K-8,6133,CO-1420-6133,Mortensen Elementary,'PK-5,7.240876299,6.142208103,'K-5
0660 - 4830,51,660,CO-1420-0660,Bear Creek K-8,'K-8,4830,CO-1420-4830,Kyffin Elementary,'PK-5,7.275471203,4.990937562,'K-5
0660 - 7780,52,660,CO-1420-0660,Bear Creek K-8,'K-8,7780,CO-1420-7780,Shaffer Elementary,'PK-5,7.309008046,6.154739025,'K-5
0660 - 7962,53,660,CO-1420-0660,Bear Creek K-8,'K-8,7962,CO-1420-7962,Slater Elementary,'PK-5,7.339467811,6.332532181,'K-5
0660 - 1876,54,660,CO-1420-0660,Bear Creek K-8,'K-8,1876,CO-1420-1876,Coronado Elementary,'PK-5,7.411285101,6.054591688,'K-5
0660 - 2963,55,660,CO-1420-0660,Bear Creek K-8,'K-8,2963,CO-1420-2963,Falcon Bluffs Middle,'6-8,7.622728505,6.682358194,'6-8
0660 - 4548,56,660,CO-1420-0660,Bear Creek K-8,'K-8,4548,CO-1420-4548,Ken Caryl Middle,'6-8,7.628785723,5.699707936,'6-8
0660 - 8276,57,660,CO-1420-0660,Bear Creek K-8,'K-8,8276,CO-1420-8276,Stober Elementary,'K-5,7.822188213,6.491006653,'K-5
0660 - 4422,58,660,CO-1420-0660,Bear Creek K-8,'K-8,4422,CO-1420-4422,Jefferson Junior/Senior High,'7-12,7.82743204,6.464297731,'7-8
0660 - 5354,59,660,CO-1420-0660,Bear Creek K-8,'K-8,5354,CO-1420-5354,Lumberg Elementary,'PK-6,7.865209701,6.409724899,'K-6
0660 - 9510,60,660,CO-1420-0660,Bear Creek K-8,'K-8,9510,CO-1420-9510,Wheat Ridge High,'9-12,8.173742169,7.191097068,'No
0660 - 1861,61,660,CO-1420-0660,Bear Creek K-8,'K-8,1861,CO-1420-1861,Columbine Hills Elementary,'PK-5,8.376090857,6.243763462,'K-5
0660 - 2820,62,660,CO-1420-0660,Bear Creek K-8,'K-8,2820,CO-1420-2820,Everitt Middle,'6-8,8.479255817,7.635061783,'6-8
0660 - 3201,63,660,CO-1420-0660,Bear Creek K-8,'K-8,3201,CO-1420-3201,Free Horizon Montessori,'PK-8,8.505190542,6.345867346,'K-8
0660 - 7190,64,660,CO-1420-0660,Bear Creek K-8,'K-8,7190,CO-1420-7190,Prospect Valley Elementary,'K-5,8.564644923,7.284770137,'K-5
0660 - 2496,65,660,CO-1420-0660,Bear Creek K-8,'K-8,2496,CO-1420-2496,Edgewater Elementary,'PK-6,8.721913118,6.721411963,'K-6
0660 - 0950,66,660,CO-1420-0660,Bear Creek K-8,'K-8,950,CO-1420-0950,Bradford K8 South,'K-4,8.784100819,6.897162716,'K-4
0660 - 0952,67,660,CO-1420-0660,Bear Creek K-8,'K-8,952,CO-1420-0952,Bradford K8 North,'5-8,8.898121816,6.28341081,'5-8
0660 - 8223,68,660,CO-1420-0660,Bear Creek K-8,'K-8,8223,CO-1420-8223,Stevens Elementary,'PK-5,9.095333453,7.765882595,'K-5
0660 - 5472,69,660,CO-1420-0660,Bear Creek K-8,'K-8,5472,CO-1420-5472,Manning,'6-8,9.134775997,7.302968333,'6-8
0660 - 5524,70,660,CO-1420-0660,Bear Creek K-8,'K-8,5524,CO-1420-5524,Maple Grove Elementary,'PK-5,9.225266173,7.225295524,'K-5
0660 - 6285,71,660,CO-1420-0660,Bear Creek K-8,'K-8,6285,CO-1420-6285,Norma Anderson Early Learning Center,'PK,9.32531703,8.213991519,'No
0660 - 8036,72,660,CO-1420-0660,Bear Creek K-8,'K-8,8036,CO-1420-8036,Sobesky Academy,'K-12,9.345696208,7.909195081,'K-8
0660 - 6848,73,660,CO-1420-0660,Bear Creek K-8,'K-8,6848,CO-1420-6848,Peak Expeditionary-Pennington,'PK-5,9.374863389,8.324403803,'K-5
0660 - 0694,74,660,CO-1420-0660,Bear Creek K-8,'K-8,694,CO-1420-0694,Bell Middle,'6-8,9.434452806,6.996401846,'6-8
0660 - 4798,75,660,CO-1420-0660,Bear Creek K-8,'K-8,4798,CO-1420-4798,Connections Learning Center,'6-8,9.48324206,7.265358621,'6-8
0660 - 7833,76,660,CO-1420-0660,Bear Creek K-8,'K-8,7833,CO-1420-7833,Shelton Elementary,'PK-5,9.60483711,7.282685012,'K-5
,,,CO-1420-,,',,CO-1420-,,',,,#N/A
0664 - 0660,2,664,CO-1420-0664,Bear Creek High,'9-12,660,CO-1420-0660,Bear Creek K-8,'K-8,0.567677281,0.367202742,'No
0664 - 2120,3,664,CO-1420-0664,Bear Creek High,'9-12,2120,CO-1420-2120,D'Evelyn Junior/Senior,'6-12,1.748263769,1.035120842,'9-12
0664 - 9412,4,664,CO-1420-0664,Bear Creek High,'9-12,9412,CO-1420-9412,Westgate Elementary,'PK-5,1.781118041,1.21804038,'No
0664 - 1318,5,664,CO-1420-0664,Bear Creek High,'9-12,1318,CO-1420-1318,Carmody Middle,'6-8,1.78649967,1.479161932,'No
0664 - 3622,6,664,CO-1420-0664,Bear Creek High,'9-12,3622,CO-1420-3622,Green Gables Elementary,'PK-5,2.829314504,1.669726096,'No
0664 - 4550,7,664,CO-1420-0664,Bear Creek High,'9-12,4550,CO-1420-4550,Kendrick Lakes Elementary,'PK-5,3.042443428,2.372936855,'No
0664 - 2300,8,664,CO-1420-0664,Bear Creek High,'9-12,2300,CO-1420-2300,Dunstan Middle,'6-8,3.285995538,2.369600478,'No
0664 - 3536,9,664,CO-1420-0664,Bear Creek High,'9-12,3536,CO-1420-3536,Governor's Ranch Elementary,'PK-5,3.287368767,2.685921153,'No
0664 - 2194,10,664,CO-1420-0664,Bear Creek High,'9-12,2194,CO-1420-2194,Devinny Elementary,'K-5,3.421909189,2.474989794,'No
0664 - 4190,11,664,CO-1420-0664,Bear Creek High,'9-12,4190,CO-1420-4190,Hutchinson Elementary,'PK-5,3.565276992,2.455323826,'No
0664 - 6808,12,664,CO-1420-0664,Bear Creek High,'9-12,6808,CO-1420-6808,Patterson Elementary,'PK-6,3.603876562,2.596140626,'No
0664 - 0724,13,664,CO-1420-0664,Bear Creek High,'9-12,724,CO-1420-0724,Belmar School of Integrated Arts,'K-5,3.751202372,3.030685232,'No
0664 - 7483,14,664,CO-1420-0664,Bear Creek High,'9-12,7483,CO-1420-7483,Rooney Ranch Elementary,'K-5,3.774439362,2.564369256,'No
0664 - 9490,15,664,CO-1420-0664,Bear Creek High,'9-12,9490,CO-1420-9490,Westridge Elementary,'K-5,3.795431833,3.110157925,'No
0664 - 4549,16,664,CO-1420-0664,Bear Creek High,'9-12,4549,CO-1420-4549,Kendallvue Elementary,'PK-5,3.852155946,2.893716159,'No
0664 - 0108,17,664,CO-1420-0664,Bear Creek High,'9-12,108,CO-1420-0108,Alameda Intl Junior/Senior High,'7-12,3.914723999,2.797935715,'9-12
0664 - 3628,18,664,CO-1420-0664,Bear Creek High,'9-12,3628,CO-1420-3628,Green Mountain High,'9-12,4.098326183,3.067970558,'9-12
0664 - 5004,19,664,CO-1420-0664,Bear Creek High,'9-12,5004,CO-1420-5004,Lasley Elementary,'K-6,4.418409914,3.281271054,'No
0664 - 3025,20,664,CO-1420-0664,Bear Creek High,'9-12,3025,CO-1420-3025,Foothills Elementary,'PK-5,4.50189974,3.612475503,'No
0664 - 1976,21,664,CO-1420-0664,Bear Creek High,'9-12,1976,CO-1420-1976,Creighton Middle,'6-8,4.826567826,4.090630748,'No
0664 - 5892,22,664,CO-1420-0664,Bear Creek High,'9-12,5892,CO-1420-5892,Fletcher Miller Special,'PK-12,4.875990591,4.227113146,'9-12
0664 - 6135,23,664,CO-1420-0664,Bear Creek High,'9-12,6135,CO-1420-6135,Mt. Carbon Elementary,'PK-5,4.926220224,3.502924701,'No
0664 - 8381,24,664,CO-1420-0664,Bear Creek High,'9-12,8381,CO-1420-8381,Summit Ridge Middle,'6-8,4.936083101,3.971454489,'No
0664 - 9432,25,664,CO-1420-0664,Bear Creek High,'9-12,9432,CO-1420-9432,Dennison Elementary,'K-6,5.105960376,4.351805472,'No
0664 - 7128,26,664,CO-1420-0664,Bear Creek High,'9-12,7128,CO-1420-7128,Powderhorn Elementary,'PK-5,5.110218495,4.021379125,'No
0664 - 8102,27,664,CO-1420-0664,Bear Creek High,'9-12,8102,CO-1420-8102,South Lakewood Elementary,'K-5,5.267521332,4.286192929,'No
0664 - 0951,28,664,CO-1420-0664,Bear Creek High,'9-12,951,CO-1420-0951,Blue Heron Elementary,'PK-5,5.494830411,4.069520203,'No
0664 - 2093,29,664,CO-1420-0664,Bear Creek High,'9-12,2093,CO-1420-2093,Dakota Ridge High,'9-12,5.524605256,4.257896213,'9-12
0664 - 1864,30,664,CO-1420-0664,Bear Creek High,'9-12,1864,CO-1420-1864,Columbine High,'9-12,5.586452222,4.198649488,'9-12
0664 - 5036,31,664,CO-1420-0664,Bear Creek High,'9-12,5036,CO-1420-5036,Leawood Elementary,'PK-5,5.586974428,4.283366906,'No
0664 - 8090,32,664,CO-1420-0664,Bear Creek High,'9-12,8090,CO-1420-8090,Deane Elementary,'PK-6,5.593610619,4.230820319,'No
0664 - 9008,33,664,CO-1420-0664,Bear Creek High,'9-12,9008,CO-1420-9008,Ute Meadows Elementary,'PK-5,5.596178195,5.077258653,'No
0664 - 7468,34,664,CO-1420-0664,Bear Creek High,'9-12,7468,CO-1420-7468,Rose Stein International Elementary,'PK-6,5.700025364,4.371640082,'No
0664 - 0965,35,664,CO-1420-0664,Bear Creek High,'9-12,965,CO-1420-0965,Brady Exploration School,'10-12,5.705409105,4.23833698,'10-12
0664 - 1001,36,664,CO-1420-0664,Bear Creek High,'9-12,1001,CO-1420-1001,Warren Tech South,'11-12,5.7078586,4.393737027,'11-12
0664 - 4942,37,664,CO-1420-0664,Bear Creek High,'9-12,4942,CO-1420-4942,Lakewood High,'9-12,5.761277098,4.796997611,'9-12
0664 - 2130,38,664,CO-1420-0664,Bear Creek High,'9-12,2130,CO-1420-2130,Deer Creek Middle,'6-8,5.808357986,4.946479703,'No
0664 - 7282,39,664,CO-1420-0664,Bear Creek High,'9-12,7282,CO-1420-7282,Red Rocks Elementary,'K-5,6.076072876,4.608627436,'No
0664 - 9234,40,664,CO-1420-0664,Bear Creek High,'9-12,9234,CO-1420-9234,Warren Tech Central,'11-12,6.103198317,4.430330409,'11-12
0664 - 1522,41,664,CO-1420-0664,Bear Creek High,'9-12,1522,CO-1420-1522,Chatfield High,'9-12,6.237102611,5.079886892,'9-12
0664 - 8280,42,664,CO-1420-0664,Bear Creek High,'9-12,8280,CO-1420-8280,Stony Creek Elementary,'PK-5,6.268679112,5.072620075,'No
0664 - 2550,43,664,CO-1420-0664,Bear Creek High,'9-12,2550,CO-1420-2550,Eiber Elementary,'PK-5,6.305640372,5.474406155,'No
0664 - 5623,44,664,CO-1420-0664,Bear Creek High,'9-12,5623,CO-1420-5623,Long View,'10-12,6.454528598,4.373010224,'10-12
0664 - 0033,45,664,CO-1420-0664,Bear Creek High,'9-12,33,CO-1420-0033,McLain Community High School,'9-12,6.600936496,4.469000545,'9-12
0664 - 2322,46,664,CO-1420-0664,Bear Creek High,'9-12,2322,CO-1420-2322,Dutch Creek Elementary,'PK-5,6.684805377,5.181860002,'No
0664 - 6286,47,664,CO-1420-0664,Bear Creek High,'9-12,6286,CO-1420-6286,Normandy Elementary,'PK-5,6.696771468,5.145984234,'No
0664 - 6133,48,664,CO-1420-0664,Bear Creek High,'9-12,6133,CO-1420-6133,Mortensen Elementary,'PK-5,6.711383486,6.006505751,'No
0664 - 6539,49,664,CO-1420-0664,Bear Creek High,'9-12,6539,CO-1420-6539,JeffCo Open Elementary,'PK-6,6.724904935,5.402632733,'No
0664 - 7780,50,664,CO-1420-0664,Bear Creek High,'9-12,7780,CO-1420-7780,Shaffer Elementary,'PK-5,6.779515232,6.001142046,'No
0664 - 1876,51,664,CO-1420-0664,Bear Creek High,'9-12,1876,CO-1420-1876,Coronado Elementary,'PK-5,6.929585565,5.972834014,'No
0664 - 9342,52,664,CO-1420-0664,Bear Creek High,'9-12,9342,CO-1420-9342,Welchester Elementary,'PK-5,7.022733311,5.43141379,'No
0664 - 2963,53,664,CO-1420-0664,Bear Creek High,'9-12,2963,CO-1420-2963,Falcon Bluffs Middle,'6-8,7.093235691,6.561946492,'No
0664 - 4548,54,664,CO-1420-0664,Bear Creek High,'9-12,4548,CO-1420-4548,Ken Caryl Middle,'6-8,7.171380355,5.692865954,'No
0664 - 4830,55,664,CO-1420-0664,Bear Creek High,'9-12,4830,CO-1420-4830,Kyffin Elementary,'PK-5,7.300320479,4.911841296,'No
0664 - 7962,56,664,CO-1420-0664,Bear Creek High,'9-12,7962,CO-1420-7962,Slater Elementary,'PK-5,7.364317087,6.504182893,'No
0664 - 8276,57,664,CO-1420-0664,Bear Creek High,'9-12,8276,CO-1420-8276,Stober Elementary,'K-5,7.847037489,6.55203316,'No
0664 - 1861,58,664,CO-1420-0664,Bear Creek High,'9-12,1861,CO-1420-1861,Columbine Hills Elementary,'PK-5,7.918521222,6.253710562,'No
0664 - 4422,59,664,CO-1420-0664,Bear Creek High,'9-12,4422,CO-1420-4422,Jefferson Junior/Senior High,'7-12,8.107588249,6.688082813,'9-12
0664 - 5354,60,664,CO-1420-0664,Bear Creek High,'9-12,5354,CO-1420-5354,Lumberg Elementary,'PK-6,8.14536591,6.63967359,'No
0664 - 9510,61,664,CO-1420-0664,Bear Creek High,'9-12,9510,CO-1420-9510,Wheat Ridge High,'9-12,8.198591446,7.334671692,'9-12
0664 - 0950,62,664,CO-1420-0664,Bear Creek High,'9-12,950,CO-1420-0950,Bradford K8 South,'K-4,8.254608005,6.628785953,'No
0664 - 0952,63,664,CO-1420-0664,Bear Creek High,'9-12,952,CO-1420-0952,Bradford K8 North,'5-8,8.368629002,5.990511439,'No
0664 - 2820,64,664,CO-1420-0664,Bear Creek High,'9-12,2820,CO-1420-2820,Everitt Middle,'6-8,8.504105093,7.770961515,'No
0664 - 3201,65,664,CO-1420-0664,Bear Creek High,'9-12,3201,CO-1420-3201,Free Horizon Montessori,'PK-8,8.530039818,6.249316767,'No
0664 - 7190,66,664,CO-1420-0664,Bear Creek High,'9-12,7190,CO-1420-7190,Prospect Valley Elementary,'K-5,8.5894942,7.378723715,'No
0664 - 2496,67,664,CO-1420-0664,Bear Creek High,'9-12,2496,CO-1420-2496,Edgewater Elementary,'PK-6,9.002069327,6.978653713,'No
0664 - 5472,68,664,CO-1420-0664,Bear Creek High,'9-12,5472,CO-1420-5472,Manning,'6-8,9.159625273,7.330550773,'No
0664 - 5524,69,664,CO-1420-0664,Bear Creek High,'9-12,5524,CO-1420-5524,Maple Grove Elementary,'PK-5,9.25011545,7.252155117,'No
0664 - 6285,70,664,CO-1420-0664,Bear Creek High,'9-12,6285,CO-1420-6285,Norma Anderson Early Learning Center,'PK,9.350166306,8.324329336,'No
0664 - 8223,71,664,CO-1420-0664,Bear Creek High,'9-12,8223,CO-1420-8223,Stevens Elementary,'PK-5,9.375489662,7.969809862,'No
0664 - 6848,72,664,CO-1420-0664,Bear Creek High,'9-12,6848,CO-1420-6848,Peak Expeditionary-Pennington,'PK-5,9.399712665,8.460564538,'No
0664 - 0694,73,664,CO-1420-0664,Bear Creek High,'9-12,694,CO-1420-0694,Bell Middle,'6-8,9.459302083,6.86511904,'No
0664 - 4798,74,664,CO-1420-0664,Bear Creek High,'9-12,4798,CO-1420-4798,Connections Learning Center,'6-8,9.508091337,7.132421689,'No
0664 - 8036,75,664,CO-1420-0664,Bear Creek High,'9-12,8036,CO-1420-8036,Sobesky Academy,'K-12,9.625852417,8.114377677,'9-12
0664 - 7833,76,664,CO-1420-0664,Bear Creek High,'9-12,7833,CO-1420-7833,Shelton Elementary,'PK-5,9.629686386,7.093078635,'No
,,,CO-1420-,,',,CO-1420-,,',,,#N/A
0694 - 4798,2,694,CO-1420-0694,Bell Middle,'6-8,4798,CO-1420-4798,Connections Learning Center,'6-8,0.564060782,0.270367778,'6-8
0694 - 3201,3,694,CO-1420-0694,Bell Middle,'6-8,3201,CO-1420-3201,Free Horizon Montessori,'PK-8,0.974387363,0.912872269,'6-8
0694 - 3502,4,694,CO-1420-0694,Bell Middle,'6-8,3502,CO-1420-3502,Golden High,'9-12,1.704503522,1.087544298,'No
0694 - 7833,5,694,CO-1420-0694,Bell Middle,'6-8,7833,CO-1420-7833,Shelton Elementary,'PK-5,2.00606519,1.273642279,'No
0694 - 4830,6,694,CO-1420-0694,Bell Middle,'6-8,4830,CO-1420-4830,Kyffin Elementary,'PK-5,3.050207753,2.162597048,'No
0694 - 9342,7,694,CO-1420-0694,Bell Middle,'6-8,9342,CO-1420-9342,Welchester Elementary,'PK-5,3.346362217,2.704558417,'No
0694 - 5944,8,694,CO-1420-0694,Bell Middle,'6-8,5944,CO-1420-5944,Mitchell Elementary,'K-5,3.609562116,2.775401404,'No
0694 - 9234,9,694,CO-1420-0694,Bell Middle,'6-8,9234,CO-1420-9234,Warren Tech Central,'11-12,3.918581825,2.756701125,'No
0694 - 0033,10,694,CO-1420-0694,Bell Middle,'6-8,33,CO-1420-0033,McLain Community High School,'9-12,4.057757046,2.646571856,'No
0694 - 8276,11,694,CO-1420-0694,Bell Middle,'6-8,8276,CO-1420-8276,Stober Elementary,'K-5,4.069609709,3.561974252,'No
0694 - 5623,12,694,CO-1420-0694,Bell Middle,'6-8,5623,CO-1420-5623,Long View,'10-12,4.13381605,2.690658033,'No
0694 - 5472,13,694,CO-1420-0694,Bell Middle,'6-8,5472,CO-1420-5472,Manning,'6-8,4.240862136,3.137465122,'6-8
0694 - 5524,14,694,CO-1420-0694,Bell Middle,'6-8,5524,CO-1420-5524,Maple Grove Elementary,'PK-5,4.277405893,3.098673098,'No
0694 - 7190,15,694,CO-1420-0694,Bell Middle,'6-8,7190,CO-1420-7190,Prospect Valley Elementary,'K-5,5.176994239,4.397048629,'No
0694 - 2550,16,694,CO-1420-0694,Bell Middle,'6-8,2550,CO-1420-2550,Eiber Elementary,'PK-5,5.238722212,4.813136887,'No
0694 - 5892,17,694,CO-1420-0694,Bell Middle,'6-8,5892,CO-1420-5892,Fletcher Miller Special,'PK-12,5.408553043,4.716207308,'6-8
0694 - 9432,18,694,CO-1420-0694,Bell Middle,'6-8,9432,CO-1420-9432,Dennison Elementary,'K-6,5.488879896,4.802872218,'6
0694 - 4942,19,694,CO-1420-0694,Bell Middle,'6-8,4942,CO-1420-4942,Lakewood High,'9-12,5.509045708,4.742968512,'No
0694 - 1976,20,694,CO-1420-0694,Bell Middle,'6-8,1976,CO-1420-1976,Creighton Middle,'6-8,5.786417108,4.83581288,'6-8
0694 - 7483,21,694,CO-1420-0694,Bell Middle,'6-8,7483,CO-1420-7483,Rooney Ranch Elementary,'K-5,5.810339927,4.480996281,'No
0694 - 3025,22,694,CO-1420-0694,Bell Middle,'6-8,3025,CO-1420-3025,Foothills Elementary,'PK-5,5.835093035,3.352405818,'No
0694 - 2866,23,694,CO-1420-0694,Bell Middle,'6-8,2866,CO-1420-2866,Fairmount Elementary,'K-5,5.953600688,3.870983795,'No
0694 - 7962,24,694,CO-1420-0694,Bell Middle,'6-8,7962,CO-1420-7962,Slater Elementary,'PK-5,6.155430373,5.536117016,'No
0694 - 9510,25,694,CO-1420-0694,Bell Middle,'6-8,9510,CO-1420-9510,Wheat Ridge High,'9-12,6.178350515,5.321880713,'No
0694 - 4190,26,694,CO-1420-0694,Bell Middle,'6-8,4190,CO-1420-4190,Hutchinson Elementary,'PK-5,6.246138065,4.453596808,'No
0694 - 2288,27,694,CO-1420-0694,Bell Middle,'6-8,2288,CO-1420-2288,Drake Middle,'6-8,6.254563239,4.882964963,'6-8
0694 - 2820,28,694,CO-1420-0694,Bell Middle,'6-8,2820,CO-1420-2820,Everitt Middle,'6-8,6.333725558,5.37240865,'6-8
0694 - 8102,29,694,CO-1420-0694,Bell Middle,'6-8,8102,CO-1420-8102,South Lakewood Elementary,'K-5,6.346468894,5.537124818,'No
0694 - 6285,30,694,CO-1420-0694,Bell Middle,'6-8,6285,CO-1420-6285,Norma Anderson Early Learning Center,'PK,6.359280649,5.160328795,'No
0694 - 7282,31,694,CO-1420-0694,Bell Middle,'6-8,7282,CO-1420-7282,Red Rocks Elementary,'K-5,6.499588975,5.262688556,'No
0694 - 3628,32,694,CO-1420-0694,Bell Middle,'6-8,3628,CO-1420-3628,Green Mountain High,'9-12,6.508427962,3.812261232,'No
0694 - 6539,33,694,CO-1420-0694,Bell Middle,'6-8,6539,CO-1420-6539,JeffCo Open Elementary,'PK-6,6.65582402,5.943853657,'6
0694 - 2194,34,694,CO-1420-0694,Bell Middle,'6-8,2194,CO-1420-2194,Devinny Elementary,'K-5,6.670483186,4.392416195,'No
0694 - 2300,35,694,CO-1420-0694,Bell Middle,'6-8,2300,CO-1420-2300,Dunstan Middle,'6-8,6.928022109,4.496347234,'6-8
0694 - 0724,36,694,CO-1420-0694,Bell Middle,'6-8,724,CO-1420-0724,Belmar School of Integrated Arts,'K-5,7.016596019,5.453988681,'No
0694 - 4422,37,694,CO-1420-0694,Bell Middle,'6-8,4422,CO-1420-4422,Jefferson Junior/Senior High,'7-12,7.18104911,6.606623658,'7-8
0694 - 5354,38,694,CO-1420-0694,Bell Middle,'6-8,5354,CO-1420-5354,Lumberg Elementary,'PK-6,7.222233598,6.708395886,'6
0694 - 6848,39,694,CO-1420-0694,Bell Middle,'6-8,6848,CO-1420-6848,Peak Expeditionary-Pennington,'PK-5,7.22933313,5.744053956,'No
0694 - 4550,40,694,CO-1420-0694,Bell Middle,'6-8,4550,CO-1420-4550,Kendrick Lakes Elementary,'PK-5,7.299391372,5.614357746,'No
0694 - 9058,41,694,CO-1420-0694,Bell Middle,'6-8,9058,CO-1420-9058,Vanderhoof Elementary,'K-5,7.534874228,6.06403176,'No
0694 - 7468,42,694,CO-1420-0694,Bell Middle,'6-8,7468,CO-1420-7468,Rose Stein International Elementary,'PK-6,7.546137718,6.483982463,'6
0694 - 6808,43,694,CO-1420-0694,Bell Middle,'6-8,6808,CO-1420-6808,Patterson Elementary,'PK-6,7.711029687,5.953730799,'6
0694 - 3216,44,694,CO-1420-0694,Bell Middle,'6-8,3216,CO-1420-3216,Fremont Elementary,'K-5,7.85460496,6.426982015,'No
0694 - 0378,45,694,CO-1420-0694,Bell Middle,'6-8,378,CO-1420-0378,Arvada West High,'9-12,7.87155516,6.418957579,'No
0694 - 9245,46,694,CO-1420-0694,Bell Middle,'6-8,9245,CO-1420-9245,Warren Tech North,'11-12,7.873815529,6.381140305,'No
0694 - 8223,47,694,CO-1420-0694,Bell Middle,'6-8,8223,CO-1420-8223,Stevens Elementary,'PK-5,7.949523362,6.847695544,'No
0694 - 1318,48,694,CO-1420-0694,Bell Middle,'6-8,1318,CO-1420-1318,Carmody Middle,'6-8,8.039248941,5.913984752,'6-8
0694 - 2496,49,694,CO-1420-0694,Bell Middle,'6-8,2496,CO-1420-2496,Edgewater Elementary,'PK-6,8.075530189,7.44703576,'6
0694 - 8300,50,694,CO-1420-0694,Bell Middle,'6-8,8300,CO-1420-8300,Stott Elementary,'PK-5,8.104269489,6.36841368,'No
0694 - 8036,51,694,CO-1420-0694,Bell Middle,'6-8,8036,CO-1420-8036,Sobesky Academy,'K-12,8.199886117,6.95678768,'6-8
0694 - 0108,52,694,CO-1420-0694,Bell Middle,'6-8,108,CO-1420-0108,Alameda Intl Junior/Senior High,'7-12,8.394933969,6.537646925,'7-8
0694 - 7238,53,694,CO-1420-0694,Bell Middle,'6-8,7238,CO-1420-7238,Ralston Elementary,'K-5,8.422959321,5.296659091,'No
0694 - 8090,54,694,CO-1420-0694,Bell Middle,'6-8,8090,CO-1420-8090,Deane Elementary,'PK-6,8.632893062,7.326530185,'6
0694 - 4549,55,694,CO-1420-0694,Bell Middle,'6-8,4549,CO-1420-4549,Kendallvue Elementary,'PK-5,8.646851762,7.442543669,'No
0694 - 3622,56,694,CO-1420-0694,Bell Middle,'6-8,3622,CO-1420-3622,Green Gables Elementary,'PK-5,8.672176968,6.551115121,'No
0694 - 1244,57,694,CO-1420-0694,Bell Middle,'6-8,1244,CO-1420-1244,Campbell Early Learning Center,'PK,8.700388793,7.00972571,'No
0694 - 5024,58,694,CO-1420-0694,Bell Middle,'6-8,5024,CO-1420-5024,Lawrence Elementary,'K-5,8.786840548,7.359001672,'No
0694 - 9429,59,694,CO-1420-0694,Bell Middle,'6-8,9429,CO-1420-9429,West Woods Elementary,'K-5,8.788399372,6.453944571,'No
0694 - 5004,60,694,CO-1420-0694,Bell Middle,'6-8,5004,CO-1420-5004,Lasley Elementary,'K-6,9.254548157,7.435106018,'6
0694 - 0965,61,694,CO-1420-0694,Bell Middle,'6-8,965,CO-1420-0965,Brady Exploration School,'10-12,9.396389897,7.812748023,'No
0694 - 3088,62,694,CO-1420-0694,Bell Middle,'6-8,3088,CO-1420-3088,Foster Dual Language PK-8 School,'PK-8,9.406175506,7.566596798,'6-8
0694 - 0660,63,694,CO-1420-0694,Bell Middle,'6-8,660,CO-1420-0660,Bear Creek K-8,'K-8,9.434452806,6.996401846,'6-8
0694 - 9412,64,694,CO-1420-0694,Bell Middle,'6-8,9412,CO-1420-9412,Westgate Elementary,'PK-5,9.447459688,7.033696418,'No
0694 - 0664,65,694,CO-1420-0694,Bell Middle,'6-8,664,CO-1420-0664,Bear Creek High,'9-12,9.459302083,6.86511904,'No
0694 - 6470,66,694,CO-1420-0694,Bell Middle,'6-8,6470,CO-1420-6470,Oberon Middle,'6-8,9.595622088,7.784188835,'6-8
0694 - 9052,67,694,CO-1420-0694,Bell Middle,'6-8,9052,CO-1420-9052,Van Arsdale Elementary,'PK-5,9.693151615,7.356763175,'No
,,,CO-1420-,,',,CO-1420-,,',,,#N/A
0724 - 6808,2,724,CO-1420-0724,Belmar School of Integrated Arts,'K-5,6808,CO-1420-6808,Patterson Elementary,'PK-6,0.926268494,0.603399429,'K-5
0724 - 4550,3,724,CO-1420-0724,Belmar School of Integrated Arts,'K-5,4550,CO-1420-4550,Kendrick Lakes Elementary,'PK-5,0.941567832,0.659431172,'K-5
0724 - 1976,4,724,CO-1420-0724,Belmar School of Integrated Arts,'K-5,1976,CO-1420-1976,Creighton Middle,'6-8,1.600993467,1.131183226,'No
0724 - 0108,5,724,CO-1420-0724,Belmar School of Integrated Arts,'K-5,108,CO-1420-0108,Alameda Intl Junior/Senior High,'7-12,1.610172776,1.093179361,'No
0724 - 8102,6,724,CO-1420-0724,Belmar School of Integrated Arts,'K-5,8102,CO-1420-8102,South Lakewood Elementary,'K-5,1.632901021,1.273355707,'K-5
0724 - 5892,7,724,CO-1420-0724,Belmar School of Integrated Arts,'K-5,5892,CO-1420-5892,Fletcher Miller Special,'PK-12,1.807626175,1.290977641,'K-5
0724 - 3622,8,724,CO-1420-0724,Belmar School of Integrated Arts,'K-5,3622,CO-1420-3622,Green Gables Elementary,'PK-5,1.916491969,1.607021069,'K-5
0724 - 9432,9,724,CO-1420-0724,Belmar School of Integrated Arts,'K-5,9432,CO-1420-9432,Dennison Elementary,'K-6,1.964577383,1.38095218,'K-5
0724 - 1318,10,724,CO-1420-0724,Belmar School of Integrated Arts,'K-5,1318,CO-1420-1318,Carmody Middle,'6-8,2.121382163,1.56358748,'No
0724 - 4942,11,724,CO-1420-0724,Belmar School of Integrated Arts,'K-5,4942,CO-1420-4942,Lakewood High,'9-12,2.211947345,1.820938095,'No
0724 - 7468,12,724,CO-1420-0724,Belmar School of Integrated Arts,'K-5,7468,CO-1420-7468,Rose Stein International Elementary,'PK-6,2.394641736,1.677021572,'K-5
0724 - 5004,13,724,CO-1420-0724,Belmar School of Integrated Arts,'K-5,5004,CO-1420-5004,Lasley Elementary,'K-6,2.506960106,1.983217336,'K-5
0724 - 9412,14,724,CO-1420-0724,Belmar School of Integrated Arts,'K-5,9412,CO-1420-9412,Westgate Elementary,'PK-5,2.691774689,2.288286627,'K-5
0724 - 2550,15,724,CO-1420-0724,Belmar School of Integrated Arts,'K-5,2550,CO-1420-2550,Eiber Elementary,'PK-5,2.739629311,2.482751268,'K-5
0724 - 2194,16,724,CO-1420-0724,Belmar School of Integrated Arts,'K-5,2194,CO-1420-2194,Devinny Elementary,'K-5,2.944756317,2.311026436,'K-5
0724 - 8090,17,724,CO-1420-0724,Belmar School of Integrated Arts,'K-5,8090,CO-1420-8090,Deane Elementary,'PK-6,2.993053744,2.128125048,'K-5
0724 - 3025,18,724,CO-1420-0724,Belmar School of Integrated Arts,'K-5,3025,CO-1420-3025,Foothills Elementary,'PK-5,3.006918301,2.387925528,'K-5
0724 - 2300,19,724,CO-1420-0724,Belmar School of Integrated Arts,'K-5,2300,CO-1420-2300,Dunstan Middle,'6-8,3.053129051,2.322697439,'No
0724 - 6539,20,724,CO-1420-0724,Belmar School of Integrated Arts,'K-5,6539,CO-1420-6539,JeffCo Open Elementary,'PK-6,3.090284624,2.411174758,'K-5
0724 - 3628,21,724,CO-1420-0724,Belmar School of Integrated Arts,'K-5,3628,CO-1420-3628,Green Mountain High,'9-12,3.206952048,2.387389859,'No
0724 - 0965,22,724,CO-1420-0724,Belmar School of Integrated Arts,'K-5,965,CO-1420-0965,Brady Exploration School,'10-12,3.289183811,2.506379131,'No
0724 - 4190,23,724,CO-1420-0724,Belmar School of Integrated Arts,'K-5,4190,CO-1420-4190,Hutchinson Elementary,'PK-5,3.527640397,2.748448558,'K-5
0724 - 0660,24,724,CO-1420-0724,Belmar School of Integrated Arts,'K-5,660,CO-1420-0660,Bear Creek K-8,'K-8,3.726353096,2.860124507,'K-5
0724 - 7962,25,724,CO-1420-0724,Belmar School of Integrated Arts,'K-5,7962,CO-1420-7962,Slater Elementary,'PK-5,3.729696776,3.475411484,'K-5
0724 - 0664,26,724,CO-1420-0724,Belmar School of Integrated Arts,'K-5,664,CO-1420-0664,Bear Creek High,'9-12,3.751202372,3.030685232,'No
0724 - 9234,27,724,CO-1420-0724,Belmar School of Integrated Arts,'K-5,9234,CO-1420-9234,Warren Tech Central,'11-12,3.827864874,2.706793298,'No
0724 - 7483,28,724,CO-1420-0724,Belmar School of Integrated Arts,'K-5,7483,CO-1420-7483,Rooney Ranch Elementary,'K-5,4.048106896,3.135172269,'K-5
0724 - 5623,29,724,CO-1420-0724,Belmar School of Integrated Arts,'K-5,5623,CO-1420-5623,Long View,'10-12,4.179195155,2.81309994,'No
0724 - 0033,30,724,CO-1420-0724,Belmar School of Integrated Arts,'K-5,33,CO-1420-0033,McLain Community High School,'9-12,4.325603053,2.83007531,'No
0724 - 9342,31,724,CO-1420-0724,Belmar School of Integrated Arts,'K-5,9342,CO-1420-9342,Welchester Elementary,'PK-5,4.518954975,3.130648538,'K-5
0724 - 4422,32,724,CO-1420-0724,Belmar School of Integrated Arts,'K-5,4422,CO-1420-4422,Jefferson Junior/Senior High,'7-12,4.699926015,3.711063209,'No
0724 - 5354,33,724,CO-1420-0724,Belmar School of Integrated Arts,'K-5,5354,CO-1420-5354,Lumberg Elementary,'PK-6,4.737703676,3.680332812,'K-5
0724 - 4830,34,724,CO-1420-0724,Belmar School of Integrated Arts,'K-5,4830,CO-1420-4830,Kyffin Elementary,'PK-5,4.926189202,3.300567415,'K-5
0724 - 9510,35,724,CO-1420-0724,Belmar School of Integrated Arts,'K-5,9510,CO-1420-9510,Wheat Ridge High,'9-12,5.104671768,4.336593023,'No
0724 - 8276,36,724,CO-1420-0724,Belmar School of Integrated Arts,'K-5,8276,CO-1420-8276,Stober Elementary,'K-5,5.250708077,3.835507009,'K-5
0724 - 2120,37,724,CO-1420-0724,Belmar School of Integrated Arts,'K-5,2120,CO-1420-2120,D'Evelyn Junior/Senior,'6-12,5.265073475,4.063955567,'No
0724 - 2820,38,724,CO-1420-0724,Belmar School of Integrated Arts,'K-5,2820,CO-1420-2820,Everitt Middle,'6-8,5.410185415,4.786166607,'No
0724 - 7190,39,724,CO-1420-0724,Belmar School of Integrated Arts,'K-5,7190,CO-1420-7190,Prospect Valley Elementary,'K-5,5.534194299,4.510829201,'K-5
0724 - 2496,40,724,CO-1420-0724,Belmar School of Integrated Arts,'K-5,2496,CO-1420-2496,Edgewater Elementary,'PK-6,5.594407094,4.120949053,'K-5
0724 - 8223,41,724,CO-1420-0724,Belmar School of Integrated Arts,'K-5,8223,CO-1420-8223,Stevens Elementary,'PK-5,5.867816141,4.951279426,'K-5
0724 - 3201,42,724,CO-1420-0724,Belmar School of Integrated Arts,'K-5,3201,CO-1420-3201,Free Horizon Montessori,'PK-8,6.087333754,4.602817039,'K-5
0724 - 8036,43,724,CO-1420-0724,Belmar School of Integrated Arts,'K-5,8036,CO-1420-8036,Sobesky Academy,'K-12,6.118178896,5.097014991,'K-5
0724 - 6285,44,724,CO-1420-0724,Belmar School of Integrated Arts,'K-5,6285,CO-1420-6285,Norma Anderson Early Learning Center,'PK,6.256246628,5.398502982,'No
0724 - 6848,45,724,CO-1420-0724,Belmar School of Integrated Arts,'K-5,6848,CO-1420-6848,Peak Expeditionary-Pennington,'PK-5,6.305792987,5.474200479,'K-5
0724 - 5472,46,724,CO-1420-0724,Belmar School of Integrated Arts,'K-5,5472,CO-1420-5472,Manning,'6-8,6.563295861,4.761351821,'No
0724 - 5524,47,724,CO-1420-0724,Belmar School of Integrated Arts,'K-5,5524,CO-1420-5524,Maple Grove Elementary,'PK-5,6.653786038,4.689288566,'K-5
0724 - 3536,48,724,CO-1420-0724,Belmar School of Integrated Arts,'K-5,3536,CO-1420-3536,Governor's Ranch Elementary,'PK-5,6.804178472,5.610043728,'K-5
0724 - 0694,49,724,CO-1420-0724,Belmar School of Integrated Arts,'K-5,694,CO-1420-0694,Bell Middle,'6-8,7.016596019,5.453988681,'No
0724 - 9490,50,724,CO-1420-0724,Belmar School of Integrated Arts,'K-5,9490,CO-1420-9490,Westridge Elementary,'K-5,7.312241538,6.140419309,'K-5
0724 - 4549,51,724,CO-1420-0724,Belmar School of Integrated Arts,'K-5,4549,CO-1420-4549,Kendallvue Elementary,'PK-5,7.367506402,5.570119322,'K-5
0724 - 4798,52,724,CO-1420-0724,Belmar School of Integrated Arts,'K-5,4798,CO-1420-4798,Connections Learning Center,'6-8,7.510980885,5.713717816,'No
0724 - 7282,53,724,CO-1420-0724,Belmar School of Integrated Arts,'K-5,7282,CO-1420-7282,Red Rocks Elementary,'K-5,7.580402692,5.952267584,'K-5
0724 - 3088,54,724,CO-1420-0724,Belmar School of Integrated Arts,'K-5,3088,CO-1420-3088,Foster Dual Language PK-8 School,'PK-8,7.727133316,6.450266042,'K-5
0724 - 5024,55,724,CO-1420-0724,Belmar School of Integrated Arts,'K-5,5024,CO-1420-5024,Lawrence Elementary,'K-5,7.794732989,6.723584501,'K-5
0724 - 7833,56,724,CO-1420-0724,Belmar School of Integrated Arts,'K-5,7833,CO-1420-7833,Shelton Elementary,'PK-5,8.020872302,6.197267457,'K-5
0724 - 9058,57,724,CO-1420-0724,Belmar School of Integrated Arts,'K-5,9058,CO-1420-9058,Vanderhoof Elementary,'K-5,8.250552364,7.137857967,'K-5
0724 - 3502,58,724,CO-1420-0724,Belmar School of Integrated Arts,'K-5,3502,CO-1420-3502,Golden High,'9-12,8.276879875,6.504820316,'No
0724 - 2288,59,724,CO-1420-0724,Belmar School of Integrated Arts,'K-5,2288,CO-1420-2288,Drake Middle,'6-8,8.299483726,6.480709128,'No
0724 - 6135,60,724,CO-1420-0724,Belmar School of Integrated Arts,'K-5,6135,CO-1420-6135,Mt. Carbon Elementary,'PK-5,8.44157068,6.443198011,'K-5
0724 - 8381,61,724,CO-1420-0724,Belmar School of Integrated Arts,'K-5,8381,CO-1420-8381,Summit Ridge Middle,'6-8,8.451433557,6.989659017,'No
0724 - 0951,62,724,CO-1420-0724,Belmar School of Integrated Arts,'K-5,951,CO-1420-0951,Blue Heron Elementary,'PK-5,8.502889826,6.480215183,'K-5
0724 - 9245,63,724,CO-1420-0724,Belmar School of Integrated Arts,'K-5,9245,CO-1420-9245,Warren Tech North,'11-12,8.606176602,7.504864409,'No
0724 - 7128,64,724,CO-1420-0724,Belmar School of Integrated Arts,'K-5,7128,CO-1420-7128,Powderhorn Elementary,'PK-5,8.625568951,7.029572293,'K-5
0724 - 1864,65,724,CO-1420-0724,Belmar School of Integrated Arts,'K-5,1864,CO-1420-1864,Columbine High,'9-12,8.689501253,6.874090401,'No
0724 - 5036,66,724,CO-1420-0724,Belmar School of Integrated Arts,'K-5,5036,CO-1420-5036,Leawood Elementary,'PK-5,8.690023458,6.819885919,'K-5
0724 - 0378,67,724,CO-1420-0724,Belmar School of Integrated Arts,'K-5,378,CO-1420-0378,Arvada West High,'9-12,8.74769287,7.605352596,'No
0724 - 1244,68,724,CO-1420-0724,Belmar School of Integrated Arts,'K-5,1244,CO-1420-1244,Campbell Early Learning Center,'PK,8.783521909,7.932558786,'No
0724 - 7708,69,724,CO-1420-0724,Belmar School of Integrated Arts,'K-5,7708,CO-1420-7708,Secrest Elementary,'PK-5,8.844543497,7.855381784,'K-5
0724 - 0370,70,724,CO-1420-0724,Belmar School of Integrated Arts,'K-5,370,CO-1420-0370,Arvada High,'9-12,8.958281765,7.911774953,'No
0724 - 2093,71,724,CO-1420-0724,Belmar School of Integrated Arts,'K-5,2093,CO-1420-2093,Dakota Ridge High,'9-12,9.039955712,7.177833844,'No
0724 - 9008,72,724,CO-1420-0724,Belmar School of Integrated Arts,'K-5,9008,CO-1420-9008,Ute Meadows Elementary,'PK-5,9.1129879,8.106078998,'K-5
0724 - 3216,73,724,CO-1420-0724,Belmar School of Integrated Arts,'K-5,3216,CO-1420-3216,Fremont Elementary,'K-5,9.19022586,7.852102033,'K-5
0724 - 1001,74,724,CO-1420-0724,Belmar School of Integrated Arts,'K-5,1001,CO-1420-1001,Warren Tech South,'11-12,9.223209056,7.333625133,'No
0724 - 2130,75,724,CO-1420-0724,Belmar School of Integrated Arts,'K-5,2130,CO-1420-2130,Deer Creek Middle,'6-8,9.325167691,7.917897736,'No
0724 - 8280,76,724,CO-1420-0724,Belmar School of Integrated Arts,'K-5,8280,CO-1420-8280,Stony Creek Elementary,'PK-5,9.466255289,8.020280775,'K-5
0724 - 8432,77,724,CO-1420-0724,Belmar School of Integrated Arts,'K-5,8432,CO-1420-8432,Swanson Elementary,'K-5,9.671359682,8.431468898,'K-5
0724 - 1522,78,724,CO-1420-0724,Belmar School of Integrated Arts,'K-5,1522,CO-1420-1522,Chatfield High,'9-12,9.753912316,8.106157817,'No
0724 - 2322,79,724,CO-1420-0724,Belmar School of Integrated Arts,'K-5,2322,CO-1420-2322,Dutch Creek Elementary,'PK-5,9.788018673,7.972767805,'K-5
0724 - 6286,80,724,CO-1420-0724,Belmar School of Integrated Arts,'K-5,6286,CO-1420-6286,Normandy Elementary,'PK-5,9.799820499,7.769695325,'K-5
0724 - 2866,81,724,CO-1420-0724,Belmar School of Integrated Arts,'K-5,2866,CO-1420-2866,Fairmount Elementary,'K-5,9.896202661,7.199499371,'K-5
0724 - 8300,82,724,CO-1420-0724,Belmar School of Integrated Arts,'K-5,8300,CO-1420-8300,Stott Elementary,'PK-5,9.950252978,8.207322092,'K-5
,,,CO-1420-,,',,CO-1420-,,',,,#N/A
0779 - 2832,2,779,CO-1420-0779,Bergen Elementary,'PK-5,2832,CO-1420-2832,Evergreen Middle,'6-8,1.945870404,1.179117671,'No
0779 - 7238,3,779,CO-1420-0779,Bergen Elementary,'PK-5,7238,CO-1420-7238,Ralston Elementary,'K-5,5.711576798,3.511606526,'K-5
0779 - 2836,4,779,CO-1420-0779,Bergen Elementary,'PK-5,2836,CO-1420-2836,Evergreen High,'9-12,7.241166986,4.97609841,'No
0779 - 9648,5,779,CO-1420-0779,Bergen Elementary,'PK-5,9648,CO-1420-9648,Wilmot Elementary,'PK-5,7.552556471,4.922403762,'PK-5
0779 - 6804,6,779,CO-1420-0779,Bergen Elementary,'PK-5,6804,CO-1420-6804,Parmalee Elementary,'K-5,9.438581103,5.671505507,'K-5
,,,CO-1420-,,',,CO-1420-,,',,,#N/A
0950 - 0952,2,950,CO-1420-0950,Bradford K8 South,'K-4,952,CO-1420-0952,Bradford K8 North,'5-8,1.346495213,0.915729647,'No
0950 - 1522,3,950,CO-1420-0950,Bradford K8 South,'K-4,1522,CO-1420-1522,Chatfield High,'9-12,2.648580014,1.917712379,'No
0950 - 9008,4,950,CO-1420-0950,Bradford K8 South,'K-4,9008,CO-1420-9008,Ute Meadows Elementary,'PK-5,2.698854768,2.35980908,'K-4
0950 - 7780,5,950,CO-1420-0950,Bradford K8 South,'K-4,7780,CO-1420-7780,Shaffer Elementary,'PK-5,3.402596029,2.565081479,'K-4
0950 - 6133,6,950,CO-1420-0950,Bradford K8 South,'K-4,6133,CO-1420-6133,Mortensen Elementary,'PK-5,3.694191024,2.887090662,'K-4
0950 - 8381,7,950,CO-1420-0950,Bradford K8 South,'K-4,8381,CO-1420-8381,Summit Ridge Middle,'6-8,3.946602687,2.756384431,'No
0950 - 7128,8,950,CO-1420-0950,Bradford K8 South,'K-4,7128,CO-1420-7128,Powderhorn Elementary,'PK-5,4.076489634,2.659997761,'K-4
0950 - 2130,9,950,CO-1420-0950,Bradford K8 South,'K-4,2130,CO-1420-2130,Deer Creek Middle,'6-8,4.158224431,3.365518857,'No
0950 - 8280,10,950,CO-1420-0950,Bradford K8 South,'K-4,8280,CO-1420-8280,Stony Creek Elementary,'PK-5,4.163807959,3.560503621,'K-4
0950 - 2963,11,950,CO-1420-0950,Bradford K8 South,'K-4,2963,CO-1420-2963,Falcon Bluffs Middle,'6-8,4.198715883,3.2199404,'No
0950 - 2093,12,950,CO-1420-0950,Bradford K8 South,'K-4,2093,CO-1420-2093,Dakota Ridge High,'9-12,4.233883959,2.419471986,'No
0950 - 1001,13,950,CO-1420-0950,Bradford K8 South,'K-4,1001,CO-1420-1001,Warren Tech South,'11-12,4.4715282,2.254809713,'No
0950 - 6135,14,950,CO-1420-0950,Bradford K8 South,'K-4,6135,CO-1420-6135,Mt. Carbon Elementary,'PK-5,4.649465161,3.144323095,'K-4
0950 - 1876,15,950,CO-1420-0950,Bradford K8 South,'K-4,1876,CO-1420-1876,Coronado Elementary,'PK-5,4.701353755,3.81316292,'K-4
0950 - 9490,16,950,CO-1420-0950,Bradford K8 South,'K-4,9490,CO-1420-9490,Westridge Elementary,'K-5,5.020138991,3.750431838,'K-4
0950 - 4548,17,950,CO-1420-0950,Bradford K8 South,'K-4,4548,CO-1420-4548,Ken Caryl Middle,'6-8,5.382218006,4.955420551,'No
0950 - 2322,18,950,CO-1420-0950,Bradford K8 South,'K-4,2322,CO-1420-2322,Dutch Creek Elementary,'PK-5,5.417383106,4.611901941,'K-4
0950 - 4549,19,950,CO-1420-0950,Bradford K8 South,'K-4,4549,CO-1420-4549,Kendallvue Elementary,'PK-5,5.595901836,4.180312985,'K-4
0950 - 1861,20,950,CO-1420-0950,Bradford K8 South,'K-4,1861,CO-1420-1861,Columbine Hills Elementary,'PK-5,5.932579332,5.36556332,'K-4
0950 - 3536,21,950,CO-1420-0950,Bradford K8 South,'K-4,3536,CO-1420-3536,Governor's Ranch Elementary,'PK-5,5.978440667,4.777635303,'K-4
0950 - 6286,22,950,CO-1420-0950,Bradford K8 South,'K-4,6286,CO-1420-6286,Normandy Elementary,'PK-5,6.293353285,5.394528291,'K-4
0950 - 1864,23,950,CO-1420-0950,Bradford K8 South,'K-4,1864,CO-1420-1864,Columbine High,'9-12,6.617571408,5.199924515,'No
0950 - 5036,24,950,CO-1420-0950,Bradford K8 South,'K-4,5036,CO-1420-5036,Leawood Elementary,'PK-5,6.961453275,5.68306602,'K-4
0950 - 2120,25,950,CO-1420-0950,Bradford K8 South,'K-4,2120,CO-1420-2120,D'Evelyn Junior/Senior,'6-12,7.318669897,5.616653573,'No
0950 - 0951,26,950,CO-1420-0950,Bradford K8 South,'K-4,951,CO-1420-0951,Blue Heron Elementary,'PK-5,7.969918799,6.062949198,'K-4
0950 - 7282,27,950,CO-1420-0950,Bradford K8 South,'K-4,7282,CO-1420-7282,Red Rocks Elementary,'K-5,8.191006168,6.241949011,'K-4
0950 - 0664,28,950,CO-1420-0950,Bradford K8 South,'K-4,664,CO-1420-0664,Bear Creek High,'9-12,8.254608005,6.628785953,'No
0950 - 0660,29,950,CO-1420-0950,Bradford K8 South,'K-4,660,CO-1420-0660,Bear Creek K-8,'K-8,8.784100819,6.897162716,'K-4
0950 - 9412,30,950,CO-1420-0950,Bradford K8 South,'K-4,9412,CO-1420-9412,Westgate Elementary,'PK-5,9.712026203,7.729393599,'K-4
0950 - 1318,31,950,CO-1420-0950,Bradford K8 South,'K-4,1318,CO-1420-1318,Carmody Middle,'6-8,9.806715009,8.032206222,'No
,,,CO-1420-,,',,CO-1420-,,',,,#N/A
0951 - 5036,2,951,CO-1420-0951,Blue Heron Elementary,'PK-5,5036,CO-1420-5036,Leawood Elementary,'PK-5,1.163932342,0.471610884,'PK-5
0951 - 1864,3,951,CO-1420-0951,Blue Heron Elementary,'PK-5,1864,CO-1420-1864,Columbine High,'9-12,1.748388133,0.890245468,'No
0951 - 3536,4,951,CO-1420-0951,Blue Heron Elementary,'PK-5,3536,CO-1420-3536,Governor's Ranch Elementary,'PK-5,2.709700512,2.056293609,'PK-5
0951 - 6286,5,951,CO-1420-0951,Blue Heron Elementary,'PK-5,6286,CO-1420-6286,Normandy Elementary,'PK-5,2.809079442,1.397165253,'PK-5
0951 - 2322,6,951,CO-1420-0951,Blue Heron Elementary,'PK-5,2322,CO-1420-2322,Dutch Creek Elementary,'PK-5,3.164231829,1.945595217,'PK-5
0951 - 4548,7,951,CO-1420-0951,Blue Heron Elementary,'PK-5,4548,CO-1420-4548,Ken Caryl Middle,'6-8,3.283688329,2.171058141,'No
0951 - 9490,8,951,CO-1420-0951,Blue Heron Elementary,'PK-5,9490,CO-1420-9490,Westridge Elementary,'K-5,3.860979609,3.019590291,'K-5
0951 - 8280,9,951,CO-1420-0951,Blue Heron Elementary,'PK-5,8280,CO-1420-8280,Stony Creek Elementary,'PK-5,4.174937841,2.686280466,'PK-5
0951 - 1861,10,951,CO-1420-0951,Blue Heron Elementary,'PK-5,1861,CO-1420-1861,Columbine Hills Elementary,'PK-5,4.191318995,2.54020513,'PK-5
0951 - 2130,11,951,CO-1420-0951,Blue Heron Elementary,'PK-5,2130,CO-1420-2130,Deer Creek Middle,'6-8,4.41086492,2.794713331,'No
0951 - 1876,12,951,CO-1420-0951,Blue Heron Elementary,'PK-5,1876,CO-1420-1876,Coronado Elementary,'PK-5,4.709219382,3.127785958,'PK-5
0951 - 2120,13,951,CO-1420-0951,Blue Heron Elementary,'PK-5,2120,CO-1420-2120,D'Evelyn Junior/Senior,'6-12,4.738054003,3.540528504,'No
0951 - 8381,14,951,CO-1420-0951,Blue Heron Elementary,'PK-5,8381,CO-1420-8381,Summit Ridge Middle,'6-8,4.83258243,3.75787952,'No
0951 - 7128,15,951,CO-1420-0951,Blue Heron Elementary,'PK-5,7128,CO-1420-7128,Powderhorn Elementary,'PK-5,5.006717824,3.925769578,'PK-5
0951 - 9008,16,951,CO-1420-0951,Blue Heron Elementary,'PK-5,9008,CO-1420-9008,Ute Meadows Elementary,'PK-5,5.311488989,3.710755055,'PK-5
0951 - 6135,17,951,CO-1420-0951,Blue Heron Elementary,'PK-5,6135,CO-1420-6135,Mt. Carbon Elementary,'PK-5,5.404130198,4.257083537,'PK-5
0951 - 0664,18,951,CO-1420-0951,Blue Heron Elementary,'PK-5,664,CO-1420-0664,Bear Creek High,'9-12,5.494830411,4.069520203,'No
0951 - 6133,19,951,CO-1420-0951,Blue Heron Elementary,'PK-5,6133,CO-1420-6133,Mortensen Elementary,'PK-5,5.64017129,3.76229312,'PK-5
0951 - 2093,20,951,CO-1420-0951,Blue Heron Elementary,'PK-5,2093,CO-1420-2093,Dakota Ridge High,'9-12,5.739964124,4.725020198,'No
0951 - 2963,21,951,CO-1420-0951,Blue Heron Elementary,'PK-5,2963,CO-1420-2963,Falcon Bluffs Middle,'6-8,5.774204321,4.02686418,'No
0951 - 4549,22,951,CO-1420-0951,Blue Heron Elementary,'PK-5,4549,CO-1420-4549,Kendallvue Elementary,'PK-5,5.847422032,4.937288744,'PK-5
0951 - 1001,23,951,CO-1420-0951,Blue Heron Elementary,'PK-5,1001,CO-1420-1001,Warren Tech South,'11-12,5.856975158,4.682354388,'No
0951 - 0660,24,951,CO-1420-0951,Blue Heron Elementary,'PK-5,660,CO-1420-0660,Bear Creek K-8,'K-8,5.857246164,3.971401145,'K-5
0951 - 7780,25,951,CO-1420-0951,Blue Heron Elementary,'PK-5,7780,CO-1420-7780,Shaffer Elementary,'PK-5,5.945679334,3.974378883,'PK-5
0951 - 1522,26,951,CO-1420-0951,Blue Heron Elementary,'PK-5,1522,CO-1420-1522,Chatfield High,'9-12,5.952413405,4.161371853,'No
0951 - 9412,27,951,CO-1420-0951,Blue Heron Elementary,'PK-5,9412,CO-1420-9412,Westgate Elementary,'PK-5,6.020401073,4.218735002,'PK-5
0951 - 3622,28,951,CO-1420-0951,Blue Heron Elementary,'PK-5,3622,CO-1420-3622,Green Gables Elementary,'PK-5,6.600829775,4.882660091,'PK-5
0951 - 1318,29,951,CO-1420-0951,Blue Heron Elementary,'PK-5,1318,CO-1420-1318,Carmody Middle,'6-8,7.046937414,5.241547818,'No
0951 - 0108,30,951,CO-1420-0951,Blue Heron Elementary,'PK-5,108,CO-1420-0108,Alameda Intl Junior/Senior High,'7-12,7.148344998,5.674622781,'No
0951 - 5004,31,951,CO-1420-0951,Blue Heron Elementary,'PK-5,5004,CO-1420-5004,Lasley Elementary,'K-6,7.646761034,5.439147087,'K-5
0951 - 6808,32,951,CO-1420-0951,Blue Heron Elementary,'PK-5,6808,CO-1420-6808,Patterson Elementary,'PK-6,7.72354082,5.890436074,'PK-5
0951 - 0950,33,951,CO-1420-0951,Blue Heron Elementary,'PK-5,950,CO-1420-0950,Bradford K8 South,'K-4,7.969918799,6.062949198,'K-4
0951 - 0965,34,951,CO-1420-0951,Blue Heron Elementary,'PK-5,965,CO-1420-0965,Brady Exploration School,'10-12,8.045617895,6.151334528,'No
0951 - 4550,35,951,CO-1420-0951,Blue Heron Elementary,'PK-5,4550,CO-1420-4550,Kendrick Lakes Elementary,'PK-5,8.098976568,5.930093654,'PK-5
0951 - 2300,36,951,CO-1420-0951,Blue Heron Elementary,'PK-5,2300,CO-1420-2300,Dunstan Middle,'6-8,8.286898605,6.439101198,'No
0951 - 0952,37,951,CO-1420-0951,Blue Heron Elementary,'PK-5,952,CO-1420-0952,Bradford K8 North,'5-8,8.371829755,5.971879293,'5
0951 - 2194,38,951,CO-1420-0951,Blue Heron Elementary,'PK-5,2194,CO-1420-2194,Devinny Elementary,'K-5,8.422812255,6.544462215,'K-5
0951 - 0724,39,951,CO-1420-0951,Blue Heron Elementary,'PK-5,724,CO-1420-0724,Belmar School of Integrated Arts,'K-5,8.502889826,6.480215183,'K-5
0951 - 4190,40,951,CO-1420-0951,Blue Heron Elementary,'PK-5,4190,CO-1420-4190,Hutchinson Elementary,'PK-5,8.566180058,6.500490501,'PK-5
0951 - 8090,41,951,CO-1420-0951,Blue Heron Elementary,'PK-5,8090,CO-1420-8090,Deane Elementary,'PK-6,8.731424715,6.487100295,'PK-5
0951 - 7483,42,951,CO-1420-0951,Blue Heron Elementary,'PK-5,7483,CO-1420-7483,Rooney Ranch Elementary,'K-5,8.771039038,6.549748986,'K-5
0951 - 7468,43,951,CO-1420-0951,Blue Heron Elementary,'PK-5,7468,CO-1420-7468,Rose Stein International Elementary,'PK-6,8.929881982,7.132660845,'PK-5
0951 - 7282,44,951,CO-1420-0951,Blue Heron Elementary,'PK-5,7282,CO-1420-7282,Red Rocks Elementary,'K-5,8.966957748,7.819269669,'K-5
0951 - 3628,45,951,CO-1420-0951,Blue Heron Elementary,'PK-5,3628,CO-1420-3628,Green Mountain High,'9-12,9.09922925,7.135525346,'No
0951 - 8102,46,951,CO-1420-0951,Blue Heron Elementary,'PK-5,8102,CO-1420-8102,South Lakewood Elementary,'K-5,9.308178063,7.504911142,'K-5
0951 - 3025,47,951,CO-1420-0951,Blue Heron Elementary,'PK-5,3025,CO-1420-3025,Foothills Elementary,'PK-5,9.502802807,7.664127331,'PK-5
0951 - 1976,48,951,CO-1420-0951,Blue Heron Elementary,'PK-5,1976,CO-1420-1976,Creighton Middle,'6-8,9.864167145,7.608688332,'No
0951 - 5892,49,951,CO-1420-0951,Blue Heron Elementary,'PK-5,5892,CO-1420-5892,Fletcher Miller Special,'PK-12,9.91358991,7.770584169,'PK-5
,,,CO-1420-,,',,CO-1420-,,',,,#N/A
0952 - 0950,2,952,CO-1420-0952,Bradford K8 North,'5-8,950,CO-1420-0950,Bradford K8 South,'K-4,1.346495213,0.915729647,'No
0952 - 1522,3,952,CO-1420-0952,Bradford K8 North,'5-8,1522,CO-1420-1522,Chatfield High,'9-12,3.05049097,1.88069572,'No
0952 - 9008,4,952,CO-1420-0952,Bradford K8 North,'5-8,9008,CO-1420-9008,Ute Meadows Elementary,'PK-5,3.100765723,2.433717102,'5
0952 - 7780,5,952,CO-1420-0952,Bradford K8 North,'5-8,7780,CO-1420-7780,Shaffer Elementary,'PK-5,3.814610211,2.97365512,'5
0952 - 6133,6,952,CO-1420-0952,Bradford K8 North,'5-8,6133,CO-1420-6133,Mortensen Elementary,'PK-5,4.106205205,3.285721262,'5
0952 - 8381,7,952,CO-1420-0952,Bradford K8 North,'5-8,8381,CO-1420-8381,Summit Ridge Middle,'6-8,4.348513643,2.349842575,'6-8
0952 - 7128,8,952,CO-1420-0952,Bradford K8 North,'5-8,7128,CO-1420-7128,Powderhorn Elementary,'PK-5,4.47840059,2.213247929,'5
0952 - 2130,9,952,CO-1420-0952,Bradford K8 North,'5-8,2130,CO-1420-2130,Deer Creek Middle,'6-8,4.565063393,3.476261459,'6-8
0952 - 8280,10,952,CO-1420-0952,Bradford K8 North,'5-8,8280,CO-1420-8280,Stony Creek Elementary,'PK-5,4.57064692,3.707702707,'5
0952 - 2963,11,952,CO-1420-0952,Bradford K8 North,'5-8,2963,CO-1420-2963,Falcon Bluffs Middle,'6-8,4.610730065,3.733725644,'6-8
0952 - 2093,12,952,CO-1420-0952,Bradford K8 North,'5-8,2093,CO-1420-2093,Dakota Ridge High,'9-12,4.635794914,1.733938908,'No
0952 - 1001,13,952,CO-1420-0952,Bradford K8 North,'5-8,1001,CO-1420-1001,Warren Tech South,'11-12,4.873439155,1.61647677,'No
0952 - 4549,14,952,CO-1420-0952,Bradford K8 North,'5-8,4549,CO-1420-4549,Kendallvue Elementary,'PK-5,5.027032009,3.381645193,'5
0952 - 6135,15,952,CO-1420-0952,Bradford K8 North,'5-8,6135,CO-1420-6135,Mt. Carbon Elementary,'PK-5,5.051376117,2.492351206,'5
0952 - 1876,16,952,CO-1420-0952,Bradford K8 North,'5-8,1876,CO-1420-1876,Coronado Elementary,'PK-5,5.113367937,4.160970359,'5
0952 - 9490,17,952,CO-1420-0952,Bradford K8 North,'5-8,9490,CO-1420-9490,Westridge Elementary,'K-5,5.422049947,3.33322271,'5
0952 - 4548,18,952,CO-1420-0952,Bradford K8 North,'5-8,4548,CO-1420-4548,Ken Caryl Middle,'6-8,5.789056968,5.187038231,'6-8
0952 - 2322,19,952,CO-1420-0952,Bradford K8 North,'5-8,2322,CO-1420-2322,Dutch Creek Elementary,'PK-5,5.824222067,4.764877998,'5
0952 - 1861,20,952,CO-1420-0952,Bradford K8 North,'5-8,1861,CO-1420-1861,Columbine Hills Elementary,'PK-5,6.344593514,5.667511197,'5
0952 - 3536,21,952,CO-1420-0952,Bradford K8 North,'5-8,3536,CO-1420-3536,Governor's Ranch Elementary,'PK-5,6.380351623,4.43472841,'5
0952 - 6286,22,952,CO-1420-0952,Bradford K8 North,'5-8,6286,CO-1420-6286,Normandy Elementary,'PK-5,6.700192247,5.507530875,'5
0952 - 1864,23,952,CO-1420-0952,Bradford K8 North,'5-8,1864,CO-1420-1864,Columbine High,'9-12,7.019482364,5.15602884,'No
0952 - 2120,24,952,CO-1420-0952,Bradford K8 North,'5-8,2120,CO-1420-2120,D'Evelyn Junior/Senior,'6-12,7.135498317,5.010367331,'6-8
0952 - 7282,25,952,CO-1420-0952,Bradford K8 North,'5-8,7282,CO-1420-7282,Red Rocks Elementary,'K-5,7.249611443,5.326407588,'5
0952 - 5036,26,952,CO-1420-0952,Bradford K8 North,'5-8,5036,CO-1420-5036,Leawood Elementary,'PK-5,7.363364231,5.640242077,'5
0952 - 0664,27,952,CO-1420-0952,Bradford K8 North,'5-8,664,CO-1420-0664,Bear Creek High,'9-12,8.368629002,5.990511439,'No
0952 - 0951,28,952,CO-1420-0952,Bradford K8 North,'5-8,951,CO-1420-0951,Blue Heron Elementary,'PK-5,8.371829755,5.971879293,'5
0952 - 0660,29,952,CO-1420-0952,Bradford K8 North,'5-8,660,CO-1420-0660,Bear Creek K-8,'K-8,8.898121816,6.28341081,'5-8
0952 - 7483,30,952,CO-1420-0952,Bradford K8 North,'5-8,7483,CO-1420-7483,Rooney Ranch Elementary,'K-5,9.393444413,6.572475076,'5
0952 - 4190,31,952,CO-1420-0952,Bradford K8 North,'5-8,4190,CO-1420-4190,Hutchinson Elementary,'PK-5,9.82299634,6.854124132,'5
0952 - 9412,32,952,CO-1420-0952,Bradford K8 North,'5-8,9412,CO-1420-9412,Westgate Elementary,'PK-5,9.852185133,7.137364077,'5
0952 - 1318,33,952,CO-1420-0952,Bradford K8 North,'5-8,1318,CO-1420-1318,Carmody Middle,'6-8,9.919276756,7.345753975,'6-8
,,,CO-1420-,,',,CO-1420-,,',,,#N/A
0965 - 8090,2,965,CO-1420-0965,Brady Exploration School,'10-12,8090,CO-1420-8090,Deane Elementary,'PK-6,0.827647353,0.537286269,'No
0965 - 5004,3,965,CO-1420-0965,Brady Exploration School,'10-12,5004,CO-1420-5004,Lasley Elementary,'K-6,1.483197551,0.958048595,'No
0965 - 7468,4,965,CO-1420-0965,Brady Exploration School,'10-12,7468,CO-1420-7468,Rose Stein International Elementary,'PK-6,2.064531804,1.484701502,'No
0965 - 0108,5,965,CO-1420-0965,Brady Exploration School,'10-12,108,CO-1420-0108,Alameda Intl Junior/Senior High,'7-12,2.416625083,1.683822859,'10-12
0965 - 6808,6,965,CO-1420-0965,Brady Exploration School,'10-12,6808,CO-1420-6808,Patterson Elementary,'PK-6,2.786578863,2.262135144,'No
0965 - 8102,7,965,CO-1420-0965,Brady Exploration School,'10-12,8102,CO-1420-8102,South Lakewood Elementary,'K-5,3.217493628,2.372037698,'No
0965 - 0724,8,965,CO-1420-0965,Brady Exploration School,'10-12,724,CO-1420-0724,Belmar School of Integrated Arts,'K-5,3.289183811,2.506379131,'No
0965 - 4550,9,965,CO-1420-0965,Brady Exploration School,'10-12,4550,CO-1420-4550,Kendrick Lakes Elementary,'PK-5,3.406368456,2.732194068,'No
0965 - 3622,10,965,CO-1420-0965,Brady Exploration School,'10-12,3622,CO-1420-3622,Green Gables Elementary,'PK-5,3.64561753,2.646779979,'No
0965 - 2496,11,965,CO-1420-0965,Brady Exploration School,'10-12,2496,CO-1420-2496,Edgewater Elementary,'PK-6,3.72774329,3.377966792,'No
0965 - 6539,12,965,CO-1420-0965,Brady Exploration School,'10-12,6539,CO-1420-6539,JeffCo Open Elementary,'PK-6,3.836261969,2.704026578,'No
0965 - 1976,13,965,CO-1420-0965,Brady Exploration School,'10-12,1976,CO-1420-1976,Creighton Middle,'6-8,3.947466964,2.995931818,'No
0965 - 5892,14,965,CO-1420-0965,Brady Exploration School,'10-12,5892,CO-1420-5892,Fletcher Miller Special,'PK-12,4.205695146,3.133755654,'10-12
0965 - 5354,15,965,CO-1420-0965,Brady Exploration School,'10-12,5354,CO-1420-5354,Lumberg Elementary,'PK-6,4.240294675,3.415228,'No
0965 - 9432,16,965,CO-1420-0965,Brady Exploration School,'10-12,9432,CO-1420-9432,Dennison Elementary,'K-6,4.311007075,3.082434162,'No
0965 - 9412,17,965,CO-1420-0965,Brady Exploration School,'10-12,9412,CO-1420-9412,Westgate Elementary,'PK-5,4.327334111,3.032796283,'No
0965 - 4942,18,965,CO-1420-0965,Brady Exploration School,'10-12,4942,CO-1420-4942,Lakewood High,'9-12,4.413449365,3.304316536,'10-12
0965 - 1318,19,965,CO-1420-0965,Brady Exploration School,'10-12,1318,CO-1420-1318,Carmody Middle,'6-8,4.424462376,3.267853734,'No
0965 - 4422,20,965,CO-1420-0965,Brady Exploration School,'10-12,4422,CO-1420-4422,Jefferson Junior/Senior High,'7-12,4.476466487,3.533718901,'10-12
0965 - 2550,21,965,CO-1420-0965,Brady Exploration School,'10-12,2550,CO-1420-2550,Eiber Elementary,'PK-5,4.941131332,3.656359074,'No
0965 - 0660,22,965,CO-1420-0965,Brady Exploration School,'10-12,660,CO-1420-0660,Bear Creek K-8,'K-8,5.425252896,3.904388349,'No
0965 - 7962,23,965,CO-1420-0965,Brady Exploration School,'10-12,7962,CO-1420-7962,Slater Elementary,'PK-5,5.521603181,4.041810325,'No
0965 - 2194,24,965,CO-1420-0965,Brady Exploration School,'10-12,2194,CO-1420-2194,Devinny Elementary,'K-5,5.601635029,4.680686624,'No
0965 - 2300,25,965,CO-1420-0965,Brady Exploration School,'10-12,2300,CO-1420-2300,Dunstan Middle,'6-8,5.620064737,4.663753354,'No
0965 - 0664,26,965,CO-1420-0965,Brady Exploration School,'10-12,664,CO-1420-0664,Bear Creek High,'9-12,5.705409105,4.23833698,'10-12
0965 - 3025,27,965,CO-1420-0965,Brady Exploration School,'10-12,3025,CO-1420-3025,Foothills Elementary,'PK-5,5.791280288,4.893431024,'No
0965 - 8223,28,965,CO-1420-0965,Brady Exploration School,'10-12,8223,CO-1420-8223,Stevens Elementary,'PK-5,5.95602063,4.895554511,'No
0965 - 3628,29,965,CO-1420-0965,Brady Exploration School,'10-12,3628,CO-1420-3628,Green Mountain High,'9-12,5.991314035,4.863472972,'10-12
0965 - 8036,30,965,CO-1420-0965,Brady Exploration School,'10-12,8036,CO-1420-8036,Sobesky Academy,'K-12,6.022721631,5.011449326,'10-12
0965 - 4190,31,965,CO-1420-0965,Brady Exploration School,'10-12,4190,CO-1420-4190,Hutchinson Elementary,'PK-5,6.094576083,5.069581849,'No
0965 - 9234,32,965,CO-1420-0965,Brady Exploration School,'10-12,9234,CO-1420-9234,Warren Tech Central,'11-12,6.225933844,5.13085114,'11-12
0965 - 5623,33,965,CO-1420-0965,Brady Exploration School,'10-12,5623,CO-1420-5623,Long View,'10-12,6.577264125,5.266080503,'10-12
0965 - 7483,34,965,CO-1420-0965,Brady Exploration School,'10-12,7483,CO-1420-7483,Rooney Ranch Elementary,'K-5,6.615042582,5.433398783,'No
0965 - 0033,35,965,CO-1420-0965,Brady Exploration School,'10-12,33,CO-1420-0033,McLain Community High School,'9-12,6.723672023,5.265239927,'10-12
0965 - 9342,36,965,CO-1420-0965,Brady Exploration School,'10-12,9342,CO-1420-9342,Welchester Elementary,'PK-5,6.746164781,5.247894957,'No
0965 - 9510,37,965,CO-1420-0965,Brady Exploration School,'10-12,9510,CO-1420-9510,Wheat Ridge High,'9-12,6.818432268,5.065310774,'10-12
0965 - 2120,38,965,CO-1420-0965,Brady Exploration School,'10-12,2120,CO-1420-2120,D'Evelyn Junior/Senior,'6-12,7.219280207,5.147721789,'10-12
0965 - 4830,39,965,CO-1420-0965,Brady Exploration School,'10-12,4830,CO-1420-4830,Kyffin Elementary,'PK-5,7.324258172,5.710358559,'No
0965 - 2820,40,965,CO-1420-0965,Brady Exploration School,'10-12,2820,CO-1420-2820,Everitt Middle,'6-8,7.409412885,5.528734231,'No
0965 - 8276,41,965,CO-1420-0965,Brady Exploration School,'10-12,8276,CO-1420-8276,Stober Elementary,'K-5,7.453450699,5.412690807,'No
0965 - 3536,42,965,CO-1420-0965,Brady Exploration School,'10-12,3536,CO-1420-3536,Governor's Ranch Elementary,'PK-5,7.464062062,6.105832371,'No
0965 - 3088,43,965,CO-1420-0965,Brady Exploration School,'10-12,3088,CO-1420-3088,Foster Dual Language PK-8 School,'PK-8,7.487221545,6.404882199,'No
0965 - 7190,44,965,CO-1420-0965,Brady Exploration School,'10-12,7190,CO-1420-7190,Prospect Valley Elementary,'K-5,7.73569632,5.69509197,'No
0965 - 0951,45,965,CO-1420-0965,Brady Exploration School,'10-12,951,CO-1420-0951,Blue Heron Elementary,'PK-5,8.045617895,6.151334528,'No
0965 - 6848,46,965,CO-1420-0965,Brady Exploration School,'10-12,6848,CO-1420-6848,Peak Expeditionary-Pennington,'PK-5,8.045935495,6.129551832,'No
0965 - 5024,47,965,CO-1420-0965,Brady Exploration School,'10-12,5024,CO-1420-5024,Lawrence Elementary,'K-5,8.261679383,6.86878307,'No
0965 - 5036,48,965,CO-1420-0965,Brady Exploration School,'10-12,5036,CO-1420-5036,Leawood Elementary,'PK-5,8.344635828,6.58905353,'No
0965 - 6285,49,965,CO-1420-0965,Brady Exploration School,'10-12,6285,CO-1420-6285,Norma Anderson Early Learning Center,'PK,8.457748649,6.312386923,'No
0965 - 3201,50,965,CO-1420-0965,Brady Exploration School,'10-12,3201,CO-1420-3201,Free Horizon Montessori,'PK-8,8.467127632,6.922187429,'No
0965 - 7708,51,965,CO-1420-0965,Brady Exploration School,'10-12,7708,CO-1420-7708,Secrest Elementary,'PK-5,8.649242666,7.760489114,'No
0965 - 5472,52,965,CO-1420-0965,Brady Exploration School,'10-12,5472,CO-1420-5472,Manning,'6-8,8.766038483,6.428818068,'No
0965 - 8432,53,965,CO-1420-0965,Brady Exploration School,'10-12,8432,CO-1420-8432,Swanson Elementary,'K-5,8.778988136,8.197419217,'No
0965 - 5524,54,965,CO-1420-0965,Brady Exploration School,'10-12,5524,CO-1420-5524,Maple Grove Elementary,'PK-5,8.85652866,6.372009869,'No
0965 - 1864,55,965,CO-1420-0965,Brady Exploration School,'10-12,1864,CO-1420-1864,Columbine High,'9-12,8.92909162,6.814697422,'10-12
0965 - 9490,56,965,CO-1420-0965,Brady Exploration School,'10-12,9490,CO-1420-9490,Westridge Elementary,'K-5,9.000824211,6.977327401,'No
0965 - 0370,57,965,CO-1420-0965,Brady Exploration School,'10-12,370,CO-1420-0370,Arvada High,'9-12,9.242946393,8.008647824,'10-12
0965 - 4549,58,965,CO-1420-0965,Brady Exploration School,'10-12,4549,CO-1420-4549,Kendallvue Elementary,'PK-5,9.321713135,7.127528622,'No
0965 - 0694,59,965,CO-1420-0965,Brady Exploration School,'10-12,694,CO-1420-0694,Bell Middle,'6-8,9.396389897,7.812748023,'No
0965 - 6286,60,965,CO-1420-0965,Brady Exploration School,'10-12,6286,CO-1420-6286,Normandy Elementary,'PK-5,9.629543011,7.547648048,'No
0965 - 6330,61,965,CO-1420-0965,Brady Exploration School,'10-12,6330,CO-1420-6330,North Arvada Middle,'6-8,9.808167476,8.800821842,'No
0965 - 4798,62,965,CO-1420-0965,Brady Exploration School,'10-12,4798,CO-1420-4798,Connections Learning Center,'6-8,9.890774763,8.060565839,'No
0965 - 8280,63,965,CO-1420-0965,Brady Exploration School,'10-12,8280,CO-1420-8280,Stony Creek Elementary,'PK-5,9.900123965,8.353418794,'No
,,,CO-1420-,,',,CO-1420-,,',,,#N/A
1244 - 9245,2,1244,CO-1420-1244,Campbell Early Learning Center,'PK,9245,CO-1420-9245,Warren Tech North,'11-12,0.887300931,0.629714693,'No
1244 - 3216,3,1244,CO-1420-1244,Campbell Early Learning Center,'PK,3216,CO-1420-3216,Fremont Elementary,'K-5,0.96533694,0.773483846,'No
1244 - 0378,4,1244,CO-1420-1244,Campbell Early Learning Center,'PK,378,CO-1420-0378,Arvada West High,'9-12,1.04731257,0.608788913,'No
1244 - 9058,5,1244,CO-1420-1244,Campbell Early Learning Center,'PK,9058,CO-1420-9058,Vanderhoof Elementary,'K-5,1.305729674,0.962386656,'No
1244 - 6470,6,1244,CO-1420-1244,Campbell Early Learning Center,'PK,6470,CO-1420-6470,Oberon Middle,'6-8,1.404037587,1.035364948,'No
1244 - 8300,7,1244,CO-1420-1244,Campbell Early Learning Center,'PK,8300,CO-1420-8300,Stott Elementary,'PK-5,1.835300273,1.290816717,'PK
1244 - 7870,8,1244,CO-1420-1244,Campbell Early Learning Center,'PK,7870,CO-1420-7870,Sierra Elementary,'PK-5,2.469607832,1.559743342,'PK
1244 - 0370,9,1244,CO-1420-1244,Campbell Early Learning Center,'PK,370,CO-1420-0370,Arvada High,'9-12,2.498795442,1.828538484,'No
1244 - 5024,10,1244,CO-1420-1244,Campbell Early Learning Center,'PK,5024,CO-1420-5024,Lawrence Elementary,'K-5,2.627900963,2.124005126,'No
1244 - 2288,11,1244,CO-1420-1244,Campbell Early Learning Center,'PK,2288,CO-1420-2288,Drake Middle,'6-8,2.802353049,2.12742909,'No
1244 - 9052,12,1244,CO-1420-1244,Campbell Early Learning Center,'PK,9052,CO-1420-9052,Van Arsdale Elementary,'PK-5,2.802939716,1.994712359,'PK
1244 - 9232,13,1244,CO-1420-1244,Campbell Early Learning Center,'PK,9232,CO-1420-9232,Warder Elementary,'PK-5,2.97593889,2.032296941,'PK
1244 - 7708,14,1244,CO-1420-1244,Campbell Early Learning Center,'PK,7708,CO-1420-7708,Secrest Elementary,'PK-5,3.050760562,2.438408304,'PK
1244 - 6848,15,1244,CO-1420-1244,Campbell Early Learning Center,'PK,6848,CO-1420-6848,Peak Expeditionary-Pennington,'PK-5,3.250803352,2.49348662,'PK
1244 - 9328,16,1244,CO-1420-1244,Campbell Early Learning Center,'PK,9328,CO-1420-9328,Weber Elementary,'PK-5,3.390349564,2.492311903,'PK
1244 - 3726,17,1244,CO-1420-1244,Campbell Early Learning Center,'PK,3726,CO-1420-3726,Hackberry Hill Elementary,'K-5,3.457807417,2.46375231,'No
1244 - 6330,18,1244,CO-1420-1244,Campbell Early Learning Center,'PK,6330,CO-1420-6330,North Arvada Middle,'6-8,3.462669908,2.528794197,'No
1244 - 8432,19,1244,CO-1420-1244,Campbell Early Learning Center,'PK,8432,CO-1420-8432,Swanson Elementary,'K-5,3.505467344,2.927840211,'No
1244 - 6285,20,1244,CO-1420-1244,Campbell Early Learning Center,'PK,6285,CO-1420-6285,Norma Anderson Early Learning Center,'PK,3.521165226,2.557291641,'PK
1244 - 3088,21,1244,CO-1420-1244,Campbell Early Learning Center,'PK,3088,CO-1420-3088,Foster Dual Language PK-8 School,'PK-8,3.624003313,2.751342179,'PK
1244 - 2820,22,1244,CO-1420-1244,Campbell Early Learning Center,'PK,2820,CO-1420-2820,Everitt Middle,'6-8,3.65991393,3.163976932,'No
1244 - 7239,23,1244,CO-1420-1244,Campbell Early Learning Center,'PK,7239,CO-1420-7239,Ralston Valley High,'9-12,3.737094837,2.543602673,'No
1244 - 5758,24,1244,CO-1420-1244,Campbell Early Learning Center,'PK,5758,CO-1420-5758,Meiklejohn Elementary,'PK-5,3.896348583,2.767301699,'PK
1244 - 7114,25,1244,CO-1420-1244,Campbell Early Learning Center,'PK,7114,CO-1420-7114,Pomona Junior/Senior High,'6-12,3.922949017,2.831350879,'No
1244 - 9429,26,1244,CO-1420-1244,Campbell Early Learning Center,'PK,9429,CO-1420-9429,West Woods Elementary,'K-5,4.378716398,3.703005343,'No
1244 - 9510,27,1244,CO-1420-1244,Campbell Early Learning Center,'PK,9510,CO-1420-9510,Wheat Ridge High,'9-12,4.451942236,3.630599115,'No
1244 - 8036,28,1244,CO-1420-1244,Campbell Early Learning Center,'PK,8036,CO-1420-8036,Sobesky Academy,'K-12,4.995223954,3.777278656,'No
1244 - 2866,29,1244,CO-1420-1244,Campbell Early Learning Center,'PK,2866,CO-1420-2866,Fairmount Elementary,'K-5,5.018775953,3.702394104,'No
1244 - 7190,30,1244,CO-1420-1244,Campbell Early Learning Center,'PK,7190,CO-1420-7190,Prospect Valley Elementary,'K-5,5.043490669,3.534341304,'No
1244 - 5472,31,1244,CO-1420-1244,Campbell Early Learning Center,'PK,5472,CO-1420-5472,Manning,'6-8,5.06052563,4.129092155,'No
1244 - 8223,32,1244,CO-1420-1244,Campbell Early Learning Center,'PK,8223,CO-1420-8223,Stevens Elementary,'PK-5,5.106590457,3.846616625,'PK
1244 - 5222,33,1244,CO-1420-1244,Campbell Early Learning Center,'PK,5222,CO-1420-5222,Little Elementary,'K-5,5.148759584,3.693122558,'No
1244 - 5524,34,1244,CO-1420-1244,Campbell Early Learning Center,'PK,5524,CO-1420-5524,Maple Grove Elementary,'PK-5,5.151015807,4.198518291,'PK
1244 - 7753,35,1244,CO-1420-1244,Campbell Early Learning Center,'PK,7753,CO-1420-7753,Semper Elementary,'PK-5,5.664470055,4.347841242,'PK
1244 - 7962,36,1244,CO-1420-1244,Campbell Early Learning Center,'PK,7962,CO-1420-7962,Slater Elementary,'PK-5,5.753679337,4.614407367,'PK
1244 - 8276,37,1244,CO-1420-1244,Campbell Early Learning Center,'PK,8276,CO-1420-8276,Stober Elementary,'K-5,5.92122472,4.491146561,'No
1244 - 5350,38,1244,CO-1420-1244,Campbell Early Learning Center,'PK,5350,CO-1420-5350,Lukas Elementary,'K-5,6.067726629,4.016968193,'No
1244 - 2550,39,1244,CO-1420-1244,Campbell Early Learning Center,'PK,2550,CO-1420-2550,Eiber Elementary,'PK-5,6.080358791,5.452319131,'PK
1244 - 5454,40,1244,CO-1420-1244,Campbell Early Learning Center,'PK,5454,CO-1420-5454,Mandalay Middle,'6-8,6.24482066,4.557376338,'No
1244 - 0030,41,1244,CO-1420-1244,Campbell Early Learning Center,'PK,30,CO-1420-0030,Adams Elementary,'PK-5,6.29331034,4.633949947,'PK
1244 - 8209,42,1244,CO-1420-1244,Campbell Early Learning Center,'PK,8209,CO-1420-8209,Standley Lake High,'9-12,6.36714381,4.856388168,'No
1244 - 9299,43,1244,CO-1420-1244,Campbell Early Learning Center,'PK,9299,CO-1420-9299,Wayne Carle Middle,'6-8,6.37569096,4.27250416,'No
1244 - 4422,44,1244,CO-1420-1244,Campbell Early Learning Center,'PK,4422,CO-1420-4422,Jefferson Junior/Senior High,'7-12,6.38351748,5.090280787,'No
1244 - 5354,45,1244,CO-1420-1244,Campbell Early Learning Center,'PK,5354,CO-1420-5354,Lumberg Elementary,'PK-6,6.599904043,5.225767138,'PK
1244 - 4942,46,1244,CO-1420-1244,Campbell Early Learning Center,'PK,4942,CO-1420-4942,Lakewood High,'9-12,6.684340791,6.112961303,'No
1244 - 5892,47,1244,CO-1420-1244,Campbell Early Learning Center,'PK,5892,CO-1420-5892,Fletcher Miller Special,'PK-12,7.117549669,6.666979364,'PK
1244 - 9342,48,1244,CO-1420-1244,Campbell Early Learning Center,'PK,9342,CO-1420-9342,Welchester Elementary,'PK-5,7.130746671,5.912799122,'PK
1244 - 9432,49,1244,CO-1420-1244,Campbell Early Learning Center,'PK,9432,CO-1420-9432,Dennison Elementary,'K-6,7.197876521,6.556849598,'No
1244 - 2496,50,1244,CO-1420-1244,Campbell Early Learning Center,'PK,2496,CO-1420-2496,Edgewater Elementary,'PK-6,7.203806253,5.556140921,'PK
1244 - 6539,51,1244,CO-1420-1244,Campbell Early Learning Center,'PK,6539,CO-1420-6539,JeffCo Open Elementary,'PK-6,7.30403662,5.959268368,'PK
1244 - 1976,52,1244,CO-1420-1244,Campbell Early Learning Center,'PK,1976,CO-1420-1976,Creighton Middle,'6-8,7.496628329,6.814368288,'No
1244 - 3201,53,1244,CO-1420-1244,Campbell Early Learning Center,'PK,3201,CO-1420-3201,Free Horizon Montessori,'PK-8,7.814430864,6.580041145,'PK
1244 - 8102,54,1244,CO-1420-1244,Campbell Early Learning Center,'PK,8102,CO-1420-8102,South Lakewood Elementary,'K-5,7.935102927,6.825909701,'No
1244 - 8856,55,1244,CO-1420-1244,Campbell Early Learning Center,'PK,8856,CO-1420-8856,Three Creeks K-8,'K-8,8.176335909,6.489573157,'No
1244 - 4830,56,1244,CO-1420-1244,Campbell Early Learning Center,'PK,4830,CO-1420-4830,Kyffin Elementary,'PK-5,8.672578342,7.044442635,'PK
1244 - 0694,57,1244,CO-1420-1244,Campbell Early Learning Center,'PK,694,CO-1420-0694,Bell Middle,'6-8,8.700388793,7.00972571,'No
1244 - 0724,58,1244,CO-1420-1244,Campbell Early Learning Center,'PK,724,CO-1420-0724,Belmar School of Integrated Arts,'K-5,8.783521909,7.932558786,'No
1244 - 7529,59,1244,CO-1420-1244,Campbell Early Learning Center,'PK,7529,CO-1420-7529,Ryan Elementary,'PK-5,8.799912423,6.872455956,'PK
1244 - 7468,60,1244,CO-1420-1244,Campbell Early Learning Center,'PK,7468,CO-1420-7468,Rose Stein International Elementary,'PK-6,8.906859846,7.281200795,'PK
1244 - 9234,61,1244,CO-1420-1244,Campbell Early Learning Center,'PK,9234,CO-1420-9234,Warren Tech Central,'11-12,9.046030586,7.133897398,'No
1244 - 5944,62,1244,CO-1420-1244,Campbell Early Learning Center,'PK,5944,CO-1420-5944,Mitchell Elementary,'K-5,9.074238342,7.114398942,'No
1244 - 4550,63,1244,CO-1420-1244,Campbell Early Learning Center,'PK,4550,CO-1420-4550,Kendrick Lakes Elementary,'PK-5,9.142544852,8.55710532,'PK
1244 - 4798,64,1244,CO-1420-1244,Campbell Early Learning Center,'PK,4798,CO-1420-4798,Connections Learning Center,'6-8,9.19477366,6.993846598,'No
1244 - 3502,65,1244,CO-1420-1244,Campbell Early Learning Center,'PK,3502,CO-1420-3502,Golden High,'9-12,9.328969915,7.012712964,'No
1244 - 5623,66,1244,CO-1420-1244,Campbell Early Learning Center,'PK,5623,CO-1420-5623,Long View,'10-12,9.397360867,7.323905042,'No
1244 - 0033,67,1244,CO-1420-1244,Campbell Early Learning Center,'PK,33,CO-1420-0033,McLain Community High School,'9-12,9.543768765,7.200106529,'No
1244 - 6808,68,1244,CO-1420-1244,Campbell Early Learning Center,'PK,6808,CO-1420-6808,Patterson Elementary,'PK-6,9.554183166,8.487459432,'PK
1244 - 3025,69,1244,CO-1420-1244,Campbell Early Learning Center,'PK,3025,CO-1420-3025,Foothills Elementary,'PK-5,9.745000996,7.936734213,'PK
1244 - 8090,70,1244,CO-1420-1244,Campbell Early Learning Center,'PK,8090,CO-1420-8090,Deane Elementary,'PK-6,9.99361519,8.101595871,'PK
,,,CO-1420-,,',,CO-1420-,,',,,#N/A
1318 - 3622,2,1318,CO-1420-1318,Carmody Middle,'6-8,3622,CO-1420-3622,Green Gables Elementary,'PK-5,1.231309675,0.76188558,'No
1318 - 4550,3,1318,CO-1420-1318,Carmody Middle,'6-8,4550,CO-1420-4550,Kendrick Lakes Elementary,'PK-5,1.412623218,0.904468985,'No
1318 - 0660,4,1318,CO-1420-1318,Carmody Middle,'6-8,660,CO-1420-0660,Bear Creek K-8,'K-8,1.761650394,1.361709101,'6-8
1318 - 9412,5,1318,CO-1420-1318,Carmody Middle,'6-8,9412,CO-1420-9412,Westgate Elementary,'PK-5,1.782701218,1.120039616,'No
1318 - 0664,6,1318,CO-1420-1318,Carmody Middle,'6-8,664,CO-1420-0664,Bear Creek High,'9-12,1.78649967,1.479161932,'No
1318 - 6808,7,1318,CO-1420-1318,Carmody Middle,'6-8,6808,CO-1420-6808,Patterson Elementary,'PK-6,1.974056353,1.212255691,'6
1318 - 2300,8,1318,CO-1420-1318,Carmody Middle,'6-8,2300,CO-1420-2300,Dunstan Middle,'6-8,1.978642169,1.65749529,'6-8
1318 - 2194,9,1318,CO-1420-1318,Carmody Middle,'6-8,2194,CO-1420-2194,Devinny Elementary,'K-5,2.114555819,1.722676153,'No
1318 - 0724,10,1318,CO-1420-1318,Carmody Middle,'6-8,724,CO-1420-0724,Belmar School of Integrated Arts,'K-5,2.121382163,1.56358748,'No
1318 - 4190,11,1318,CO-1420-1318,Carmody Middle,'6-8,4190,CO-1420-4190,Hutchinson Elementary,'PK-5,2.257923623,1.980954722,'No
1318 - 0108,12,1318,CO-1420-1318,Carmody Middle,'6-8,108,CO-1420-0108,Alameda Intl Junior/Senior High,'7-12,2.32336057,1.612861485,'7-8
1318 - 7483,13,1318,CO-1420-1318,Carmody Middle,'6-8,7483,CO-1420-7483,Rooney Ranch Elementary,'K-5,2.778390121,2.289024306,'No
1318 - 3628,14,1318,CO-1420-1318,Carmody Middle,'6-8,3628,CO-1420-3628,Green Mountain High,'9-12,2.790972814,2.175725093,'No
1318 - 5004,15,1318,CO-1420-1318,Carmody Middle,'6-8,5004,CO-1420-5004,Lasley Elementary,'K-6,3.137463185,2.386544857,'6
1318 - 3025,16,1318,CO-1420-1318,Carmody Middle,'6-8,3025,CO-1420-3025,Foothills Elementary,'PK-5,3.147947854,2.561595183,'No
1318 - 1976,17,1318,CO-1420-1318,Carmody Middle,'6-8,1976,CO-1420-1976,Creighton Middle,'6-8,3.196747616,2.611963929,'6-8
1318 - 5892,18,1318,CO-1420-1318,Carmody Middle,'6-8,5892,CO-1420-5892,Fletcher Miller Special,'PK-12,3.246170381,2.750152799,'6-8
1318 - 2120,19,1318,CO-1420-1318,Carmody Middle,'6-8,2120,CO-1420-2120,D'Evelyn Junior/Senior,'6-12,3.300370773,2.506409037,'6-8
1318 - 9432,20,1318,CO-1420-1318,Carmody Middle,'6-8,9432,CO-1420-9432,Dennison Elementary,'K-6,3.476140166,2.87305567,'6
1318 - 8102,21,1318,CO-1420-1318,Carmody Middle,'6-8,8102,CO-1420-8102,South Lakewood Elementary,'K-5,3.637701122,2.832462272,'No
1318 - 4942,22,1318,CO-1420-1318,Carmody Middle,'6-8,4942,CO-1420-4942,Lakewood High,'9-12,4.131456889,3.318481149,'No
1318 - 7468,23,1318,CO-1420-1318,Carmody Middle,'6-8,7468,CO-1420-7468,Rose Stein International Elementary,'PK-6,4.300554463,3.039360205,'6
1318 - 8090,24,1318,CO-1420-1318,Carmody Middle,'6-8,8090,CO-1420-8090,Deane Elementary,'PK-6,4.312663889,3.109640153,'6
1318 - 0965,25,1318,CO-1420-1318,Carmody Middle,'6-8,965,CO-1420-0965,Brady Exploration School,'10-12,4.424462376,3.267853734,'No
1318 - 2550,26,1318,CO-1420-1318,Carmody Middle,'6-8,2550,CO-1420-2550,Eiber Elementary,'PK-5,4.675820163,3.995507339,'No
1318 - 9234,27,1318,CO-1420-1318,Carmody Middle,'6-8,9234,CO-1420-9234,Warren Tech Central,'11-12,4.683145175,3.264055131,'No
1318 - 3536,28,1318,CO-1420-1318,Carmody Middle,'6-8,3536,CO-1420-3536,Governor's Ranch Elementary,'PK-5,4.83947577,4.123421609,'No
1318 - 5623,29,1318,CO-1420-1318,Carmody Middle,'6-8,5623,CO-1420-5623,Long View,'10-12,5.034475456,3.262388623,'No
1318 - 6539,30,1318,CO-1420-1318,Carmody Middle,'6-8,6539,CO-1420-6539,JeffCo Open Elementary,'PK-6,5.095084725,3.963340872,'6
1318 - 0033,31,1318,CO-1420-1318,Carmody Middle,'6-8,33,CO-1420-0033,McLain Community High School,'9-12,5.180883354,3.335581951,'No
1318 - 9490,32,1318,CO-1420-1318,Carmody Middle,'6-8,9490,CO-1420-9490,Westridge Elementary,'K-5,5.347538836,4.586996297,'No
1318 - 4549,33,1318,CO-1420-1318,Carmody Middle,'6-8,4549,CO-1420-4549,Kendallvue Elementary,'PK-5,5.4028037,4.074966208,'No
1318 - 9342,34,1318,CO-1420-1318,Carmody Middle,'6-8,9342,CO-1420-9342,Welchester Elementary,'PK-5,5.602680169,4.116399231,'No
1318 - 7962,35,1318,CO-1420-1318,Carmody Middle,'6-8,7962,CO-1420-7962,Slater Elementary,'PK-5,5.734496878,5.029139516,'No
1318 - 4830,36,1318,CO-1420-1318,Carmody Middle,'6-8,4830,CO-1420-4830,Kyffin Elementary,'PK-5,5.880267337,3.813690938,'No
1318 - 7282,37,1318,CO-1420-1318,Carmody Middle,'6-8,7282,CO-1420-7282,Red Rocks Elementary,'K-5,6.167366422,4.963168668,'No
1318 - 8276,38,1318,CO-1420-1318,Carmody Middle,'6-8,8276,CO-1420-8276,Stober Elementary,'K-5,6.426984347,5.13250346,'No
1318 - 6135,39,1318,CO-1420-1318,Carmody Middle,'6-8,6135,CO-1420-6135,Mt. Carbon Elementary,'PK-5,6.476867978,4.888437139,'No
1318 - 8381,40,1318,CO-1420-1318,Carmody Middle,'6-8,8381,CO-1420-8381,Summit Ridge Middle,'6-8,6.486730855,5.426407522,'6-8
1318 - 9510,41,1318,CO-1420-1318,Carmody Middle,'6-8,9510,CO-1420-9510,Wheat Ridge High,'9-12,6.568771236,5.855920134,'No
1318 - 7128,42,1318,CO-1420-1318,Carmody Middle,'6-8,7128,CO-1420-7128,Powderhorn Elementary,'PK-5,6.660866249,5.466014313,'No
1318 - 4422,43,1318,CO-1420-1318,Carmody Middle,'6-8,4422,CO-1420-4422,Jefferson Junior/Senior High,'7-12,6.704726116,5.259289294,'7-8
1318 - 5354,44,1318,CO-1420-1318,Carmody Middle,'6-8,5354,CO-1420-5354,Lumberg Elementary,'PK-6,6.742503777,5.220522149,'6
1318 - 2820,45,1318,CO-1420-1318,Carmody Middle,'6-8,2820,CO-1420-2820,Everitt Middle,'6-8,6.874284883,6.293628868,'6-8
1318 - 7190,46,1318,CO-1420-1318,Carmody Middle,'6-8,7190,CO-1420-7190,Prospect Valley Elementary,'K-5,6.998293767,5.924045827,'No
1318 - 0951,47,1318,CO-1420-1318,Carmody Middle,'6-8,951,CO-1420-0951,Blue Heron Elementary,'PK-5,7.046937414,5.241547818,'No
1318 - 2093,48,1318,CO-1420-1318,Carmody Middle,'6-8,2093,CO-1420-2093,Dakota Ridge High,'9-12,7.07525301,5.62874592,'No
1318 - 3201,49,1318,CO-1420-1318,Carmody Middle,'6-8,3201,CO-1420-3201,Free Horizon Montessori,'PK-8,7.109986676,5.187490838,'6-8
1318 - 1864,50,1318,CO-1420-1318,Carmody Middle,'6-8,1864,CO-1420-1864,Columbine High,'9-12,7.138559226,5.516097471,'No
1318 - 5036,51,1318,CO-1420-1318,Carmody Middle,'6-8,5036,CO-1420-5036,Leawood Elementary,'PK-5,7.139081431,5.527199373,'No
1318 - 9008,52,1318,CO-1420-1318,Carmody Middle,'6-8,9008,CO-1420-9008,Ute Meadows Elementary,'PK-5,7.148285199,6.555141514,'No
1318 - 1001,53,1318,CO-1420-1318,Carmody Middle,'6-8,1001,CO-1420-1001,Warren Tech South,'11-12,7.258506354,5.780384403,'No
1318 - 2130,54,1318,CO-1420-1318,Carmody Middle,'6-8,2130,CO-1420-2130,Deer Creek Middle,'6-8,7.360464989,6.411126954,'6-8
1318 - 2496,55,1318,CO-1420-1318,Carmody Middle,'6-8,2496,CO-1420-2496,Edgewater Elementary,'PK-6,7.599207195,5.611628994,'6
1318 - 6285,56,1318,CO-1420-1318,Carmody Middle,'6-8,6285,CO-1420-6285,Norma Anderson Early Learning Center,'PK,7.720346096,6.858007154,'No
1318 - 5472,57,1318,CO-1420-1318,Carmody Middle,'6-8,5472,CO-1420-5472,Manning,'6-8,7.739572131,5.96002907,'6-8
1318 - 6848,58,1318,CO-1420-1318,Carmody Middle,'6-8,6848,CO-1420-6848,Peak Expeditionary-Pennington,'PK-5,7.769892456,6.983282329,'No
1318 - 1522,59,1318,CO-1420-1318,Carmody Middle,'6-8,1522,CO-1420-1522,Chatfield High,'9-12,7.789209614,6.544437701,'No
1318 - 8280,60,1318,CO-1420-1318,Carmody Middle,'6-8,8280,CO-1420-8280,Stony Creek Elementary,'PK-5,7.820786116,6.527857751,'No
1318 - 5524,61,1318,CO-1420-1318,Carmody Middle,'6-8,5524,CO-1420-5524,Maple Grove Elementary,'PK-5,7.830062308,5.882968093,'No
1318 - 8223,62,1318,CO-1420-1318,Carmody Middle,'6-8,8223,CO-1420-8223,Stevens Elementary,'PK-5,7.872616243,6.514430622,'No
1318 - 0694,63,1318,CO-1420-1318,Carmody Middle,'6-8,694,CO-1420-0694,Bell Middle,'6-8,8.039248941,5.913984752,'6-8
1318 - 8036,64,1318,CO-1420-1318,Carmody Middle,'6-8,8036,CO-1420-8036,Sobesky Academy,'K-12,8.122978997,6.659997885,'6-8
1318 - 4798,65,1318,CO-1420-1318,Carmody Middle,'6-8,4798,CO-1420-4798,Connections Learning Center,'6-8,8.200737967,6.184275757,'6-8
1318 - 2322,66,1318,CO-1420-1318,Carmody Middle,'6-8,2322,CO-1420-2322,Dutch Creek Elementary,'PK-5,8.236912381,6.564595936,'No
1318 - 6286,67,1318,CO-1420-1318,Carmody Middle,'6-8,6286,CO-1420-6286,Normandy Elementary,'PK-5,8.248878472,6.443975916,'No
1318 - 6133,68,1318,CO-1420-1318,Carmody Middle,'6-8,6133,CO-1420-6133,Mortensen Elementary,'PK-5,8.263490489,7.48024257,'No
1318 - 7833,69,1318,CO-1420-1318,Carmody Middle,'6-8,7833,CO-1420-7833,Shelton Elementary,'PK-5,8.322333017,6.369992785,'No
1318 - 7780,70,1318,CO-1420-1318,Carmody Middle,'6-8,7780,CO-1420-7780,Shaffer Elementary,'PK-5,8.331622236,7.479258812,'No
1318 - 1876,71,1318,CO-1420-1318,Carmody Middle,'6-8,1876,CO-1420-1876,Coronado Elementary,'PK-5,8.481692569,7.414677478,'No
1318 - 2963,72,1318,CO-1420-1318,Carmody Middle,'6-8,2963,CO-1420-2963,Falcon Bluffs Middle,'6-8,8.645342695,8.029602364,'6-8
1318 - 4548,73,1318,CO-1420-1318,Carmody Middle,'6-8,4548,CO-1420-4548,Ken Caryl Middle,'6-8,8.723487358,7.049179354,'6-8
1318 - 3502,74,1318,CO-1420-1318,Carmody Middle,'6-8,3502,CO-1420-3502,Golden High,'9-12,9.299532797,7.001321894,'No
1318 - 1861,75,1318,CO-1420-1318,Carmody Middle,'6-8,1861,CO-1420-1861,Columbine Hills Elementary,'PK-5,9.470628226,7.583630346,'No
1318 - 5024,76,1318,CO-1420-1318,Carmody Middle,'6-8,5024,CO-1420-5024,Lawrence Elementary,'K-5,9.580811373,8.277499342,'No
1318 - 2288,77,1318,CO-1420-1318,Carmody Middle,'6-8,2288,CO-1420-2288,Drake Middle,'6-8,9.679857172,7.83520467,'6-8
1318 - 9058,78,1318,CO-1420-1318,Carmody Middle,'6-8,9058,CO-1420-9058,Vanderhoof Elementary,'K-5,9.714651833,8.580953377,'No
1318 - 3088,79,1318,CO-1420-1318,Carmody Middle,'6-8,3088,CO-1420-3088,Foster Dual Language PK-8 School,'PK-8,9.731933418,8.012956601,'6-8
1318 - 0950,80,1318,CO-1420-1318,Carmody Middle,'6-8,950,CO-1420-0950,Bradford K8 South,'K-4,9.806715009,8.032206222,'No
1318 - 0952,81,1318,CO-1420-1318,Carmody Middle,'6-8,952,CO-1420-0952,Bradford K8 North,'5-8,9.919276756,7.345753975,'6-8
,,,CO-1420-,,',,CO-1420-,,',,,#N/A
1522 - 9008,2,1522,CO-1420-1522,Chatfield High,'9-12,9008,CO-1420-9008,Ute Meadows Elementary,'PK-5,0.739668987,0.571221162,'No
1522 - 8381,3,1522,CO-1420-1522,Chatfield High,'9-12,8381,CO-1420-8381,Summit Ridge Middle,'6-8,1.684816943,1.133066134,'No
1522 - 7128,4,1522,CO-1420-1522,Chatfield High,'9-12,7128,CO-1420-7128,Powderhorn Elementary,'PK-5,1.814703889,1.139155813,'No
1522 - 7780,5,1522,CO-1420-1522,Chatfield High,'9-12,7780,CO-1420-7780,Shaffer Elementary,'PK-5,2.104751651,1.444143297,'No
1522 - 2130,6,1522,CO-1420-1522,Chatfield High,'9-12,2130,CO-1420-2130,Deer Creek Middle,'6-8,2.198751907,1.600551765,'No
1522 - 6133,7,1522,CO-1420-1522,Chatfield High,'9-12,6133,CO-1420-6133,Mortensen Elementary,'PK-5,2.408660681,1.684794927,'No
1522 - 1001,8,1522,CO-1420-1522,Chatfield High,'9-12,1001,CO-1420-1001,Warren Tech South,'11-12,2.538512289,1.364757591,'11-12
1522 - 8280,9,1522,CO-1420-1522,Chatfield High,'9-12,8280,CO-1420-8280,Stony Creek Elementary,'PK-5,2.567870567,1.839427623,'No
1522 - 0950,10,1522,CO-1420-1522,Chatfield High,'9-12,950,CO-1420-0950,Bradford K8 South,'K-4,2.648580014,1.917712379,'No
1522 - 9490,11,1522,CO-1420-1522,Chatfield High,'9-12,9490,CO-1420-9490,Westridge Elementary,'K-5,2.758353246,2.003147854,'No
1522 - 2093,12,1522,CO-1420-1522,Chatfield High,'9-12,2093,CO-1420-2093,Dakota Ridge High,'9-12,2.805066014,1.559765189,'9-12
1522 - 2963,13,1522,CO-1420-1522,Chatfield High,'9-12,2963,CO-1420-2963,Falcon Bluffs Middle,'6-8,2.914070972,2.265714226,'No
1522 - 0952,14,1522,CO-1420-1522,Chatfield High,'9-12,952,CO-1420-0952,Bradford K8 North,'5-8,3.05049097,1.88069572,'No
1522 - 1876,15,1522,CO-1420-1522,Chatfield High,'9-12,1876,CO-1420-1876,Coronado Elementary,'PK-5,3.112974444,2.419109379,'No
1522 - 6135,16,1522,CO-1420-1522,Chatfield High,'9-12,6135,CO-1420-6135,Mt. Carbon Elementary,'PK-5,3.288402565,1.93299431,'No
1522 - 4548,17,1522,CO-1420-1522,Chatfield High,'9-12,4548,CO-1420-4548,Ken Caryl Middle,'6-8,3.786280615,3.334334103,'No
1522 - 2322,18,1522,CO-1420-1522,Chatfield High,'9-12,2322,CO-1420-2322,Dutch Creek Elementary,'PK-5,3.821445714,2.889667065,'No
1522 - 3536,19,1522,CO-1420-1522,Chatfield High,'9-12,3536,CO-1420-3536,Governor's Ranch Elementary,'PK-5,3.960935273,2.918154949,'No
1522 - 1861,20,1522,CO-1420-1522,Chatfield High,'9-12,1861,CO-1420-1861,Columbine Hills Elementary,'PK-5,4.344200022,3.847791146,'No
1522 - 6286,21,1522,CO-1420-1522,Chatfield High,'9-12,6286,CO-1420-6286,Normandy Elementary,'PK-5,4.520308212,3.626845508,'No
1522 - 1864,22,1522,CO-1420-1522,Chatfield High,'9-12,1864,CO-1420-1864,Columbine High,'9-12,4.600066014,3.31452118,'9-12
1522 - 4549,23,1522,CO-1420-1522,Chatfield High,'9-12,4549,CO-1420-4549,Kendallvue Elementary,'PK-5,4.661996375,3.220872553,'No
1522 - 5036,24,1522,CO-1420-1522,Chatfield High,'9-12,5036,CO-1420-5036,Leawood Elementary,'PK-5,4.943947881,3.799909079,'No
1522 - 2120,25,1522,CO-1420-1522,Chatfield High,'9-12,2120,CO-1420-2120,D'Evelyn Junior/Senior,'6-12,5.056884153,4.044766782,'9-12
1522 - 0951,26,1522,CO-1420-1522,Chatfield High,'9-12,951,CO-1420-0951,Blue Heron Elementary,'PK-5,5.952413405,4.161371853,'No
1522 - 0664,27,1522,CO-1420-1522,Chatfield High,'9-12,664,CO-1420-0664,Bear Creek High,'9-12,6.237102611,5.079886892,'9-12
1522 - 0660,28,1522,CO-1420-1522,Chatfield High,'9-12,660,CO-1420-0660,Bear Creek K-8,'K-8,6.766595424,5.297560523,'No
1522 - 9412,29,1522,CO-1420-1522,Chatfield High,'9-12,9412,CO-1420-9412,Westgate Elementary,'PK-5,7.694520809,6.078188555,'No
1522 - 7282,30,1522,CO-1420-1522,Chatfield High,'9-12,7282,CO-1420-7282,Red Rocks Elementary,'K-5,7.743612096,5.961189198,'No
1522 - 1318,31,1522,CO-1420-1522,Chatfield High,'9-12,1318,CO-1420-1318,Carmody Middle,'6-8,7.789209614,6.544437701,'No
1522 - 3622,32,1522,CO-1420-1522,Chatfield High,'9-12,3622,CO-1420-3622,Green Gables Elementary,'PK-5,8.832024448,6.687882391,'No
1522 - 2300,33,1522,CO-1420-1522,Chatfield High,'9-12,2300,CO-1420-2300,Dunstan Middle,'6-8,9.015964788,6.775546874,'No
1522 - 4550,34,1522,CO-1420-1522,Chatfield High,'9-12,4550,CO-1420-4550,Kendrick Lakes Elementary,'PK-5,9.045153372,7.44687738,'No
1522 - 2194,35,1522,CO-1420-1522,Chatfield High,'9-12,2194,CO-1420-2194,Devinny Elementary,'K-5,9.151878438,6.879125251,'No
1522 - 4190,36,1522,CO-1420-1522,Chatfield High,'9-12,4190,CO-1420-4190,Hutchinson Elementary,'PK-5,9.295246241,6.57154864,'No
1522 - 7483,37,1522,CO-1420-1522,Chatfield High,'9-12,7483,CO-1420-7483,Rooney Ranch Elementary,'K-5,9.500105221,6.37647705,'No
1522 - 0108,38,1522,CO-1420-1522,Chatfield High,'9-12,108,CO-1420-0108,Alameda Intl Junior/Senior High,'7-12,9.565549766,7.79645471,'9-12
1522 - 6808,39,1522,CO-1420-1522,Chatfield High,'9-12,6808,CO-1420-6808,Patterson Elementary,'PK-6,9.606586507,7.670366616,'No
1522 - 0724,40,1522,CO-1420-1522,Chatfield High,'9-12,724,CO-1420-0724,Belmar School of Integrated Arts,'K-5,9.753912316,8.106157817,'No
1522 - 3628,41,1522,CO-1420-1522,Chatfield High,'9-12,3628,CO-1420-3628,Green Mountain High,'9-12,9.828295433,7.43343562,'9-12
,,,CO-1420-,,',,CO-1420-,,',,,#N/A
1861 - 4548,2,1861,CO-1420-1861,Columbine Hills Elementary,'PK-5,4548,CO-1420-4548,Ken Caryl Middle,'6-8,1.217222767,0.616360847,'No
1861 - 6286,3,1861,CO-1420-1861,Columbine Hills Elementary,'PK-5,6286,CO-1420-6286,Normandy Elementary,'PK-5,1.562691411,1.163678714,'PK-5
1861 - 2322,4,1861,CO-1420-1861,Columbine Hills Elementary,'PK-5,2322,CO-1420-2322,Dutch Creek Elementary,'PK-5,1.801680187,1.191852731,'PK-5
1861 - 1876,5,1861,CO-1420-1861,Columbine Hills Elementary,'PK-5,1876,CO-1420-1876,Coronado Elementary,'PK-5,2.354313119,1.556271565,'PK-5
1861 - 8280,6,1861,CO-1420-1861,Columbine Hills Elementary,'PK-5,8280,CO-1420-8280,Stony Creek Elementary,'PK-5,2.500503691,2.046344676,'PK-5
1861 - 1864,7,1861,CO-1420-1861,Columbine Hills Elementary,'PK-5,1864,CO-1420-1864,Columbine High,'9-12,2.77250724,2.06755573,'No
1861 - 2963,8,1861,CO-1420-1861,Columbine Hills Elementary,'PK-5,2963,CO-1420-2963,Falcon Bluffs Middle,'6-8,2.885565132,2.34080236,'No
1861 - 2130,9,1861,CO-1420-1861,Columbine Hills Elementary,'PK-5,2130,CO-1420-2130,Deer Creek Middle,'6-8,2.903016698,2.303217762,'No
1861 - 5036,10,1861,CO-1420-1861,Columbine Hills Elementary,'PK-5,5036,CO-1420-5036,Leawood Elementary,'PK-5,3.116389107,2.131141839,'PK-5
1861 - 6133,11,1861,CO-1420-1861,Columbine Hills Elementary,'PK-5,6133,CO-1420-6133,Mortensen Elementary,'PK-5,3.217679724,2.488016741,'PK-5
1861 - 7780,12,1861,CO-1420-1861,Columbine Hills Elementary,'PK-5,7780,CO-1420-7780,Shaffer Elementary,'PK-5,3.558636897,2.807009172,'PK-5
1861 - 9008,13,1861,CO-1420-1861,Columbine Hills Elementary,'PK-5,9008,CO-1420-9008,Ute Meadows Elementary,'PK-5,3.900222108,3.276738777,'PK-5
1861 - 0951,14,1861,CO-1420-1861,Columbine Hills Elementary,'PK-5,951,CO-1420-0951,Blue Heron Elementary,'PK-5,4.191318995,2.54020513,'PK-5
1861 - 1522,15,1861,CO-1420-1861,Columbine Hills Elementary,'PK-5,1522,CO-1420-1522,Chatfield High,'9-12,4.344200022,3.847791146,'No
1861 - 3536,16,1861,CO-1420-1861,Columbine Hills Elementary,'PK-5,3536,CO-1420-3536,Governor's Ranch Elementary,'PK-5,4.8851162,3.666427035,'PK-5
1861 - 8381,17,1861,CO-1420-1861,Columbine Hills Elementary,'PK-5,8381,CO-1420-8381,Summit Ridge Middle,'6-8,5.00288724,4.166197998,'No
1861 - 7128,18,1861,CO-1420-1861,Columbine Hills Elementary,'PK-5,7128,CO-1420-7128,Powderhorn Elementary,'PK-5,5.177022634,4.319998245,'PK-5
1861 - 9490,19,1861,CO-1420-1861,Columbine Hills Elementary,'PK-5,9490,CO-1420-9490,Westridge Elementary,'K-5,5.191256337,4.005212321,'K-5
1861 - 0950,20,1861,CO-1420-1861,Columbine Hills Elementary,'PK-5,950,CO-1420-0950,Bradford K8 South,'K-4,5.932579332,5.36556332,'K-4
1861 - 1001,21,1861,CO-1420-1861,Columbine Hills Elementary,'PK-5,1001,CO-1420-1001,Warren Tech South,'11-12,6.06717852,4.979536237,'No
1861 - 2093,22,1861,CO-1420-1861,Columbine Hills Elementary,'PK-5,2093,CO-1420-2093,Dakota Ridge High,'9-12,6.333732244,5.116789257,'No
1861 - 0952,23,1861,CO-1420-1861,Columbine Hills Elementary,'PK-5,952,CO-1420-0952,Bradford K8 North,'5-8,6.344593514,5.667511197,'5
1861 - 6135,24,1861,CO-1420-1861,Columbine Hills Elementary,'PK-5,6135,CO-1420-6135,Mt. Carbon Elementary,'PK-5,6.606472863,5.011476284,'PK-5
1861 - 2120,25,1861,CO-1420-1861,Columbine Hills Elementary,'PK-5,2120,CO-1420-2120,D'Evelyn Junior/Senior,'6-12,7.161744815,5.475240667,'No
1861 - 0664,26,1861,CO-1420-1861,Columbine Hills Elementary,'PK-5,664,CO-1420-0664,Bear Creek High,'9-12,7.918521222,6.253710562,'No
1861 - 4549,27,1861,CO-1420-1861,Columbine Hills Elementary,'PK-5,4549,CO-1420-4549,Kendallvue Elementary,'PK-5,7.980066673,6.117925471,'PK-5
1861 - 0660,28,1861,CO-1420-1861,Columbine Hills Elementary,'PK-5,660,CO-1420-0660,Bear Creek K-8,'K-8,8.376090857,6.243763462,'K-5
1861 - 9412,29,1861,CO-1420-1861,Columbine Hills Elementary,'PK-5,9412,CO-1420-9412,Westgate Elementary,'PK-5,8.539245766,6.641418457,'PK-5
1861 - 3622,30,1861,CO-1420-1861,Columbine Hills Elementary,'PK-5,3622,CO-1420-3622,Green Gables Elementary,'PK-5,9.119674468,7.320923641,'PK-5
1861 - 1318,31,1861,CO-1420-1861,Columbine Hills Elementary,'PK-5,1318,CO-1420-1318,Carmody Middle,'6-8,9.470628226,7.583630346,'No
1861 - 0108,32,1861,CO-1420-1861,Columbine Hills Elementary,'PK-5,108,CO-1420-0108,Alameda Intl Junior/Senior High,'7-12,9.66718969,8.180820125,'No
,,,CO-1420-,,',,CO-1420-,,',,,#N/A
1864 - 5036,2,1864,CO-1420-1864,Columbine High,'9-12,5036,CO-1420-5036,Leawood Elementary,'PK-5,0.683300243,0.485453693,'No
1864 - 6286,3,1864,CO-1420-1864,Columbine High,'9-12,6286,CO-1420-6286,Normandy Elementary,'PK-5,1.390267688,0.951253633,'No
1864 - 2322,4,1864,CO-1420-1864,Columbine High,'9-12,2322,CO-1420-2322,Dutch Creek Elementary,'PK-5,1.745420075,1.16953742,'No
1864 - 0951,5,1864,CO-1420-1864,Columbine High,'9-12,951,CO-1420-0951,Blue Heron Elementary,'PK-5,1.748388133,0.890245468,'No
1864 - 4548,6,1864,CO-1420-1864,Columbine High,'9-12,4548,CO-1420-4548,Ken Caryl Middle,'6-8,1.864876575,1.553732401,'No
1864 - 3536,7,1864,CO-1420-1864,Columbine High,'9-12,3536,CO-1420-3536,Governor's Ranch Elementary,'PK-5,2.672517337,1.730269668,'No
1864 - 8280,8,1864,CO-1420-1864,Columbine High,'9-12,8280,CO-1420-8280,Stony Creek Elementary,'PK-5,2.756126087,1.797801455,'No
1864 - 1861,9,1864,CO-1420-1864,Columbine High,'9-12,1861,CO-1420-1861,Columbine Hills Elementary,'PK-5,2.77250724,2.06755573,'No
1864 - 2130,10,1864,CO-1420-1864,Columbine High,'9-12,2130,CO-1420-2130,Deer Creek Middle,'6-8,2.992053166,1.905211615,'No
1864 - 9490,11,1864,CO-1420-1864,Columbine High,'9-12,9490,CO-1420-9490,Westridge Elementary,'K-5,3.213511884,2.442642995,'No
1864 - 1876,12,1864,CO-1420-1864,Columbine High,'9-12,1876,CO-1420-1876,Coronado Elementary,'PK-5,3.290407627,2.306594174,'No
1864 - 9008,13,1864,CO-1420-1864,Columbine High,'9-12,9008,CO-1420-9008,Ute Meadows Elementary,'PK-5,3.959141598,2.841350843,'No
1864 - 8381,14,1864,CO-1420-1864,Columbine High,'9-12,8381,CO-1420-8381,Summit Ridge Middle,'6-8,4.033852323,3.033195743,'No
1864 - 7128,15,1864,CO-1420-1864,Columbine High,'9-12,7128,CO-1420-7128,Powderhorn Elementary,'PK-5,4.207987717,3.20383742,'No
1864 - 6133,16,1864,CO-1420-1864,Columbine High,'9-12,6133,CO-1420-6133,Mortensen Elementary,'PK-5,4.221359536,2.883120008,'No
1864 - 2963,17,1864,CO-1420-1864,Columbine High,'9-12,2963,CO-1420-2963,Falcon Bluffs Middle,'6-8,4.355392567,3.181173891,'No
1864 - 7780,18,1864,CO-1420-1864,Columbine High,'9-12,7780,CO-1420-7780,Shaffer Elementary,'PK-5,4.52686758,3.087383981,'No
1864 - 1522,19,1864,CO-1420-1864,Columbine High,'9-12,1522,CO-1420-1522,Chatfield High,'9-12,4.600066014,3.31452118,'9-12
1864 - 6135,20,1864,CO-1420-1864,Columbine High,'9-12,6135,CO-1420-6135,Mt. Carbon Elementary,'PK-5,4.707240623,3.650395537,'No
1864 - 2120,21,1864,CO-1420-1864,Columbine High,'9-12,2120,CO-1420-2120,D'Evelyn Junior/Senior,'6-12,4.829675815,3.477682215,'9-12
1864 - 2093,22,1864,CO-1420-1864,Columbine High,'9-12,2093,CO-1420-2093,Dakota Ridge High,'9-12,4.941234017,4.026624885,'9-12
1864 - 1001,23,1864,CO-1420-1864,Columbine High,'9-12,1001,CO-1420-1001,Warren Tech South,'11-12,5.058245051,3.95947833,'11-12
1864 - 0664,24,1864,CO-1420-1864,Columbine High,'9-12,664,CO-1420-0664,Bear Creek High,'9-12,5.586452222,4.198649488,'9-12
1864 - 4549,25,1864,CO-1420-1864,Columbine High,'9-12,4549,CO-1420-4549,Kendallvue Elementary,'PK-5,5.939043844,4.504750161,'No
1864 - 0660,26,1864,CO-1420-1864,Columbine High,'9-12,660,CO-1420-0660,Bear Creek K-8,'K-8,6.043857591,4.177720887,'No
1864 - 9412,27,1864,CO-1420-1864,Columbine High,'9-12,9412,CO-1420-9412,Westgate Elementary,'PK-5,6.2070125,4.585827166,'No
1864 - 0950,28,1864,CO-1420-1864,Columbine High,'9-12,950,CO-1420-0950,Bradford K8 South,'K-4,6.617571408,5.199924515,'No
1864 - 3622,29,1864,CO-1420-1864,Columbine High,'9-12,3622,CO-1420-3622,Green Gables Elementary,'PK-5,6.787441202,5.267750458,'No
1864 - 0952,30,1864,CO-1420-1864,Columbine High,'9-12,952,CO-1420-0952,Bradford K8 North,'5-8,7.019482364,5.15602884,'No
1864 - 1318,31,1864,CO-1420-1864,Columbine High,'9-12,1318,CO-1420-1318,Carmody Middle,'6-8,7.138559226,5.516097471,'No
1864 - 0108,32,1864,CO-1420-1864,Columbine High,'9-12,108,CO-1420-0108,Alameda Intl Junior/Senior High,'7-12,7.334956425,6.165219622,'9-12
1864 - 5004,33,1864,CO-1420-1864,Columbine High,'9-12,5004,CO-1420-5004,Lasley Elementary,'K-6,7.833372461,6.040522352,'No
1864 - 6808,34,1864,CO-1420-1864,Columbine High,'9-12,6808,CO-1420-6808,Patterson Elementary,'PK-6,7.910152247,6.304698952,'No
1864 - 4550,35,1864,CO-1420-1864,Columbine High,'9-12,4550,CO-1420-4550,Kendrick Lakes Elementary,'PK-5,8.285587995,6.282427048,'No
1864 - 2300,36,1864,CO-1420-1864,Columbine High,'9-12,2300,CO-1420-2300,Dunstan Middle,'6-8,8.378520416,6.532103772,'No
1864 - 2194,37,1864,CO-1420-1864,Columbine High,'9-12,2194,CO-1420-2194,Devinny Elementary,'K-5,8.514434067,6.640758103,'No
1864 - 4190,38,1864,CO-1420-1864,Columbine High,'9-12,4190,CO-1420-4190,Hutchinson Elementary,'PK-5,8.65780187,6.53545163,'No
1864 - 0724,39,1864,CO-1420-1864,Columbine High,'9-12,724,CO-1420-0724,Belmar School of Integrated Arts,'K-5,8.689501253,6.874090401,'No
1864 - 7483,40,1864,CO-1420-1864,Columbine High,'9-12,7483,CO-1420-7483,Rooney Ranch Elementary,'K-5,8.862660849,6.531722426,'No
1864 - 0965,41,1864,CO-1420-1864,Columbine High,'9-12,965,CO-1420-0965,Brady Exploration School,'10-12,8.92909162,6.814697422,'10-12
1864 - 8090,42,1864,CO-1420-1864,Columbine High,'9-12,8090,CO-1420-8090,Deane Elementary,'PK-6,9.008573166,7.110151051,'No
1864 - 7282,43,1864,CO-1420-1864,Columbine High,'9-12,7282,CO-1420-7282,Red Rocks Elementary,'K-5,9.058579559,7.482222212,'No
1864 - 7468,44,1864,CO-1420-1864,Columbine High,'9-12,7468,CO-1420-7468,Rose Stein International Elementary,'PK-6,9.116493409,7.687725503,'No
1864 - 3628,45,1864,CO-1420-1864,Columbine High,'9-12,3628,CO-1420-3628,Green Mountain High,'9-12,9.190851061,7.242184398,'9-12
1864 - 8102,46,1864,CO-1420-1864,Columbine High,'9-12,8102,CO-1420-8102,South Lakewood Elementary,'K-5,9.49478949,7.97453062,'No
1864 - 3025,47,1864,CO-1420-1864,Columbine High,'9-12,3025,CO-1420-3025,Foothills Elementary,'PK-5,9.594424619,7.805396708,'No
1864 - 1976,48,1864,CO-1420-1864,Columbine High,'9-12,1976,CO-1420-1976,Creighton Middle,'6-8,9.955788956,8.004305032,'No
,,,CO-1420-,,',,CO-1420-,,',,,#N/A
1876 - 6133,2,1876,CO-1420-1876,Coronado Elementary,'PK-5,6133,CO-1420-6133,Mortensen Elementary,'PK-5,1.222461787,0.931792145,'PK-5
1876 - 8280,3,1876,CO-1420-1876,Coronado Elementary,'PK-5,8280,CO-1420-8280,Stony Creek Elementary,'PK-5,1.275025369,0.936159082,'PK-5
1876 - 2963,4,1876,CO-1420-1876,Coronado Elementary,'PK-5,2963,CO-1420-2963,Falcon Bluffs Middle,'6-8,1.296996582,0.920892381,'No
1876 - 2130,5,1876,CO-1420-1876,Coronado Elementary,'PK-5,2130,CO-1420-2130,Deer Creek Middle,'6-8,1.713702675,1.140445101,'No
1876 - 7780,6,1876,CO-1420-1876,Coronado Elementary,'PK-5,7780,CO-1420-7780,Shaffer Elementary,'PK-5,1.758945984,1.251002958,'PK-5
1876 - 4548,7,1876,CO-1420-1876,Coronado Elementary,'PK-5,4548,CO-1420-4548,Ken Caryl Middle,'6-8,1.808177249,1.244167776,'No
1876 - 2322,8,1876,CO-1420-1876,Coronado Elementary,'PK-5,2322,CO-1420-2322,Dutch Creek Elementary,'PK-5,1.843342348,1.188122908,'PK-5
1876 - 1861,9,1876,CO-1420-1876,Coronado Elementary,'PK-5,1861,CO-1420-1861,Columbine Hills Elementary,'PK-5,2.354313119,1.556271565,'PK-5
1876 - 9008,10,1876,CO-1420-1876,Coronado Elementary,'PK-5,9008,CO-1420-9008,Ute Meadows Elementary,'PK-5,2.66899653,1.866651215,'PK-5
1876 - 6286,11,1876,CO-1420-1876,Coronado Elementary,'PK-5,6286,CO-1420-6286,Normandy Elementary,'PK-5,2.719312528,1.920614019,'PK-5
1876 - 1522,12,1876,CO-1420-1876,Coronado Elementary,'PK-5,1522,CO-1420-1522,Chatfield High,'9-12,3.112974444,2.419109379,'No
1876 - 1864,13,1876,CO-1420-1876,Coronado Elementary,'PK-5,1864,CO-1420-1864,Columbine High,'9-12,3.290407627,2.306594174,'No
1876 - 5036,14,1876,CO-1420-1876,Coronado Elementary,'PK-5,5036,CO-1420-5036,Leawood Elementary,'PK-5,3.634289494,2.656720903,'PK-5
1876 - 8381,15,1876,CO-1420-1876,Coronado Elementary,'PK-5,8381,CO-1420-8381,Summit Ridge Middle,'6-8,3.879098983,3.001366582,'No
1876 - 3536,16,1876,CO-1420-1876,Coronado Elementary,'PK-5,3536,CO-1420-3536,Governor's Ranch Elementary,'PK-5,3.905190419,3.291771409,'PK-5
1876 - 7128,17,1876,CO-1420-1876,Coronado Elementary,'PK-5,7128,CO-1420-7128,Powderhorn Elementary,'PK-5,4.053234377,3.128360024,'PK-5
1876 - 9490,18,1876,CO-1420-1876,Coronado Elementary,'PK-5,9490,CO-1420-9490,Westridge Elementary,'K-5,4.089266148,3.173851779,'K-5
1876 - 0950,19,1876,CO-1420-1876,Coronado Elementary,'PK-5,950,CO-1420-0950,Bradford K8 South,'K-4,4.701353755,3.81316292,'K-4
1876 - 0951,20,1876,CO-1420-1876,Coronado Elementary,'PK-5,951,CO-1420-0951,Blue Heron Elementary,'PK-5,4.709219382,3.127785958,'PK-5
1876 - 1001,21,1876,CO-1420-1876,Coronado Elementary,'PK-5,1001,CO-1420-1001,Warren Tech South,'11-12,4.943390262,3.682605496,'No
1876 - 0952,22,1876,CO-1420-1876,Coronado Elementary,'PK-5,952,CO-1420-0952,Bradford K8 North,'5-8,5.113367937,4.160970359,'5
1876 - 2093,23,1876,CO-1420-1876,Coronado Elementary,'PK-5,2093,CO-1420-2093,Dakota Ridge High,'9-12,5.209943987,3.847783986,'No
1876 - 6135,24,1876,CO-1420-1876,Coronado Elementary,'PK-5,6135,CO-1420-6135,Mt. Carbon Elementary,'PK-5,5.482684606,3.914685449,'PK-5
1876 - 2120,25,1876,CO-1420-1876,Coronado Elementary,'PK-5,2120,CO-1420-2120,D'Evelyn Junior/Senior,'6-12,6.170472304,5.041453835,'No
1876 - 4549,26,1876,CO-1420-1876,Coronado Elementary,'PK-5,4549,CO-1420-4549,Kendallvue Elementary,'PK-5,6.856278415,5.147432649,'PK-5
1876 - 0664,27,1876,CO-1420-1876,Coronado Elementary,'PK-5,664,CO-1420-0664,Bear Creek High,'9-12,6.929585565,5.972834014,'No
1876 - 0660,28,1876,CO-1420-1876,Coronado Elementary,'PK-5,660,CO-1420-0660,Bear Creek K-8,'K-8,7.411285101,6.054591688,'K-5
1876 - 9412,29,1876,CO-1420-1876,Coronado Elementary,'PK-5,9412,CO-1420-9412,Westgate Elementary,'PK-5,7.57444001,6.627896078,'PK-5
1876 - 3622,30,1876,CO-1420-1876,Coronado Elementary,'PK-5,3622,CO-1420-3622,Green Gables Elementary,'PK-5,8.154868712,7.306948352,'PK-5
1876 - 1318,31,1876,CO-1420-1876,Coronado Elementary,'PK-5,1318,CO-1420-1318,Carmody Middle,'6-8,8.481692569,7.414677478,'No
1876 - 0108,32,1876,CO-1420-1876,Coronado Elementary,'PK-5,108,CO-1420-0108,Alameda Intl Junior/Senior High,'7-12,8.702383935,8.295315638,'No
1876 - 5004,33,1876,CO-1420-1876,Coronado Elementary,'PK-5,5004,CO-1420-5004,Lasley Elementary,'K-6,9.203798248,8.268206425,'K-5
1876 - 6808,34,1876,CO-1420-1876,Coronado Elementary,'PK-5,6808,CO-1420-6808,Patterson Elementary,'PK-6,9.277579757,8.351376317,'PK-5
1876 - 4550,35,1876,CO-1420-1876,Coronado Elementary,'PK-5,4550,CO-1420-4550,Kendrick Lakes Elementary,'PK-5,9.653015506,8.256231058,'PK-5
1876 - 2300,36,1876,CO-1420-1876,Coronado Elementary,'PK-5,2300,CO-1420-2300,Dunstan Middle,'6-8,9.719786548,8.120248716,'No
1876 - 2194,37,1876,CO-1420-1876,Coronado Elementary,'PK-5,2194,CO-1420-2194,Devinny Elementary,'K-5,9.855700199,8.229932919,'K-5
1876 - 7282,38,1876,CO-1420-1876,Coronado Elementary,'PK-5,7282,CO-1420-7282,Red Rocks Elementary,'K-5,9.937894136,8.113704077,'K-5
1876 - 4190,39,1876,CO-1420-1876,Coronado Elementary,'PK-5,4190,CO-1420-4190,Hutchinson Elementary,'PK-5,9.999068002,8.023358954,'PK-5
,,,CO-1420-,,',,CO-1420-,,',,,#N/A
1886 - 9424,2,1886,CO-1420-1886,Conifer High,'9-12,9424,CO-1420-9424,West Jefferson Elementary,'PK-5,1.634347625,1.072735203,'No
1886 - 9428,3,1886,CO-1420-1886,Conifer High,'9-12,9428,CO-1420-9428,West Jefferson Middle,'6-8,2.358982505,1.407306982,'No
1886 - 5580,4,1886,CO-1420-1886,Conifer High,'9-12,5580,CO-1420-5580,Marshdale Elementary,'PK-5,5.409926304,4.228964108,'No
1886 - 2616,5,1886,CO-1420-1886,Conifer High,'9-12,2616,CO-1420-2616,Elk Creek Elementary,'PK-5,6.710640821,4.867252696,'No
1886 - 2836,6,1886,CO-1420-1886,Conifer High,'9-12,2836,CO-1420-2836,Evergreen High,'9-12,8.9095435,6.46233145,'9-12
1886 - 9648,7,1886,CO-1420-1886,Conifer High,'9-12,9648,CO-1420-9648,Wilmot Elementary,'PK-5,9.220932985,6.509908026,'No
,,,CO-1420-,,',,CO-1420-,,',,,#N/A
1976 - 5892,2,1976,CO-1420-1976,Creighton Middle,'6-8,5892,CO-1420-5892,Fletcher Miller Special,'PK-12,0.491519244,0.167443085,'6-8
1976 - 9432,3,1976,CO-1420-1976,Creighton Middle,'6-8,9432,CO-1420-9432,Dennison Elementary,'K-6,0.72148903,0.261250815,'6
1976 - 8102,4,1976,CO-1420-1976,Creighton Middle,'6-8,8102,CO-1420-8102,South Lakewood Elementary,'K-5,0.814843727,0.742297168,'No
1976 - 4942,5,1976,CO-1420-1976,Creighton Middle,'6-8,4942,CO-1420-4942,Lakewood High,'9-12,1.340688202,0.706577701,'No
1976 - 0724,6,1976,CO-1420-1976,Creighton Middle,'6-8,724,CO-1420-0724,Belmar School of Integrated Arts,'K-5,1.600993467,1.131183226,'No
1976 - 2550,7,1976,CO-1420-1976,Creighton Middle,'6-8,2550,CO-1420-2550,Eiber Elementary,'PK-5,1.868370168,1.383943704,'No
1976 - 4550,8,1976,CO-1420-1976,Creighton Middle,'6-8,4550,CO-1420-4550,Kendrick Lakes Elementary,'PK-5,2.088013002,1.742836293,'No
1976 - 7468,9,1976,CO-1420-1976,Creighton Middle,'6-8,7468,CO-1420-7468,Rose Stein International Elementary,'PK-6,2.107892237,1.662053135,'6
1976 - 6539,10,1976,CO-1420-1976,Creighton Middle,'6-8,6539,CO-1420-6539,JeffCo Open Elementary,'PK-6,2.219025481,1.667506822,'6
1976 - 6808,11,1976,CO-1420-1976,Creighton Middle,'6-8,6808,CO-1420-6808,Patterson Elementary,'PK-6,2.404056122,1.719426278,'6
1976 - 9234,12,1976,CO-1420-1976,Creighton Middle,'6-8,9234,CO-1420-9234,Warren Tech Central,'11-12,2.729261092,2.259913953,'No
1976 - 7962,13,1976,CO-1420-1976,Creighton Middle,'6-8,7962,CO-1420-7962,Slater Elementary,'PK-5,2.858437634,2.454226681,'No
1976 - 3025,14,1976,CO-1420-1976,Creighton Middle,'6-8,3025,CO-1420-3025,Foothills Elementary,'PK-5,2.962325639,2.331898136,'No
1976 - 5623,15,1976,CO-1420-1976,Creighton Middle,'6-8,5623,CO-1420-5623,Long View,'10-12,3.080591373,2.437641323,'No
1976 - 0108,16,1976,CO-1420-1976,Creighton Middle,'6-8,108,CO-1420-0108,Alameda Intl Junior/Senior High,'7-12,3.087960405,2.066405873,'7-8
1976 - 8090,17,1976,CO-1420-1976,Creighton Middle,'6-8,8090,CO-1420-8090,Deane Elementary,'PK-6,3.184522726,2.495013666,'6
1976 - 1318,18,1976,CO-1420-1976,Creighton Middle,'6-8,1318,CO-1420-1318,Carmody Middle,'6-8,3.196747616,2.611963929,'6-8
1976 - 9342,19,1976,CO-1420-1976,Creighton Middle,'6-8,9342,CO-1420-9342,Welchester Elementary,'PK-5,3.203287912,2.259195436,'No
1976 - 0033,20,1976,CO-1420-1976,Creighton Middle,'6-8,33,CO-1420-0033,McLain Community High School,'9-12,3.226999271,2.404450495,'No
1976 - 3622,21,1976,CO-1420-1976,Creighton Middle,'6-8,3622,CO-1420-3622,Green Gables Elementary,'PK-5,3.400903376,2.738082269,'No
1976 - 2194,22,1976,CO-1420-1976,Creighton Middle,'6-8,2194,CO-1420-2194,Devinny Elementary,'K-5,3.512901688,2.791396934,'No
1976 - 3628,23,1976,CO-1420-1976,Creighton Middle,'6-8,3628,CO-1420-3628,Green Mountain High,'9-12,3.526703108,2.611679725,'No
1976 - 2300,24,1976,CO-1420-1976,Creighton Middle,'6-8,2300,CO-1420-2300,Dunstan Middle,'6-8,3.636655269,2.844685826,'6-8
1976 - 5004,25,1976,CO-1420-1976,Creighton Middle,'6-8,5004,CO-1420-5004,Lasley Elementary,'K-6,3.811625637,2.792446222,'6
1976 - 9510,26,1976,CO-1420-1976,Creighton Middle,'6-8,9510,CO-1420-9510,Wheat Ridge High,'9-12,3.817778187,3.244041588,'No
1976 - 4830,27,1976,CO-1420-1976,Creighton Middle,'6-8,4830,CO-1420-4830,Kyffin Elementary,'PK-5,3.827429327,2.798139847,'No
1976 - 4422,28,1976,CO-1420-1976,Creighton Middle,'6-8,4422,CO-1420-4422,Jefferson Junior/Senior High,'7-12,3.879876473,2.911305396,'7-8
1976 - 5354,29,1976,CO-1420-1976,Creighton Middle,'6-8,5354,CO-1420-5354,Lumberg Elementary,'PK-6,3.917654134,2.917578953,'6
1976 - 8276,30,1976,CO-1420-1976,Creighton Middle,'6-8,8276,CO-1420-8276,Stober Elementary,'K-5,3.934601146,2.734428377,'No
1976 - 0965,31,1976,CO-1420-1976,Creighton Middle,'6-8,965,CO-1420-0965,Brady Exploration School,'10-12,3.947466964,2.995931818,'No
1976 - 2820,32,1976,CO-1420-1976,Creighton Middle,'6-8,2820,CO-1420-2820,Everitt Middle,'6-8,4.123291835,3.682834574,'6-8
1976 - 9412,33,1976,CO-1420-1976,Creighton Middle,'6-8,9412,CO-1420-9412,Westgate Elementary,'PK-5,4.176186096,3.418584976,'No
1976 - 4190,34,1976,CO-1420-1976,Creighton Middle,'6-8,4190,CO-1420-4190,Hutchinson Elementary,'PK-5,4.218003921,3.249442463,'No
1976 - 7190,35,1976,CO-1420-1976,Creighton Middle,'6-8,7190,CO-1420-7190,Prospect Valley Elementary,'K-5,4.247300718,3.37968921,'No
1976 - 7483,36,1976,CO-1420-1976,Creighton Middle,'6-8,7483,CO-1420-7483,Rooney Ranch Elementary,'K-5,4.738470419,3.630544155,'No
1976 - 2496,37,1976,CO-1420-1976,Creighton Middle,'6-8,2496,CO-1420-2496,Edgewater Elementary,'PK-6,4.774357551,3.493095007,'6
1976 - 0660,38,1976,CO-1420-1976,Creighton Middle,'6-8,660,CO-1420-0660,Bear Creek K-8,'K-8,4.801718549,3.953321472,'6-8
1976 - 0664,39,1976,CO-1420-1976,Creighton Middle,'6-8,664,CO-1420-0664,Bear Creek High,'9-12,4.826567826,4.090630748,'No
1976 - 3201,40,1976,CO-1420-1976,Creighton Middle,'6-8,3201,CO-1420-3201,Free Horizon Montessori,'PK-8,4.857154843,3.936151636,'6-8
1976 - 6285,41,1976,CO-1420-1976,Creighton Middle,'6-8,6285,CO-1420-6285,Norma Anderson Early Learning Center,'PK,4.969353048,4.272848527,'No
1976 - 8223,42,1976,CO-1420-1976,Creighton Middle,'6-8,8223,CO-1420-8223,Stevens Elementary,'PK-5,4.996556998,4.01680983,'No
1976 - 6848,43,1976,CO-1420-1976,Creighton Middle,'6-8,6848,CO-1420-6848,Peak Expeditionary-Pennington,'PK-5,5.018899407,4.372433374,'No
1976 - 8036,44,1976,CO-1420-1976,Creighton Middle,'6-8,8036,CO-1420-8036,Sobesky Academy,'K-12,5.246919753,4.164411635,'6-8
1976 - 5472,45,1976,CO-1420-1976,Creighton Middle,'6-8,5472,CO-1420-5472,Manning,'6-8,5.24718893,3.692921442,'6-8
1976 - 5524,46,1976,CO-1420-1976,Creighton Middle,'6-8,5524,CO-1420-5524,Maple Grove Elementary,'PK-5,5.337679107,3.624159976,'No
1976 - 0694,47,1976,CO-1420-1976,Creighton Middle,'6-8,694,CO-1420-0694,Bell Middle,'6-8,5.786417108,4.83581288,'6-8
1976 - 2120,48,1976,CO-1420-1976,Creighton Middle,'6-8,2120,CO-1420-2120,D'Evelyn Junior/Senior,'6-12,6.113743711,5.112159822,'6-8
1976 - 4798,49,1976,CO-1420-1976,Creighton Middle,'6-8,4798,CO-1420-4798,Connections Learning Center,'6-8,6.280801974,5.077991037,'6-8
1976 - 5024,50,1976,CO-1420-1976,Creighton Middle,'6-8,5024,CO-1420-5024,Lawrence Elementary,'K-5,6.829818324,5.688701058,'No
1976 - 7833,51,1976,CO-1420-1976,Creighton Middle,'6-8,7833,CO-1420-7833,Shelton Elementary,'PK-5,6.830515751,5.752573105,'No
1976 - 3088,52,1976,CO-1420-1976,Creighton Middle,'6-8,3088,CO-1420-3088,Foster Dual Language PK-8 School,'PK-8,6.855874173,5.463391864,'6-8
1976 - 9058,53,1976,CO-1420-1976,Creighton Middle,'6-8,9058,CO-1420-9058,Vanderhoof Elementary,'K-5,6.963658784,6.009814739,'No
1976 - 2288,54,1976,CO-1420-1976,Creighton Middle,'6-8,2288,CO-1420-2288,Drake Middle,'6-8,7.012590146,5.353561814,'6-8
1976 - 3502,55,1976,CO-1420-1976,Creighton Middle,'6-8,3502,CO-1420-3502,Golden High,'9-12,7.046700964,5.826347462,'No
1976 - 9245,56,1976,CO-1420-1976,Creighton Middle,'6-8,9245,CO-1420-9245,Warren Tech North,'11-12,7.319283021,6.378005328,'No
1976 - 0378,57,1976,CO-1420-1976,Creighton Middle,'6-8,378,CO-1420-0378,Arvada West High,'9-12,7.460799289,6.477846146,'No
1976 - 1244,58,1976,CO-1420-1976,Creighton Middle,'6-8,1244,CO-1420-1244,Campbell Early Learning Center,'PK,7.496628329,6.814368288,'No
1976 - 3536,59,1976,CO-1420-1976,Creighton Middle,'6-8,3536,CO-1420-3536,Governor's Ranch Elementary,'PK-5,7.656705501,6.715256298,'No
1976 - 3216,60,1976,CO-1420-1976,Creighton Middle,'6-8,3216,CO-1420-3216,Fremont Elementary,'K-5,7.903332279,6.722141023,'No
1976 - 7708,61,1976,CO-1420-1976,Creighton Middle,'6-8,7708,CO-1420-7708,Secrest Elementary,'PK-5,7.973284354,6.854780302,'No
1976 - 0370,62,1976,CO-1420-1976,Creighton Middle,'6-8,370,CO-1420-0370,Arvada High,'9-12,8.087022622,6.87020025,'No
1976 - 9490,63,1976,CO-1420-1976,Creighton Middle,'6-8,9490,CO-1420-9490,Westridge Elementary,'K-5,8.160911774,7.193829058,'No
1976 - 4549,64,1976,CO-1420-1976,Creighton Middle,'6-8,4549,CO-1420-4549,Kendallvue Elementary,'PK-5,8.213972248,6.439793354,'No
1976 - 7282,65,1976,CO-1420-1976,Creighton Middle,'6-8,7282,CO-1420-7282,Red Rocks Elementary,'K-5,8.270766216,6.36630895,'No
1976 - 2866,66,1976,CO-1420-1976,Creighton Middle,'6-8,2866,CO-1420-2866,Fairmount Elementary,'K-5,8.58009573,6.146633221,'No
1976 - 8300,67,1976,CO-1420-1976,Creighton Middle,'6-8,8300,CO-1420-8300,Stott Elementary,'PK-5,8.663359398,7.076305639,'No
1976 - 8432,68,1976,CO-1420-1976,Creighton Middle,'6-8,8432,CO-1420-8432,Swanson Elementary,'K-5,8.800100539,7.455543864,'No
1976 - 6470,69,1976,CO-1420-1976,Creighton Middle,'6-8,6470,CO-1420-6470,Oberon Middle,'6-8,8.8700722,7.848154087,'6-8
1976 - 5944,70,1976,CO-1420-1976,Creighton Middle,'6-8,5944,CO-1420-5944,Mitchell Elementary,'K-5,8.951759558,7.341165778,'No
1976 - 6330,71,1976,CO-1420-1976,Creighton Middle,'6-8,6330,CO-1420-6330,North Arvada Middle,'6-8,9.228667635,7.851024843,'6-8
1976 - 6135,72,1976,CO-1420-1976,Creighton Middle,'6-8,6135,CO-1420-6135,Mt. Carbon Elementary,'PK-5,9.288036526,7.406454093,'No
1976 - 8381,73,1976,CO-1420-1976,Creighton Middle,'6-8,8381,CO-1420-8381,Summit Ridge Middle,'6-8,9.297899403,8.007546635,'6-8
1976 - 3726,74,1976,CO-1420-1976,Creighton Middle,'6-8,3726,CO-1420-3726,Hackberry Hill Elementary,'K-5,9.457517723,8.188307107,'No
1976 - 7128,75,1976,CO-1420-1976,Creighton Middle,'6-8,7128,CO-1420-7128,Powderhorn Elementary,'PK-5,9.472034797,8.036201748,'No
1976 - 7870,76,1976,CO-1420-1976,Creighton Middle,'6-8,7870,CO-1420-7870,Sierra Elementary,'PK-5,9.554308008,8.373421379,'No
1976 - 9232,77,1976,CO-1420-1976,Creighton Middle,'6-8,9232,CO-1420-9232,Warder Elementary,'PK-5,9.735944296,8.271967268,'No
1976 - 0951,78,1976,CO-1420-1976,Creighton Middle,'6-8,951,CO-1420-0951,Blue Heron Elementary,'PK-5,9.864167145,7.608688332,'No
1976 - 2093,79,1976,CO-1420-1976,Creighton Middle,'6-8,2093,CO-1420-2093,Dakota Ridge High,'9-12,9.886421559,8.12257262,'No
1976 - 1864,80,1976,CO-1420-1976,Creighton Middle,'6-8,1864,CO-1420-1864,Columbine High,'9-12,9.955788956,8.004305032,'No
1976 - 5036,81,1976,CO-1420-1976,Creighton Middle,'6-8,5036,CO-1420-5036,Leawood Elementary,'PK-5,9.956311162,7.950745946,'No
1976 - 9008,82,1976,CO-1420-1976,Creighton Middle,'6-8,9008,CO-1420-9008,Ute Meadows Elementary,'PK-5,9.961658137,9.162662363,'No
,,,CO-1420-,,',,CO-1420-,,',,,#N/A
2093 - 1001,2,2093,CO-1420-2093,Dakota Ridge High,'9-12,1001,CO-1420-1001,Warren Tech South,'11-12,0.482560628,0.205445612,'11-12
2093 - 6135,3,2093,CO-1420-2093,Dakota Ridge High,'9-12,6135,CO-1420-6135,Mt. Carbon Elementary,'PK-5,1.31729478,0.758997084,'No
2093 - 7128,4,2093,CO-1420-2093,Dakota Ridge High,'9-12,7128,CO-1420-7128,Powderhorn Elementary,'PK-5,1.329181763,0.83101719,'No
2093 - 8381,5,2093,CO-1420-2093,Dakota Ridge High,'9-12,8381,CO-1420-8381,Summit Ridge Middle,'6-8,1.39912781,1.000620712,'No
2093 - 9490,6,2093,CO-1420-2093,Dakota Ridge High,'9-12,9490,CO-1420-9490,Westridge Elementary,'K-5,2.237292757,1.784420527,'No
2093 - 4549,7,2093,CO-1420-2093,Dakota Ridge High,'9-12,4549,CO-1420-4549,Kendallvue Elementary,'PK-5,2.263731456,1.811388126,'No
2093 - 1522,8,2093,CO-1420-2093,Dakota Ridge High,'9-12,1522,CO-1420-1522,Chatfield High,'9-12,2.805066014,1.559765189,'9-12
2093 - 9008,9,2093,CO-1420-2093,Dakota Ridge High,'9-12,9008,CO-1420-9008,Ute Meadows Elementary,'PK-5,3.150153967,2.014898738,'No
2093 - 3536,10,2093,CO-1420-2093,Dakota Ridge High,'9-12,3536,CO-1420-3536,Governor's Ranch Elementary,'PK-5,3.598351003,2.91189466,'No
2093 - 2130,11,2093,CO-1420-2093,Dakota Ridge High,'9-12,2130,CO-1420-2130,Deer Creek Middle,'6-8,4.088716408,2.822050433,'No
2093 - 0950,12,2093,CO-1420-2093,Dakota Ridge High,'9-12,950,CO-1420-0950,Bradford K8 South,'K-4,4.233883959,2.419471986,'No
2093 - 2120,13,2093,CO-1420-2093,Dakota Ridge High,'9-12,2120,CO-1420-2120,D'Evelyn Junior/Senior,'6-12,4.291474571,3.277454581,'9-12
2093 - 7780,14,2093,CO-1420-2093,Dakota Ridge High,'9-12,7780,CO-1420-7780,Shaffer Elementary,'PK-5,4.515236631,2.999773231,'No
2093 - 8280,15,2093,CO-1420-2093,Dakota Ridge High,'9-12,8280,CO-1420-8280,Stony Creek Elementary,'PK-5,4.549037534,3.079299139,'No
2093 - 0952,16,2093,CO-1420-2093,Dakota Ridge High,'9-12,952,CO-1420-0952,Bradford K8 North,'5-8,4.635794914,1.733938908,'No
2093 - 6133,17,2093,CO-1420-2093,Dakota Ridge High,'9-12,6133,CO-1420-6133,Mortensen Elementary,'PK-5,4.819145661,3.220782259,'No
2093 - 1864,18,2093,CO-1420-2093,Dakota Ridge High,'9-12,1864,CO-1420-1864,Columbine High,'9-12,4.941234017,4.026624885,'9-12
2093 - 5036,19,2093,CO-1420-2093,Dakota Ridge High,'9-12,5036,CO-1420-5036,Leawood Elementary,'PK-5,4.946402944,4.483518344,'No
2093 - 2322,20,2093,CO-1420-2093,Dakota Ridge High,'9-12,2322,CO-1420-2322,Dutch Creek Elementary,'PK-5,5.130657484,4.009558599,'No
2093 - 7282,21,2093,CO-1420-2093,Dakota Ridge High,'9-12,7282,CO-1420-7282,Red Rocks Elementary,'K-5,5.147781198,4.402499608,'No
2093 - 1876,22,2093,CO-1420-2093,Dakota Ridge High,'9-12,1876,CO-1420-1876,Coronado Elementary,'PK-5,5.209943987,3.847783986,'No
2093 - 6286,23,2093,CO-1420-2093,Dakota Ridge High,'9-12,6286,CO-1420-6286,Normandy Elementary,'PK-5,5.315389025,4.619679025,'No
2093 - 2963,24,2093,CO-1420-2093,Dakota Ridge High,'9-12,2963,CO-1420-2963,Falcon Bluffs Middle,'6-8,5.324555952,3.81678541,'No
2093 - 0664,25,2093,CO-1420-2093,Dakota Ridge High,'9-12,664,CO-1420-0664,Bear Creek High,'9-12,5.524605256,4.257896213,'9-12
2093 - 0951,26,2093,CO-1420-2093,Dakota Ridge High,'9-12,951,CO-1420-0951,Blue Heron Elementary,'PK-5,5.739964124,4.725020198,'No
2093 - 4548,27,2093,CO-1420-2093,Dakota Ridge High,'9-12,4548,CO-1420-4548,Ken Caryl Middle,'6-8,5.773739466,4.53934142,'No
2093 - 0660,28,2093,CO-1420-2093,Dakota Ridge High,'9-12,660,CO-1420-0660,Bear Creek K-8,'K-8,6.05409807,4.549483846,'No
2093 - 1861,29,2093,CO-1420-2093,Dakota Ridge High,'9-12,1861,CO-1420-1861,Columbine Hills Elementary,'PK-5,6.333732244,5.116789257,'No
2093 - 9412,30,2093,CO-1420-2093,Dakota Ridge High,'9-12,9412,CO-1420-9412,Westgate Elementary,'PK-5,7.008161388,5.404443193,'No
2093 - 1318,31,2093,CO-1420-2093,Dakota Ridge High,'9-12,1318,CO-1420-1318,Carmody Middle,'6-8,7.07525301,5.62874592,'No
2093 - 7483,32,2093,CO-1420-2093,Dakota Ridge High,'9-12,7483,CO-1420-7483,Rooney Ranch Elementary,'K-5,7.281552101,5.05183131,'No
2093 - 4190,33,2093,CO-1420-2093,Dakota Ridge High,'9-12,4190,CO-1420-4190,Hutchinson Elementary,'PK-5,7.711104028,5.294686287,'No
2093 - 3622,34,2093,CO-1420-2093,Dakota Ridge High,'9-12,3622,CO-1420-3622,Green Gables Elementary,'PK-5,8.118067844,5.927151798,'No
2093 - 2300,35,2093,CO-1420-2093,Dakota Ridge High,'9-12,2300,CO-1420-2300,Dunstan Middle,'6-8,8.299803794,5.554119794,'No
2093 - 4550,36,2093,CO-1420-2093,Dakota Ridge High,'9-12,4550,CO-1420-4550,Kendrick Lakes Elementary,'PK-5,8.331196768,6.525915384,'No
2093 - 2194,37,2093,CO-1420-2093,Dakota Ridge High,'9-12,2194,CO-1420-2194,Devinny Elementary,'K-5,8.435717444,5.650681245,'No
2093 - 3628,38,2093,CO-1420-2093,Dakota Ridge High,'9-12,3628,CO-1420-3628,Green Mountain High,'9-12,8.837995018,6.165222549,'9-12
2093 - 6808,39,2093,CO-1420-2093,Dakota Ridge High,'9-12,6808,CO-1420-6808,Patterson Elementary,'PK-6,8.892629903,6.820243764,'No
2093 - 0724,40,2093,CO-1420-2093,Dakota Ridge High,'9-12,724,CO-1420-0724,Belmar School of Integrated Arts,'K-5,9.039955712,7.177833844,'No
2093 - 0108,41,2093,CO-1420-2093,Dakota Ridge High,'9-12,108,CO-1420-0108,Alameda Intl Junior/Senior High,'7-12,9.203477339,7.055649891,'9-12
2093 - 3025,42,2093,CO-1420-2093,Dakota Ridge High,'9-12,3025,CO-1420-3025,Foothills Elementary,'PK-5,9.336771493,6.780059646,'No
2093 - 5004,43,2093,CO-1420-2093,Dakota Ridge High,'9-12,5004,CO-1420-5004,Lasley Elementary,'K-6,9.707163254,7.466523815,'No
2093 - 1976,44,2093,CO-1420-2093,Dakota Ridge High,'9-12,1976,CO-1420-1976,Creighton Middle,'6-8,9.886421559,8.12257262,'No
2093 - 5892,45,2093,CO-1420-2093,Dakota Ridge High,'9-12,5892,CO-1420-5892,Fletcher Miller Special,'PK-12,9.935487828,8.231835362,'9-12
2093 - 6804,46,2093,CO-1420-2093,Dakota Ridge High,'9-12,6804,CO-1420-6804,Parmalee Elementary,'K-5,9.938012634,6.787874549,'No
2093 - 7833,47,2093,CO-1420-2093,Dakota Ridge High,'9-12,7833,CO-1420-7833,Shelton Elementary,'PK-5,9.940286459,8.830431693,'No
,,,CO-1420-,,',,CO-1420-,,',,,#N/A
2120 - 0664,2,2120,CO-1420-2120,D'Evelyn Junior/Senior,'6-12,664,CO-1420-0664,Bear Creek High,'9-12,1.748263769,1.035120842,'9-12
2120 - 0660,3,2120,CO-1420-2120,D'Evelyn Junior/Senior,'6-12,660,CO-1420-0660,Bear Creek K-8,'K-8,2.277756583,1.280543719,'6-8
2120 - 3536,4,2120,CO-1420-2120,D'Evelyn Junior/Senior,'6-12,3536,CO-1420-3536,Governor's Ranch Elementary,'PK-5,2.530592359,1.815253745,'No
2120 - 4549,5,2120,CO-1420-2120,D'Evelyn Junior/Senior,'6-12,4549,CO-1420-4549,Kendallvue Elementary,'PK-5,2.654523723,2.142584294,'No
2120 - 9490,6,2120,CO-1420-2120,D'Evelyn Junior/Senior,'6-12,9490,CO-1420-9490,Westridge Elementary,'K-5,3.024979765,2.081696996,'No
2120 - 9412,7,2120,CO-1420-2120,D'Evelyn Junior/Senior,'6-12,9412,CO-1420-9412,Westgate Elementary,'PK-5,3.205681967,2.127030174,'No
2120 - 1318,8,2120,CO-1420-2120,D'Evelyn Junior/Senior,'6-12,1318,CO-1420-1318,Carmody Middle,'6-8,3.300370773,2.506409037,'6-8
2120 - 6135,9,2120,CO-1420-2120,D'Evelyn Junior/Senior,'6-12,6135,CO-1420-6135,Mt. Carbon Elementary,'PK-5,3.692811202,2.51846762,'No
2120 - 8381,10,2120,CO-1420-2120,D'Evelyn Junior/Senior,'6-12,8381,CO-1420-8381,Summit Ridge Middle,'6-8,3.702674079,2.938172048,'6-8
2120 - 7128,11,2120,CO-1420-2120,D'Evelyn Junior/Senior,'6-12,7128,CO-1420-7128,Powderhorn Elementary,'PK-5,3.876809473,2.992162519,'No
2120 - 2093,12,2120,CO-1420-2120,D'Evelyn Junior/Senior,'6-12,2093,CO-1420-2093,Dakota Ridge High,'9-12,4.291474571,3.277454581,'9-12
2120 - 3622,13,2120,CO-1420-2120,D'Evelyn Junior/Senior,'6-12,3622,CO-1420-3622,Green Gables Elementary,'PK-5,4.343185606,2.673630728,'No
2120 - 1001,14,2120,CO-1420-2120,D'Evelyn Junior/Senior,'6-12,1001,CO-1420-1001,Warren Tech South,'11-12,4.474727915,3.400222527,'11-12
2120 - 2300,15,2120,CO-1420-2120,D'Evelyn Junior/Senior,'6-12,2300,CO-1420-2300,Dunstan Middle,'6-8,4.527125946,3.10394503,'6-8
2120 - 4550,16,2120,CO-1420-2120,D'Evelyn Junior/Senior,'6-12,4550,CO-1420-4550,Kendrick Lakes Elementary,'PK-5,4.55631453,3.40534202,'No
2120 - 2194,17,2120,CO-1420-2120,D'Evelyn Junior/Senior,'6-12,2194,CO-1420-2194,Devinny Elementary,'K-5,4.663039596,3.213885277,'No
2120 - 0951,18,2120,CO-1420-2120,D'Evelyn Junior/Senior,'6-12,951,CO-1420-0951,Blue Heron Elementary,'PK-5,4.738054003,3.540528504,'No
2120 - 4190,19,2120,CO-1420-2120,D'Evelyn Junior/Senior,'6-12,4190,CO-1420-4190,Hutchinson Elementary,'PK-5,4.8064074,3.067301771,'No
2120 - 9008,20,2120,CO-1420-2120,D'Evelyn Junior/Senior,'6-12,9008,CO-1420-9008,Ute Meadows Elementary,'PK-5,4.825726127,4.050509047,'No
2120 - 1864,21,2120,CO-1420-2120,D'Evelyn Junior/Senior,'6-12,1864,CO-1420-1864,Columbine High,'9-12,4.829675815,3.477682215,'9-12
2120 - 5036,22,2120,CO-1420-2120,D'Evelyn Junior/Senior,'6-12,5036,CO-1420-5036,Leawood Elementary,'PK-5,4.83019802,3.656634757,'No
2120 - 7483,23,2120,CO-1420-2120,D'Evelyn Junior/Senior,'6-12,7483,CO-1420-7483,Rooney Ranch Elementary,'K-5,5.011266379,3.054334979,'No
2120 - 2130,24,2120,CO-1420-2120,D'Evelyn Junior/Senior,'6-12,2130,CO-1420-2130,Deer Creek Middle,'6-8,5.049244724,3.97750273,'6-8
2120 - 1522,25,2120,CO-1420-2120,D'Evelyn Junior/Senior,'6-12,1522,CO-1420-1522,Chatfield High,'9-12,5.056884153,4.044766782,'9-12
2120 - 6808,26,2120,CO-1420-2120,D'Evelyn Junior/Senior,'6-12,6808,CO-1420-6808,Patterson Elementary,'PK-6,5.117747665,3.628886482,'6
2120 - 0724,27,2120,CO-1420-2120,D'Evelyn Junior/Senior,'6-12,724,CO-1420-0724,Belmar School of Integrated Arts,'K-5,5.265073475,4.063955567,'No
2120 - 3628,28,2120,CO-1420-2120,D'Evelyn Junior/Senior,'6-12,3628,CO-1420-3628,Green Mountain High,'9-12,5.339456591,3.816008574,'9-12
2120 - 0108,29,2120,CO-1420-2120,D'Evelyn Junior/Senior,'6-12,108,CO-1420-0108,Alameda Intl Junior/Senior High,'7-12,5.428595101,3.799244289,'7-12
2120 - 8280,30,2120,CO-1420-2120,D'Evelyn Junior/Senior,'6-12,8280,CO-1420-8280,Stony Creek Elementary,'PK-5,5.509565851,4.122476883,'No
2120 - 3025,31,2120,CO-1420-2120,D'Evelyn Junior/Senior,'6-12,3025,CO-1420-3025,Foothills Elementary,'PK-5,5.743030148,4.406277976,'No
2120 - 7282,32,2120,CO-1420-2120,D'Evelyn Junior/Senior,'6-12,7282,CO-1420-7282,Red Rocks Elementary,'K-5,5.748101994,4.467208704,'No
2120 - 2322,33,2120,CO-1420-2120,D'Evelyn Junior/Senior,'6-12,2322,CO-1420-2322,Dutch Creek Elementary,'PK-5,5.928028969,4.347526122,'No
2120 - 5004,34,2120,CO-1420-2120,D'Evelyn Junior/Senior,'6-12,5004,CO-1420-5004,Lasley Elementary,'K-6,5.932281016,4.19223971,'6
2120 - 6286,35,2120,CO-1420-2120,D'Evelyn Junior/Senior,'6-12,6286,CO-1420-6286,Normandy Elementary,'PK-5,5.93999506,4.425627826,'No
2120 - 6133,36,2120,CO-1420-2120,D'Evelyn Junior/Senior,'6-12,6133,CO-1420-6133,Mortensen Elementary,'PK-5,5.952270225,5.012130518,'No
2120 - 7780,37,2120,CO-1420-2120,D'Evelyn Junior/Senior,'6-12,7780,CO-1420-7780,Shaffer Elementary,'PK-5,6.012555222,4.991597375,'No
2120 - 1976,38,2120,CO-1420-2120,D'Evelyn Junior/Senior,'6-12,1976,CO-1420-1976,Creighton Middle,'6-8,6.113743711,5.112159822,'6-8
2120 - 5892,39,2120,CO-1420-2120,D'Evelyn Junior/Senior,'6-12,5892,CO-1420-5892,Fletcher Miller Special,'PK-12,6.16280998,5.244818192,'6-12
2120 - 1876,40,2120,CO-1420-2120,D'Evelyn Junior/Senior,'6-12,1876,CO-1420-1876,Coronado Elementary,'PK-5,6.170472304,5.041453835,'No
2120 - 2963,41,2120,CO-1420-2120,D'Evelyn Junior/Senior,'6-12,2963,CO-1420-2963,Falcon Bluffs Middle,'6-8,6.33412243,5.581084197,'6-8
2120 - 9432,42,2120,CO-1420-2120,D'Evelyn Junior/Senior,'6-12,9432,CO-1420-9432,Dennison Elementary,'K-6,6.392779765,5.373393716,'6
2120 - 4548,43,2120,CO-1420-2120,D'Evelyn Junior/Senior,'6-12,4548,CO-1420-4548,Ken Caryl Middle,'6-8,6.414603947,4.887815903,'6-8
2120 - 8102,44,2120,CO-1420-2120,D'Evelyn Junior/Senior,'6-12,8102,CO-1420-8102,South Lakewood Elementary,'K-5,6.781392434,5.321269462,'No
2120 - 4942,45,2120,CO-1420-2120,D'Evelyn Junior/Senior,'6-12,4942,CO-1420-4942,Lakewood High,'9-12,7.048096487,5.817505134,'9-12
2120 - 8090,46,2120,CO-1420-2120,D'Evelyn Junior/Senior,'6-12,8090,CO-1420-8090,Deane Elementary,'PK-6,7.107481721,5.190874497,'6
2120 - 0952,47,2120,CO-1420-2120,D'Evelyn Junior/Senior,'6-12,952,CO-1420-0952,Bradford K8 North,'5-8,7.135498317,5.010367331,'6-8
2120 - 1861,48,2120,CO-1420-2120,D'Evelyn Junior/Senior,'6-12,1861,CO-1420-1861,Columbine Hills Elementary,'PK-5,7.161744815,5.475240667,'No
2120 - 7468,49,2120,CO-1420-2120,D'Evelyn Junior/Senior,'6-12,7468,CO-1420-7468,Rose Stein International Elementary,'PK-6,7.213896467,5.388637819,'6
2120 - 0965,50,2120,CO-1420-2120,D'Evelyn Junior/Senior,'6-12,965,CO-1420-0965,Brady Exploration School,'10-12,7.219280207,5.147721789,'10-12
2120 - 0950,51,2120,CO-1420-2120,D'Evelyn Junior/Senior,'6-12,950,CO-1420-0950,Bradford K8 South,'K-4,7.318669897,5.616653573,'No
2120 - 9234,52,2120,CO-1420-2120,D'Evelyn Junior/Senior,'6-12,9234,CO-1420-9234,Warren Tech Central,'11-12,7.344328724,5.257325176,'11-12
2120 - 2550,53,2120,CO-1420-2120,D'Evelyn Junior/Senior,'6-12,2550,CO-1420-2550,Eiber Elementary,'PK-5,7.592459761,6.49591672,'No
2120 - 5623,54,2120,CO-1420-2120,D'Evelyn Junior/Senior,'6-12,5623,CO-1420-5623,Long View,'10-12,7.695659005,5.171416264,'10-12
2120 - 0033,55,2120,CO-1420-2120,D'Evelyn Junior/Senior,'6-12,33,CO-1420-0033,McLain Community High School,'9-12,7.842066904,5.277206908,'9-12
2120 - 6539,56,2120,CO-1420-2120,D'Evelyn Junior/Senior,'6-12,6539,CO-1420-6539,JeffCo Open Elementary,'PK-6,8.238776037,6.437131861,'6
2120 - 9342,57,2120,CO-1420-2120,D'Evelyn Junior/Senior,'6-12,9342,CO-1420-9342,Welchester Elementary,'PK-5,8.263863719,6.327719144,'No
2120 - 4830,58,2120,CO-1420-2120,D'Evelyn Junior/Senior,'6-12,4830,CO-1420-4830,Kyffin Elementary,'PK-5,8.541450887,5.689710438,'No
2120 - 7962,59,2120,CO-1420-2120,D'Evelyn Junior/Senior,'6-12,7962,CO-1420-7962,Slater Elementary,'PK-5,8.87818819,7.535255772,'No
2120 - 8276,60,2120,CO-1420-2120,D'Evelyn Junior/Senior,'6-12,8276,CO-1420-8276,Stober Elementary,'K-5,9.088167897,7.511944294,'No
2120 - 9510,61,2120,CO-1420-2120,D'Evelyn Junior/Senior,'6-12,9510,CO-1420-9510,Wheat Ridge High,'9-12,9.484958884,8.354812912,'9-12
2120 - 4422,62,2120,CO-1420-2120,D'Evelyn Junior/Senior,'6-12,4422,CO-1420-4422,Jefferson Junior/Senior High,'7-12,9.621459351,7.720975103,'7-12
2120 - 5354,63,2120,CO-1420-2120,D'Evelyn Junior/Senior,'6-12,5354,CO-1420-5354,Lumberg Elementary,'PK-6,9.659237012,7.671033422,'6
2120 - 3201,64,2120,CO-1420-2120,D'Evelyn Junior/Senior,'6-12,3201,CO-1420-3201,Free Horizon Montessori,'PK-8,9.771170226,6.979716807,'6-8
2120 - 2820,65,2120,CO-1420-2120,D'Evelyn Junior/Senior,'6-12,2820,CO-1420-2820,Everitt Middle,'6-8,9.790472531,8.786820384,'6-8
2120 - 7190,66,2120,CO-1420-2120,D'Evelyn Junior/Senior,'6-12,7190,CO-1420-7190,Prospect Valley Elementary,'K-5,9.830624607,8.36650903,'No
,,,CO-1420-,,',,CO-1420-,,',,,#N/A
2130 - 8280,2,2130,CO-1420-2130,Deer Creek Middle,'6-8,8280,CO-1420-8280,Stony Creek Elementary,'PK-5,0.660705301,0.25752632,'No
2130 - 9008,3,2130,CO-1420-2130,Deer Creek Middle,'6-8,9008,CO-1420-9008,Ute Meadows Elementary,'PK-5,1.547768951,1.043785721,'No
2130 - 1876,4,2130,CO-1420-2130,Deer Creek Middle,'6-8,1876,CO-1420-1876,Coronado Elementary,'PK-5,1.713702675,1.140445101,'No
2130 - 6133,5,2130,CO-1420-2130,Deer Creek Middle,'6-8,6133,CO-1420-6133,Mortensen Elementary,'PK-5,1.763381411,1.116133875,'No
2130 - 2963,6,2130,CO-1420-2130,Deer Creek Middle,'6-8,2963,CO-1420-2963,Falcon Bluffs Middle,'6-8,1.897414442,1.620153171,'6-8
2130 - 7780,7,2130,CO-1420-2130,Deer Creek Middle,'6-8,7780,CO-1420-7780,Shaffer Elementary,'PK-5,1.976348399,1.234342815,'No
2130 - 1522,8,2130,CO-1420-2130,Deer Creek Middle,'6-8,1522,CO-1420-1522,Chatfield High,'9-12,2.198751907,1.600551765,'No
2130 - 4548,9,2130,CO-1420-2130,Deer Creek Middle,'6-8,4548,CO-1420-4548,Ken Caryl Middle,'6-8,2.344601866,1.751788189,'6-8
2130 - 2322,10,2130,CO-1420-2130,Deer Creek Middle,'6-8,2322,CO-1420-2322,Dutch Creek Elementary,'PK-5,2.379766965,1.289269301,'No
2130 - 8381,11,2130,CO-1420-2130,Deer Creek Middle,'6-8,8381,CO-1420-8381,Summit Ridge Middle,'6-8,2.757871403,1.906845334,'6-8
2130 - 6286,12,2130,CO-1420-2130,Deer Creek Middle,'6-8,6286,CO-1420-6286,Normandy Elementary,'PK-5,2.870678438,2.041512437,'No
2130 - 1861,13,2130,CO-1420-2130,Deer Creek Middle,'6-8,1861,CO-1420-1861,Columbine Hills Elementary,'PK-5,2.903016698,2.303217762,'No
2130 - 7128,14,2130,CO-1420-2130,Deer Creek Middle,'6-8,7128,CO-1420-7128,Powderhorn Elementary,'PK-5,2.932006797,2.04849641,'No
2130 - 9490,15,2130,CO-1420-2130,Deer Creek Middle,'6-8,9490,CO-1420-9490,Westridge Elementary,'K-5,2.968038569,2.041384616,'No
2130 - 1864,16,2130,CO-1420-2130,Deer Creek Middle,'6-8,1864,CO-1420-1864,Columbine High,'9-12,2.992053166,1.905211615,'No
2130 - 5036,17,2130,CO-1420-2130,Deer Creek Middle,'6-8,5036,CO-1420-5036,Leawood Elementary,'PK-5,3.335935032,2.370858218,'No
2130 - 3536,18,2130,CO-1420-2130,Deer Creek Middle,'6-8,3536,CO-1420-3536,Governor's Ranch Elementary,'PK-5,3.528510006,2.314304589,'No
2130 - 1001,19,2130,CO-1420-2130,Deer Creek Middle,'6-8,1001,CO-1420-1001,Warren Tech South,'11-12,3.822162683,2.678707507,'No
2130 - 2093,20,2130,CO-1420-2130,Deer Creek Middle,'6-8,2093,CO-1420-2093,Dakota Ridge High,'9-12,4.088716408,2.822050433,'No
2130 - 0950,21,2130,CO-1420-2130,Deer Creek Middle,'6-8,950,CO-1420-0950,Bradford K8 South,'K-4,4.158224431,3.365518857,'No
2130 - 6135,22,2130,CO-1420-2130,Deer Creek Middle,'6-8,6135,CO-1420-6135,Mt. Carbon Elementary,'PK-5,4.361457026,2.802275527,'No
2130 - 0951,23,2130,CO-1420-2130,Deer Creek Middle,'6-8,951,CO-1420-0951,Blue Heron Elementary,'PK-5,4.41086492,2.794713331,'No
2130 - 0952,24,2130,CO-1420-2130,Deer Creek Middle,'6-8,952,CO-1420-0952,Bradford K8 North,'5-8,4.565063393,3.476261459,'6-8
2130 - 2120,25,2130,CO-1420-2130,Deer Creek Middle,'6-8,2120,CO-1420-2120,D'Evelyn Junior/Senior,'6-12,5.049244724,3.97750273,'6-8
2130 - 4549,26,2130,CO-1420-2130,Deer Creek Middle,'6-8,4549,CO-1420-4549,Kendallvue Elementary,'PK-5,5.735050836,4.014017062,'No
2130 - 0664,27,2130,CO-1420-2130,Deer Creek Middle,'6-8,664,CO-1420-0664,Bear Creek High,'9-12,5.808357986,4.946479703,'No
2130 - 0660,28,2130,CO-1420-2130,Deer Creek Middle,'6-8,660,CO-1420-0660,Bear Creek K-8,'K-8,6.337850799,5.062403984,'6-8
2130 - 9412,29,2130,CO-1420-2130,Deer Creek Middle,'6-8,9412,CO-1420-9412,Westgate Elementary,'PK-5,7.219693615,5.701723356,'No
2130 - 1318,30,2130,CO-1420-2130,Deer Creek Middle,'6-8,1318,CO-1420-1318,Carmody Middle,'6-8,7.360464989,6.411126954,'6-8
2130 - 3622,31,2130,CO-1420-2130,Deer Creek Middle,'6-8,3622,CO-1420-3622,Green Gables Elementary,'PK-5,7.800122317,6.369332352,'No
2130 - 0108,32,2130,CO-1420-2130,Deer Creek Middle,'6-8,108,CO-1420-0108,Alameda Intl Junior/Senior High,'7-12,8.34763754,7.404085084,'7-8
2130 - 2300,33,2130,CO-1420-2130,Deer Creek Middle,'6-8,2300,CO-1420-2300,Dunstan Middle,'6-8,8.598558969,7.025465932,'6-8
2130 - 4550,34,2130,CO-1420-2130,Deer Creek Middle,'6-8,4550,CO-1420-4550,Kendrick Lakes Elementary,'PK-5,8.616408746,7.275661319,'No
2130 - 2194,35,2130,CO-1420-2130,Deer Creek Middle,'6-8,2194,CO-1420-2194,Devinny Elementary,'K-5,8.734472619,7.13471743,'No
2130 - 7282,36,2130,CO-1420-2130,Deer Creek Middle,'6-8,7282,CO-1420-7282,Red Rocks Elementary,'K-5,8.816666557,6.996470414,'No
2130 - 5004,37,2130,CO-1420-2130,Deer Creek Middle,'6-8,5004,CO-1420-5004,Lasley Elementary,'K-6,8.849051853,7.468079829,'6
2130 - 4190,38,2130,CO-1420-2130,Deer Creek Middle,'6-8,4190,CO-1420-4190,Hutchinson Elementary,'PK-5,8.877840423,6.912645858,'No
2130 - 6808,39,2130,CO-1420-2130,Deer Creek Middle,'6-8,6808,CO-1420-6808,Patterson Elementary,'PK-6,8.922833362,7.406510704,'6
2130 - 7483,40,2130,CO-1420-2130,Deer Creek Middle,'6-8,7483,CO-1420-7483,Rooney Ranch Elementary,'K-5,9.082699402,6.800936916,'No
2130 - 0724,41,2130,CO-1420-2130,Deer Creek Middle,'6-8,724,CO-1420-0724,Belmar School of Integrated Arts,'K-5,9.325167691,7.917897736,'No
2130 - 3628,42,2130,CO-1420-2130,Deer Creek Middle,'6-8,3628,CO-1420-3628,Green Mountain High,'9-12,9.410889614,7.727060981,'No
2130 - 3025,43,2130,CO-1420-2130,Deer Creek Middle,'6-8,3025,CO-1420-3025,Foothills Elementary,'PK-5,9.814463171,8.335547149,'No
,,,CO-1420-,,',,CO-1420-,,',,,#N/A
2194 - 2300,2,2194,CO-1420-2194,Devinny Elementary,'K-5,2300,CO-1420-2300,Dunstan Middle,'6-8,0.310749584,0.109977905,'No
2194 - 4190,3,2194,CO-1420-2194,Devinny Elementary,'K-5,4190,CO-1420-4190,Hutchinson Elementary,'PK-5,0.891518679,0.458994666,'K-5
2194 - 3628,4,2194,CO-1420-2194,Devinny Elementary,'K-5,3628,CO-1420-3628,Green Mountain High,'9-12,0.915614345,0.602898984,'No
2194 - 3025,5,2194,CO-1420-2194,Devinny Elementary,'K-5,3025,CO-1420-3025,Foothills Elementary,'PK-5,1.428623172,1.200830089,'K-5
2194 - 7483,6,2194,CO-1420-2194,Devinny Elementary,'K-5,7483,CO-1420-7483,Rooney Ranch Elementary,'K-5,1.66838964,0.84567975,'K-5
2194 - 1318,7,2194,CO-1420-2194,Devinny Elementary,'K-5,1318,CO-1420-1318,Carmody Middle,'6-8,2.114555819,1.722676153,'No
2194 - 4550,8,2194,CO-1420-2194,Devinny Elementary,'K-5,4550,CO-1420-4550,Kendrick Lakes Elementary,'PK-5,2.511515312,1.948712337,'K-5
2194 - 3622,9,2194,CO-1420-2194,Devinny Elementary,'K-5,3622,CO-1420-3622,Green Gables Elementary,'PK-5,2.910785365,2.473987517,'K-5
2194 - 0724,10,2194,CO-1420-2194,Devinny Elementary,'K-5,724,CO-1420-0724,Belmar School of Integrated Arts,'K-5,2.944756317,2.311026436,'K-5
2194 - 6808,11,2194,CO-1420-2194,Devinny Elementary,'K-5,6808,CO-1420-6808,Patterson Elementary,'PK-6,3.238719711,2.418572671,'K-5
2194 - 0660,12,2194,CO-1420-2194,Devinny Elementary,'K-5,660,CO-1420-0660,Bear Creek K-8,'K-8,3.397059912,2.609331492,'K-5
2194 - 0664,13,2194,CO-1420-2194,Devinny Elementary,'K-5,664,CO-1420-0664,Bear Creek High,'9-12,3.421909189,2.474989794,'No
2194 - 9234,14,2194,CO-1420-2194,Devinny Elementary,'K-5,9234,CO-1420-9234,Warren Tech Central,'11-12,3.496770936,2.064694155,'No
2194 - 1976,15,2194,CO-1420-2194,Devinny Elementary,'K-5,1976,CO-1420-1976,Creighton Middle,'6-8,3.512901688,2.791396934,'No
2194 - 5892,16,2194,CO-1420-2194,Devinny Elementary,'K-5,5892,CO-1420-5892,Fletcher Miller Special,'PK-12,3.561967957,2.846504232,'K-5
2194 - 9412,17,2194,CO-1420-2194,Devinny Elementary,'K-5,9412,CO-1420-9412,Westgate Elementary,'PK-5,3.686068085,2.777021892,'K-5
2194 - 9432,18,2194,CO-1420-2194,Devinny Elementary,'K-5,9432,CO-1420-9432,Dennison Elementary,'K-6,3.791937743,3.009383859,'K-5
2194 - 5623,19,2194,CO-1420-2194,Devinny Elementary,'K-5,5623,CO-1420-5623,Long View,'10-12,3.848101217,1.961852192,'No
2194 - 0108,20,2194,CO-1420-2194,Devinny Elementary,'K-5,108,CO-1420-0108,Alameda Intl Junior/Senior High,'7-12,3.870961211,3.016725061,'No
2194 - 0033,21,2194,CO-1420-2194,Devinny Elementary,'K-5,33,CO-1420-0033,McLain Community High School,'9-12,3.994509115,2.071402086,'No
2194 - 8102,22,2194,CO-1420-2194,Devinny Elementary,'K-5,8102,CO-1420-8102,South Lakewood Elementary,'K-5,4.287284368,3.369820608,'K-5
2194 - 4942,23,2194,CO-1420-2194,Devinny Elementary,'K-5,4942,CO-1420-4942,Lakewood High,'9-12,4.379093984,3.377336475,'No
2194 - 9342,24,2194,CO-1420-2194,Devinny Elementary,'K-5,9342,CO-1420-9342,Welchester Elementary,'PK-5,4.41630593,3.210963795,'K-5
2194 - 2120,25,2194,CO-1420-2194,Devinny Elementary,'K-5,2120,CO-1420-2120,D'Evelyn Junior/Senior,'6-12,4.663039596,3.213885277,'No
2194 - 4830,26,2194,CO-1420-2194,Devinny Elementary,'K-5,4830,CO-1420-4830,Kyffin Elementary,'PK-5,4.693893098,2.475854996,'K-5
2194 - 5004,27,2194,CO-1420-2194,Devinny Elementary,'K-5,5004,CO-1420-5004,Lasley Elementary,'K-6,4.755667163,3.923317684,'K-5
2194 - 2550,28,2194,CO-1420-2194,Devinny Elementary,'K-5,2550,CO-1420-2550,Eiber Elementary,'PK-5,4.921644442,4.001712431,'K-5
2194 - 7468,29,2194,CO-1420-2194,Devinny Elementary,'K-5,7468,CO-1420-7468,Rose Stein International Elementary,'PK-6,5.111655296,3.979577945,'K-5
2194 - 7282,30,2194,CO-1420-2194,Devinny Elementary,'K-5,7282,CO-1420-7282,Red Rocks Elementary,'K-5,5.200685436,3.648424156,'K-5
2194 - 8276,31,2194,CO-1420-2194,Devinny Elementary,'K-5,8276,CO-1420-8276,Stober Elementary,'K-5,5.240610108,4.539681663,'K-5
2194 - 8090,32,2194,CO-1420-2194,Devinny Elementary,'K-5,8090,CO-1420-8090,Deane Elementary,'PK-6,5.489836543,4.385124933,'K-5
2194 - 0965,33,2194,CO-1420-2194,Devinny Elementary,'K-5,965,CO-1420-0965,Brady Exploration School,'10-12,5.601635029,4.680686624,'No
2194 - 6539,34,2194,CO-1420-2194,Devinny Elementary,'K-5,6539,CO-1420-6539,JeffCo Open Elementary,'PK-6,5.651953042,4.447395916,'K-5
2194 - 3201,35,2194,CO-1420-2194,Devinny Elementary,'K-5,3201,CO-1420-3201,Free Horizon Montessori,'PK-8,5.923612437,3.783938102,'K-5
2194 - 7190,36,2194,CO-1420-2194,Devinny Elementary,'K-5,7190,CO-1420-7190,Prospect Valley Elementary,'K-5,5.983066819,5.496001243,'K-5
2194 - 3536,37,2194,CO-1420-2194,Devinny Elementary,'K-5,3536,CO-1420-3536,Governor's Ranch Elementary,'PK-5,6.215350611,5.02734755,'K-5
2194 - 7962,38,2194,CO-1420-2194,Devinny Elementary,'K-5,7962,CO-1420-7962,Slater Elementary,'PK-5,6.291365195,5.139661375,'K-5
2194 - 5472,39,2194,CO-1420-2194,Devinny Elementary,'K-5,5472,CO-1420-5472,Manning,'6-8,6.553197892,5.151136776,'No
2194 - 5524,40,2194,CO-1420-2194,Devinny Elementary,'K-5,5524,CO-1420-5524,Maple Grove Elementary,'PK-5,6.643688069,5.071816799,'K-5
2194 - 0694,41,2194,CO-1420-2194,Devinny Elementary,'K-5,694,CO-1420-0694,Bell Middle,'6-8,6.670483186,4.392416195,'No
2194 - 4798,42,2194,CO-1420-2194,Devinny Elementary,'K-5,4798,CO-1420-4798,Connections Learning Center,'6-8,6.697060387,4.660490752,'No
2194 - 9490,43,2194,CO-1420-2194,Devinny Elementary,'K-5,9490,CO-1420-9490,Westridge Elementary,'K-5,6.71020766,5.128095811,'K-5
2194 - 4549,44,2194,CO-1420-2194,Devinny Elementary,'K-5,4549,CO-1420-4549,Kendallvue Elementary,'PK-5,6.763268134,3.866680552,'K-5
2194 - 9510,45,2194,CO-1420-2194,Devinny Elementary,'K-5,9510,CO-1420-9510,Wheat Ridge High,'9-12,6.814098453,5.73570265,'No
2194 - 7833,46,2194,CO-1420-2194,Devinny Elementary,'K-5,7833,CO-1420-7833,Shelton Elementary,'PK-5,6.818655437,4.704158688,'K-5
2194 - 2820,47,2194,CO-1420-2194,Devinny Elementary,'K-5,2820,CO-1420-2820,Everitt Middle,'6-8,7.119612101,6.105756882,'No
2194 - 4422,48,2194,CO-1420-2194,Devinny Elementary,'K-5,4422,CO-1420-4422,Jefferson Junior/Senior High,'7-12,7.315089996,5.70229571,'No
2194 - 5354,49,2194,CO-1420-2194,Devinny Elementary,'K-5,5354,CO-1420-5354,Lumberg Elementary,'PK-6,7.352867657,5.708448366,'K-5
2194 - 6135,50,2194,CO-1420-2194,Devinny Elementary,'K-5,6135,CO-1420-6135,Mt. Carbon Elementary,'PK-5,7.837332412,5.003526861,'K-5
2194 - 3502,51,2194,CO-1420-2194,Devinny Elementary,'K-5,3502,CO-1420-3502,Golden High,'9-12,7.838666608,5.471737572,'No
2194 - 8381,52,2194,CO-1420-2194,Devinny Elementary,'K-5,8381,CO-1420-8381,Summit Ridge Middle,'6-8,7.847195289,5.753404078,'No
2194 - 6285,53,2194,CO-1420-2194,Devinny Elementary,'K-5,6285,CO-1420-6285,Norma Anderson Early Learning Center,'PK,7.965673314,6.495390732,'No
2194 - 6848,54,2194,CO-1420-2194,Devinny Elementary,'K-5,6848,CO-1420-6848,Peak Expeditionary-Pennington,'PK-5,8.015219673,6.771333589,'K-5
2194 - 7128,55,2194,CO-1420-2194,Devinny Elementary,'K-5,7128,CO-1420-7128,Powderhorn Elementary,'PK-5,8.021330683,5.741424738,'K-5
2194 - 2496,56,2194,CO-1420-2194,Devinny Elementary,'K-5,2496,CO-1420-2496,Edgewater Elementary,'PK-6,8.209571075,6.261281548,'K-5
2194 - 0951,57,2194,CO-1420-2194,Devinny Elementary,'K-5,951,CO-1420-0951,Blue Heron Elementary,'PK-5,8.422812255,6.544462215,'K-5
2194 - 8223,58,2194,CO-1420-2194,Devinny Elementary,'K-5,8223,CO-1420-8223,Stevens Elementary,'PK-5,8.42948456,6.750514083,'K-5
2194 - 2093,59,2194,CO-1420-2194,Devinny Elementary,'K-5,2093,CO-1420-2093,Dakota Ridge High,'9-12,8.435717444,5.650681245,'No
2194 - 2288,60,2194,CO-1420-2194,Devinny Elementary,'K-5,2288,CO-1420-2288,Drake Middle,'6-8,8.493482933,7.196734455,'No
2194 - 9008,61,2194,CO-1420-2194,Devinny Elementary,'K-5,9008,CO-1420-9008,Ute Meadows Elementary,'PK-5,8.510954022,7.03009315,'K-5
2194 - 1864,62,2194,CO-1420-2194,Devinny Elementary,'K-5,1864,CO-1420-1864,Columbine High,'9-12,8.514434067,6.640758103,'No
2194 - 5036,63,2194,CO-1420-2194,Devinny Elementary,'K-5,5036,CO-1420-5036,Leawood Elementary,'PK-5,8.514956272,6.751597832,'K-5
2194 - 1001,64,2194,CO-1420-2194,Devinny Elementary,'K-5,1001,CO-1420-1001,Warren Tech South,'11-12,8.618970788,5.836689696,'No
2194 - 8036,65,2194,CO-1420-2194,Devinny Elementary,'K-5,8036,CO-1420-8036,Sobesky Academy,'K-12,8.679847314,6.897573745,'K-5
2194 - 2130,66,2194,CO-1420-2194,Devinny Elementary,'K-5,2130,CO-1420-2130,Deer Creek Middle,'6-8,8.734472619,7.13471743,'No
2194 - 1522,67,2194,CO-1420-2194,Devinny Elementary,'K-5,1522,CO-1420-1522,Chatfield High,'9-12,9.151878438,6.879125251,'No
2194 - 8280,68,2194,CO-1420-2194,Devinny Elementary,'K-5,8280,CO-1420-8280,Stony Creek Elementary,'PK-5,9.194793746,7.300232663,'K-5
2194 - 2322,69,2194,CO-1420-2194,Devinny Elementary,'K-5,2322,CO-1420-2322,Dutch Creek Elementary,'PK-5,9.612787221,7.559505909,'K-5
2194 - 6286,70,2194,CO-1420-2194,Devinny Elementary,'K-5,6286,CO-1420-6286,Normandy Elementary,'PK-5,9.624753313,7.591764357,'K-5
2194 - 6133,71,2194,CO-1420-2194,Devinny Elementary,'K-5,6133,CO-1420-6133,Mortensen Elementary,'PK-5,9.637498119,8.108803447,'K-5
2194 - 7780,72,2194,CO-1420-2194,Devinny Elementary,'K-5,7780,CO-1420-7780,Shaffer Elementary,'PK-5,9.697783117,8.041192447,'K-5
2194 - 5944,73,2194,CO-1420-2194,Devinny Elementary,'K-5,5944,CO-1420-5944,Mitchell Elementary,'K-5,9.743725202,7.165549588,'K-5
2194 - 9058,74,2194,CO-1420-2194,Devinny Elementary,'K-5,9058,CO-1420-9058,Vanderhoof Elementary,'K-5,9.773793921,8.115503232,'K-5
2194 - 5024,75,2194,CO-1420-2194,Devinny Elementary,'K-5,5024,CO-1420-5024,Lawrence Elementary,'K-5,9.82613859,8.261567196,'K-5
2194 - 1876,76,2194,CO-1420-2194,Devinny Elementary,'K-5,1876,CO-1420-1876,Coronado Elementary,'PK-5,9.855700199,8.229932919,'K-5
2194 - 2866,77,2194,CO-1420-2194,Devinny Elementary,'K-5,2866,CO-1420-2866,Fairmount Elementary,'K-5,9.886104692,7.296650988,'K-5
,,,CO-1420-,,',,CO-1420-,,',,,#N/A
2288 - 9058,2,2288,CO-1420-2288,Drake Middle,'6-8,9058,CO-1420-9058,Vanderhoof Elementary,'K-5,1.636838484,1.185239073,'No
2288 - 3216,3,2288,CO-1420-2288,Drake Middle,'6-8,3216,CO-1420-3216,Fremont Elementary,'K-5,1.956569216,1.615582108,'No
2288 - 0378,4,2288,CO-1420-2288,Drake Middle,'6-8,378,CO-1420-0378,Arvada West High,'9-12,1.973519416,1.545786781,'No
2288 - 9245,5,2288,CO-1420-2288,Drake Middle,'6-8,9245,CO-1420-9245,Warren Tech North,'11-12,1.975779785,1.500436164,'No
2288 - 6285,6,2288,CO-1420-2288,Drake Middle,'6-8,6285,CO-1420-6285,Norma Anderson Early Learning Center,'PK,2.137972597,1.455518182,'No
2288 - 8300,7,2288,CO-1420-2288,Drake Middle,'6-8,8300,CO-1420-8300,Stott Elementary,'PK-5,2.206233745,1.782691406,'No
2288 - 2866,8,2288,CO-1420-2288,Drake Middle,'6-8,2866,CO-1420-2866,Fairmount Elementary,'K-5,2.323926649,1.959392506,'No
2288 - 5472,9,2288,CO-1420-2288,Drake Middle,'6-8,5472,CO-1420-5472,Manning,'6-8,2.614700076,2.096457218,'6-8
2288 - 5524,10,2288,CO-1420-2288,Drake Middle,'6-8,5524,CO-1420-5524,Maple Grove Elementary,'PK-5,2.705190253,2.172482174,'No
2288 - 1244,11,2288,CO-1420-2288,Drake Middle,'6-8,1244,CO-1420-1244,Campbell Early Learning Center,'PK,2.802353049,2.12742909,'No
2288 - 6848,12,2288,CO-1420-2288,Drake Middle,'6-8,6848,CO-1420-6848,Peak Expeditionary-Pennington,'PK-5,2.940994736,1.946344184,'No
2288 - 2820,13,2288,CO-1420-2288,Drake Middle,'6-8,2820,CO-1420-2820,Everitt Middle,'6-8,3.175875747,2.267549879,'6-8
2288 - 5024,14,2288,CO-1420-2288,Drake Middle,'6-8,5024,CO-1420-5024,Lawrence Elementary,'K-5,3.365867566,3.000374024,'No
2288 - 8276,15,2288,CO-1420-2288,Drake Middle,'6-8,8276,CO-1420-8276,Stober Elementary,'K-5,3.475399166,2.709530991,'No
2288 - 7190,16,2288,CO-1420-2288,Drake Middle,'6-8,7190,CO-1420-7190,Prospect Valley Elementary,'K-5,3.501008253,2.00509657,'No
2288 - 6470,17,2288,CO-1420-2288,Drake Middle,'6-8,6470,CO-1420-6470,Oberon Middle,'6-8,3.697586344,2.968762581,'6-8
2288 - 9052,18,2288,CO-1420-2288,Drake Middle,'6-8,9052,CO-1420-9052,Van Arsdale Elementary,'PK-5,3.795115872,2.997959954,'No
2288 - 9510,19,2288,CO-1420-2288,Drake Middle,'6-8,9510,CO-1420-9510,Wheat Ridge High,'9-12,3.967904053,2.674239365,'No
2288 - 3088,20,2288,CO-1420-2288,Drake Middle,'6-8,3088,CO-1420-3088,Foster Dual Language PK-8 School,'PK-8,4.249004875,3.466558222,'6-8
2288 - 7870,21,2288,CO-1420-2288,Drake Middle,'6-8,7870,CO-1420-7870,Sierra Elementary,'PK-5,4.623719333,3.492892835,'No
2288 - 0370,22,2288,CO-1420-2288,Drake Middle,'6-8,370,CO-1420-0370,Arvada High,'9-12,4.652807431,3.492194534,'No
2288 - 9342,23,2288,CO-1420-2288,Drake Middle,'6-8,9342,CO-1420-9342,Welchester Elementary,'PK-5,4.684921117,3.998822816,'No
2288 - 8036,24,2288,CO-1420-2288,Drake Middle,'6-8,8036,CO-1420-8036,Sobesky Academy,'K-12,4.780153086,3.730647264,'6-8
2288 - 7239,25,2288,CO-1420-2288,Drake Middle,'6-8,7239,CO-1420-7239,Ralston Valley High,'9-12,4.796283521,3.698326986,'No
2288 - 8223,26,2288,CO-1420-2288,Drake Middle,'6-8,8223,CO-1420-8223,Stevens Elementary,'PK-5,4.891519589,3.718412258,'No
2288 - 7708,27,2288,CO-1420-2288,Drake Middle,'6-8,7708,CO-1420-7708,Secrest Elementary,'PK-5,5.08597434,3.9647352,'No
2288 - 9429,28,2288,CO-1420-2288,Drake Middle,'6-8,9429,CO-1420-9429,West Woods Elementary,'K-5,5.132654224,3.479631957,'No
2288 - 7962,29,2288,CO-1420-2288,Drake Middle,'6-8,7962,CO-1420-7962,Slater Elementary,'PK-5,5.269641154,3.663910438,'No
2288 - 3201,30,2288,CO-1420-2288,Drake Middle,'6-8,3201,CO-1420-3201,Free Horizon Montessori,'PK-8,5.36860531,4.467592609,'6-8
2288 - 2550,31,2288,CO-1420-2288,Drake Middle,'6-8,2550,CO-1420-2550,Eiber Elementary,'PK-5,5.596320608,4.125649471,'No
2288 - 5758,32,2288,CO-1420-2288,Drake Middle,'6-8,5758,CO-1420-5758,Meiklejohn Elementary,'PK-5,5.729980123,3.975507751,'No
2288 - 9232,33,2288,CO-1420-2288,Drake Middle,'6-8,9232,CO-1420-9232,Warder Elementary,'PK-5,5.747698224,4.143501961,'No
2288 - 8432,34,2288,CO-1420-2288,Drake Middle,'6-8,8432,CO-1420-8432,Swanson Elementary,'K-5,5.912790525,4.604038362,'No
2288 - 6330,35,2288,CO-1420-2288,Drake Middle,'6-8,6330,CO-1420-6330,North Arvada Middle,'6-8,6.128630507,4.436620735,'6-8
2288 - 9328,36,2288,CO-1420-2288,Drake Middle,'6-8,9328,CO-1420-9328,Weber Elementary,'PK-5,6.162108897,4.618712606,'No
2288 - 3726,37,2288,CO-1420-2288,Drake Middle,'6-8,3726,CO-1420-3726,Hackberry Hill Elementary,'K-5,6.163113358,4.486253735,'No
2288 - 4422,38,2288,CO-1420-2288,Drake Middle,'6-8,4422,CO-1420-4422,Jefferson Junior/Senior High,'7-12,6.168446612,4.527960145,'7-8
2288 - 4942,39,2288,CO-1420-2288,Drake Middle,'6-8,4942,CO-1420-4942,Lakewood High,'9-12,6.200302608,4.702152912,'No
2288 - 4830,40,2288,CO-1420-2288,Drake Middle,'6-8,4830,CO-1420-4830,Kyffin Elementary,'PK-5,6.226752788,5.040998505,'No
2288 - 0694,41,2288,CO-1420-2288,Drake Middle,'6-8,694,CO-1420-0694,Bell Middle,'6-8,6.254563239,4.882964963,'6-8
2288 - 5354,42,2288,CO-1420-2288,Drake Middle,'6-8,5354,CO-1420-5354,Lumberg Elementary,'PK-6,6.384833174,4.676956938,'6
2288 - 5944,43,2288,CO-1420-2288,Drake Middle,'6-8,5944,CO-1420-5944,Mitchell Elementary,'K-5,6.480330804,5.239684743,'No
2288 - 5892,44,2288,CO-1420-2288,Drake Middle,'6-8,5892,CO-1420-5892,Fletcher Miller Special,'PK-12,6.633511486,5.190740166,'6-8
2288 - 7114,45,2288,CO-1420-2288,Drake Middle,'6-8,7114,CO-1420-7114,Pomona Junior/Senior High,'6-12,6.69470835,4.958764262,'6-8
2288 - 9432,46,2288,CO-1420-2288,Drake Middle,'6-8,9432,CO-1420-9432,Dennison Elementary,'K-6,6.713838338,5.116432104,'6
2288 - 3502,47,2288,CO-1420-2288,Drake Middle,'6-8,3502,CO-1420-3502,Golden High,'9-12,6.735062377,4.932335751,'No
2288 - 4798,48,2288,CO-1420-2288,Drake Middle,'6-8,4798,CO-1420-4798,Connections Learning Center,'6-8,6.748948105,4.871819619,'6-8
2288 - 6539,49,2288,CO-1420-2288,Drake Middle,'6-8,6539,CO-1420-6539,JeffCo Open Elementary,'PK-6,6.920939458,4.964433202,'6
2288 - 2496,50,2288,CO-1420-2288,Drake Middle,'6-8,2496,CO-1420-2496,Edgewater Elementary,'PK-6,6.988735385,5.241996464,'6
2288 - 9234,51,2288,CO-1420-2288,Drake Middle,'6-8,9234,CO-1420-9234,Warren Tech Central,'11-12,7.007108793,5.208649752,'No
2288 - 1976,52,2288,CO-1420-2288,Drake Middle,'6-8,1976,CO-1420-1976,Creighton Middle,'6-8,7.012590146,5.353561814,'6-8
2288 - 0033,53,2288,CO-1420-2288,Drake Middle,'6-8,33,CO-1420-0033,McLain Community High School,'9-12,7.234302082,5.255389185,'No
2288 - 5623,54,2288,CO-1420-2288,Drake Middle,'6-8,5623,CO-1420-5623,Long View,'10-12,7.310361085,5.379414486,'No
2288 - 8102,55,2288,CO-1420-2288,Drake Middle,'6-8,8102,CO-1420-8102,South Lakewood Elementary,'K-5,7.451064744,5.56142392,'No
2288 - 3025,56,2288,CO-1420-2288,Drake Middle,'6-8,3025,CO-1420-3025,Foothills Elementary,'PK-5,7.706079203,6.050361914,'No
2288 - 5222,57,2288,CO-1420-2288,Drake Middle,'6-8,5222,CO-1420-5222,Little Elementary,'K-5,7.877464271,5.793801651,'No
2288 - 7833,58,2288,CO-1420-2288,Drake Middle,'6-8,7833,CO-1420-7833,Shelton Elementary,'PK-5,7.879933721,6.107682612,'No
2288 - 3628,59,2288,CO-1420-2288,Drake Middle,'6-8,3628,CO-1420-3628,Green Mountain High,'9-12,8.286917157,6.664999163,'No
2288 - 0724,60,2288,CO-1420-2288,Drake Middle,'6-8,724,CO-1420-0724,Belmar School of Integrated Arts,'K-5,8.299483726,6.480709128,'No
2288 - 7753,61,2288,CO-1420-2288,Drake Middle,'6-8,7753,CO-1420-7753,Semper Elementary,'PK-5,8.436229388,6.465729241,'No
2288 - 2194,62,2288,CO-1420-2288,Drake Middle,'6-8,2194,CO-1420-2194,Devinny Elementary,'K-5,8.493482933,7.196734455,'No
2288 - 2300,63,2288,CO-1420-2288,Drake Middle,'6-8,2300,CO-1420-2300,Dunstan Middle,'6-8,8.617236513,7.298587881,'6-8
2288 - 7468,64,2288,CO-1420-2288,Drake Middle,'6-8,7468,CO-1420-7468,Rose Stein International Elementary,'PK-6,8.650733569,6.227263323,'6
2288 - 4550,65,2288,CO-1420-2288,Drake Middle,'6-8,4550,CO-1420-4550,Kendrick Lakes Elementary,'PK-5,8.658506669,7.049051202,'No
2288 - 5350,66,2288,CO-1420-2288,Drake Middle,'6-8,5350,CO-1420-5350,Lukas Elementary,'K-5,8.839485963,6.038383499,'No
2288 - 8856,67,2288,CO-1420-2288,Drake Middle,'6-8,8856,CO-1420-8856,Three Creeks K-8,'K-8,8.980509233,6.755571723,'6-8
2288 - 5454,68,2288,CO-1420-2288,Drake Middle,'6-8,5454,CO-1420-5454,Mandalay Middle,'6-8,9.016579994,6.682824499,'6-8
2288 - 0030,69,2288,CO-1420-2288,Drake Middle,'6-8,30,CO-1420-0030,Adams Elementary,'PK-5,9.065069673,6.759860787,'No
2288 - 6808,70,2288,CO-1420-2288,Drake Middle,'6-8,6808,CO-1420-6808,Patterson Elementary,'PK-6,9.070144983,7.072980518,'6
2288 - 8209,71,2288,CO-1420-2288,Drake Middle,'6-8,8209,CO-1420-8209,Standley Lake High,'9-12,9.138903143,6.863796475,'No
2288 - 9299,72,2288,CO-1420-2288,Drake Middle,'6-8,9299,CO-1420-9299,Wayne Carle Middle,'6-8,9.147450293,6.210129137,'6-8
2288 - 4190,73,2288,CO-1420-2288,Drake Middle,'6-8,4190,CO-1420-4190,Hutchinson Elementary,'PK-5,9.290624629,7.535506438,'No
2288 - 7483,74,2288,CO-1420-2288,Drake Middle,'6-8,7483,CO-1420-7483,Rooney Ranch Elementary,'K-5,9.63148894,7.78995885,'No
2288 - 1318,75,2288,CO-1420-2288,Drake Middle,'6-8,1318,CO-1420-1318,Carmody Middle,'6-8,9.679857172,7.83520467,'6-8
2288 - 8090,76,2288,CO-1420-2288,Drake Middle,'6-8,8090,CO-1420-8090,Deane Elementary,'PK-6,9.737488913,7.142557022,'6
2288 - 0108,77,2288,CO-1420-2288,Drake Middle,'6-8,108,CO-1420-0108,Alameda Intl Junior/Senior High,'7-12,9.754049266,7.361928859,'7-8
,,,CO-1420-,,',,CO-1420-,,',,,#N/A
2300 - 2194,2,2300,CO-1420-2300,Dunstan Middle,'6-8,2194,CO-1420-2194,Devinny Elementary,'K-5,0.310749584,0.109977905,'No
2300 - 4190,3,2300,CO-1420-2300,Dunstan Middle,'6-8,4190,CO-1420-4190,Hutchinson Elementary,'PK-5,1.034489237,0.426228174,'No
2300 - 3628,4,2300,CO-1420-2300,Dunstan Middle,'6-8,3628,CO-1420-3628,Green Mountain High,'9-12,1.039367925,0.712571847,'No
2300 - 3025,5,2300,CO-1420-2300,Dunstan Middle,'6-8,3025,CO-1420-3025,Foothills Elementary,'PK-5,1.552376752,1.310162284,'No
2300 - 7483,6,2300,CO-1420-2300,Dunstan Middle,'6-8,7483,CO-1420-7483,Rooney Ranch Elementary,'K-5,1.554955736,0.814895021,'No
2300 - 1318,7,2300,CO-1420-2300,Dunstan Middle,'6-8,1318,CO-1420-1318,Carmody Middle,'6-8,1.978642169,1.65749529,'6-8
2300 - 4550,8,2300,CO-1420-2300,Dunstan Middle,'6-8,4550,CO-1420-4550,Kendrick Lakes Elementary,'PK-5,2.52994502,1.932308681,'No
2300 - 3622,9,2300,CO-1420-2300,Dunstan Middle,'6-8,3622,CO-1420-3622,Green Gables Elementary,'PK-5,2.774871714,2.413685031,'No
2300 - 0724,10,2300,CO-1420-2300,Dunstan Middle,'6-8,724,CO-1420-0724,Belmar School of Integrated Arts,'K-5,3.053129051,2.322697439,'No
2300 - 6808,11,2300,CO-1420-2300,Dunstan Middle,'6-8,6808,CO-1420-6808,Patterson Elementary,'PK-6,3.257149419,2.402509573,'6
2300 - 0660,12,2300,CO-1420-2300,Dunstan Middle,'6-8,660,CO-1420-0660,Bear Creek K-8,'K-8,3.261146262,2.509221586,'6-8
2300 - 0664,13,2300,CO-1420-2300,Dunstan Middle,'6-8,664,CO-1420-0664,Bear Creek High,'9-12,3.285995538,2.369600478,'No
2300 - 9412,14,2300,CO-1420-2300,Dunstan Middle,'6-8,9412,CO-1420-9412,Westgate Elementary,'PK-5,3.550154434,2.696631867,'No
2300 - 9234,15,2300,CO-1420-2300,Dunstan Middle,'6-8,9234,CO-1420-9234,Warren Tech Central,'11-12,3.620524516,2.173367047,'No
2300 - 1976,16,2300,CO-1420-2300,Dunstan Middle,'6-8,1976,CO-1420-1976,Creighton Middle,'6-8,3.636655269,2.844685826,'6-8
2300 - 5892,17,2300,CO-1420-2300,Dunstan Middle,'6-8,5892,CO-1420-5892,Fletcher Miller Special,'PK-12,3.685721538,2.905021853,'6-8
2300 - 0108,18,2300,CO-1420-2300,Dunstan Middle,'6-8,108,CO-1420-0108,Alameda Intl Junior/Senior High,'7-12,3.866922609,2.993046521,'7-8
2300 - 9432,19,2300,CO-1420-2300,Dunstan Middle,'6-8,9432,CO-1420-9432,Dennison Elementary,'K-6,3.915691323,3.067227608,'6
2300 - 5623,20,2300,CO-1420-2300,Dunstan Middle,'6-8,5623,CO-1420-5623,Long View,'10-12,3.971854797,2.071651841,'No
2300 - 0033,21,2300,CO-1420-2300,Dunstan Middle,'6-8,33,CO-1420-0033,McLain Community High School,'9-12,4.118262695,2.180979784,'No
2300 - 8102,22,2300,CO-1420-2300,Dunstan Middle,'6-8,8102,CO-1420-8102,South Lakewood Elementary,'K-5,4.411037948,3.40775177,'No
2300 - 4942,23,2300,CO-1420-2300,Dunstan Middle,'6-8,4942,CO-1420-4942,Lakewood High,'9-12,4.502847564,3.442171326,'No
2300 - 2120,24,2300,CO-1420-2300,Dunstan Middle,'6-8,2120,CO-1420-2120,D'Evelyn Junior/Senior,'6-12,4.527125946,3.10394503,'6-8
2300 - 9342,25,2300,CO-1420-2300,Dunstan Middle,'6-8,9342,CO-1420-9342,Welchester Elementary,'PK-5,4.54005951,3.315455481,'No
2300 - 5004,26,2300,CO-1420-2300,Dunstan Middle,'6-8,5004,CO-1420-5004,Lasley Elementary,'K-6,4.681025224,3.891893724,'6
2300 - 4830,27,2300,CO-1420-2300,Dunstan Middle,'6-8,4830,CO-1420-4830,Kyffin Elementary,'PK-5,4.817646679,2.585778145,'No
2300 - 2550,28,2300,CO-1420-2300,Dunstan Middle,'6-8,2550,CO-1420-2550,Eiber Elementary,'PK-5,5.045398022,4.072587104,'No
2300 - 7282,29,2300,CO-1420-2300,Dunstan Middle,'6-8,7282,CO-1420-7282,Red Rocks Elementary,'K-5,5.087251532,3.62997064,'No
2300 - 7468,30,2300,CO-1420-2300,Dunstan Middle,'6-8,7468,CO-1420-7468,Rose Stein International Elementary,'PK-6,5.235408876,3.99621395,'6
2300 - 8276,31,2300,CO-1420-2300,Dunstan Middle,'6-8,8276,CO-1420-8276,Stober Elementary,'K-5,5.364363689,4.637383197,'No
2300 - 8090,32,2300,CO-1420-2300,Dunstan Middle,'6-8,8090,CO-1420-8090,Deane Elementary,'PK-6,5.50826625,4.379123113,'6
2300 - 0965,33,2300,CO-1420-2300,Dunstan Middle,'6-8,965,CO-1420-0965,Brady Exploration School,'10-12,5.620064737,4.663753354,'No
2300 - 6539,34,2300,CO-1420-2300,Dunstan Middle,'6-8,6539,CO-1420-6539,JeffCo Open Elementary,'PK-6,5.775706623,4.494668265,'6
2300 - 3201,35,2300,CO-1420-2300,Dunstan Middle,'6-8,3201,CO-1420-3201,Free Horizon Montessori,'PK-8,6.047366018,3.892373243,'6-8
2300 - 3536,36,2300,CO-1420-2300,Dunstan Middle,'6-8,3536,CO-1420-3536,Governor's Ranch Elementary,'PK-5,6.079436961,4.917487431,'No
2300 - 7190,37,2300,CO-1420-2300,Dunstan Middle,'6-8,7190,CO-1420-7190,Prospect Valley Elementary,'K-5,6.106820399,5.589558902,'No
2300 - 7962,38,2300,CO-1420-2300,Dunstan Middle,'6-8,7962,CO-1420-7962,Slater Elementary,'PK-5,6.415118775,5.209288751,'No
2300 - 9490,39,2300,CO-1420-2300,Dunstan Middle,'6-8,9490,CO-1420-9490,Westridge Elementary,'K-5,6.57429401,5.019856498,'No
2300 - 4549,40,2300,CO-1420-2300,Dunstan Middle,'6-8,4549,CO-1420-4549,Kendallvue Elementary,'PK-5,6.627354484,3.774048009,'No
2300 - 5472,41,2300,CO-1420-2300,Dunstan Middle,'6-8,5472,CO-1420-5472,Manning,'6-8,6.676951473,5.255838606,'6-8
2300 - 5524,42,2300,CO-1420-2300,Dunstan Middle,'6-8,5524,CO-1420-5524,Maple Grove Elementary,'PK-5,6.767441649,5.176501968,'No
2300 - 0694,43,2300,CO-1420-2300,Dunstan Middle,'6-8,694,CO-1420-0694,Bell Middle,'6-8,6.928022109,4.496347234,'6-8
2300 - 9510,44,2300,CO-1420-2300,Dunstan Middle,'6-8,9510,CO-1420-9510,Wheat Ridge High,'9-12,6.937852034,5.817385211,'No
2300 - 4798,45,2300,CO-1420-2300,Dunstan Middle,'6-8,4798,CO-1420-4798,Connections Learning Center,'6-8,6.95459931,4.764133998,'6-8
2300 - 7833,46,2300,CO-1420-2300,Dunstan Middle,'6-8,7833,CO-1420-7833,Shelton Elementary,'PK-5,7.076194359,4.794732523,'No
2300 - 2820,47,2300,CO-1420-2300,Dunstan Middle,'6-8,2820,CO-1420-2820,Everitt Middle,'6-8,7.243365681,6.190926277,'6-8
2300 - 4422,48,2300,CO-1420-2300,Dunstan Middle,'6-8,4422,CO-1420-4422,Jefferson Junior/Senior High,'7-12,7.438843577,5.755915592,'7-8
2300 - 5354,49,2300,CO-1420-2300,Dunstan Middle,'6-8,5354,CO-1420-5354,Lumberg Elementary,'PK-6,7.476621237,5.759555504,'6
2300 - 6135,50,2300,CO-1420-2300,Dunstan Middle,'6-8,6135,CO-1420-6135,Mt. Carbon Elementary,'PK-5,7.701418761,4.903304806,'No
2300 - 8381,51,2300,CO-1420-2300,Dunstan Middle,'6-8,8381,CO-1420-8381,Summit Ridge Middle,'6-8,7.711281638,5.649102676,'6-8
2300 - 7128,52,2300,CO-1420-2300,Dunstan Middle,'6-8,7128,CO-1420-7128,Powderhorn Elementary,'PK-5,7.885417032,5.638213041,'No
2300 - 6285,53,2300,CO-1420-2300,Dunstan Middle,'6-8,6285,CO-1420-6285,Norma Anderson Early Learning Center,'PK,8.089426894,6.587867972,'No
2300 - 3502,54,2300,CO-1420-2300,Dunstan Middle,'6-8,3502,CO-1420-3502,Golden High,'9-12,8.09620553,5.574630056,'No
2300 - 6848,55,2300,CO-1420-2300,Dunstan Middle,'6-8,6848,CO-1420-6848,Peak Expeditionary-Pennington,'PK-5,8.138973253,6.858374887,'No
2300 - 0951,56,2300,CO-1420-2300,Dunstan Middle,'6-8,951,CO-1420-0951,Blue Heron Elementary,'PK-5,8.286898605,6.439101198,'No
2300 - 2093,57,2300,CO-1420-2300,Dunstan Middle,'6-8,2093,CO-1420-2093,Dakota Ridge High,'9-12,8.299803794,5.554119794,'No
2300 - 2496,58,2300,CO-1420-2300,Dunstan Middle,'6-8,2496,CO-1420-2496,Edgewater Elementary,'PK-6,8.333324655,6.304166028,'6
2300 - 9008,59,2300,CO-1420-2300,Dunstan Middle,'6-8,9008,CO-1420-9008,Ute Meadows Elementary,'PK-5,8.375040372,6.923894674,'No
2300 - 1864,60,2300,CO-1420-2300,Dunstan Middle,'6-8,1864,CO-1420-1864,Columbine High,'9-12,8.378520416,6.532103772,'No
2300 - 5036,61,2300,CO-1420-2300,Dunstan Middle,'6-8,5036,CO-1420-5036,Leawood Elementary,'PK-5,8.379042622,6.6444277,'No
2300 - 1001,62,2300,CO-1420-2300,Dunstan Middle,'6-8,1001,CO-1420-1001,Warren Tech South,'11-12,8.483057138,5.739325611,'No
2300 - 8223,63,2300,CO-1420-2300,Dunstan Middle,'6-8,8223,CO-1420-8223,Stevens Elementary,'PK-5,8.55323814,6.817209174,'No
2300 - 2130,64,2300,CO-1420-2300,Dunstan Middle,'6-8,2130,CO-1420-2130,Deer Creek Middle,'6-8,8.598558969,7.025465932,'6-8
2300 - 2288,65,2300,CO-1420-2300,Dunstan Middle,'6-8,2288,CO-1420-2288,Drake Middle,'6-8,8.617236513,7.298587881,'6-8
2300 - 8036,66,2300,CO-1420-2300,Dunstan Middle,'6-8,8036,CO-1420-8036,Sobesky Academy,'K-12,8.803600895,6.964422009,'6-8
2300 - 1522,67,2300,CO-1420-2300,Dunstan Middle,'6-8,1522,CO-1420-1522,Chatfield High,'9-12,9.015964788,6.775546874,'No
2300 - 8280,68,2300,CO-1420-2300,Dunstan Middle,'6-8,8280,CO-1420-8280,Stony Creek Elementary,'PK-5,9.058880096,7.190674852,'No
2300 - 2322,69,2300,CO-1420-2300,Dunstan Middle,'6-8,2322,CO-1420-2322,Dutch Creek Elementary,'PK-5,9.476873571,7.449677872,'No
2300 - 6286,70,2300,CO-1420-2300,Dunstan Middle,'6-8,6286,CO-1420-6286,Normandy Elementary,'PK-5,9.488839662,7.483160065,'No
2300 - 6133,71,2300,CO-1420-2300,Dunstan Middle,'6-8,6133,CO-1420-6133,Mortensen Elementary,'PK-5,9.501584469,8.00074346,'No
2300 - 7780,72,2300,CO-1420-2300,Dunstan Middle,'6-8,7780,CO-1420-7780,Shaffer Elementary,'PK-5,9.561869467,7.934019009,'No
2300 - 1876,73,2300,CO-1420-2300,Dunstan Middle,'6-8,1876,CO-1420-1876,Coronado Elementary,'PK-5,9.719786548,8.120248716,'No
2300 - 2963,74,2300,CO-1420-2300,Dunstan Middle,'6-8,2963,CO-1420-2963,Falcon Bluffs Middle,'6-8,9.883436674,8.59389104,'6-8
2300 - 9058,75,2300,CO-1420-2300,Dunstan Middle,'6-8,9058,CO-1420-9058,Vanderhoof Elementary,'K-5,9.897547502,8.212822163,'No
2300 - 5024,76,2300,CO-1420-2300,Dunstan Middle,'6-8,5024,CO-1420-5024,Lawrence Elementary,'K-5,9.949892171,8.341965722,'No
2300 - 4548,77,2300,CO-1420-2300,Dunstan Middle,'6-8,4548,CO-1420-4548,Ken Caryl Middle,'6-8,9.963448549,7.984494768,'6-8
,,,CO-1420-,,',,CO-1420-,,',,,#N/A
2322 - 4548,2,2322,CO-1420-2322,Dutch Creek Elementary,'PK-5,4548,CO-1420-4548,Ken Caryl Middle,'6-8,0.894049522,0.575494948,'No
2322 - 6286,3,2322,CO-1420-2322,Dutch Creek Elementary,'PK-5,6286,CO-1420-6286,Normandy Elementary,'PK-5,1.26319752,0.797536963,'PK-5
2322 - 1864,4,2322,CO-1420-2322,Dutch Creek Elementary,'PK-5,1864,CO-1420-1864,Columbine High,'9-12,1.745420075,1.16953742,'No
2322 - 1861,5,2322,CO-1420-2322,Dutch Creek Elementary,'PK-5,1861,CO-1420-1861,Columbine Hills Elementary,'PK-5,1.801680187,1.191852731,'PK-5
2322 - 1876,6,2322,CO-1420-2322,Dutch Creek Elementary,'PK-5,1876,CO-1420-1876,Coronado Elementary,'PK-5,1.843342348,1.188122908,'PK-5
2322 - 8280,7,2322,CO-1420-2322,Dutch Creek Elementary,'PK-5,8280,CO-1420-8280,Stony Creek Elementary,'PK-5,1.977253958,1.060987586,'PK-5
2322 - 5036,8,2322,CO-1420-2322,Dutch Creek Elementary,'PK-5,5036,CO-1420-5036,Leawood Elementary,'PK-5,2.089301942,1.473988666,'PK-5
2322 - 2130,9,2322,CO-1420-2322,Dutch Creek Elementary,'PK-5,2130,CO-1420-2130,Deer Creek Middle,'6-8,2.379766965,1.289269301,'No
2322 - 6133,10,2322,CO-1420-2322,Dutch Creek Elementary,'PK-5,6133,CO-1420-6133,Mortensen Elementary,'PK-5,2.853710016,1.935423247,'PK-5
2322 - 2963,11,2322,CO-1420-2322,Dutch Creek Elementary,'PK-5,2963,CO-1420-2963,Falcon Bluffs Middle,'6-8,2.985526006,2.101596828,'No
2322 - 0951,12,2322,CO-1420-2322,Dutch Creek Elementary,'PK-5,951,CO-1420-0951,Blue Heron Elementary,'PK-5,3.164231829,1.945595217,'PK-5
2322 - 7780,13,2322,CO-1420-2322,Dutch Creek Elementary,'PK-5,7780,CO-1420-7780,Shaffer Elementary,'PK-5,3.182092864,2.203034549,'PK-5
2322 - 9008,14,2322,CO-1420-2322,Dutch Creek Elementary,'PK-5,9008,CO-1420-9008,Ute Meadows Elementary,'PK-5,3.377376507,2.331297734,'PK-5
2322 - 3536,15,2322,CO-1420-2322,Dutch Creek Elementary,'PK-5,3536,CO-1420-3536,Governor's Ranch Elementary,'PK-5,3.652001345,2.532433326,'PK-5
2322 - 8381,16,2322,CO-1420-2322,Dutch Creek Elementary,'PK-5,8381,CO-1420-8381,Summit Ridge Middle,'6-8,3.79981248,3.032348967,'No
2322 - 1522,17,2322,CO-1420-2322,Dutch Creek Elementary,'PK-5,1522,CO-1420-1522,Chatfield High,'9-12,3.821445714,2.889667065,'No
2322 - 7128,18,2322,CO-1420-2322,Dutch Creek Elementary,'PK-5,7128,CO-1420-7128,Powderhorn Elementary,'PK-5,3.973947874,3.19301177,'PK-5
2322 - 9490,19,2322,CO-1420-2322,Dutch Creek Elementary,'PK-5,9490,CO-1420-9490,Westridge Elementary,'K-5,3.988181577,2.813838775,'K-5
2322 - 1001,20,2322,CO-1420-2322,Dutch Creek Elementary,'PK-5,1001,CO-1420-1001,Warren Tech South,'11-12,4.864103759,3.888794881,'No
2322 - 2093,21,2322,CO-1420-2322,Dutch Creek Elementary,'PK-5,2093,CO-1420-2093,Dakota Ridge High,'9-12,5.130657484,4.009558599,'No
2322 - 6135,22,2322,CO-1420-2322,Dutch Creek Elementary,'PK-5,6135,CO-1420-6135,Mt. Carbon Elementary,'PK-5,5.403398103,3.846151915,'PK-5
2322 - 0950,23,2322,CO-1420-2322,Dutch Creek Elementary,'PK-5,950,CO-1420-0950,Bradford K8 South,'K-4,5.417383106,4.611901941,'K-4
2322 - 0952,24,2322,CO-1420-2322,Dutch Creek Elementary,'PK-5,952,CO-1420-0952,Bradford K8 North,'5-8,5.824222067,4.764877998,'5
2322 - 2120,25,2322,CO-1420-2322,Dutch Creek Elementary,'PK-5,2120,CO-1420-2120,D'Evelyn Junior/Senior,'6-12,5.928028969,4.347526122,'No
2322 - 0664,26,2322,CO-1420-2322,Dutch Creek Elementary,'PK-5,664,CO-1420-0664,Bear Creek High,'9-12,6.684805377,5.181860002,'No
2322 - 4549,27,2322,CO-1420-2322,Dutch Creek Elementary,'PK-5,4549,CO-1420-4549,Kendallvue Elementary,'PK-5,6.776991912,4.928982192,'PK-5
2322 - 0660,28,2322,CO-1420-2322,Dutch Creek Elementary,'PK-5,660,CO-1420-0660,Bear Creek K-8,'K-8,7.142375011,5.20770445,'K-5
2322 - 9412,29,2322,CO-1420-2322,Dutch Creek Elementary,'PK-5,9412,CO-1420-9412,Westgate Elementary,'PK-5,7.30552992,5.688566016,'PK-5
2322 - 3622,30,2322,CO-1420-2322,Dutch Creek Elementary,'PK-5,3622,CO-1420-3622,Green Gables Elementary,'PK-5,7.885958622,6.372124242,'PK-5
2322 - 1318,31,2322,CO-1420-2322,Dutch Creek Elementary,'PK-5,1318,CO-1420-1318,Carmody Middle,'6-8,8.236912381,6.564595936,'No
2322 - 0108,32,2322,CO-1420-2322,Dutch Creek Elementary,'PK-5,108,CO-1420-0108,Alameda Intl Junior/Senior High,'7-12,8.433473845,7.304120267,'No
2322 - 5004,33,2322,CO-1420-2322,Dutch Creek Elementary,'PK-5,5004,CO-1420-5004,Lasley Elementary,'K-6,8.931889881,7.205376996,'K-5
2322 - 6808,34,2322,CO-1420-2322,Dutch Creek Elementary,'PK-5,6808,CO-1420-6808,Patterson Elementary,'PK-6,9.008669667,7.414989175,'PK-5
2322 - 4550,35,2322,CO-1420-2322,Dutch Creek Elementary,'PK-5,4550,CO-1420-4550,Kendrick Lakes Elementary,'PK-5,9.384105416,7.364842561,'PK-5
2322 - 2300,36,2322,CO-1420-2322,Dutch Creek Elementary,'PK-5,2300,CO-1420-2300,Dunstan Middle,'6-8,9.476873571,7.449677872,'No
2322 - 2194,37,2322,CO-1420-2322,Dutch Creek Elementary,'PK-5,2194,CO-1420-2194,Devinny Elementary,'K-5,9.612787221,7.559505909,'K-5
2322 - 4190,38,2322,CO-1420-2322,Dutch Creek Elementary,'PK-5,4190,CO-1420-4190,Hutchinson Elementary,'PK-5,9.756155025,7.407013505,'PK-5
2322 - 0724,39,2322,CO-1420-2322,Dutch Creek Elementary,'PK-5,724,CO-1420-0724,Belmar School of Integrated Arts,'K-5,9.788018673,7.972767805,'K-5
2322 - 7282,40,2322,CO-1420-2322,Dutch Creek Elementary,'PK-5,7282,CO-1420-7282,Red Rocks Elementary,'K-5,9.858607633,7.950903765,'K-5
2322 - 7483,41,2322,CO-1420-2322,Dutch Creek Elementary,'PK-5,7483,CO-1420-7483,Rooney Ranch Elementary,'K-5,9.961014004,7.358321536,'K-5
,,,CO-1420-,,',,CO-1420-,,',,,#N/A
2496 - 5354,2,2496,CO-1420-2496,Edgewater Elementary,'PK-6,5354,CO-1420-5354,Lumberg Elementary,'PK-6,0.892922864,0.739983708,'PK-6
2496 - 4422,3,2496,CO-1420-2496,Edgewater Elementary,'PK-6,4422,CO-1420-4422,Jefferson Junior/Senior High,'7-12,0.894481079,0.855301084,'No
2496 - 8223,4,2496,CO-1420-2496,Edgewater Elementary,'PK-6,8223,CO-1420-8223,Stevens Elementary,'PK-5,2.32537185,1.70952942,'PK-5
2496 - 8036,5,2496,CO-1420-2496,Edgewater Elementary,'PK-6,8036,CO-1420-8036,Sobesky Academy,'K-12,2.390816665,1.785386468,'K-6
2496 - 7962,6,2496,CO-1420-2496,Edgewater Elementary,'PK-6,7962,CO-1420-7962,Slater Elementary,'PK-5,2.512710515,1.962364545,'PK-5
2496 - 6539,7,2496,CO-1420-2496,Edgewater Elementary,'PK-6,6539,CO-1420-6539,JeffCo Open Elementary,'PK-6,2.769925206,1.826545672,'PK-6
2496 - 9510,8,2496,CO-1420-2496,Edgewater Elementary,'PK-6,9510,CO-1420-9510,Wheat Ridge High,'9-12,3.302066266,2.65773696,'No
2496 - 2550,9,2496,CO-1420-2496,Edgewater Elementary,'PK-6,2550,CO-1420-2550,Eiber Elementary,'PK-5,3.367757096,2.702715998,'PK-5
2496 - 0965,10,2496,CO-1420-2496,Edgewater Elementary,'PK-6,965,CO-1420-0965,Brady Exploration School,'10-12,3.72774329,3.377966792,'No
2496 - 8090,11,2496,CO-1420-2496,Edgewater Elementary,'PK-6,8090,CO-1420-8090,Deane Elementary,'PK-6,3.766085174,3.036226617,'PK-6
2496 - 3088,12,2496,CO-1420-2496,Edgewater Elementary,'PK-6,3088,CO-1420-3088,Foster Dual Language PK-8 School,'PK-8,3.859881741,3.092658682,'PK-6
2496 - 2820,13,2496,CO-1420-2496,Edgewater Elementary,'PK-6,2820,CO-1420-2820,Everitt Middle,'6-8,3.893046884,2.989321004,'6
2496 - 7468,14,2496,CO-1420-2496,Edgewater Elementary,'PK-6,7468,CO-1420-7468,Rose Stein International Elementary,'PK-6,3.966042628,2.609345266,'PK-6
2496 - 8102,15,2496,CO-1420-2496,Edgewater Elementary,'PK-6,8102,CO-1420-8102,South Lakewood Elementary,'K-5,4.138683044,2.902729054,'K-5
2496 - 4942,16,2496,CO-1420-2496,Edgewater Elementary,'PK-6,4942,CO-1420-4942,Lakewood High,'9-12,4.14175452,3.063030779,'No
2496 - 7190,17,2496,CO-1420-2496,Edgewater Elementary,'PK-6,7190,CO-1420-7190,Prospect Valley Elementary,'K-5,4.374968394,3.657657095,'K-5
2496 - 6848,18,2496,CO-1420-2496,Edgewater Elementary,'PK-6,6848,CO-1420-6848,Peak Expeditionary-Pennington,'PK-5,4.492629724,3.35992238,'PK-5
2496 - 8276,19,2496,CO-1420-2496,Edgewater Elementary,'PK-6,8276,CO-1420-8276,Stober Elementary,'K-5,4.577347993,4.022156646,'K-5
2496 - 5024,20,2496,CO-1420-2496,Edgewater Elementary,'PK-6,5024,CO-1420-5024,Lawrence Elementary,'K-5,4.634339579,3.621089777,'K-5
2496 - 9432,21,2496,CO-1420-2496,Edgewater Elementary,'PK-6,9432,CO-1420-9432,Dennison Elementary,'K-6,4.653746091,3.312874236,'K-6
2496 - 1976,22,2496,CO-1420-2496,Edgewater Elementary,'PK-6,1976,CO-1420-1976,Creighton Middle,'6-8,4.774357551,3.493095007,'6
2496 - 5892,23,2496,CO-1420-2496,Edgewater Elementary,'PK-6,5892,CO-1420-5892,Fletcher Miller Special,'PK-12,4.799418523,3.474664997,'PK-6
2496 - 6285,24,2496,CO-1420-2496,Edgewater Elementary,'PK-6,6285,CO-1420-6285,Norma Anderson Early Learning Center,'PK,4.945498287,3.7876386,'PK
2496 - 5004,25,2496,CO-1420-2496,Edgewater Elementary,'PK-6,5004,CO-1420-5004,Lasley Elementary,'K-6,5.067401914,4.109033673,'K-6
2496 - 7708,26,2496,CO-1420-2496,Edgewater Elementary,'PK-6,7708,CO-1420-7708,Secrest Elementary,'PK-5,5.12034943,4.402449859,'PK-5
2496 - 8432,27,2496,CO-1420-2496,Edgewater Elementary,'PK-6,8432,CO-1420-8432,Swanson Elementary,'K-5,5.503864602,4.82020905,'K-5
2496 - 0108,28,2496,CO-1420-2496,Edgewater Elementary,'PK-6,108,CO-1420-0108,Alameda Intl Junior/Senior High,'7-12,5.546623106,4.209508737,'No
2496 - 5472,29,2496,CO-1420-2496,Edgewater Elementary,'PK-6,5472,CO-1420-5472,Manning,'6-8,5.558876059,4.883687076,'6
2496 - 0724,30,2496,CO-1420-2496,Edgewater Elementary,'PK-6,724,CO-1420-0724,Belmar School of Integrated Arts,'K-5,5.594407094,4.120949053,'K-5
2496 - 0370,31,2496,CO-1420-2496,Edgewater Elementary,'PK-6,370,CO-1420-0370,Arvada High,'9-12,5.628592417,4.699476743,'No
2496 - 9342,32,2496,CO-1420-2496,Edgewater Elementary,'PK-6,9342,CO-1420-9342,Welchester Elementary,'PK-5,5.635688912,4.811704996,'PK-5
2496 - 5524,33,2496,CO-1420-2496,Edgewater Elementary,'PK-6,5524,CO-1420-5524,Maple Grove Elementary,'PK-5,5.649366236,4.863943453,'PK-5
2496 - 6808,34,2496,CO-1420-2496,Edgewater Elementary,'PK-6,6808,CO-1420-6808,Patterson Elementary,'PK-6,5.898374203,4.406629606,'PK-6
2496 - 6330,35,2496,CO-1420-2496,Edgewater Elementary,'PK-6,6330,CO-1420-6330,North Arvada Middle,'6-8,6.27927424,5.437495455,'6
2496 - 4550,36,2496,CO-1420-2496,Edgewater Elementary,'PK-6,4550,CO-1420-4550,Kendrick Lakes Elementary,'PK-5,6.419392865,4.739043519,'PK-5
2496 - 3622,37,2496,CO-1420-2496,Edgewater Elementary,'PK-6,3622,CO-1420-3622,Green Gables Elementary,'PK-5,6.860365835,5.325919163,'PK-5
2496 - 9058,38,2496,CO-1420-2496,Edgewater Elementary,'PK-6,9058,CO-1420-9058,Vanderhoof Elementary,'K-5,6.891636034,5.169780501,'K-5
2496 - 9234,39,2496,CO-1420-2496,Edgewater Elementary,'PK-6,9234,CO-1420-9234,Warren Tech Central,'11-12,6.943864676,5.471400365,'No
2496 - 3726,40,2496,CO-1420-2496,Edgewater Elementary,'PK-6,3726,CO-1420-3726,Hackberry Hill Elementary,'K-5,6.945754108,5.876520523,'K-5
2496 - 2288,41,2496,CO-1420-2496,Edgewater Elementary,'PK-6,2288,CO-1420-2288,Drake Middle,'6-8,6.988735385,5.241996464,'6
2496 - 3201,42,2496,CO-1420-2496,Edgewater Elementary,'PK-6,3201,CO-1420-3201,Free Horizon Montessori,'PK-8,7.18957226,6.562834476,'PK-6
2496 - 1244,43,2496,CO-1420-2496,Edgewater Elementary,'PK-6,1244,CO-1420-1244,Campbell Early Learning Center,'PK,7.203806253,5.556140921,'PK
2496 - 9245,44,2496,CO-1420-2496,Edgewater Elementary,'PK-6,9245,CO-1420-9245,Warren Tech North,'11-12,7.204763773,5.426308928,'No
2496 - 5623,45,2496,CO-1420-2496,Edgewater Elementary,'PK-6,5623,CO-1420-5623,Long View,'10-12,7.295194957,5.687201849,'No
2496 - 0378,46,2496,CO-1420-2496,Edgewater Elementary,'PK-6,378,CO-1420-0378,Arvada West High,'9-12,7.364775413,5.53630667,'No
2496 - 0033,47,2496,CO-1420-2496,Edgewater Elementary,'PK-6,33,CO-1420-0033,McLain Community High School,'9-12,7.441602856,5.613800457,'No
2496 - 3025,48,2496,CO-1420-2496,Edgewater Elementary,'PK-6,3025,CO-1420-3025,Foothills Elementary,'PK-5,7.549962784,5.775854188,'PK-5
2496 - 4830,49,2496,CO-1420-2496,Edgewater Elementary,'PK-6,4830,CO-1420-4830,Kyffin Elementary,'PK-5,7.592625823,5.865545423,'PK-5
2496 - 1318,50,2496,CO-1420-2496,Edgewater Elementary,'PK-6,1318,CO-1420-1318,Carmody Middle,'6-8,7.599207195,5.611628994,'6
2496 - 9412,51,2496,CO-1420-2496,Edgewater Elementary,'PK-6,9412,CO-1420-9412,Westgate Elementary,'PK-5,7.623994333,5.929242452,'PK-5
2496 - 3216,52,2496,CO-1420-2496,Edgewater Elementary,'PK-6,3216,CO-1420-3216,Fremont Elementary,'K-5,7.700802094,5.873320734,'K-5
2496 - 5222,53,2496,CO-1420-2496,Edgewater Elementary,'PK-6,5222,CO-1420-5222,Little Elementary,'K-5,7.751751329,7.094525382,'K-5
2496 - 9232,54,2496,CO-1420-2496,Edgewater Elementary,'PK-6,9232,CO-1420-9232,Warder Elementary,'PK-5,7.79889322,6.221392985,'PK-5
2496 - 0694,55,2496,CO-1420-2496,Edgewater Elementary,'PK-6,694,CO-1420-0694,Bell Middle,'6-8,8.075530189,7.44703576,'6
2496 - 9328,56,2496,CO-1420-2496,Edgewater Elementary,'PK-6,9328,CO-1420-9328,Weber Elementary,'PK-5,8.089528019,6.888728967,'PK-5
2496 - 3628,57,2496,CO-1420-2496,Edgewater Elementary,'PK-6,3628,CO-1420-3628,Green Mountain High,'9-12,8.114340252,6.103548062,'No
2496 - 7114,58,2496,CO-1420-2496,Edgewater Elementary,'PK-6,7114,CO-1420-7114,Pomona Junior/Senior High,'6-12,8.167592026,7.04101847,'6
2496 - 2194,59,2496,CO-1420-2496,Edgewater Elementary,'PK-6,2194,CO-1420-2194,Devinny Elementary,'K-5,8.209571075,6.261281548,'K-5
2496 - 2300,60,2496,CO-1420-2496,Edgewater Elementary,'PK-6,2300,CO-1420-2300,Dunstan Middle,'6-8,8.333324655,6.304166028,'6
2496 - 6470,61,2496,CO-1420-2496,Edgewater Elementary,'PK-6,6470,CO-1420-6470,Oberon Middle,'6-8,8.550499641,6.49348286,'6
2496 - 4798,62,2496,CO-1420-2496,Edgewater Elementary,'PK-6,4798,CO-1420-4798,Connections Learning Center,'6-8,8.569915055,7.625772676,'6
2496 - 8300,63,2496,CO-1420-2496,Edgewater Elementary,'PK-6,8300,CO-1420-8300,Stott Elementary,'PK-5,8.570765426,6.418604454,'PK-5
2496 - 7870,64,2496,CO-1420-2496,Edgewater Elementary,'PK-6,7870,CO-1420-7870,Sierra Elementary,'PK-5,8.647388864,6.921368909,'PK-5
2496 - 0660,65,2496,CO-1420-2496,Edgewater Elementary,'PK-6,660,CO-1420-0660,Bear Creek K-8,'K-8,8.721913118,6.721411963,'K-6
2496 - 2866,66,2496,CO-1420-2496,Edgewater Elementary,'PK-6,2866,CO-1420-2866,Fairmount Elementary,'K-5,8.831441532,6.909159784,'K-5
2496 - 4190,67,2496,CO-1420-2496,Edgewater Elementary,'PK-6,4190,CO-1420-4190,Hutchinson Elementary,'PK-5,8.951900425,6.720122726,'PK-5
2496 - 3502,68,2496,CO-1420-2496,Edgewater Elementary,'PK-6,3502,CO-1420-3502,Golden High,'9-12,8.980389721,8.198921597,'No
2496 - 0664,69,2496,CO-1420-2496,Edgewater Elementary,'PK-6,664,CO-1420-0664,Bear Creek High,'9-12,9.002069327,6.978653713,'No
2496 - 5454,70,2496,CO-1420-2496,Edgewater Elementary,'PK-6,5454,CO-1420-5454,Mandalay Middle,'6-8,9.413556019,8.430441555,'6
2496 - 7753,71,2496,CO-1420-2496,Edgewater Elementary,'PK-6,7753,CO-1420-7753,Semper Elementary,'PK-5,9.445693994,8.432059297,'PK-5
2496 - 7483,72,2496,CO-1420-2496,Edgewater Elementary,'PK-6,7483,CO-1420-7483,Rooney Ranch Elementary,'K-5,9.458912035,7.106182121,'K-5
2496 - 0030,73,2496,CO-1420-2496,Edgewater Elementary,'PK-6,30,CO-1420-0030,Adams Elementary,'PK-5,9.462045699,8.207310476,'PK-5
2496 - 7833,74,2496,CO-1420-2496,Edgewater Elementary,'PK-6,7833,CO-1420-7833,Shelton Elementary,'PK-5,9.700900671,8.604040402,'PK-5
2496 - 9052,75,2496,CO-1420-2496,Edgewater Elementary,'PK-6,9052,CO-1420-9052,Van Arsdale Elementary,'PK-5,9.94940177,7.491575134,'PK-5
,,,CO-1420-,,',,CO-1420-,,',,,#N/A
2550 - 4942,2,2550,CO-1420-2550,Eiber Elementary,'PK-5,4942,CO-1420-4942,Lakewood High,'9-12,0.851599135,0.678793453,'No
2550 - 7962,3,2550,CO-1420-2550,Eiber Elementary,'PK-5,7962,CO-1420-7962,Slater Elementary,'PK-5,1.44765728,1.13936767,'PK-5
2550 - 6539,4,2550,CO-1420-2550,Eiber Elementary,'PK-5,6539,CO-1420-6539,JeffCo Open Elementary,'PK-6,1.509115212,1.168156896,'PK-5
2550 - 5892,5,2550,CO-1420-2550,Eiber Elementary,'PK-5,5892,CO-1420-5892,Fletcher Miller Special,'PK-12,1.542090366,1.254486978,'PK-5
2550 - 9432,6,2550,CO-1420-2550,Eiber Elementary,'PK-5,9432,CO-1420-9432,Dennison Elementary,'K-6,1.622417218,1.122700451,'K-5
2550 - 1976,7,2550,CO-1420-2550,Eiber Elementary,'PK-5,1976,CO-1420-1976,Creighton Middle,'6-8,1.868370168,1.383943704,'No
2550 - 8102,8,2550,CO-1420-2550,Eiber Elementary,'PK-5,8102,CO-1420-8102,South Lakewood Elementary,'K-5,1.891210328,1.435994719,'K-5
2550 - 9510,9,2550,CO-1420-2550,Eiber Elementary,'PK-5,9510,CO-1420-9510,Wheat Ridge High,'9-12,2.401508649,1.860528245,'No
2550 - 4422,10,2550,CO-1420-2550,Eiber Elementary,'PK-5,4422,CO-1420-4422,Jefferson Junior/Senior High,'7-12,2.473276017,1.924647031,'No
2550 - 5354,11,2550,CO-1420-2550,Eiber Elementary,'PK-5,5354,CO-1420-5354,Lumberg Elementary,'PK-6,2.514460505,1.991301096,'PK-5
2550 - 8276,12,2550,CO-1420-2550,Eiber Elementary,'PK-5,8276,CO-1420-8276,Stober Elementary,'K-5,2.563052932,1.770665276,'K-5
2550 - 9342,13,2550,CO-1420-2550,Eiber Elementary,'PK-5,9342,CO-1420-9342,Welchester Elementary,'PK-5,2.645133603,2.128329365,'PK-5
2550 - 2820,14,2550,CO-1420-2550,Eiber Elementary,'PK-5,2820,CO-1420-2820,Everitt Middle,'6-8,2.707022296,2.304141456,'No
2550 - 0724,15,2550,CO-1420-2550,Eiber Elementary,'PK-5,724,CO-1420-0724,Belmar School of Integrated Arts,'K-5,2.739629311,2.482751268,'K-5
2550 - 7190,16,2550,CO-1420-2550,Eiber Elementary,'PK-5,7190,CO-1420-7190,Prospect Valley Elementary,'K-5,2.83103118,2.120585203,'K-5
2550 - 7468,17,2550,CO-1420-2550,Eiber Elementary,'PK-5,7468,CO-1420-7468,Rose Stein International Elementary,'PK-6,3.090879153,2.173661407,'PK-5
2550 - 2496,18,2550,CO-1420-2550,Eiber Elementary,'PK-5,2496,CO-1420-2496,Edgewater Elementary,'PK-6,3.367757096,2.702715998,'PK-5
2550 - 6808,19,2550,CO-1420-2550,Eiber Elementary,'PK-5,6808,CO-1420-6808,Patterson Elementary,'PK-6,3.542691966,3.036221415,'PK-5
2550 - 6285,20,2550,CO-1420-2550,Eiber Elementary,'PK-5,6285,CO-1420-6285,Norma Anderson Early Learning Center,'PK,3.55308351,2.934237724,'PK
2550 - 4550,21,2550,CO-1420-2550,Eiber Elementary,'PK-5,4550,CO-1420-4550,Kendrick Lakes Elementary,'PK-5,3.564615082,3.118431261,'PK-5
2550 - 8223,22,2550,CO-1420-2550,Eiber Elementary,'PK-5,8223,CO-1420-8223,Stevens Elementary,'PK-5,3.585776645,2.758609271,'PK-5
2550 - 6848,23,2550,CO-1420-2550,Eiber Elementary,'PK-5,6848,CO-1420-6848,Peak Expeditionary-Pennington,'PK-5,3.602629869,2.992985876,'PK-5
2550 - 9234,24,2550,CO-1420-2550,Eiber Elementary,'PK-5,9234,CO-1420-9234,Warren Tech Central,'11-12,3.655938043,2.807669618,'No
2550 - 8036,25,2550,CO-1420-2550,Eiber Elementary,'PK-5,8036,CO-1420-8036,Sobesky Academy,'K-12,3.836139399,2.904585619,'K-5
2550 - 5472,26,2550,CO-1420-2550,Eiber Elementary,'PK-5,5472,CO-1420-5472,Manning,'6-8,3.875640716,2.786744944,'No
2550 - 5524,27,2550,CO-1420-2550,Eiber Elementary,'PK-5,5524,CO-1420-5524,Maple Grove Elementary,'PK-5,3.966130893,2.734715102,'PK-5
2550 - 5623,28,2550,CO-1420-2550,Eiber Elementary,'PK-5,5623,CO-1420-5623,Long View,'10-12,4.007268324,3.029642934,'No
2550 - 0033,29,2550,CO-1420-2550,Eiber Elementary,'PK-5,33,CO-1420-0033,McLain Community High School,'9-12,4.153676222,2.945477821,'No
2550 - 8090,30,2550,CO-1420-2550,Eiber Elementary,'PK-5,8090,CO-1420-8090,Deane Elementary,'PK-6,4.177634497,3.11942485,'PK-5
2550 - 0108,31,2550,CO-1420-2550,Eiber Elementary,'PK-5,108,CO-1420-0108,Alameda Intl Junior/Senior High,'7-12,4.226596249,3.252271176,'No
2550 - 3025,32,2550,CO-1420-2550,Eiber Elementary,'PK-5,3025,CO-1420-3025,Foothills Elementary,'PK-5,4.26203615,3.246636615,'PK-5
2550 - 4830,33,2550,CO-1420-2550,Eiber Elementary,'PK-5,4830,CO-1420-4830,Kyffin Elementary,'PK-5,4.297619712,3.167379492,'PK-5
2550 - 3201,34,2550,CO-1420-2550,Eiber Elementary,'PK-5,3201,CO-1420-3201,Free Horizon Montessori,'PK-8,4.352764283,3.910395854,'PK-5
2550 - 3622,35,2550,CO-1420-2550,Eiber Elementary,'PK-5,3622,CO-1420-3622,Green Gables Elementary,'PK-5,4.539539219,4.077503605,'PK-5
2550 - 1318,36,2550,CO-1420-2550,Eiber Elementary,'PK-5,1318,CO-1420-1318,Carmody Middle,'6-8,4.675820163,3.995507339,'No
2550 - 5004,37,2550,CO-1420-2550,Eiber Elementary,'PK-5,5004,CO-1420-5004,Lasley Elementary,'K-6,4.811018732,3.775942588,'K-5
2550 - 3628,38,2550,CO-1420-2550,Eiber Elementary,'PK-5,3628,CO-1420-3628,Green Mountain High,'9-12,4.826413619,3.690199952,'No
2550 - 2194,39,2550,CO-1420-2550,Eiber Elementary,'PK-5,2194,CO-1420-2194,Devinny Elementary,'K-5,4.921644442,4.001712431,'K-5
2550 - 0965,40,2550,CO-1420-2550,Eiber Elementary,'PK-5,965,CO-1420-0965,Brady Exploration School,'10-12,4.941131332,3.656359074,'No
2550 - 2300,41,2550,CO-1420-2550,Eiber Elementary,'PK-5,2300,CO-1420-2300,Dunstan Middle,'6-8,5.045398022,4.072587104,'No
2550 - 0694,42,2550,CO-1420-2550,Eiber Elementary,'PK-5,694,CO-1420-0694,Bell Middle,'6-8,5.238722212,4.813136887,'No
2550 - 9412,43,2550,CO-1420-2550,Eiber Elementary,'PK-5,9412,CO-1420-9412,Westgate Elementary,'PK-5,5.314821939,4.761062552,'PK-5
2550 - 5024,44,2550,CO-1420-2550,Eiber Elementary,'PK-5,5024,CO-1420-5024,Lawrence Elementary,'K-5,5.413548786,4.320445046,'K-5
2550 - 3088,45,2550,CO-1420-2550,Eiber Elementary,'PK-5,3088,CO-1420-3088,Foster Dual Language PK-8 School,'PK-8,5.44509382,4.130619454,'PK-5
2550 - 9058,46,2550,CO-1420-2550,Eiber Elementary,'PK-5,9058,CO-1420-9058,Vanderhoof Elementary,'K-5,5.547389246,4.677826882,'K-5
2550 - 2288,47,2550,CO-1420-2550,Eiber Elementary,'PK-5,2288,CO-1420-2288,Drake Middle,'6-8,5.596320608,4.125649471,'No
2550 - 4190,48,2550,CO-1420-2550,Eiber Elementary,'PK-5,4190,CO-1420-4190,Hutchinson Elementary,'PK-5,5.696719972,4.445703235,'PK-5
2550 - 4798,49,2550,CO-1420-2550,Eiber Elementary,'PK-5,4798,CO-1420-4798,Connections Learning Center,'6-8,5.733107079,5.012427413,'No
2550 - 9245,50,2550,CO-1420-2550,Eiber Elementary,'PK-5,9245,CO-1420-9245,Warren Tech North,'11-12,5.903013483,5.039595359,'No
2550 - 0378,51,2550,CO-1420-2550,Eiber Elementary,'PK-5,378,CO-1420-0378,Arvada West High,'9-12,6.044529751,5.14224982,'No
2550 - 1244,52,2550,CO-1420-2550,Eiber Elementary,'PK-5,1244,CO-1420-1244,Campbell Early Learning Center,'PK,6.080358791,5.452319131,'PK
2550 - 7483,53,2550,CO-1420-2550,Eiber Elementary,'PK-5,7483,CO-1420-7483,Rooney Ranch Elementary,'K-5,6.170985402,4.806533876,'K-5
2550 - 0660,54,2550,CO-1420-2550,Eiber Elementary,'PK-5,660,CO-1420-0660,Bear Creek K-8,'K-8,6.280791096,5.331855424,'K-5
2550 - 0664,55,2550,CO-1420-2550,Eiber Elementary,'PK-5,664,CO-1420-0664,Bear Creek High,'9-12,6.305640372,5.474406155,'No
2550 - 3502,56,2550,CO-1420-2550,Eiber Elementary,'PK-5,3502,CO-1420-3502,Golden High,'9-12,6.341941012,5.652798537,'No
2550 - 3216,57,2550,CO-1420-2550,Eiber Elementary,'PK-5,3216,CO-1420-3216,Fremont Elementary,'K-5,6.487062741,5.402188743,'K-5
2550 - 7708,58,2550,CO-1420-2550,Eiber Elementary,'PK-5,7708,CO-1420-7708,Secrest Elementary,'PK-5,6.562504001,5.505131824,'PK-5
2550 - 0370,59,2550,CO-1420-2550,Eiber Elementary,'PK-5,370,CO-1420-0370,Arvada High,'9-12,6.676242268,5.496494265,'No
2550 - 7833,60,2550,CO-1420-2550,Eiber Elementary,'PK-5,7833,CO-1420-7833,Shelton Elementary,'PK-5,6.78773962,5.927065035,'PK-5
2550 - 2866,61,2550,CO-1420-2550,Eiber Elementary,'PK-5,2866,CO-1420-2866,Fairmount Elementary,'K-5,7.208547516,5.19741051,'K-5
2550 - 8300,62,2550,CO-1420-2550,Eiber Elementary,'PK-5,8300,CO-1420-8300,Stott Elementary,'PK-5,7.247089859,5.790796081,'PK-5
2550 - 8432,63,2550,CO-1420-2550,Eiber Elementary,'PK-5,8432,CO-1420-8432,Swanson Elementary,'K-5,7.389320186,6.121896788,'K-5
2550 - 6470,64,2550,CO-1420-2550,Eiber Elementary,'PK-5,6470,CO-1420-6470,Oberon Middle,'6-8,7.453802662,6.487526122,'No
2550 - 2120,65,2550,CO-1420-2550,Eiber Elementary,'PK-5,2120,CO-1420-2120,D'Evelyn Junior/Senior,'6-12,7.592459761,6.49591672,'No
2550 - 6330,66,2550,CO-1420-2550,Eiber Elementary,'PK-5,6330,CO-1420-6330,North Arvada Middle,'6-8,7.817887281,6.487855606,'No
2550 - 3726,67,2550,CO-1420-2550,Eiber Elementary,'PK-5,3726,CO-1420-3726,Hackberry Hill Elementary,'K-5,8.046737369,6.815454936,'K-5
2550 - 7870,68,2550,CO-1420-2550,Eiber Elementary,'PK-5,7870,CO-1420-7870,Sierra Elementary,'PK-5,8.13803847,7.008813045,'PK-5
2550 - 5944,69,2550,CO-1420-2550,Eiber Elementary,'PK-5,5944,CO-1420-5944,Mitchell Elementary,'K-5,8.246999607,6.973746743,'K-5
2550 - 9232,70,2550,CO-1420-2550,Eiber Elementary,'PK-5,9232,CO-1420-9232,Warder Elementary,'PK-5,8.319674758,6.888760961,'PK-5
2550 - 9052,71,2550,CO-1420-2550,Eiber Elementary,'PK-5,9052,CO-1420-9052,Van Arsdale Elementary,'PK-5,8.800002935,7.011759989,'PK-5
2550 - 9328,72,2550,CO-1420-2550,Eiber Elementary,'PK-5,9328,CO-1420-9328,Weber Elementary,'PK-5,9.058780202,7.541866126,'PK-5
2550 - 3536,73,2550,CO-1420-2550,Eiber Elementary,'PK-5,3536,CO-1420-3536,Governor's Ranch Elementary,'PK-5,9.135778047,8.089960293,'PK-5
2550 - 7114,74,2550,CO-1420-2550,Eiber Elementary,'PK-5,7114,CO-1420-7114,Pomona Junior/Senior High,'6-12,9.259222059,7.796400522,'No
2550 - 9490,75,2550,CO-1420-2550,Eiber Elementary,'PK-5,9490,CO-1420-9490,Westridge Elementary,'K-5,9.639627825,8.577533752,'K-5
2550 - 4549,76,2550,CO-1420-2550,Eiber Elementary,'PK-5,4549,CO-1420-4549,Kendallvue Elementary,'PK-5,9.692688299,7.768308919,'PK-5
2550 - 7282,77,2550,CO-1420-2550,Eiber Elementary,'PK-5,7282,CO-1420-7282,Red Rocks Elementary,'K-5,9.749482266,7.4067779,'K-5
2550 - 5222,78,2550,CO-1420-2550,Eiber Elementary,'PK-5,5222,CO-1420-5222,Little Elementary,'K-5,9.761088283,8.207065432,'K-5
2550 - 7239,79,2550,CO-1420-2550,Eiber Elementary,'PK-5,7239,CO-1420-7239,Ralston Valley High,'9-12,9.773359035,7.70022714,'No
2550 - 5758,80,2550,CO-1420-2550,Eiber Elementary,'PK-5,5758,CO-1420-5758,Meiklejohn Elementary,'PK-5,9.932612781,7.968844677,'PK-5
,,,CO-1420-,,',,CO-1420-,,',,,#N/A
2616 - 1886,2,2616,CO-1420-2616,Elk Creek Elementary,'PK-5,1886,CO-1420-1886,Conifer High,'9-12,6.710640821,4.867252696,'No
2616 - 9424,3,2616,CO-1420-2616,Elk Creek Elementary,'PK-5,9424,CO-1420-9424,West Jefferson Elementary,'PK-5,6.863844742,5.934845901,'PK-5
2616 - 9428,4,2616,CO-1420-2616,Elk Creek Elementary,'PK-5,9428,CO-1420-9428,West Jefferson Middle,'6-8,7.657395726,6.2646834,'No
,,,CO-1420-,,',,CO-1420-,,',,,#N/A
2820 - 9510,2,2820,CO-1420-2820,Everitt Middle,'6-8,9510,CO-1420-9510,Wheat Ridge High,'9-12,0.842643335,0.471581037,'No
2820 - 6285,3,2820,CO-1420-2820,Everitt Middle,'6-8,6285,CO-1420-6285,Norma Anderson Early Learning Center,'PK,1.132638649,0.817607132,'No
2820 - 6848,4,2820,CO-1420-2820,Everitt Middle,'6-8,6848,CO-1420-6848,Peak Expeditionary-Pennington,'PK-5,1.182185008,0.689655118,'No
2820 - 7190,5,2820,CO-1420-2820,Everitt Middle,'6-8,7190,CO-1420-7190,Prospect Valley Elementary,'K-5,1.670154174,0.977326943,'No
2820 - 8223,6,2820,CO-1420-2820,Everitt Middle,'6-8,8223,CO-1420-8223,Stevens Elementary,'PK-5,1.858344598,1.637567887,'No
2820 - 8036,7,2820,CO-1420-2820,Everitt Middle,'6-8,8036,CO-1420-8036,Sobesky Academy,'K-12,2.108707353,1.704453494,'6-8
2820 - 7962,8,2820,CO-1420-2820,Everitt Middle,'6-8,7962,CO-1420-7962,Slater Elementary,'PK-5,2.380342842,1.489918928,'No
2820 - 8276,9,2820,CO-1420-2820,Everitt Middle,'6-8,8276,CO-1420-8276,Stober Elementary,'K-5,2.649336587,1.910243999,'No
2820 - 2550,10,2820,CO-1420-2820,Everitt Middle,'6-8,2550,CO-1420-2550,Eiber Elementary,'PK-5,2.707022296,2.304141456,'No
2820 - 5472,11,2820,CO-1420-2820,Everitt Middle,'6-8,5472,CO-1420-5472,Manning,'6-8,2.739510854,2.305484869,'6-8
2820 - 5524,12,2820,CO-1420-2820,Everitt Middle,'6-8,5524,CO-1420-5524,Maple Grove Elementary,'PK-5,2.830001031,2.322209725,'No
2820 - 5024,13,2820,CO-1420-2820,Everitt Middle,'6-8,5024,CO-1420-5024,Lawrence Elementary,'K-5,2.993103926,2.2043812,'No
2820 - 4422,14,2820,CO-1420-2820,Everitt Middle,'6-8,4422,CO-1420-4422,Jefferson Junior/Senior High,'7-12,3.035818341,2.260649648,'7-8
2820 - 9058,15,2820,CO-1420-2820,Everitt Middle,'6-8,9058,CO-1420-9058,Vanderhoof Elementary,'K-5,3.126944385,2.464549733,'No
2820 - 2288,16,2820,CO-1420-2820,Everitt Middle,'6-8,2288,CO-1420-2288,Drake Middle,'6-8,3.175875747,2.267549879,'6-8
2820 - 5354,17,2820,CO-1420-2820,Everitt Middle,'6-8,5354,CO-1420-5354,Lumberg Elementary,'PK-6,3.252204904,2.409632569,'6
2820 - 4942,18,2820,CO-1420-2820,Everitt Middle,'6-8,4942,CO-1420-4942,Lakewood High,'9-12,3.311004297,2.976516644,'No
2820 - 3088,19,2820,CO-1420-2820,Everitt Middle,'6-8,3088,CO-1420-3088,Foster Dual Language PK-8 School,'PK-8,3.46553193,2.242631133,'6-8
2820 - 9245,20,2820,CO-1420-2820,Everitt Middle,'6-8,9245,CO-1420-9245,Warren Tech North,'11-12,3.482568623,2.803115763,'No
2820 - 0378,21,2820,CO-1420-2820,Everitt Middle,'6-8,378,CO-1420-0378,Arvada West High,'9-12,3.624084891,2.910822763,'No
2820 - 1244,22,2820,CO-1420-2820,Everitt Middle,'6-8,1244,CO-1420-1244,Campbell Early Learning Center,'PK,3.65991393,3.163976932,'No
2820 - 5892,23,2820,CO-1420-2820,Everitt Middle,'6-8,5892,CO-1420-5892,Fletcher Miller Special,'PK-12,3.744213174,3.543851009,'6-8
2820 - 9432,24,2820,CO-1420-2820,Everitt Middle,'6-8,9432,CO-1420-9432,Dennison Elementary,'K-6,3.824540027,3.422389574,'6
2820 - 2496,25,2820,CO-1420-2820,Everitt Middle,'6-8,2496,CO-1420-2496,Edgewater Elementary,'PK-6,3.893046884,2.989321004,'6
2820 - 6539,26,2820,CO-1420-2820,Everitt Middle,'6-8,6539,CO-1420-6539,JeffCo Open Elementary,'PK-6,3.956337481,2.843407979,'6
2820 - 3216,27,2820,CO-1420-2820,Everitt Middle,'6-8,3216,CO-1420-3216,Fremont Elementary,'K-5,4.066617881,3.203407189,'No
2820 - 1976,28,2820,CO-1420-2820,Everitt Middle,'6-8,1976,CO-1420-1976,Creighton Middle,'6-8,4.123291835,3.682834574,'6-8
2820 - 9342,29,2820,CO-1420-2820,Everitt Middle,'6-8,9342,CO-1420-9342,Welchester Elementary,'PK-5,4.290505576,3.317771994,'No
2820 - 0370,30,2820,CO-1420-2820,Everitt Middle,'6-8,370,CO-1420-0370,Arvada High,'9-12,4.364885052,3.309975123,'No
2820 - 8102,31,2820,CO-1420-2820,Everitt Middle,'6-8,8102,CO-1420-8102,South Lakewood Elementary,'K-5,4.561766432,3.661975019,'No
2820 - 7708,32,2820,CO-1420-2820,Everitt Middle,'6-8,7708,CO-1420-7708,Secrest Elementary,'PK-5,4.569366524,3.445141142,'No
2820 - 8300,33,2820,CO-1420-2820,Everitt Middle,'6-8,8300,CO-1420-8300,Stott Elementary,'PK-5,4.826644999,3.66593887,'No
2820 - 2866,34,2820,CO-1420-2820,Everitt Middle,'6-8,2866,CO-1420-2866,Fairmount Elementary,'K-5,5.018581894,3.949165565,'No
2820 - 6470,35,2820,CO-1420-2820,Everitt Middle,'6-8,6470,CO-1420-6470,Oberon Middle,'6-8,5.033357801,4.198523388,'6-8
2820 - 8432,36,2820,CO-1420-2820,Everitt Middle,'6-8,8432,CO-1420-8432,Swanson Elementary,'K-5,5.396182709,4.111718269,'No
2820 - 0724,37,2820,CO-1420-2820,Everitt Middle,'6-8,724,CO-1420-0724,Belmar School of Integrated Arts,'K-5,5.410185415,4.786166607,'No
2820 - 3201,38,2820,CO-1420-2820,Everitt Middle,'6-8,3201,CO-1420-3201,Free Horizon Montessori,'PK-8,5.447767629,4.634442953,'6-8
2820 - 7468,39,2820,CO-1420-2820,Everitt Middle,'6-8,7468,CO-1420-7468,Rose Stein International Elementary,'PK-6,5.559160707,4.158503779,'6
2820 - 9234,40,2820,CO-1420-2820,Everitt Middle,'6-8,9234,CO-1420-9234,Warren Tech Central,'11-12,5.672694092,4.451994583,'No
2820 - 7870,41,2820,CO-1420-2820,Everitt Middle,'6-8,7870,CO-1420-7870,Sierra Elementary,'PK-5,5.71759361,4.713766883,'No
2820 - 4550,42,2820,CO-1420-2820,Everitt Middle,'6-8,4550,CO-1420-4550,Kendrick Lakes Elementary,'PK-5,5.769208357,5.422046511,'No
2820 - 6330,43,2820,CO-1420-2820,Everitt Middle,'6-8,6330,CO-1420-6330,North Arvada Middle,'6-8,5.824749804,4.341637657,'6-8
2820 - 3726,44,2820,CO-1420-2820,Everitt Middle,'6-8,3726,CO-1420-3726,Hackberry Hill Elementary,'K-5,5.895054286,4.617549597,'No
2820 - 9232,45,2820,CO-1420-2820,Everitt Middle,'6-8,9232,CO-1420-9232,Warder Elementary,'PK-5,5.899229897,4.62130545,'No
2820 - 5623,46,2820,CO-1420-2820,Everitt Middle,'6-8,5623,CO-1420-5623,Long View,'10-12,6.024024373,4.669211309,'No
2820 - 0033,47,2820,CO-1420-2820,Everitt Middle,'6-8,33,CO-1420-0033,McLain Community High School,'9-12,6.170432271,4.553959935,'No
2820 - 6808,48,2820,CO-1420-2820,Everitt Middle,'6-8,6808,CO-1420-6808,Patterson Elementary,'PK-6,6.180846672,5.330549177,'6
2820 - 4830,49,2820,CO-1420-2820,Everitt Middle,'6-8,4830,CO-1420-4830,Kyffin Elementary,'PK-5,6.302293444,4.55394758,'No
2820 - 0694,50,2820,CO-1420-2820,Everitt Middle,'6-8,694,CO-1420-0694,Bell Middle,'6-8,6.333725558,5.37240865,'6-8
2820 - 3025,51,2820,CO-1420-2820,Everitt Middle,'6-8,3025,CO-1420-3025,Foothills Elementary,'PK-5,6.371664502,5.141559298,'No
2820 - 9052,52,2820,CO-1420-2820,Everitt Middle,'6-8,9052,CO-1420-9052,Van Arsdale Elementary,'PK-5,6.379558075,4.849403366,'No
2820 - 9328,53,2820,CO-1420-2820,Everitt Middle,'6-8,9328,CO-1420-9328,Weber Elementary,'PK-5,6.638335342,5.262777626,'No
2820 - 8090,54,2820,CO-1420-2820,Everitt Middle,'6-8,8090,CO-1420-8090,Deane Elementary,'PK-6,6.645916051,5.024078548,'6
2820 - 4798,55,2820,CO-1420-2820,Everitt Middle,'6-8,4798,CO-1420-4798,Connections Learning Center,'6-8,6.828110424,5.475192823,'6-8
2820 - 0108,56,2820,CO-1420-2820,Everitt Middle,'6-8,108,CO-1420-0108,Alameda Intl Junior/Senior High,'7-12,6.864750955,5.492181041,'7-8
2820 - 1318,57,2820,CO-1420-2820,Everitt Middle,'6-8,1318,CO-1420-1318,Carmody Middle,'6-8,6.874284883,6.293628868,'6-8
2820 - 3628,58,2820,CO-1420-2820,Everitt Middle,'6-8,3628,CO-1420-3628,Green Mountain High,'9-12,6.952502455,5.689188499,'No
2820 - 7114,59,2820,CO-1420-2820,Everitt Middle,'6-8,7114,CO-1420-7114,Pomona Junior/Senior High,'6-12,7.107538976,5.53135581,'6-8
2820 - 2194,60,2820,CO-1420-2820,Everitt Middle,'6-8,2194,CO-1420-2194,Devinny Elementary,'K-5,7.119612101,6.105756882,'No
2820 - 3622,61,2820,CO-1420-2820,Everitt Middle,'6-8,3622,CO-1420-3622,Green Gables Elementary,'PK-5,7.141993954,6.374697545,'No
2820 - 3502,62,2820,CO-1420-2820,Everitt Middle,'6-8,3502,CO-1420-3502,Golden High,'9-12,7.23858509,5.854104059,'No
2820 - 2300,63,2820,CO-1420-2820,Everitt Middle,'6-8,2300,CO-1420-2300,Dunstan Middle,'6-8,7.243365681,6.190926277,'6-8
2820 - 5004,64,2820,CO-1420-2820,Everitt Middle,'6-8,5004,CO-1420-5004,Lasley Elementary,'K-6,7.352504761,5.879732556,'6
2820 - 7239,65,2820,CO-1420-2820,Everitt Middle,'6-8,7239,CO-1420-7239,Ralston Valley High,'9-12,7.352914175,5.516585661,'No
2820 - 0965,66,2820,CO-1420-2820,Everitt Middle,'6-8,965,CO-1420-0965,Brady Exploration School,'10-12,7.409412885,5.528734231,'No
2820 - 5758,67,2820,CO-1420-2820,Everitt Middle,'6-8,5758,CO-1420-5758,Meiklejohn Elementary,'PK-5,7.51216792,5.77589796,'No
2820 - 5222,68,2820,CO-1420-2820,Everitt Middle,'6-8,5222,CO-1420-5222,Little Elementary,'K-5,7.6094052,6.026994863,'No
2820 - 9429,69,2820,CO-1420-2820,Everitt Middle,'6-8,9429,CO-1420-9429,West Woods Elementary,'K-5,7.753065478,5.728938555,'No
2820 - 5944,70,2820,CO-1420-2820,Everitt Middle,'6-8,5944,CO-1420-5944,Mitchell Elementary,'K-5,7.787886575,6.702722868,'No
2820 - 4190,71,2820,CO-1420-2820,Everitt Middle,'6-8,4190,CO-1420-4190,Hutchinson Elementary,'PK-5,7.894732741,6.520064433,'No
2820 - 9412,72,2820,CO-1420-2820,Everitt Middle,'6-8,9412,CO-1420-9412,Westgate Elementary,'PK-5,7.917276674,7.057908985,'No
2820 - 7833,73,2820,CO-1420-2820,Everitt Middle,'6-8,7833,CO-1420-7833,Shelton Elementary,'PK-5,7.95909604,6.638160366,'No
2820 - 7483,74,2820,CO-1420-2820,Everitt Middle,'6-8,7483,CO-1420-7483,Rooney Ranch Elementary,'K-5,8.297074238,6.847483217,'No
2820 - 7753,75,2820,CO-1420-2820,Everitt Middle,'6-8,7753,CO-1420-7753,Semper Elementary,'PK-5,8.385640943,7.089406188,'No
2820 - 0660,76,2820,CO-1420-2820,Everitt Middle,'6-8,660,CO-1420-0660,Bear Creek K-8,'K-8,8.479255817,7.635061783,'6-8
2820 - 0664,77,2820,CO-1420-2820,Everitt Middle,'6-8,664,CO-1420-0664,Bear Creek High,'9-12,8.504105093,7.770961515,'No
2820 - 5454,78,2820,CO-1420-2820,Everitt Middle,'6-8,5454,CO-1420-5454,Mandalay Middle,'6-8,8.810847122,7.208177435,'6-8
2820 - 0030,79,2820,CO-1420-2820,Everitt Middle,'6-8,30,CO-1420-0030,Adams Elementary,'PK-5,8.859336801,7.139240013,'No
2820 - 5350,80,2820,CO-1420-2820,Everitt Middle,'6-8,5350,CO-1420-5350,Lukas Elementary,'K-5,9.315712407,7.034787934,'No
2820 - 8209,81,2820,CO-1420-2820,Everitt Middle,'6-8,8209,CO-1420-8209,Standley Lake High,'9-12,9.615129587,7.871790704,'No
2820 - 9299,82,2820,CO-1420-2820,Everitt Middle,'6-8,9299,CO-1420-9299,Wayne Carle Middle,'6-8,9.623676738,7.365638548,'6-8
2820 - 2120,83,2820,CO-1420-2820,Everitt Middle,'6-8,2120,CO-1420-2120,D'Evelyn Junior/Senior,'6-12,9.790472531,8.786820384,'6-8
,,,CO-1420-,,',,CO-1420-,,',,,#N/A
2832 - 0779,2,2832,CO-1420-2832,Evergreen Middle,'6-8,779,CO-1420-0779,Bergen Elementary,'PK-5,1.945870404,1.179117671,'No
2832 - 2836,3,2832,CO-1420-2832,Evergreen Middle,'6-8,2836,CO-1420-2836,Evergreen High,'9-12,5.797259569,4.168902564,'No
2832 - 9648,4,2832,CO-1420-2832,Evergreen Middle,'6-8,9648,CO-1420-9648,Wilmot Elementary,'PK-5,6.108649055,4.05675781,'No
2832 - 7238,5,2832,CO-1420-2832,Evergreen Middle,'6-8,7238,CO-1420-7238,Ralston Elementary,'K-5,6.175598514,4.570179904,'No
2832 - 5580,6,2832,CO-1420-2832,Evergreen Middle,'6-8,5580,CO-1420-5580,Marshdale Elementary,'PK-5,8.69133737,6.816074502,'No
2832 - 6804,7,2832,CO-1420-2832,Evergreen Middle,'6-8,6804,CO-1420-6804,Parmalee Elementary,'K-5,9.282850636,5.575214006,'No
,,,CO-1420-,,',,CO-1420-,,',,,#N/A
2836 - 9648,2,2836,CO-1420-2836,Evergreen High,'9-12,9648,CO-1420-9648,Wilmot Elementary,'PK-5,0.53920009,0.328226731,'No
2836 - 5580,3,2836,CO-1420-2836,Evergreen High,'9-12,5580,CO-1420-5580,Marshdale Elementary,'PK-5,4.272226937,2.677131593,'No
2836 - 2832,4,2836,CO-1420-2836,Evergreen High,'9-12,2832,CO-1420-2832,Evergreen Middle,'6-8,5.797259569,4.168902564,'No
2836 - 6804,5,2836,CO-1420-2836,Evergreen High,'9-12,6804,CO-1420-6804,Parmalee Elementary,'K-5,6.420652176,3.504282436,'No
2836 - 0779,6,2836,CO-1420-2836,Evergreen High,'9-12,779,CO-1420-0779,Bergen Elementary,'PK-5,7.241166986,4.97609841,'No
2836 - 9428,7,2836,CO-1420-2836,Evergreen High,'9-12,9428,CO-1420-9428,West Jefferson Middle,'6-8,7.351605169,5.404761802,'No
2836 - 9424,8,2836,CO-1420-2836,Evergreen High,'9-12,9424,CO-1420-9424,West Jefferson Elementary,'PK-5,8.235903121,5.845138744,'No
2836 - 1886,9,2836,CO-1420-2836,Evergreen High,'9-12,1886,CO-1420-1886,Conifer High,'9-12,8.9095435,6.46233145,'9-12
,,,CO-1420-,,',,CO-1420-,,',,,#N/A
2866 - 2288,2,2866,CO-1420-2866,Fairmount Elementary,'K-5,2288,CO-1420-2288,Drake Middle,'6-8,2.323926649,1.959392506,'No
2866 - 5472,3,2866,CO-1420-2866,Fairmount Elementary,'K-5,5472,CO-1420-5472,Manning,'6-8,3.532324708,2.456562952,'No
2866 - 5524,4,2866,CO-1420-2866,Fairmount Elementary,'K-5,5524,CO-1420-5524,Maple Grove Elementary,'PK-5,3.660939838,2.523338493,'K-5
2866 - 9058,5,2866,CO-1420-2866,Fairmount Elementary,'K-5,9058,CO-1420-9058,Vanderhoof Elementary,'K-5,3.87287099,2.938932271,'K-5
2866 - 8300,6,2866,CO-1420-2866,Fairmount Elementary,'K-5,8300,CO-1420-8300,Stott Elementary,'PK-5,3.90226072,2.708233335,'K-5
2866 - 9429,7,2866,CO-1420-2866,Fairmount Elementary,'K-5,9429,CO-1420-9429,West Woods Elementary,'K-5,3.948032372,2.721973382,'K-5
2866 - 6285,8,2866,CO-1420-2866,Fairmount Elementary,'K-5,6285,CO-1420-6285,Norma Anderson Early Learning Center,'PK,3.980678744,3.224548434,'No
2866 - 3216,9,2866,CO-1420-2866,Fairmount Elementary,'K-5,3216,CO-1420-3216,Fremont Elementary,'K-5,4.095981139,2.96756111,'K-5
2866 - 0378,10,2866,CO-1420-2866,Fairmount Elementary,'K-5,378,CO-1420-0378,Arvada West High,'9-12,4.18994232,3.103396082,'No
2866 - 9245,11,2866,CO-1420-2866,Fairmount Elementary,'K-5,9245,CO-1420-9245,Warren Tech North,'11-12,4.192202688,3.115889684,'No
2866 - 5944,12,2866,CO-1420-2866,Fairmount Elementary,'K-5,5944,CO-1420-5944,Mitchell Elementary,'K-5,4.367183894,3.41202273,'K-5
2866 - 9052,13,2866,CO-1420-2866,Fairmount Elementary,'K-5,9052,CO-1420-9052,Van Arsdale Elementary,'PK-5,4.632787237,3.530356527,'K-5
2866 - 3502,14,2866,CO-1420-2866,Fairmount Elementary,'K-5,3502,CO-1420-3502,Golden High,'9-12,4.73672945,3.531804626,'No
2866 - 8276,15,2866,CO-1420-2866,Fairmount Elementary,'K-5,8276,CO-1420-8276,Stober Elementary,'K-5,4.868020925,3.45477527,'K-5
2866 - 7190,16,2866,CO-1420-2866,Fairmount Elementary,'K-5,7190,CO-1420-7190,Prospect Valley Elementary,'K-5,4.893630013,3.298411632,'K-5
2866 - 6848,17,2866,CO-1420-2866,Fairmount Elementary,'K-5,6848,CO-1420-6848,Peak Expeditionary-Pennington,'PK-5,4.938597588,3.811767515,'K-5
2866 - 2820,18,2866,CO-1420-2866,Fairmount Elementary,'K-5,2820,CO-1420-2820,Everitt Middle,'6-8,5.018581894,3.949165565,'No
2866 - 1244,19,2866,CO-1420-2866,Fairmount Elementary,'K-5,1244,CO-1420-1244,Campbell Early Learning Center,'PK,5.018775953,3.702394104,'No
2866 - 7239,20,2866,CO-1420-2866,Fairmount Elementary,'K-5,7239,CO-1420-7239,Ralston Valley High,'9-12,5.448230365,4.126583588,'No
2866 - 4798,21,2866,CO-1420-2866,Fairmount Elementary,'K-5,4798,CO-1420-4798,Connections Learning Center,'6-8,5.575289989,3.759451627,'No
2866 - 5024,22,2866,CO-1420-2866,Fairmount Elementary,'K-5,5024,CO-1420-5024,Lawrence Elementary,'K-5,5.646949887,4.955105893,'K-5
2866 - 5758,23,2866,CO-1420-2866,Fairmount Elementary,'K-5,5758,CO-1420-5758,Meiklejohn Elementary,'PK-5,5.735214747,4.381975854,'K-5
2866 - 9510,24,2866,CO-1420-2866,Fairmount Elementary,'K-5,9510,CO-1420-9510,Wheat Ridge High,'9-12,5.8106102,4.251803758,'No
2866 - 9342,25,2866,CO-1420-2866,Fairmount Elementary,'K-5,9342,CO-1420-9342,Welchester Elementary,'PK-5,5.869731461,4.202574484,'K-5
2866 - 6470,26,2866,CO-1420-2866,Fairmount Elementary,'K-5,6470,CO-1420-6470,Oberon Middle,'6-8,5.876959807,4.214762139,'No
2866 - 3201,27,2866,CO-1420-2866,Fairmount Elementary,'K-5,3201,CO-1420-3201,Free Horizon Montessori,'PK-8,5.94480875,3.824594347,'K-5
2866 - 0694,28,2866,CO-1420-2866,Fairmount Elementary,'K-5,694,CO-1420-0694,Bell Middle,'6-8,5.953600688,3.870983795,'No
2866 - 3088,29,2866,CO-1420-2866,Fairmount Elementary,'K-5,3088,CO-1420-3088,Foster Dual Language PK-8 School,'PK-8,6.530087196,5.42486822,'K-5
2866 - 8036,30,2866,CO-1420-2866,Fairmount Elementary,'K-5,8036,CO-1420-8036,Sobesky Academy,'K-12,6.622859233,5.572207329,'K-5
2866 - 8223,31,2866,CO-1420-2866,Fairmount Elementary,'K-5,8223,CO-1420-8223,Stevens Elementary,'PK-5,6.734225736,5.537585511,'K-5
2866 - 7870,32,2866,CO-1420-2866,Fairmount Elementary,'K-5,7870,CO-1420-7870,Sierra Elementary,'PK-5,6.787769282,4.647326116,'K-5
2866 - 4830,33,2866,CO-1420-2866,Fairmount Elementary,'K-5,4830,CO-1420-4830,Kyffin Elementary,'PK-5,6.852028752,4.863273622,'K-5
2866 - 0370,34,2866,CO-1420-2866,Fairmount Elementary,'K-5,370,CO-1420-0370,Arvada High,'9-12,6.890387218,5.338785257,'No
2866 - 7962,35,2866,CO-1420-2866,Fairmount Elementary,'K-5,7962,CO-1420-7962,Slater Elementary,'PK-5,6.979600916,5.104581894,'K-5
2866 - 7833,36,2866,CO-1420-2866,Fairmount Elementary,'K-5,7833,CO-1420-7833,Shelton Elementary,'PK-5,7.146924119,4.913954244,'K-5
2866 - 2550,37,2866,CO-1420-2866,Fairmount Elementary,'K-5,2550,CO-1420-2550,Eiber Elementary,'PK-5,7.208547516,5.19741051,'K-5
2866 - 7708,38,2866,CO-1420-2866,Fairmount Elementary,'K-5,7708,CO-1420-7708,Secrest Elementary,'PK-5,7.367056661,5.85885841,'K-5
2866 - 9234,39,2866,CO-1420-2866,Fairmount Elementary,'K-5,9234,CO-1420-9234,Warren Tech Central,'11-12,7.720402825,5.234196989,'No
2866 - 4942,40,2866,CO-1420-2866,Fairmount Elementary,'K-5,4942,CO-1420-4942,Lakewood High,'9-12,7.772333727,5.617269524,'No
2866 - 0033,41,2866,CO-1420-2866,Fairmount Elementary,'K-5,33,CO-1420-0033,McLain Community High School,'9-12,7.859578046,5.226658388,'No
2866 - 5623,42,2866,CO-1420-2866,Fairmount Elementary,'K-5,5623,CO-1420-5623,Long View,'10-12,7.93563705,5.339669417,'No
2866 - 9232,43,2866,CO-1420-2866,Fairmount Elementary,'K-5,9232,CO-1420-9232,Warder Elementary,'PK-5,7.941209787,5.69644673,'K-5
2866 - 4422,44,2866,CO-1420-2866,Fairmount Elementary,'K-5,4422,CO-1420-4422,Jefferson Junior/Senior High,'7-12,8.011152759,6.117866685,'No
2866 - 8432,45,2866,CO-1420-2866,Fairmount Elementary,'K-5,8432,CO-1420-8432,Swanson Elementary,'K-5,8.193872846,6.469286141,'K-5
2866 - 5892,46,2866,CO-1420-2866,Fairmount Elementary,'K-5,5892,CO-1420-5892,Fletcher Miller Special,'PK-12,8.20101707,5.979765839,'K-5
2866 - 5354,47,2866,CO-1420-2866,Fairmount Elementary,'K-5,5354,CO-1420-5354,Lumberg Elementary,'PK-6,8.227539322,6.263561769,'K-5
2866 - 9328,48,2866,CO-1420-2866,Fairmount Elementary,'K-5,9328,CO-1420-9328,Weber Elementary,'PK-5,8.280514098,6.037401838,'K-5
2866 - 9432,49,2866,CO-1420-2866,Fairmount Elementary,'K-5,9432,CO-1420-9432,Dennison Elementary,'K-6,8.281343923,5.955653746,'K-5
2866 - 6330,50,2866,CO-1420-2866,Fairmount Elementary,'K-5,6330,CO-1420-6330,North Arvada Middle,'6-8,8.34505341,6.200955567,'No
2866 - 3726,51,2866,CO-1420-2866,Fairmount Elementary,'K-5,3726,CO-1420-3726,Hackberry Hill Elementary,'K-5,8.379536261,6.16605353,'K-5
2866 - 8856,52,2866,CO-1420-2866,Fairmount Elementary,'K-5,8856,CO-1420-8856,Three Creeks K-8,'K-8,8.418491265,5.892146938,'K-5
2866 - 1976,53,2866,CO-1420-2866,Fairmount Elementary,'K-5,1976,CO-1420-1976,Creighton Middle,'6-8,8.58009573,6.146633221,'No
2866 - 6539,54,2866,CO-1420-2866,Fairmount Elementary,'K-5,6539,CO-1420-6539,JeffCo Open Elementary,'PK-6,8.588175757,6.244047178,'K-5
2866 - 7114,55,2866,CO-1420-2866,Fairmount Elementary,'K-5,7114,CO-1420-7114,Pomona Junior/Senior High,'6-12,8.81311355,6.390460833,'No
2866 - 2496,56,2866,CO-1420-2866,Fairmount Elementary,'K-5,2496,CO-1420-2496,Edgewater Elementary,'PK-6,8.831441532,6.909159784,'K-5
2866 - 8102,57,2866,CO-1420-2866,Fairmount Elementary,'K-5,8102,CO-1420-8102,South Lakewood Elementary,'K-5,9.04902428,6.55414867,'K-5
2866 - 3025,58,2866,CO-1420-2866,Fairmount Elementary,'K-5,3025,CO-1420-3025,Foothills Elementary,'PK-5,9.098700963,6.095842866,'K-5
2866 - 3628,59,2866,CO-1420-2866,Fairmount Elementary,'K-5,3628,CO-1420-3628,Green Mountain High,'9-12,9.679538916,6.706812698,'No
2866 - 9299,60,2866,CO-1420-2866,Fairmount Elementary,'K-5,9299,CO-1420-9299,Wayne Carle Middle,'6-8,9.684985747,7.119646414,'No
2866 - 2194,61,2866,CO-1420-2866,Fairmount Elementary,'K-5,2194,CO-1420-2194,Devinny Elementary,'K-5,9.886104692,7.296650988,'K-5
2866 - 0724,62,2866,CO-1420-2866,Fairmount Elementary,'K-5,724,CO-1420-0724,Belmar School of Integrated Arts,'K-5,9.896202661,7.199499371,'K-5
,,,CO-1420-,,',,CO-1420-,,',,,#N/A
2963 - 6133,2,2963,CO-1420-2963,Falcon Bluffs Middle,'6-8,6133,CO-1420-6133,Mortensen Elementary,'PK-5,0.794511824,0.616201686,'No
2963 - 7780,3,2963,CO-1420-2963,Falcon Bluffs Middle,'6-8,7780,CO-1420-7780,Shaffer Elementary,'PK-5,1.11740499,0.823631696,'No
2963 - 1876,4,2963,CO-1420-2963,Falcon Bluffs Middle,'6-8,1876,CO-1420-1876,Coronado Elementary,'PK-5,1.296996582,0.920892381,'No
2963 - 8280,5,2963,CO-1420-2963,Falcon Bluffs Middle,'6-8,8280,CO-1420-8280,Stony Creek Elementary,'PK-5,1.762080484,1.537846641,'No
2963 - 2130,6,2963,CO-1420-2963,Falcon Bluffs Middle,'6-8,2130,CO-1420-2130,Deer Creek Middle,'6-8,1.897414442,1.620153171,'6-8
2963 - 9008,7,2963,CO-1420-2963,Falcon Bluffs Middle,'6-8,9008,CO-1420-9008,Ute Meadows Elementary,'PK-5,2.832646656,1.829248917,'No
2963 - 1861,8,2963,CO-1420-2963,Falcon Bluffs Middle,'6-8,1861,CO-1420-1861,Columbine Hills Elementary,'PK-5,2.885565132,2.34080236,'No
2963 - 4548,9,2963,CO-1420-2963,Falcon Bluffs Middle,'6-8,4548,CO-1420-4548,Ken Caryl Middle,'6-8,2.910149928,2.140272657,'6-8
2963 - 1522,10,2963,CO-1420-2963,Falcon Bluffs Middle,'6-8,1522,CO-1420-1522,Chatfield High,'9-12,2.914070972,2.265714226,'No
2963 - 2322,11,2963,CO-1420-2963,Falcon Bluffs Middle,'6-8,2322,CO-1420-2322,Dutch Creek Elementary,'PK-5,2.985526006,2.101596828,'No
2963 - 6286,12,2963,CO-1420-2963,Falcon Bluffs Middle,'6-8,6286,CO-1420-6286,Normandy Elementary,'PK-5,3.843723902,2.841007141,'No
2963 - 8381,13,2963,CO-1420-2963,Falcon Bluffs Middle,'6-8,8381,CO-1420-8381,Summit Ridge Middle,'6-8,4.042749109,3.142464995,'6-8
2963 - 0950,14,2963,CO-1420-2963,Falcon Bluffs Middle,'6-8,950,CO-1420-0950,Bradford K8 South,'K-4,4.198715883,3.2199404,'No
2963 - 7128,15,2963,CO-1420-2963,Falcon Bluffs Middle,'6-8,7128,CO-1420-7128,Powderhorn Elementary,'PK-5,4.216884503,3.231062974,'No
2963 - 9490,16,2963,CO-1420-2963,Falcon Bluffs Middle,'6-8,9490,CO-1420-9490,Westridge Elementary,'K-5,4.252916274,3.574876295,'No
2963 - 1864,17,2963,CO-1420-2963,Falcon Bluffs Middle,'6-8,1864,CO-1420-1864,Columbine High,'9-12,4.355392567,3.181173891,'No
2963 - 0952,18,2963,CO-1420-2963,Falcon Bluffs Middle,'6-8,952,CO-1420-0952,Bradford K8 North,'5-8,4.610730065,3.733725644,'6-8
2963 - 5036,19,2963,CO-1420-2963,Falcon Bluffs Middle,'6-8,5036,CO-1420-5036,Leawood Elementary,'PK-5,4.699274434,3.557947275,'No
2963 - 3536,20,2963,CO-1420-2963,Falcon Bluffs Middle,'6-8,3536,CO-1420-3536,Governor's Ranch Elementary,'PK-5,4.813387711,3.932087681,'No
2963 - 1001,21,2963,CO-1420-2963,Falcon Bluffs Middle,'6-8,1001,CO-1420-1001,Warren Tech South,'11-12,5.058002227,3.626796646,'No
2963 - 2093,22,2963,CO-1420-2963,Falcon Bluffs Middle,'6-8,2093,CO-1420-2093,Dakota Ridge High,'9-12,5.324555952,3.81678541,'No
2963 - 6135,23,2963,CO-1420-2963,Falcon Bluffs Middle,'6-8,6135,CO-1420-6135,Mt. Carbon Elementary,'PK-5,5.646334732,4.058398234,'No
2963 - 0951,24,2963,CO-1420-2963,Falcon Bluffs Middle,'6-8,951,CO-1420-0951,Blue Heron Elementary,'PK-5,5.774204321,4.02686418,'No
2963 - 2120,25,2963,CO-1420-2963,Falcon Bluffs Middle,'6-8,2120,CO-1420-2120,D'Evelyn Junior/Senior,'6-12,6.33412243,5.581084197,'6-8
2963 - 4549,26,2963,CO-1420-2963,Falcon Bluffs Middle,'6-8,4549,CO-1420-4549,Kendallvue Elementary,'PK-5,6.993334459,5.345975907,'No
2963 - 0664,27,2963,CO-1420-2963,Falcon Bluffs Middle,'6-8,664,CO-1420-0664,Bear Creek High,'9-12,7.093235691,6.561946492,'No
2963 - 0660,28,2963,CO-1420-2963,Falcon Bluffs Middle,'6-8,660,CO-1420-0660,Bear Creek K-8,'K-8,7.622728505,6.682358194,'6-8
2963 - 9412,29,2963,CO-1420-2963,Falcon Bluffs Middle,'6-8,9412,CO-1420-9412,Westgate Elementary,'PK-5,8.550653889,7.31647615,'No
2963 - 1318,30,2963,CO-1420-2963,Falcon Bluffs Middle,'6-8,1318,CO-1420-1318,Carmody Middle,'6-8,8.645342695,8.029602364,'6-8
2963 - 3622,31,2963,CO-1420-2963,Falcon Bluffs Middle,'6-8,3622,CO-1420-3622,Green Gables Elementary,'PK-5,9.163461718,7.986484175,'No
2963 - 7282,32,2963,CO-1420-2963,Falcon Bluffs Middle,'6-8,7282,CO-1420-7282,Red Rocks Elementary,'K-5,9.605937425,8.203442831,'No
2963 - 0108,33,2963,CO-1420-2963,Falcon Bluffs Middle,'6-8,108,CO-1420-0108,Alameda Intl Junior/Senior High,'7-12,9.710976941,9.01235022,'7-8
2963 - 2300,34,2963,CO-1420-2963,Falcon Bluffs Middle,'6-8,2300,CO-1420-2300,Dunstan Middle,'6-8,9.883436674,8.59389104,'6-8
2963 - 4550,35,2963,CO-1420-2963,Falcon Bluffs Middle,'6-8,4550,CO-1420-4550,Kendrick Lakes Elementary,'PK-5,9.901286452,8.895718766,'No
,,,CO-1420-,,',,CO-1420-,,',,,#N/A
3025 - 3628,2,3025,CO-1420-3025,Foothills Elementary,'PK-5,3628,CO-1420-3628,Green Mountain High,'9-12,1.074092799,0.620288779,'No
3025 - 2194,3,3025,CO-1420-3025,Foothills Elementary,'PK-5,2194,CO-1420-2194,Devinny Elementary,'K-5,1.428623172,1.200830089,'K-5
3025 - 2300,4,3025,CO-1420-3025,Foothills Elementary,'PK-5,2300,CO-1420-2300,Dunstan Middle,'6-8,1.552376752,1.310162284,'No
3025 - 4190,5,3025,CO-1420-3025,Foothills Elementary,'PK-5,4190,CO-1420-4190,Hutchinson Elementary,'PK-5,2.077800272,1.487401414,'PK-5
3025 - 7483,6,3025,CO-1420-3025,Foothills Elementary,'PK-5,7483,CO-1420-7483,Rooney Ranch Elementary,'K-5,2.418664582,1.74896278,'K-5
3025 - 9234,7,3025,CO-1420-3025,Foothills Elementary,'PK-5,9234,CO-1420-9234,Warren Tech Central,'11-12,2.469606482,0.866762177,'No
3025 - 5623,8,3025,CO-1420-3025,Foothills Elementary,'PK-5,5623,CO-1420-5623,Long View,'10-12,2.820936763,0.76564595,'No
3025 - 1976,9,3025,CO-1420-3025,Foothills Elementary,'PK-5,1976,CO-1420-1976,Creighton Middle,'6-8,2.962325639,2.331898136,'No
3025 - 0033,10,3025,CO-1420-3025,Foothills Elementary,'PK-5,33,CO-1420-0033,McLain Community High School,'9-12,2.967344661,0.871514481,'No
3025 - 0724,11,3025,CO-1420-3025,Foothills Elementary,'PK-5,724,CO-1420-0724,Belmar School of Integrated Arts,'K-5,3.006918301,2.387925528,'K-5
3025 - 4550,12,3025,CO-1420-3025,Foothills Elementary,'PK-5,4550,CO-1420-4550,Kendrick Lakes Elementary,'PK-5,3.009694395,2.353876536,'PK-5
3025 - 5892,13,3025,CO-1420-3025,Foothills Elementary,'PK-5,5892,CO-1420-5892,Fletcher Miller Special,'PK-12,3.011391909,2.315953908,'PK-5
3025 - 1318,14,3025,CO-1420-3025,Foothills Elementary,'PK-5,1318,CO-1420-1318,Carmody Middle,'6-8,3.147947854,2.561595183,'No
3025 - 9432,15,3025,CO-1420-3025,Foothills Elementary,'PK-5,9432,CO-1420-9432,Dennison Elementary,'K-6,3.241361694,2.472848372,'K-5
3025 - 6808,16,3025,CO-1420-3025,Foothills Elementary,'PK-5,6808,CO-1420-6808,Patterson Elementary,'PK-6,3.428364971,2.759661329,'PK-5
3025 - 9342,17,3025,CO-1420-3025,Foothills Elementary,'PK-5,9342,CO-1420-9342,Welchester Elementary,'PK-5,3.628902201,2.05153952,'PK-5
3025 - 4830,18,3025,CO-1420-3025,Foothills Elementary,'PK-5,4830,CO-1420-4830,Kyffin Elementary,'PK-5,3.666728645,1.299434471,'PK-5
3025 - 4942,19,3025,CO-1420-3025,Foothills Elementary,'PK-5,4942,CO-1420-4942,Lakewood High,'9-12,3.719485693,2.72678752,'No
3025 - 8102,20,3025,CO-1420-3025,Foothills Elementary,'PK-5,8102,CO-1420-8102,South Lakewood Elementary,'K-5,3.736708319,3.0457465,'K-5
3025 - 3622,21,3025,CO-1420-3025,Foothills Elementary,'PK-5,3622,CO-1420-3622,Green Gables Elementary,'PK-5,3.9441774,3.215090588,'PK-5
3025 - 0108,22,3025,CO-1420-3025,Foothills Elementary,'PK-5,108,CO-1420-0108,Alameda Intl Junior/Senior High,'7-12,4.112269253,3.379539294,'No
3025 - 2550,23,3025,CO-1420-3025,Foothills Elementary,'PK-5,2550,CO-1420-2550,Eiber Elementary,'PK-5,4.26203615,3.246636615,'PK-5
3025 - 8276,24,3025,CO-1420-3025,Foothills Elementary,'PK-5,8276,CO-1420-8276,Stober Elementary,'K-5,4.453206379,3.447156287,'K-5
3025 - 0660,25,3025,CO-1420-3025,Foothills Elementary,'PK-5,660,CO-1420-0660,Bear Creek K-8,'K-8,4.477050464,3.695055792,'K-5
3025 - 0664,26,3025,CO-1420-3025,Foothills Elementary,'PK-5,664,CO-1420-0664,Bear Creek High,'9-12,4.50189974,3.612475503,'No
3025 - 7468,27,3025,CO-1420-3025,Foothills Elementary,'PK-5,7468,CO-1420-7468,Rose Stein International Elementary,'PK-6,4.600225373,3.860162858,'PK-5
3025 - 9412,28,3025,CO-1420-3025,Foothills Elementary,'PK-5,9412,CO-1420-9412,Westgate Elementary,'PK-5,4.71946012,3.681305447,'PK-5
3025 - 3201,29,3025,CO-1420-3025,Foothills Elementary,'PK-5,3201,CO-1420-3201,Free Horizon Montessori,'PK-8,4.90583077,2.652332913,'PK-5
3025 - 6539,30,3025,CO-1420-3025,Foothills Elementary,'PK-5,6539,CO-1420-6539,JeffCo Open Elementary,'PK-6,4.992344751,3.958648437,'PK-5
3025 - 5004,31,3025,CO-1420-3025,Foothills Elementary,'PK-5,5004,CO-1420-5004,Lasley Elementary,'K-6,5.009056583,4.314347944,'K-5
3025 - 7190,32,3025,CO-1420-3025,Foothills Elementary,'PK-5,7190,CO-1420-7190,Prospect Valley Elementary,'K-5,5.195663089,4.442592497,'K-5
3025 - 8090,33,3025,CO-1420-3025,Foothills Elementary,'PK-5,8090,CO-1420-8090,Deane Elementary,'PK-6,5.198637381,4.492837511,'PK-5
3025 - 7962,34,3025,CO-1420-3025,Foothills Elementary,'PK-5,7962,CO-1420-7962,Slater Elementary,'PK-5,5.631756904,4.368615765,'PK-5
3025 - 2120,35,3025,CO-1420-3025,Foothills Elementary,'PK-5,2120,CO-1420-2120,D'Evelyn Junior/Senior,'6-12,5.743030148,4.406277976,'No
3025 - 5472,36,3025,CO-1420-3025,Foothills Elementary,'PK-5,5472,CO-1420-5472,Manning,'6-8,5.765794163,3.981704836,'No
3025 - 0965,37,3025,CO-1420-3025,Foothills Elementary,'PK-5,965,CO-1420-0965,Brady Exploration School,'10-12,5.791280288,4.893431024,'No
3025 - 0694,38,3025,CO-1420-3025,Foothills Elementary,'PK-5,694,CO-1420-0694,Bell Middle,'6-8,5.835093035,3.352405818,'No
3025 - 5524,39,3025,CO-1420-3025,Foothills Elementary,'PK-5,5524,CO-1420-5524,Maple Grove Elementary,'PK-5,5.856284339,3.902703382,'PK-5
3025 - 9510,40,3025,CO-1420-3025,Foothills Elementary,'PK-5,9510,CO-1420-9510,Wheat Ridge High,'9-12,6.066150854,4.814945255,'No
3025 - 7282,41,3025,CO-1420-3025,Foothills Elementary,'PK-5,7282,CO-1420-7282,Red Rocks Elementary,'K-5,6.097009034,4.161134933,'K-5
3025 - 4798,42,3025,CO-1420-3025,Foothills Elementary,'PK-5,4798,CO-1420-4798,Connections Learning Center,'6-8,6.312879893,3.622711272,'No
3025 - 2820,43,3025,CO-1420-3025,Foothills Elementary,'PK-5,2820,CO-1420-2820,Everitt Middle,'6-8,6.371664502,5.141559298,'No
3025 - 4422,44,3025,CO-1420-3025,Foothills Elementary,'PK-5,4422,CO-1420-4422,Jefferson Junior/Senior High,'7-12,6.655481705,5.105515585,'No
3025 - 5354,45,3025,CO-1420-3025,Foothills Elementary,'PK-5,5354,CO-1420-5354,Lumberg Elementary,'PK-6,6.693259366,5.140331349,'PK-5
3025 - 7833,46,3025,CO-1420-3025,Foothills Elementary,'PK-5,7833,CO-1420-7833,Shelton Elementary,'PK-5,6.80305201,3.885831895,'PK-5
3025 - 3502,47,3025,CO-1420-3025,Foothills Elementary,'PK-5,3502,CO-1420-3502,Golden High,'9-12,7.095376891,4.439798946,'No
3025 - 6285,48,3025,CO-1420-3025,Foothills Elementary,'PK-5,6285,CO-1420-6285,Norma Anderson Early Learning Center,'PK,7.217725715,5.447588138,'PK
3025 - 6848,49,3025,CO-1420-3025,Foothills Elementary,'PK-5,6848,CO-1420-6848,Peak Expeditionary-Pennington,'PK-5,7.267272074,5.781262418,'PK-5
3025 - 3536,50,3025,CO-1420-3025,Foothills Elementary,'PK-5,3536,CO-1420-3536,Governor's Ranch Elementary,'PK-5,7.295341163,6.215932768,'PK-5
3025 - 2496,51,3025,CO-1420-3025,Foothills Elementary,'PK-5,2496,CO-1420-2496,Edgewater Elementary,'PK-6,7.549962784,5.775854188,'PK-5
3025 - 2288,52,3025,CO-1420-3025,Foothills Elementary,'PK-5,2288,CO-1420-2288,Drake Middle,'6-8,7.706079203,6.050361914,'No
3025 - 4549,53,3025,CO-1420-3025,Foothills Elementary,'PK-5,4549,CO-1420-4549,Kendallvue Elementary,'PK-5,7.727145061,4.976139194,'PK-5
3025 - 8223,54,3025,CO-1420-3025,Foothills Elementary,'PK-5,8223,CO-1420-8223,Stevens Elementary,'PK-5,7.769876268,5.988439184,'PK-5
3025 - 9490,55,3025,CO-1420-3025,Foothills Elementary,'PK-5,9490,CO-1420-9490,Westridge Elementary,'K-5,7.790198212,6.327003013,'K-5
3025 - 8036,56,3025,CO-1420-3025,Foothills Elementary,'PK-5,8036,CO-1420-8036,Sobesky Academy,'K-12,8.020239023,6.132109833,'K-5
3025 - 6135,57,3025,CO-1420-3025,Foothills Elementary,'PK-5,6135,CO-1420-6135,Mt. Carbon Elementary,'PK-5,8.917322963,6.159037716,'PK-5
3025 - 8381,58,3025,CO-1420-3025,Foothills Elementary,'PK-5,8381,CO-1420-8381,Summit Ridge Middle,'6-8,8.92718584,6.933118782,'No
3025 - 9058,59,3025,CO-1420-3025,Foothills Elementary,'PK-5,9058,CO-1420-9058,Vanderhoof Elementary,'K-5,8.986390192,7.011630002,'K-5
3025 - 5944,60,3025,CO-1420-3025,Foothills Elementary,'PK-5,5944,CO-1420-5944,Mitchell Elementary,'K-5,9.000435485,6.119446555,'K-5
3025 - 5024,61,3025,CO-1420-3025,Foothills Elementary,'PK-5,5024,CO-1420-5024,Lawrence Elementary,'K-5,9.078190991,7.335326145,'K-5
3025 - 2866,62,3025,CO-1420-3025,Foothills Elementary,'PK-5,2866,CO-1420-2866,Fairmount Elementary,'K-5,9.098700963,6.095842866,'K-5
3025 - 7128,63,3025,CO-1420-3025,Foothills Elementary,'PK-5,7128,CO-1420-7128,Powderhorn Elementary,'PK-5,9.101321234,6.914667542,'PK-5
3025 - 3216,64,3025,CO-1420-3025,Foothills Elementary,'PK-5,3216,CO-1420-3216,Fremont Elementary,'K-5,9.306120925,7.628569821,'K-5
3025 - 0378,65,3025,CO-1420-3025,Foothills Elementary,'PK-5,378,CO-1420-0378,Arvada West High,'9-12,9.323071125,7.468547712,'No
3025 - 9245,66,3025,CO-1420-3025,Foothills Elementary,'PK-5,9245,CO-1420-9245,Warren Tech North,'11-12,9.325331493,7.387862776,'No
3025 - 2093,67,3025,CO-1420-3025,Foothills Elementary,'PK-5,2093,CO-1420-2093,Dakota Ridge High,'9-12,9.336771493,6.780059646,'No
3025 - 0951,68,3025,CO-1420-3025,Foothills Elementary,'PK-5,951,CO-1420-0951,Blue Heron Elementary,'PK-5,9.502802807,7.664127331,'PK-5
3025 - 3088,69,3025,CO-1420-3025,Foothills Elementary,'PK-5,3088,CO-1420-3088,Foster Dual Language PK-8 School,'PK-8,9.550618995,7.259937676,'PK-5
3025 - 8300,70,3025,CO-1420-3025,Foothills Elementary,'PK-5,8300,CO-1420-8300,Stott Elementary,'PK-5,9.555785453,7.827019152,'PK-5
3025 - 1001,71,3025,CO-1420-3025,Foothills Elementary,'PK-5,1001,CO-1420-1001,Warren Tech South,'11-12,9.574415734,6.971249961,'No
3025 - 9008,72,3025,CO-1420-3025,Foothills Elementary,'PK-5,9008,CO-1420-9008,Ute Meadows Elementary,'PK-5,9.590944574,8.219761022,'PK-5
3025 - 1864,73,3025,CO-1420-3025,Foothills Elementary,'PK-5,1864,CO-1420-1864,Columbine High,'9-12,9.594424619,7.805396708,'No
3025 - 5036,74,3025,CO-1420-3025,Foothills Elementary,'PK-5,5036,CO-1420-5036,Leawood Elementary,'PK-5,9.594946824,7.894575437,'PK-5
3025 - 1244,75,3025,CO-1420-3025,Foothills Elementary,'PK-5,1244,CO-1420-1244,Campbell Early Learning Center,'PK,9.745000996,7.936734213,'PK
3025 - 2130,76,3025,CO-1420-3025,Foothills Elementary,'PK-5,2130,CO-1420-2130,Deer Creek Middle,'6-8,9.814463171,8.335547149,'No
,,,CO-1420-,,',,CO-1420-,,',,,#N/A
3088 - 5024,2,3088,CO-1420-3088,Foster Dual Language PK-8 School,'PK-8,5024,CO-1420-5024,Lawrence Elementary,'K-5,1.071969066,0.62737482,'K-5
3088 - 7708,3,3088,CO-1420-3088,Foster Dual Language PK-8 School,'PK-8,7708,CO-1420-7708,Secrest Elementary,'PK-5,1.794807446,1.409436632,'PK-5
3088 - 0370,4,3088,CO-1420-3088,Foster Dual Language PK-8 School,'PK-8,370,CO-1420-0370,Arvada High,'9-12,1.94725831,1.608776958,'No
3088 - 8036,5,3088,CO-1420-3088,Foster Dual Language PK-8 School,'PK-8,8036,CO-1420-8036,Sobesky Academy,'K-12,2.41071159,1.410757012,'K-8
3088 - 8223,6,3088,CO-1420-3088,Foster Dual Language PK-8 School,'PK-8,8223,CO-1420-8223,Stevens Elementary,'PK-5,2.54890473,1.543126518,'PK-5
3088 - 8432,7,3088,CO-1420-3088,Foster Dual Language PK-8 School,'PK-8,8432,CO-1420-8432,Swanson Elementary,'K-5,2.567278032,1.99282917,'K-5
3088 - 6848,8,3088,CO-1420-3088,Foster Dual Language PK-8 School,'PK-8,6848,CO-1420-6848,Peak Expeditionary-Pennington,'PK-5,2.588497304,1.834633285,'PK-5
3088 - 6330,9,3088,CO-1420-3088,Foster Dual Language PK-8 School,'PK-8,6330,CO-1420-6330,North Arvada Middle,'6-8,3.050190726,2.442636237,'6-8
3088 - 3726,10,3088,CO-1420-3088,Foster Dual Language PK-8 School,'PK-8,3726,CO-1420-3726,Hackberry Hill Elementary,'K-5,3.279322934,2.841937405,'K-5
3088 - 6285,11,3088,CO-1420-3088,Foster Dual Language PK-8 School,'PK-8,6285,CO-1420-6285,Norma Anderson Early Learning Center,'PK,3.336001264,2.454341862,'PK
3088 - 2820,12,3088,CO-1420-3088,Foster Dual Language PK-8 School,'PK-8,2820,CO-1420-2820,Everitt Middle,'6-8,3.46553193,2.242631133,'6-8
3088 - 9058,13,3088,CO-1420-3088,Foster Dual Language PK-8 School,'PK-8,9058,CO-1420-9058,Vanderhoof Elementary,'K-5,3.493386658,2.767100526,'K-5
3088 - 1244,14,3088,CO-1420-3088,Foster Dual Language PK-8 School,'PK-8,1244,CO-1420-1244,Campbell Early Learning Center,'PK,3.624003313,2.751342179,'PK
3088 - 9245,15,3088,CO-1420-3088,Foster Dual Language PK-8 School,'PK-8,9245,CO-1420-9245,Warren Tech North,'11-12,3.62780179,2.865902152,'No
3088 - 9510,16,3088,CO-1420-3088,Foster Dual Language PK-8 School,'PK-8,9510,CO-1420-9510,Wheat Ridge High,'9-12,3.65184791,2.464373131,'No
3088 - 0378,17,3088,CO-1420-3088,Foster Dual Language PK-8 School,'PK-8,378,CO-1420-0378,Arvada West High,'9-12,3.787813429,2.959869204,'No
3088 - 4422,18,3088,CO-1420-3088,Foster Dual Language PK-8 School,'PK-8,4422,CO-1420-4422,Jefferson Junior/Senior High,'7-12,3.854549463,2.916356005,'7-8
3088 - 2496,19,3088,CO-1420-3088,Foster Dual Language PK-8 School,'PK-8,2496,CO-1420-2496,Edgewater Elementary,'PK-6,3.859881741,3.092658682,'PK-6
3088 - 5354,20,3088,CO-1420-3088,Foster Dual Language PK-8 School,'PK-8,5354,CO-1420-5354,Lumberg Elementary,'PK-6,4.054855805,3.013870543,'PK-6
3088 - 7962,21,3088,CO-1420-3088,Foster Dual Language PK-8 School,'PK-8,7962,CO-1420-7962,Slater Elementary,'PK-5,4.09386894,3.010434261,'PK-5
3088 - 3216,22,3088,CO-1420-3088,Foster Dual Language PK-8 School,'PK-8,3216,CO-1420-3216,Fremont Elementary,'K-5,4.122926819,3.300421232,'K-5
3088 - 9232,23,3088,CO-1420-3088,Foster Dual Language PK-8 School,'PK-8,9232,CO-1420-9232,Warder Elementary,'PK-5,4.123108817,3.131771352,'PK-5
3088 - 2288,24,3088,CO-1420-3088,Foster Dual Language PK-8 School,'PK-8,2288,CO-1420-2288,Drake Middle,'6-8,4.249004875,3.466558222,'6-8
3088 - 9328,25,3088,CO-1420-3088,Foster Dual Language PK-8 School,'PK-8,9328,CO-1420-9328,Weber Elementary,'PK-5,4.413743616,3.801859825,'PK-5
3088 - 7114,26,3088,CO-1420-3088,Foster Dual Language PK-8 School,'PK-8,7114,CO-1420-7114,Pomona Junior/Senior High,'6-12,4.491807623,3.971214741,'6-8
3088 - 7190,27,3088,CO-1420-3088,Foster Dual Language PK-8 School,'PK-8,7190,CO-1420-7190,Prospect Valley Elementary,'K-5,4.849108668,3.188367774,'K-5
3088 - 6470,28,3088,CO-1420-3088,Foster Dual Language PK-8 School,'PK-8,6470,CO-1420-6470,Oberon Middle,'6-8,4.885479541,3.544566022,'6-8
3088 - 7870,29,3088,CO-1420-3088,Foster Dual Language PK-8 School,'PK-8,7870,CO-1420-7870,Sierra Elementary,'PK-5,4.982368764,3.91311738,'PK-5
3088 - 8300,30,3088,CO-1420-3088,Foster Dual Language PK-8 School,'PK-8,8300,CO-1420-8300,Stott Elementary,'PK-5,4.992890151,3.891969935,'PK-5
3088 - 5222,31,3088,CO-1420-3088,Foster Dual Language PK-8 School,'PK-8,5222,CO-1420-5222,Little Elementary,'K-5,4.993673847,4.161986177,'K-5
3088 - 6539,32,3088,CO-1420-3088,Foster Dual Language PK-8 School,'PK-8,6539,CO-1420-6539,JeffCo Open Elementary,'PK-6,5.001375349,4.109951627,'PK-6
3088 - 2550,33,3088,CO-1420-3088,Foster Dual Language PK-8 School,'PK-8,2550,CO-1420-2550,Eiber Elementary,'PK-5,5.44509382,4.130619454,'PK-5
3088 - 5472,34,3088,CO-1420-3088,Foster Dual Language PK-8 School,'PK-8,5472,CO-1420-5472,Manning,'6-8,5.766312343,4.440514876,'6-8
3088 - 7753,35,3088,CO-1420-3088,Foster Dual Language PK-8 School,'PK-8,7753,CO-1420-7753,Semper Elementary,'PK-5,5.769909591,5.421540947,'PK-5
3088 - 8276,36,3088,CO-1420-3088,Foster Dual Language PK-8 School,'PK-8,8276,CO-1420-8276,Stober Elementary,'K-5,5.828291081,4.152767871,'K-5
3088 - 5524,37,3088,CO-1420-3088,Foster Dual Language PK-8 School,'PK-8,5524,CO-1420-5524,Maple Grove Elementary,'PK-5,5.85680252,4.472775899,'PK-5
3088 - 5454,38,3088,CO-1420-3088,Foster Dual Language PK-8 School,'PK-8,5454,CO-1420-5454,Mandalay Middle,'6-8,6.195115769,5.460611216,'6-8
3088 - 4942,39,3088,CO-1420-3088,Foster Dual Language PK-8 School,'PK-8,4942,CO-1420-4942,Lakewood High,'9-12,6.219091244,4.788485584,'No
3088 - 0030,40,3088,CO-1420-3088,Foster Dual Language PK-8 School,'PK-8,30,CO-1420-0030,Adams Elementary,'PK-5,6.243605449,5.296375938,'PK-5
3088 - 9052,41,3088,CO-1420-3088,Foster Dual Language PK-8 School,'PK-8,9052,CO-1420-9052,Van Arsdale Elementary,'PK-5,6.28438167,4.744597617,'PK-5
3088 - 8102,42,3088,CO-1420-3088,Foster Dual Language PK-8 School,'PK-8,8102,CO-1420-8102,South Lakewood Elementary,'K-5,6.370133187,5.19487829,'K-5
3088 - 7468,43,3088,CO-1420-3088,Foster Dual Language PK-8 School,'PK-8,7468,CO-1420-7468,Rose Stein International Elementary,'PK-6,6.442952281,5.34237336,'PK-6
3088 - 2866,44,3088,CO-1420-3088,Foster Dual Language PK-8 School,'PK-8,2866,CO-1420-2866,Fairmount Elementary,'K-5,6.530087196,5.42486822,'K-5
3088 - 9432,45,3088,CO-1420-3088,Foster Dual Language PK-8 School,'PK-8,9432,CO-1420-9432,Dennison Elementary,'K-6,6.732976751,5.209324787,'K-6
3088 - 1976,46,3088,CO-1420-3088,Foster Dual Language PK-8 School,'PK-8,1976,CO-1420-1976,Creighton Middle,'6-8,6.855874173,5.463391864,'6-8
3088 - 5350,47,3088,CO-1420-3088,Foster Dual Language PK-8 School,'PK-8,5350,CO-1420-5350,Lukas Elementary,'K-5,6.87435596,5.680889794,'K-5
3088 - 5892,48,3088,CO-1420-3088,Foster Dual Language PK-8 School,'PK-8,5892,CO-1420-5892,Fletcher Miller Special,'PK-12,6.878649183,5.358782899,'PK-8
3088 - 7239,49,3088,CO-1420-3088,Foster Dual Language PK-8 School,'PK-8,7239,CO-1420-7239,Ralston Valley High,'9-12,6.974119323,5.255756744,'No
3088 - 5758,50,3088,CO-1420-3088,Foster Dual Language PK-8 School,'PK-8,5758,CO-1420-5758,Meiklejohn Elementary,'PK-5,7.133373068,5.454244241,'PK-5
3088 - 8209,51,3088,CO-1420-3088,Foster Dual Language PK-8 School,'PK-8,8209,CO-1420-8209,Standley Lake High,'9-12,7.173773141,6.466838245,'No
3088 - 9299,52,3088,CO-1420-3088,Foster Dual Language PK-8 School,'PK-8,9299,CO-1420-9299,Wayne Carle Middle,'6-8,7.182320291,6.13365544,'6-8
3088 - 9342,53,3088,CO-1420-3088,Foster Dual Language PK-8 School,'PK-8,9342,CO-1420-9342,Welchester Elementary,'PK-5,7.46946007,5.540635481,'PK-5
3088 - 0965,54,3088,CO-1420-3088,Foster Dual Language PK-8 School,'PK-8,965,CO-1420-0965,Brady Exploration School,'10-12,7.487221545,6.404882199,'No
3088 - 8090,55,3088,CO-1420-3088,Foster Dual Language PK-8 School,'PK-8,8090,CO-1420-8090,Deane Elementary,'PK-6,7.525563429,5.997317948,'PK-6
3088 - 0724,56,3088,CO-1420-3088,Foster Dual Language PK-8 School,'PK-8,724,CO-1420-0724,Belmar School of Integrated Arts,'K-5,7.727133316,6.450266042,'K-5
3088 - 0108,57,3088,CO-1420-3088,Foster Dual Language PK-8 School,'PK-8,108,CO-1420-0108,Alameda Intl Junior/Senior High,'7-12,7.779249577,6.898500344,'7-8
3088 - 9429,58,3088,CO-1420-3088,Foster Dual Language PK-8 School,'PK-8,9429,CO-1420-9429,West Woods Elementary,'K-5,7.919648141,6.324488505,'K-5
3088 - 6808,59,3088,CO-1420-3088,Foster Dual Language PK-8 School,'PK-8,6808,CO-1420-6808,Patterson Elementary,'PK-6,8.130827898,6.906388788,'PK-6
3088 - 5004,60,3088,CO-1420-3088,Foster Dual Language PK-8 School,'PK-8,5004,CO-1420-5004,Lasley Elementary,'K-6,8.236296335,7.022241469,'K-6
3088 - 3201,61,3088,CO-1420-3088,Foster Dual Language PK-8 School,'PK-8,3201,CO-1420-3201,Free Horizon Montessori,'PK-8,8.520217577,6.862280745,'PK-8
3088 - 4550,62,3088,CO-1420-3088,Foster Dual Language PK-8 School,'PK-8,4550,CO-1420-4550,Kendrick Lakes Elementary,'PK-5,8.552119087,7.109635744,'PK-5
3088 - 9234,63,3088,CO-1420-3088,Foster Dual Language PK-8 School,'PK-8,9234,CO-1420-9234,Warren Tech Central,'11-12,8.851648585,6.632022109,'No
3088 - 7529,64,3088,CO-1420-3088,Foster Dual Language PK-8 School,'PK-8,7529,CO-1420-7529,Ryan Elementary,'PK-5,8.905351959,7.776994144,'PK-5
3088 - 3622,65,3088,CO-1420-3088,Foster Dual Language PK-8 School,'PK-8,3622,CO-1420-3622,Green Gables Elementary,'PK-5,9.09281953,7.929975339,'PK-5
3088 - 5623,66,3088,CO-1420-3088,Foster Dual Language PK-8 School,'PK-8,5623,CO-1420-5623,Long View,'10-12,9.202978866,6.853913481,'No
3088 - 0033,67,3088,CO-1420-3088,Foster Dual Language PK-8 School,'PK-8,33,CO-1420-0033,McLain Community High School,'9-12,9.349386764,6.743220286,'No
3088 - 4830,68,3088,CO-1420-3088,Foster Dual Language PK-8 School,'PK-8,4830,CO-1420-4830,Kyffin Elementary,'PK-5,9.378365055,6.777403947,'PK-5
3088 - 0694,69,3088,CO-1420-3088,Foster Dual Language PK-8 School,'PK-8,694,CO-1420-0694,Bell Middle,'6-8,9.406175506,7.566596798,'6-8
3088 - 3025,70,3088,CO-1420-3088,Foster Dual Language PK-8 School,'PK-8,3025,CO-1420-3025,Foothills Elementary,'PK-5,9.550618995,7.259937676,'PK-5
3088 - 1318,71,3088,CO-1420-3088,Foster Dual Language PK-8 School,'PK-8,1318,CO-1420-1318,Carmody Middle,'6-8,9.731933418,8.012956601,'6-8
3088 - 5944,72,3088,CO-1420-3088,Foster Dual Language PK-8 School,'PK-8,5944,CO-1420-5944,Mitchell Elementary,'K-5,9.787539882,8.589010571,'K-5
3088 - 9412,73,3088,CO-1420-3088,Foster Dual Language PK-8 School,'PK-8,9412,CO-1420-9412,Westgate Elementary,'PK-5,9.856731843,8.592142562,'PK-5
3088 - 4798,74,3088,CO-1420-3088,Foster Dual Language PK-8 School,'PK-8,4798,CO-1420-4798,Connections Learning Center,'6-8,9.900560372,7.649343101,'6-8
,,,CO-1420-,,',,CO-1420-,,',,,#N/A
3201 - 0694,2,3201,CO-1420-3201,Free Horizon Montessori,'PK-8,694,CO-1420-0694,Bell Middle,'6-8,0.974387363,0.912872269,'6-8
3201 - 4798,3,3201,CO-1420-3201,Free Horizon Montessori,'PK-8,4798,CO-1420-4798,Connections Learning Center,'6-8,1.468772229,1.142939308,'6-8
3201 - 4830,4,3201,CO-1420-3201,Free Horizon Montessori,'PK-8,4830,CO-1420-4830,Kyffin Elementary,'PK-5,2.120945488,1.374348688,'PK-5
3201 - 3502,5,3201,CO-1420-3201,Free Horizon Montessori,'PK-8,3502,CO-1420-3502,Golden High,'9-12,2.293481857,1.904786819,'No
3201 - 9342,6,3201,CO-1420-3201,Free Horizon Montessori,'PK-8,9342,CO-1420-9342,Welchester Elementary,'PK-5,2.460404288,1.793701253,'PK-5
3201 - 7833,7,3201,CO-1420-3201,Free Horizon Montessori,'PK-8,7833,CO-1420-7833,Shelton Elementary,'PK-5,2.841974189,2.057187532,'PK-5
3201 - 9234,8,3201,CO-1420-3201,Free Horizon Montessori,'PK-8,9234,CO-1420-9234,Warren Tech Central,'11-12,2.989319561,1.946936231,'No
3201 - 0033,9,3201,CO-1420-3201,Free Horizon Montessori,'PK-8,33,CO-1420-0033,McLain Community High School,'9-12,3.128494782,1.857504116,'No
3201 - 8276,10,3201,CO-1420-3201,Free Horizon Montessori,'PK-8,8276,CO-1420-8276,Stober Elementary,'K-5,3.18365178,2.762576157,'K-5
3201 - 5623,11,3201,CO-1420-3201,Free Horizon Montessori,'PK-8,5623,CO-1420-5623,Long View,'10-12,3.204553785,1.925180047,'No
3201 - 5472,12,3201,CO-1420-3201,Free Horizon Montessori,'PK-8,5472,CO-1420-5472,Manning,'6-8,3.354904207,2.520586123,'6-8
3201 - 5524,13,3201,CO-1420-3201,Free Horizon Montessori,'PK-8,5524,CO-1420-5524,Maple Grove Elementary,'PK-5,3.391447964,2.466484526,'PK-5
3201 - 5944,14,3201,CO-1420-3201,Free Horizon Montessori,'PK-8,5944,CO-1420-5944,Mitchell Elementary,'K-5,4.198540451,3.518778381,'K-5
3201 - 7190,15,3201,CO-1420-3201,Free Horizon Montessori,'PK-8,7190,CO-1420-7190,Prospect Valley Elementary,'K-5,4.291036309,3.673926661,'K-5
3201 - 2550,16,3201,CO-1420-3201,Free Horizon Montessori,'PK-8,2550,CO-1420-2550,Eiber Elementary,'PK-5,4.352764283,3.910395854,'PK-5
3201 - 5892,17,3201,CO-1420-3201,Free Horizon Montessori,'PK-8,5892,CO-1420-5892,Fletcher Miller Special,'PK-12,4.479290779,3.812725159,'PK-8
3201 - 9432,18,3201,CO-1420-3201,Free Horizon Montessori,'PK-8,9432,CO-1420-9432,Dennison Elementary,'K-6,4.559617631,3.895596223,'K-6
3201 - 4942,19,3201,CO-1420-3201,Free Horizon Montessori,'PK-8,4942,CO-1420-4942,Lakewood High,'9-12,4.579783443,3.830124925,'No
3201 - 1976,20,3201,CO-1420-3201,Free Horizon Montessori,'PK-8,1976,CO-1420-1976,Creighton Middle,'6-8,4.857154843,3.936151636,'6-8
3201 - 3025,21,3201,CO-1420-3201,Free Horizon Montessori,'PK-8,3025,CO-1420-3025,Foothills Elementary,'PK-5,4.90583077,2.652332913,'PK-5
3201 - 7962,22,3201,CO-1420-3201,Free Horizon Montessori,'PK-8,7962,CO-1420-7962,Slater Elementary,'PK-5,5.269472444,4.673456786,'PK-5
3201 - 9510,23,3201,CO-1420-3201,Free Horizon Montessori,'PK-8,9510,CO-1420-9510,Wheat Ridge High,'9-12,5.292392585,4.536696518,'No
3201 - 2288,24,3201,CO-1420-3201,Free Horizon Montessori,'PK-8,2288,CO-1420-2288,Drake Middle,'6-8,5.36860531,4.467592609,'6-8
3201 - 8102,25,3201,CO-1420-3201,Free Horizon Montessori,'PK-8,8102,CO-1420-8102,South Lakewood Elementary,'K-5,5.417206629,4.6304416,'K-5
3201 - 2820,26,3201,CO-1420-3201,Free Horizon Montessori,'PK-8,2820,CO-1420-2820,Everitt Middle,'6-8,5.447767629,4.634442953,'6-8
3201 - 6285,27,3201,CO-1420-3201,Free Horizon Montessori,'PK-8,6285,CO-1420-6285,Norma Anderson Early Learning Center,'PK,5.47332272,4.519581966,'PK
3201 - 3628,28,3201,CO-1420-3201,Free Horizon Montessori,'PK-8,3628,CO-1420-3628,Green Mountain High,'9-12,5.631743273,3.183882754,'No
3201 - 6539,29,3201,CO-1420-3201,Free Horizon Montessori,'PK-8,6539,CO-1420-6539,JeffCo Open Elementary,'PK-6,5.76986609,5.034381964,'PK-6
3201 - 2194,30,3201,CO-1420-3201,Free Horizon Montessori,'PK-8,2194,CO-1420-2194,Devinny Elementary,'K-5,5.923612437,3.783938102,'K-5
3201 - 7483,31,3201,CO-1420-3201,Free Horizon Montessori,'PK-8,7483,CO-1420-7483,Rooney Ranch Elementary,'K-5,5.93918202,4.019707284,'K-5
3201 - 2866,32,3201,CO-1420-3201,Free Horizon Montessori,'PK-8,2866,CO-1420-2866,Fairmount Elementary,'K-5,5.94480875,3.824594347,'K-5
3201 - 2300,33,3201,CO-1420-3201,Free Horizon Montessori,'PK-8,2300,CO-1420-2300,Dunstan Middle,'6-8,6.047366018,3.892373243,'6-8
3201 - 0724,34,3201,CO-1420-3201,Free Horizon Montessori,'PK-8,724,CO-1420-0724,Belmar School of Integrated Arts,'K-5,6.087333754,4.602817039,'K-5
3201 - 4422,35,3201,CO-1420-3201,Free Horizon Montessori,'PK-8,4422,CO-1420-4422,Jefferson Junior/Senior High,'7-12,6.295091181,5.728761721,'7-8
3201 - 5354,36,3201,CO-1420-3201,Free Horizon Montessori,'PK-8,5354,CO-1420-5354,Lumberg Elementary,'PK-6,6.336275669,5.826200999,'PK-6
3201 - 6848,37,3201,CO-1420-3201,Free Horizon Montessori,'PK-8,6848,CO-1420-6848,Peak Expeditionary-Pennington,'PK-5,6.343375201,5.068225314,'PK-5
3201 - 4550,38,3201,CO-1420-3201,Free Horizon Montessori,'PK-8,4550,CO-1420-4550,Kendrick Lakes Elementary,'PK-5,6.370129107,4.810597338,'PK-5
3201 - 4190,39,3201,CO-1420-3201,Free Horizon Montessori,'PK-8,4190,CO-1420-4190,Hutchinson Elementary,'PK-5,6.374980158,3.922433771,'PK-5
3201 - 7468,40,3201,CO-1420-3201,Free Horizon Montessori,'PK-8,7468,CO-1420-7468,Rose Stein International Elementary,'PK-6,6.616875454,5.578150909,'PK-6
3201 - 9058,41,3201,CO-1420-3201,Free Horizon Montessori,'PK-8,9058,CO-1420-9058,Vanderhoof Elementary,'K-5,6.648916299,5.619338346,'K-5
3201 - 7282,42,3201,CO-1420-3201,Free Horizon Montessori,'PK-8,7282,CO-1420-7282,Red Rocks Elementary,'K-5,6.732410678,5.291330211,'K-5
3201 - 6808,43,3201,CO-1420-3201,Free Horizon Montessori,'PK-8,6808,CO-1420-6808,Patterson Elementary,'PK-6,6.781767422,5.124269792,'PK-6
3201 - 3216,44,3201,CO-1420-3201,Free Horizon Montessori,'PK-8,3216,CO-1420-3216,Fremont Elementary,'K-5,6.968647031,6.066075091,'K-5
3201 - 0378,45,3201,CO-1420-3201,Free Horizon Montessori,'PK-8,378,CO-1420-0378,Arvada West High,'9-12,6.985597231,6.012213702,'No
3201 - 9245,46,3201,CO-1420-3201,Free Horizon Montessori,'PK-8,9245,CO-1420-9245,Warren Tech North,'11-12,6.9878576,5.961050805,'No
3201 - 8223,47,3201,CO-1420-3201,Free Horizon Montessori,'PK-8,8223,CO-1420-8223,Stevens Elementary,'PK-5,7.063565433,6.043427839,'PK-5
3201 - 1318,48,3201,CO-1420-3201,Free Horizon Montessori,'PK-8,1318,CO-1420-1318,Carmody Middle,'6-8,7.109986676,5.187490838,'6-8
3201 - 2496,49,3201,CO-1420-3201,Free Horizon Montessori,'PK-8,2496,CO-1420-2496,Edgewater Elementary,'PK-6,7.18957226,6.562834476,'PK-6
3201 - 8300,50,3201,CO-1420-3201,Free Horizon Montessori,'PK-8,8300,CO-1420-8300,Stott Elementary,'PK-5,7.21831156,6.088573231,'PK-5
3201 - 8036,51,3201,CO-1420-3201,Free Horizon Montessori,'PK-8,8036,CO-1420-8036,Sobesky Academy,'K-12,7.313928188,6.158977956,'K-8
3201 - 0108,52,3201,CO-1420-3201,Free Horizon Montessori,'PK-8,108,CO-1420-0108,Alameda Intl Junior/Senior High,'7-12,7.465671705,5.693253109,'7-8
3201 - 8090,53,3201,CO-1420-3201,Free Horizon Montessori,'PK-8,8090,CO-1420-8090,Deane Elementary,'PK-6,7.703630798,6.430131874,'PK-6
3201 - 3622,54,3201,CO-1420-3201,Free Horizon Montessori,'PK-8,3622,CO-1420-3622,Green Gables Elementary,'PK-5,7.742914704,5.784553409,'PK-5
3201 - 1244,55,3201,CO-1420-3201,Free Horizon Montessori,'PK-8,1244,CO-1420-1244,Campbell Early Learning Center,'PK,7.814430864,6.580041145,'PK
3201 - 5024,56,3201,CO-1420-3201,Free Horizon Montessori,'PK-8,5024,CO-1420-5024,Lawrence Elementary,'K-5,7.900882619,6.706156799,'K-5
3201 - 5004,57,3201,CO-1420-3201,Free Horizon Montessori,'PK-8,5004,CO-1420-5004,Lasley Elementary,'K-6,8.325285893,6.576125887,'K-6
3201 - 0965,58,3201,CO-1420-3201,Free Horizon Montessori,'PK-8,965,CO-1420-0965,Brady Exploration School,'10-12,8.467127632,6.922187429,'No
3201 - 0660,59,3201,CO-1420-3201,Free Horizon Montessori,'PK-8,660,CO-1420-0660,Bear Creek K-8,'K-8,8.505190542,6.345867346,'K-8
3201 - 9412,60,3201,CO-1420-3201,Free Horizon Montessori,'PK-8,9412,CO-1420-9412,Westgate Elementary,'PK-5,8.518197424,6.305046563,'PK-5
3201 - 3088,61,3201,CO-1420-3201,Free Horizon Montessori,'PK-8,3088,CO-1420-3088,Foster Dual Language PK-8 School,'PK-8,8.520217577,6.862280745,'PK-8
3201 - 0664,62,3201,CO-1420-3201,Free Horizon Montessori,'PK-8,664,CO-1420-0664,Bear Creek High,'9-12,8.530039818,6.249316767,'No
3201 - 7238,63,3201,CO-1420-3201,Free Horizon Montessori,'PK-8,7238,CO-1420-7238,Ralston Elementary,'K-5,8.675065304,6.177766889,'K-5
3201 - 6470,64,3201,CO-1420-3201,Free Horizon Montessori,'PK-8,6470,CO-1420-6470,Oberon Middle,'6-8,8.709664159,7.428058353,'6-8
3201 - 4549,65,3201,CO-1420-3201,Free Horizon Montessori,'PK-8,4549,CO-1420-4549,Kendallvue Elementary,'PK-5,8.775693855,7.144385722,'PK-5
3201 - 9052,66,3201,CO-1420-3201,Free Horizon Montessori,'PK-8,9052,CO-1420-9052,Van Arsdale Elementary,'PK-5,8.807193686,7.163793207,'PK-5
3201 - 0370,67,3201,CO-1420-3201,Free Horizon Montessori,'PK-8,370,CO-1420-0370,Arvada High,'9-12,9.245538132,7.616078701,'No
3201 - 9429,68,3201,CO-1420-3201,Free Horizon Montessori,'PK-8,9429,CO-1420-9429,West Woods Elementary,'K-5,9.367922374,6.520705332,'K-5
3201 - 7708,69,3201,CO-1420-3201,Free Horizon Montessori,'PK-8,7708,CO-1420-7708,Secrest Elementary,'PK-5,9.620989393,7.917929239,'PK-5
3201 - 7870,70,3201,CO-1420-3201,Free Horizon Montessori,'PK-8,7870,CO-1420-7870,Sierra Elementary,'PK-5,9.635797148,7.943099952,'PK-5
3201 - 2120,71,3201,CO-1420-3201,Free Horizon Montessori,'PK-8,2120,CO-1420-2120,D'Evelyn Junior/Senior,'6-12,9.771170226,6.979716807,'6-8
3201 - 7239,72,3201,CO-1420-3201,Free Horizon Montessori,'PK-8,7239,CO-1420-7239,Ralston Valley High,'9-12,9.808361336,7.82218338,'No
,,,CO-1420-,,',,CO-1420-,,',,,#N/A
3216 - 0378,2,3216,CO-1420-3216,Fremont Elementary,'K-5,378,CO-1420-0378,Arvada West High,'9-12,0.575037721,0.346090536,'No
3216 - 9245,3,3216,CO-1420-3216,Fremont Elementary,'K-5,9245,CO-1420-9245,Warren Tech North,'11-12,0.610891512,0.451534837,'No
3216 - 8300,4,3216,CO-1420-3216,Fremont Elementary,'K-5,8300,CO-1420-8300,Stott Elementary,'PK-5,0.881929016,0.591713677,'K-5
3216 - 9058,5,3216,CO-1420-3216,Fremont Elementary,'K-5,9058,CO-1420-9058,Vanderhoof Elementary,'K-5,0.944069262,0.73904691,'K-5
3216 - 1244,6,3216,CO-1420-3216,Fremont Elementary,'K-5,1244,CO-1420-1244,Campbell Early Learning Center,'PK,0.96533694,0.773483846,'No
3216 - 6470,7,3216,CO-1420-3216,Fremont Elementary,'K-5,6470,CO-1420-6470,Oberon Middle,'6-8,1.848782133,1.362688979,'No
3216 - 2288,8,3216,CO-1420-3216,Fremont Elementary,'K-5,2288,CO-1420-2288,Drake Middle,'6-8,1.956569216,1.615582108,'No
3216 - 9052,9,3216,CO-1420-3216,Fremont Elementary,'K-5,9052,CO-1420-9052,Van Arsdale Elementary,'PK-5,2.348435151,1.650230133,'K-5
3216 - 7870,10,3216,CO-1420-3216,Fremont Elementary,'K-5,7870,CO-1420-7870,Sierra Elementary,'PK-5,2.774915122,1.879328274,'K-5
3216 - 5024,11,3216,CO-1420-3216,Fremont Elementary,'K-5,5024,CO-1420-5024,Lawrence Elementary,'K-5,3.126824468,2.687048567,'K-5
3216 - 0370,12,3216,CO-1420-3216,Fremont Elementary,'K-5,370,CO-1420-0370,Arvada High,'9-12,3.221512158,2.580799256,'No
3216 - 7239,13,3216,CO-1420-3216,Fremont Elementary,'K-5,7239,CO-1420-7239,Ralston Valley High,'9-12,3.349602801,2.313662164,'No
3216 - 6848,14,3216,CO-1420-3216,Fremont Elementary,'K-5,6848,CO-1420-6848,Peak Expeditionary-Pennington,'PK-5,3.668443956,2.600701422,'K-5
3216 - 6285,15,3216,CO-1420-3216,Fremont Elementary,'K-5,6285,CO-1420-6285,Norma Anderson Early Learning Center,'PK,3.738014318,2.470985844,'No
3216 - 7708,16,3216,CO-1420-3216,Fremont Elementary,'K-5,7708,CO-1420-7708,Secrest Elementary,'PK-5,3.773477278,3.178275538,'K-5
3216 - 9429,17,3216,CO-1420-3216,Fremont Elementary,'K-5,9429,CO-1420-9429,West Woods Elementary,'K-5,3.811101971,3.033570213,'K-5
3216 - 5758,18,3216,CO-1420-3216,Fremont Elementary,'K-5,5758,CO-1420-5758,Meiklejohn Elementary,'PK-5,3.881175912,2.575506766,'K-5
3216 - 9232,19,3216,CO-1420-3216,Fremont Elementary,'K-5,9232,CO-1420-9232,Warder Elementary,'PK-5,3.910682115,2.729378414,'K-5
3216 - 2820,20,3216,CO-1420-3216,Fremont Elementary,'K-5,2820,CO-1420-2820,Everitt Middle,'6-8,4.066617881,3.203407189,'No
3216 - 2866,21,3216,CO-1420-3216,Fremont Elementary,'K-5,2866,CO-1420-2866,Fairmount Elementary,'K-5,4.095981139,2.96756111,'K-5
3216 - 3088,22,3216,CO-1420-3216,Fremont Elementary,'K-5,3088,CO-1420-3088,Foster Dual Language PK-8 School,'PK-8,4.122926819,3.300421232,'K-5
3216 - 5472,23,3216,CO-1420-3216,Fremont Elementary,'K-5,5472,CO-1420-5472,Manning,'6-8,4.214741797,3.70647626,'No
3216 - 5524,24,3216,CO-1420-3216,Fremont Elementary,'K-5,5524,CO-1420-5524,Maple Grove Elementary,'PK-5,4.305231974,3.781269843,'K-5
3216 - 6330,25,3216,CO-1420-3216,Fremont Elementary,'K-5,6330,CO-1420-6330,North Arvada Middle,'6-8,4.311482612,3.300270192,'No
3216 - 8432,26,3216,CO-1420-3216,Fremont Elementary,'K-5,8432,CO-1420-8432,Swanson Elementary,'K-5,4.31615547,3.693341385,'K-5
3216 - 9328,27,3216,CO-1420-3216,Fremont Elementary,'K-5,9328,CO-1420-9328,Weber Elementary,'PK-5,4.325092789,3.106009775,'K-5
3216 - 3726,28,3216,CO-1420-3216,Fremont Elementary,'K-5,3726,CO-1420-3726,Hackberry Hill Elementary,'K-5,4.345965463,3.215546299,'K-5
3216 - 7114,29,3216,CO-1420-3216,Fremont Elementary,'K-5,7114,CO-1420-7114,Pomona Junior/Senior High,'6-12,4.857692241,3.456357429,'No
3216 - 9510,30,3216,CO-1420-3216,Fremont Elementary,'K-5,9510,CO-1420-9510,Wheat Ridge High,'9-12,4.858646187,3.673408656,'No
3216 - 8276,31,3216,CO-1420-3216,Fremont Elementary,'K-5,8276,CO-1420-8276,Stober Elementary,'K-5,5.075440887,4.221966131,'K-5
3216 - 7190,32,3216,CO-1420-3216,Fremont Elementary,'K-5,7190,CO-1420-7190,Prospect Valley Elementary,'K-5,5.101049975,3.354802878,'K-5
3216 - 8036,33,3216,CO-1420-3216,Fremont Elementary,'K-5,8036,CO-1420-8036,Sobesky Academy,'K-12,5.492219795,4.135795702,'K-5
3216 - 8223,34,3216,CO-1420-3216,Fremont Elementary,'K-5,8223,CO-1420-8223,Stevens Elementary,'PK-5,5.603586298,4.18154072,'K-5
3216 - 5222,35,3216,CO-1420-3216,Fremont Elementary,'K-5,5222,CO-1420-5222,Little Elementary,'K-5,6.060316376,4.386916826,'K-5
3216 - 7962,36,3216,CO-1420-3216,Fremont Elementary,'K-5,7962,CO-1420-7962,Slater Elementary,'PK-5,6.160383287,4.69265593,'K-5
3216 - 9342,37,3216,CO-1420-3216,Fremont Elementary,'K-5,9342,CO-1420-9342,Welchester Elementary,'PK-5,6.284962838,5.58058384,'K-5
3216 - 2550,38,3216,CO-1420-3216,Fremont Elementary,'K-5,2550,CO-1420-2550,Eiber Elementary,'PK-5,6.487062741,5.402188743,'K-5
3216 - 7753,39,3216,CO-1420-3216,Fremont Elementary,'K-5,7753,CO-1420-7753,Semper Elementary,'PK-5,6.599213279,4.909706598,'K-5
3216 - 4422,40,3216,CO-1420-3216,Fremont Elementary,'K-5,4422,CO-1420-4422,Jefferson Junior/Senior High,'7-12,6.880513321,5.316515757,'No
3216 - 3201,41,3216,CO-1420-3216,Fremont Elementary,'K-5,3201,CO-1420-3201,Free Horizon Montessori,'PK-8,6.968647031,6.066075091,'K-5
3216 - 5350,42,3216,CO-1420-3216,Fremont Elementary,'K-5,5350,CO-1420-5350,Lukas Elementary,'K-5,7.002469854,4.426458146,'K-5
3216 - 4942,43,3216,CO-1420-3216,Fremont Elementary,'K-5,4942,CO-1420-4942,Lakewood High,'9-12,7.091044742,6.035989522,'No
3216 - 5354,44,3216,CO-1420-3216,Fremont Elementary,'K-5,5354,CO-1420-5354,Lumberg Elementary,'PK-6,7.096899883,5.459337411,'K-5
3216 - 5454,45,3216,CO-1420-3216,Fremont Elementary,'K-5,5454,CO-1420-5454,Mandalay Middle,'6-8,7.179563885,5.148658257,'No
3216 - 0030,46,3216,CO-1420-3216,Fremont Elementary,'K-5,30,CO-1420-0030,Adams Elementary,'PK-5,7.228053564,5.268145465,'K-5
3216 - 8209,47,3216,CO-1420-3216,Fremont Elementary,'K-5,8209,CO-1420-8209,Standley Lake High,'9-12,7.301887034,5.249320567,'No
3216 - 9299,48,3216,CO-1420-3216,Fremont Elementary,'K-5,9299,CO-1420-9299,Wayne Carle Middle,'6-8,7.310434184,4.595818473,'No
3216 - 5892,49,3216,CO-1420-3216,Fremont Elementary,'K-5,5892,CO-1420-5892,Fletcher Miller Special,'PK-12,7.524253619,6.566623615,'K-5
3216 - 9432,50,3216,CO-1420-3216,Fremont Elementary,'K-5,9432,CO-1420-9432,Dennison Elementary,'K-6,7.604580472,6.471429926,'K-5
3216 - 8856,51,3216,CO-1420-3216,Fremont Elementary,'K-5,8856,CO-1420-8856,Three Creeks K-8,'K-8,7.65895698,5.996688829,'K-5
3216 - 2496,52,3216,CO-1420-3216,Fremont Elementary,'K-5,2496,CO-1420-2496,Edgewater Elementary,'PK-6,7.700802094,5.873320734,'K-5
3216 - 6539,53,3216,CO-1420-3216,Fremont Elementary,'K-5,6539,CO-1420-6539,JeffCo Open Elementary,'PK-6,7.80103246,6.046733293,'K-5
3216 - 4830,54,3216,CO-1420-3216,Fremont Elementary,'K-5,4830,CO-1420-4830,Kyffin Elementary,'PK-5,7.826794509,6.651165765,'K-5
3216 - 0694,55,3216,CO-1420-3216,Fremont Elementary,'K-5,694,CO-1420-0694,Bell Middle,'6-8,7.85460496,6.426982015,'No
3216 - 1976,56,3216,CO-1420-3216,Fremont Elementary,'K-5,1976,CO-1420-1976,Creighton Middle,'6-8,7.903332279,6.722141023,'No
3216 - 5944,57,3216,CO-1420-3216,Fremont Elementary,'K-5,5944,CO-1420-5944,Mitchell Elementary,'K-5,8.180535744,6.375874723,'K-5
3216 - 8102,58,3216,CO-1420-3216,Fremont Elementary,'K-5,8102,CO-1420-8102,South Lakewood Elementary,'K-5,8.341806877,6.817780458,'K-5
3216 - 4798,59,3216,CO-1420-3216,Fremont Elementary,'K-5,4798,CO-1420-4798,Connections Learning Center,'6-8,8.348989827,6.391143782,'No
3216 - 3502,60,3216,CO-1420-3216,Fremont Elementary,'K-5,3502,CO-1420-3502,Golden High,'9-12,8.483186083,6.355333652,'No
3216 - 9234,61,3216,CO-1420-3216,Fremont Elementary,'K-5,9234,CO-1420-9234,Warren Tech Central,'11-12,8.607150515,6.798220715,'No
3216 - 0033,62,3216,CO-1420-3216,Fremont Elementary,'K-5,33,CO-1420-0033,McLain Community High School,'9-12,8.834343803,6.851183726,'No
3216 - 5623,63,3216,CO-1420-3216,Fremont Elementary,'K-5,5623,CO-1420-5623,Long View,'10-12,8.910402807,6.975392404,'No
3216 - 0724,64,3216,CO-1420-3216,Fremont Elementary,'K-5,724,CO-1420-0724,Belmar School of Integrated Arts,'K-5,9.19022586,7.852102033,'K-5
3216 - 3025,65,3216,CO-1420-3216,Fremont Elementary,'K-5,3025,CO-1420-3025,Foothills Elementary,'PK-5,9.306120925,7.628569821,'K-5
3216 - 7468,66,3216,CO-1420-3216,Fremont Elementary,'K-5,7468,CO-1420-7468,Rose Stein International Elementary,'PK-6,9.403855687,7.36116164,'K-5
3216 - 7833,67,3216,CO-1420-3216,Fremont Elementary,'K-5,7833,CO-1420-7833,Shelton Elementary,'PK-5,9.479975443,7.617591616,'K-5
3216 - 4550,68,3216,CO-1420-3216,Fremont Elementary,'K-5,4550,CO-1420-4550,Kendrick Lakes Elementary,'PK-5,9.549248802,8.454087209,'K-5
3216 - 7529,69,3216,CO-1420-3216,Fremont Elementary,'K-5,7529,CO-1420-7529,Ryan Elementary,'PK-5,9.734655648,7.408204213,'K-5
3216 - 3628,70,3216,CO-1420-3216,Fremont Elementary,'K-5,3628,CO-1420-3628,Green Mountain High,'9-12,9.886958878,8.238235202,'No
3216 - 6808,71,3216,CO-1420-3216,Fremont Elementary,'K-5,6808,CO-1420-6808,Patterson Elementary,'PK-6,9.960887117,8.426857763,'K-5
,,,CO-1420-,,',,CO-1420-,,',,,#N/A
3502 - 4798,2,3502,CO-1420-3502,Golden High,'9-12,4798,CO-1420-4798,Connections Learning Center,'6-8,1.326192823,0.817178285,'No
3502 - 0694,3,3502,CO-1420-3502,Golden High,'9-12,694,CO-1420-0694,Bell Middle,'6-8,1.704503522,1.087544298,'No
3502 - 5944,4,3502,CO-1420-3502,Golden High,'9-12,5944,CO-1420-5944,Mitchell Elementary,'K-5,2.252348602,1.694417376,'No
3502 - 3201,5,3502,CO-1420-3502,Golden High,'9-12,3201,CO-1420-3201,Free Horizon Montessori,'PK-8,2.293481857,1.904786819,'No
3502 - 7833,6,3502,CO-1420-3502,Golden High,'9-12,7833,CO-1420-7833,Shelton Elementary,'PK-5,3.170034952,1.459462373,'No
3502 - 4830,7,3502,CO-1420-3502,Golden High,'9-12,4830,CO-1420-4830,Kyffin Elementary,'PK-5,4.310491609,3.233669094,'No
3502 - 9342,8,3502,CO-1420-3502,Golden High,'9-12,9342,CO-1420-9342,Welchester Elementary,'PK-5,4.449581017,3.616755802,'No
3502 - 2866,9,3502,CO-1420-3502,Golden High,'9-12,2866,CO-1420-2866,Fairmount Elementary,'K-5,4.73672945,3.531804626,'No
3502 - 8276,10,3502,CO-1420-3502,Golden High,'9-12,8276,CO-1420-8276,Stober Elementary,'K-5,4.974469241,4.200986647,'No
3502 - 5524,11,3502,CO-1420-3502,Golden High,'9-12,5524,CO-1420-5524,Maple Grove Elementary,'PK-5,5.085869021,3.5326158,'No
3502 - 5472,12,3502,CO-1420-3502,Golden High,'9-12,5472,CO-1420-5472,Manning,'6-8,5.145721669,3.549001028,'No
3502 - 9234,13,3502,CO-1420-3502,Golden High,'9-12,9234,CO-1420-9234,Warren Tech Central,'11-12,5.178865681,3.824244274,'11-12
3502 - 0033,14,3502,CO-1420-3502,Golden High,'9-12,33,CO-1420-0033,McLain Community High School,'9-12,5.318040902,3.720069063,'9-12
3502 - 5623,15,3502,CO-1420-3502,Golden High,'9-12,5623,CO-1420-5623,Long View,'10-12,5.394099906,3.769783122,'10-12
3502 - 7190,16,3502,CO-1420-3502,Golden High,'9-12,7190,CO-1420-7190,Prospect Valley Elementary,'K-5,6.081853771,4.884748493,'No
3502 - 2550,17,3502,CO-1420-3502,Golden High,'9-12,2550,CO-1420-2550,Eiber Elementary,'PK-5,6.341941012,5.652798537,'No
3502 - 5892,18,3502,CO-1420-3502,Golden High,'9-12,5892,CO-1420-5892,Fletcher Miller Special,'PK-12,6.668836899,5.696944822,'9-12
3502 - 2288,19,3502,CO-1420-3502,Golden High,'9-12,2288,CO-1420-2288,Drake Middle,'6-8,6.735062377,4.932335751,'No
3502 - 9432,20,3502,CO-1420-3502,Golden High,'9-12,9432,CO-1420-9432,Dennison Elementary,'K-6,6.749163752,5.770373135,'No
3502 - 4942,21,3502,CO-1420-3502,Golden High,'9-12,4942,CO-1420-4942,Lakewood High,'9-12,6.769329564,5.665441858,'9-12
3502 - 7483,22,3502,CO-1420-3502,Golden High,'9-12,7483,CO-1420-7483,Rooney Ranch Elementary,'K-5,6.978523349,5.521896556,'No
3502 - 6285,23,3502,CO-1420-3502,Golden High,'9-12,6285,CO-1420-6285,Norma Anderson Early Learning Center,'PK,7.004714998,5.500851574,'No
3502 - 1976,24,3502,CO-1420-3502,Golden High,'9-12,1976,CO-1420-1976,Creighton Middle,'6-8,7.046700964,5.826347462,'No
3502 - 7962,25,3502,CO-1420-3502,Golden High,'9-12,7962,CO-1420-7962,Slater Elementary,'PK-5,7.060289906,6.248595005,'No
3502 - 9510,26,3502,CO-1420-3502,Golden High,'9-12,9510,CO-1420-9510,Wheat Ridge High,'9-12,7.083210047,5.883858299,'9-12
3502 - 3025,27,3502,CO-1420-3502,Golden High,'9-12,3025,CO-1420-3025,Foothills Elementary,'PK-5,7.095376891,4.439798946,'No
3502 - 2820,28,3502,CO-1420-3502,Golden High,'9-12,2820,CO-1420-2820,Everitt Middle,'6-8,7.23858509,5.854104059,'No
3502 - 4190,29,3502,CO-1420-3502,Golden High,'9-12,4190,CO-1420-4190,Hutchinson Elementary,'PK-5,7.414321486,5.515966799,'No
3502 - 9429,30,3502,CO-1420-3502,Golden High,'9-12,9429,CO-1420-9429,West Woods Elementary,'K-5,7.571528134,5.882979796,'No
3502 - 8102,31,3502,CO-1420-3502,Golden High,'9-12,8102,CO-1420-8102,South Lakewood Elementary,'K-5,7.60675275,6.504843101,'No
3502 - 7282,32,3502,CO-1420-3502,Golden High,'9-12,7282,CO-1420-7282,Red Rocks Elementary,'K-5,7.666335492,6.005367659,'No
3502 - 3628,33,3502,CO-1420-3502,Golden High,'9-12,3628,CO-1420-3628,Green Mountain High,'9-12,7.676611383,4.895799845,'9-12
3502 - 6539,34,3502,CO-1420-3502,Golden High,'9-12,6539,CO-1420-6539,JeffCo Open Elementary,'PK-6,7.75904282,6.810056835,'No
3502 - 2194,35,3502,CO-1420-3502,Golden High,'9-12,2194,CO-1420-2194,Devinny Elementary,'K-5,7.838666608,5.471737572,'No
3502 - 6848,36,3502,CO-1420-3502,Golden High,'9-12,6848,CO-1420-6848,Peak Expeditionary-Pennington,'PK-5,7.962633843,6.119881481,'No
3502 - 4422,37,3502,CO-1420-3502,Golden High,'9-12,4422,CO-1420-4422,Jefferson Junior/Senior High,'7-12,8.085908643,7.346323993,'9-12
3502 - 2300,38,3502,CO-1420-3502,Golden High,'9-12,2300,CO-1420-2300,Dunstan Middle,'6-8,8.09620553,5.574630056,'No
3502 - 5354,39,3502,CO-1420-3502,Golden High,'9-12,5354,CO-1420-5354,Lumberg Elementary,'PK-6,8.127093131,7.459703647,'No
3502 - 9058,40,3502,CO-1420-3502,Golden High,'9-12,9058,CO-1420-9058,Vanderhoof Elementary,'K-5,8.16345535,6.109718553,'No
3502 - 0724,41,3502,CO-1420-3502,Golden High,'9-12,724,CO-1420-0724,Belmar School of Integrated Arts,'K-5,8.276879875,6.504820316,'No
3502 - 8300,42,3502,CO-1420-3502,Golden High,'9-12,8300,CO-1420-8300,Stott Elementary,'PK-5,8.322296305,6.197557086,'No
3502 - 3216,43,3502,CO-1420-3502,Golden High,'9-12,3216,CO-1420-3216,Fremont Elementary,'K-5,8.483186083,6.355333652,'No
3502 - 0378,44,3502,CO-1420-3502,Golden High,'9-12,378,CO-1420-0378,Arvada West High,'9-12,8.500136282,6.40594708,'9-12
3502 - 9245,45,3502,CO-1420-3502,Golden High,'9-12,9245,CO-1420-9245,Warren Tech North,'11-12,8.502396651,6.386325389,'11-12
3502 - 4550,46,3502,CO-1420-3502,Golden High,'9-12,4550,CO-1420-4550,Kendrick Lakes Elementary,'PK-5,8.559675228,6.688836862,'No
3502 - 7468,47,3502,CO-1420-3502,Golden High,'9-12,7468,CO-1420-7468,Rose Stein International Elementary,'PK-6,8.806421574,7.452923293,'No
3502 - 8223,48,3502,CO-1420-3502,Golden High,'9-12,8223,CO-1420-8223,Stevens Elementary,'PK-5,8.854382895,7.419325298,'No
3502 - 6808,49,3502,CO-1420-3502,Golden High,'9-12,6808,CO-1420-6808,Patterson Elementary,'PK-6,8.971313543,7.017897442,'No
3502 - 2496,50,3502,CO-1420-3502,Golden High,'9-12,2496,CO-1420-2496,Edgewater Elementary,'PK-6,8.980389721,8.198921597,'No
3502 - 9052,51,3502,CO-1420-3502,Golden High,'9-12,9052,CO-1420-9052,Van Arsdale Elementary,'PK-5,9.052822821,7.058927443,'No
3502 - 8036,52,3502,CO-1420-3502,Golden High,'9-12,8036,CO-1420-8036,Sobesky Academy,'K-12,9.104745649,7.514653058,'9-12
3502 - 1318,53,3502,CO-1420-3502,Golden High,'9-12,1318,CO-1420-1318,Carmody Middle,'6-8,9.299532797,7.001321894,'No
3502 - 1244,54,3502,CO-1420-3502,Golden High,'9-12,1244,CO-1420-1244,Campbell Early Learning Center,'PK,9.328969915,7.012712964,'No
3502 - 5024,55,3502,CO-1420-3502,Golden High,'9-12,5024,CO-1420-5024,Lawrence Elementary,'K-5,9.41575702,7.667932226,'No
3502 - 7238,56,3502,CO-1420-3502,Golden High,'9-12,7238,CO-1420-7238,Ralston Elementary,'K-5,9.589705838,4.707763939,'No
3502 - 0108,57,3502,CO-1420-3502,Golden High,'9-12,108,CO-1420-0108,Alameda Intl Junior/Senior High,'7-12,9.655217825,7.593541317,'9-12
3502 - 4549,58,3502,CO-1420-3502,Golden High,'9-12,4549,CO-1420-4549,Kendallvue Elementary,'PK-5,9.815035183,8.385882319,'No
3502 - 7239,59,3502,CO-1420-3502,Golden High,'9-12,7239,CO-1420-7239,Ralston Valley High,'9-12,9.86826595,7.634986202,'9-12
3502 - 8090,60,3502,CO-1420-3502,Golden High,'9-12,8090,CO-1420-8090,Deane Elementary,'PK-6,9.893176918,8.321227862,'No
3502 - 3622,61,3502,CO-1420-3502,Golden High,'9-12,3622,CO-1420-3622,Green Gables Elementary,'PK-5,9.932460824,7.63501916,'No
,,,CO-1420-,,',,CO-1420-,,',,,#N/A
3536 - 9490,2,3536,CO-1420-3536,Governor's Ranch Elementary,'PK-5,9490,CO-1420-9490,Westridge Elementary,'K-5,1.557549271,1.128960247,'K-5
3536 - 2120,3,3536,CO-1420-3536,Governor's Ranch Elementary,'PK-5,2120,CO-1420-2120,D'Evelyn Junior/Senior,'6-12,2.530592359,1.815253745,'No
3536 - 1864,4,3536,CO-1420-3536,Governor's Ranch Elementary,'PK-5,1864,CO-1420-1864,Columbine High,'9-12,2.672517337,1.730269668,'No
3536 - 5036,5,3536,CO-1420-3536,Governor's Ranch Elementary,'PK-5,5036,CO-1420-5036,Leawood Elementary,'PK-5,2.673039542,2.013881992,'PK-5
3536 - 0951,6,3536,CO-1420-3536,Governor's Ranch Elementary,'PK-5,951,CO-1420-0951,Blue Heron Elementary,'PK-5,2.709700512,2.056293609,'PK-5
3536 - 8381,7,3536,CO-1420-3536,Governor's Ranch Elementary,'PK-5,8381,CO-1420-8381,Summit Ridge Middle,'6-8,2.764020877,2.084894791,'No
3536 - 7128,8,3536,CO-1420-3536,Governor's Ranch Elementary,'PK-5,7128,CO-1420-7128,Powderhorn Elementary,'PK-5,2.938156271,2.226315171,'PK-5
3536 - 6135,9,3536,CO-1420-3536,Governor's Ranch Elementary,'PK-5,6135,CO-1420-6135,Mt. Carbon Elementary,'PK-5,3.100699861,2.314329654,'PK-5
3536 - 0664,10,3536,CO-1420-3536,Governor's Ranch Elementary,'PK-5,664,CO-1420-0664,Bear Creek High,'9-12,3.287368767,2.685921153,'No
3536 - 8280,11,3536,CO-1420-3536,Governor's Ranch Elementary,'PK-5,8280,CO-1420-8280,Stony Creek Elementary,'PK-5,3.314516945,2.410367952,'PK-5
3536 - 9008,12,3536,CO-1420-3536,Governor's Ranch Elementary,'PK-5,9008,CO-1420-9008,Ute Meadows Elementary,'PK-5,3.320010857,2.703448402,'PK-5
3536 - 4549,13,3536,CO-1420-3536,Governor's Ranch Elementary,'PK-5,4549,CO-1420-4549,Kendallvue Elementary,'PK-5,3.477083199,2.880998115,'PK-5
3536 - 2130,14,3536,CO-1420-3536,Governor's Ranch Elementary,'PK-5,2130,CO-1420-2130,Deer Creek Middle,'6-8,3.528510006,2.314304589,'No
3536 - 2093,15,3536,CO-1420-3536,Governor's Ranch Elementary,'PK-5,2093,CO-1420-2093,Dakota Ridge High,'9-12,3.598351003,2.91189466,'No
3536 - 2322,16,3536,CO-1420-3536,Governor's Ranch Elementary,'PK-5,2322,CO-1420-2322,Dutch Creek Elementary,'PK-5,3.652001345,2.532433326,'PK-5
3536 - 1001,17,3536,CO-1420-3536,Governor's Ranch Elementary,'PK-5,1001,CO-1420-1001,Warren Tech South,'11-12,3.715362037,2.925630907,'No
3536 - 6286,18,3536,CO-1420-3536,Governor's Ranch Elementary,'PK-5,6286,CO-1420-6286,Normandy Elementary,'PK-5,3.782836583,2.654896768,'PK-5
3536 - 0660,19,3536,CO-1420-3536,Governor's Ranch Elementary,'PK-5,660,CO-1420-0660,Bear Creek K-8,'K-8,3.81686158,2.764747284,'K-5
3536 - 1876,20,3536,CO-1420-3536,Governor's Ranch Elementary,'PK-5,1876,CO-1420-1876,Coronado Elementary,'PK-5,3.905190419,3.291771409,'PK-5
3536 - 1522,21,3536,CO-1420-3536,Governor's Ranch Elementary,'PK-5,1522,CO-1420-1522,Chatfield High,'9-12,3.960935273,2.918154949,'No
3536 - 4548,22,3536,CO-1420-3536,Governor's Ranch Elementary,'PK-5,4548,CO-1420-4548,Ken Caryl Middle,'6-8,4.25744547,3.074118265,'No
3536 - 6133,23,3536,CO-1420-3536,Governor's Ranch Elementary,'PK-5,6133,CO-1420-6133,Mortensen Elementary,'PK-5,4.431535506,3.416304497,'PK-5
3536 - 7780,24,3536,CO-1420-3536,Governor's Ranch Elementary,'PK-5,7780,CO-1420-7780,Shaffer Elementary,'PK-5,4.499667252,3.467619931,'PK-5
3536 - 9412,25,3536,CO-1420-3536,Governor's Ranch Elementary,'PK-5,9412,CO-1420-9412,Westgate Elementary,'PK-5,4.547704633,3.388362183,'PK-5
3536 - 2963,26,3536,CO-1420-3536,Governor's Ranch Elementary,'PK-5,2963,CO-1420-2963,Falcon Bluffs Middle,'6-8,4.813387711,3.932087681,'No
3536 - 1318,27,3536,CO-1420-3536,Governor's Ranch Elementary,'PK-5,1318,CO-1420-1318,Carmody Middle,'6-8,4.83947577,4.123421609,'No
3536 - 1861,28,3536,CO-1420-3536,Governor's Ranch Elementary,'PK-5,1861,CO-1420-1861,Columbine Hills Elementary,'PK-5,4.8851162,3.666427035,'PK-5
3536 - 3622,29,3536,CO-1420-3536,Governor's Ranch Elementary,'PK-5,3622,CO-1420-3622,Green Gables Elementary,'PK-5,5.128133335,4.05503781,'PK-5
3536 - 0108,30,3536,CO-1420-3536,Governor's Ranch Elementary,'PK-5,108,CO-1420-0108,Alameda Intl Junior/Senior High,'7-12,5.675648558,5.096511289,'No
3536 - 0950,31,3536,CO-1420-3536,Governor's Ranch Elementary,'PK-5,950,CO-1420-0950,Bradford K8 South,'K-4,5.978440667,4.777635303,'K-4
3536 - 2300,32,3536,CO-1420-3536,Governor's Ranch Elementary,'PK-5,2300,CO-1420-2300,Dunstan Middle,'6-8,6.079436961,4.917487431,'No
3536 - 4550,33,3536,CO-1420-3536,Governor's Ranch Elementary,'PK-5,4550,CO-1420-4550,Kendrick Lakes Elementary,'PK-5,6.095419527,4.972900485,'PK-5
3536 - 5004,34,3536,CO-1420-3536,Governor's Ranch Elementary,'PK-5,5004,CO-1420-5004,Lasley Elementary,'K-6,6.177062871,5.213157565,'K-5
3536 - 2194,35,3536,CO-1420-3536,Governor's Ranch Elementary,'PK-5,2194,CO-1420-2194,Devinny Elementary,'K-5,6.215350611,5.02734755,'K-5
3536 - 6808,36,3536,CO-1420-3536,Governor's Ranch Elementary,'PK-5,6808,CO-1420-6808,Patterson Elementary,'PK-6,6.25084438,5.092949227,'PK-5
3536 - 4190,37,3536,CO-1420-3536,Governor's Ranch Elementary,'PK-5,4190,CO-1420-4190,Hutchinson Elementary,'PK-5,6.358718414,4.878621846,'PK-5
3536 - 0952,38,3536,CO-1420-3536,Governor's Ranch Elementary,'PK-5,952,CO-1420-0952,Bradford K8 North,'5-8,6.380351623,4.43472841,'5
3536 - 7483,39,3536,CO-1420-3536,Governor's Ranch Elementary,'PK-5,7483,CO-1420-7483,Rooney Ranch Elementary,'K-5,6.563577394,4.844444902,'K-5
3536 - 7282,40,3536,CO-1420-3536,Governor's Ranch Elementary,'PK-5,7282,CO-1420-7282,Red Rocks Elementary,'K-5,6.596618915,5.792247998,'K-5
3536 - 0724,41,3536,CO-1420-3536,Governor's Ranch Elementary,'PK-5,724,CO-1420-0724,Belmar School of Integrated Arts,'K-5,6.804178472,5.610043728,'K-5
3536 - 3628,42,3536,CO-1420-3536,Governor's Ranch Elementary,'PK-5,3628,CO-1420-3628,Green Mountain High,'9-12,6.891767606,5.62991256,'No
3536 - 3025,43,3536,CO-1420-3536,Governor's Ranch Elementary,'PK-5,3025,CO-1420-3025,Foothills Elementary,'PK-5,7.295341163,6.215932768,'PK-5
3536 - 8090,44,3536,CO-1420-3536,Governor's Ranch Elementary,'PK-5,8090,CO-1420-8090,Deane Elementary,'PK-6,7.352263576,6.287773794,'PK-5
3536 - 7468,45,3536,CO-1420-3536,Governor's Ranch Elementary,'PK-5,7468,CO-1420-7468,Rose Stein International Elementary,'PK-6,7.460183819,6.693605194,'PK-5
3536 - 0965,46,3536,CO-1420-3536,Governor's Ranch Elementary,'PK-5,965,CO-1420-0965,Brady Exploration School,'10-12,7.464062062,6.105832371,'No
3536 - 1976,47,3536,CO-1420-3536,Governor's Ranch Elementary,'PK-5,1976,CO-1420-1976,Creighton Middle,'6-8,7.656705501,6.715256298,'No
3536 - 5892,48,3536,CO-1420-3536,Governor's Ranch Elementary,'PK-5,5892,CO-1420-5892,Fletcher Miller Special,'PK-12,7.706128266,6.861010142,'PK-5
3536 - 8102,49,3536,CO-1420-3536,Governor's Ranch Elementary,'PK-5,8102,CO-1420-8102,South Lakewood Elementary,'K-5,7.835481623,6.808355846,'K-5
3536 - 9432,50,3536,CO-1420-3536,Governor's Ranch Elementary,'PK-5,9432,CO-1420-9432,Dennison Elementary,'K-6,7.936098051,6.974258972,'K-5
3536 - 6539,51,3536,CO-1420-3536,Governor's Ranch Elementary,'PK-5,6539,CO-1420-6539,JeffCo Open Elementary,'PK-6,8.536766244,7.870632833,'PK-5
3536 - 4942,52,3536,CO-1420-3536,Governor's Ranch Elementary,'PK-5,4942,CO-1420-4942,Lakewood High,'9-12,8.591414773,7.419661597,'No
3536 - 9234,53,3536,CO-1420-3536,Governor's Ranch Elementary,'PK-5,9234,CO-1420-9234,Warren Tech Central,'11-12,8.896639739,7.061621086,'No
3536 - 2550,54,3536,CO-1420-3536,Governor's Ranch Elementary,'PK-5,2550,CO-1420-2550,Eiber Elementary,'PK-5,9.135778047,8.089960293,'PK-5
3536 - 5623,55,3536,CO-1420-3536,Governor's Ranch Elementary,'PK-5,5623,CO-1420-5623,Long View,'10-12,9.24797002,6.981527721,'No
3536 - 0033,56,3536,CO-1420-3536,Governor's Ranch Elementary,'PK-5,33,CO-1420-0033,McLain Community High School,'9-12,9.394377918,7.085714507,'No
3536 - 9342,57,3536,CO-1420-3536,Governor's Ranch Elementary,'PK-5,9342,CO-1420-9342,Welchester Elementary,'PK-5,9.816174733,8.105870361,'PK-5
3536 - 4422,58,3536,CO-1420-3536,Governor's Ranch Elementary,'PK-5,4422,CO-1420-4422,Jefferson Junior/Senior High,'7-12,9.867746704,9.110014658,'No
3536 - 5354,59,3536,CO-1420-3536,Governor's Ranch Elementary,'PK-5,5354,CO-1420-5354,Lumberg Elementary,'PK-6,9.905524364,9.040800319,'PK-5
,,,CO-1420-,,',,CO-1420-,,',,,#N/A
3622 - 1318,2,3622,CO-1420-3622,Green Gables Elementary,'PK-5,1318,CO-1420-1318,Carmody Middle,'6-8,1.231309675,0.76188558,'No
3622 - 6808,3,3622,CO-1420-3622,Green Gables Elementary,'PK-5,6808,CO-1420-6808,Patterson Elementary,'PK-6,1.421236053,1.045068819,'PK-5
3622 - 9412,4,3622,CO-1420-3622,Green Gables Elementary,'PK-5,9412,CO-1420-9412,Westgate Elementary,'PK-5,1.45123951,0.683559593,'PK-5
3622 - 4550,5,3622,CO-1420-3622,Green Gables Elementary,'PK-5,4550,CO-1420-4550,Kendrick Lakes Elementary,'PK-5,1.512578712,1.057985396,'PK-5
3622 - 0108,6,3622,CO-1420-3622,Green Gables Elementary,'PK-5,108,CO-1420-0108,Alameda Intl Junior/Senior High,'7-12,1.550139154,1.128577255,'No
3622 - 0724,7,3622,CO-1420-3622,Green Gables Elementary,'PK-5,724,CO-1420-0724,Belmar School of Integrated Arts,'K-5,1.916491969,1.607021069,'K-5
3622 - 5004,8,3622,CO-1420-3622,Green Gables Elementary,'PK-5,5004,CO-1420-5004,Lasley Elementary,'K-6,2.358618339,1.715748466,'K-5
3622 - 0660,9,3622,CO-1420-3622,Green Gables Elementary,'PK-5,660,CO-1420-0660,Bear Creek K-8,'K-8,2.549158295,1.395499313,'K-5
3622 - 2300,10,3622,CO-1420-3622,Green Gables Elementary,'PK-5,2300,CO-1420-2300,Dunstan Middle,'6-8,2.774871714,2.413685031,'No
3622 - 0664,11,3622,CO-1420-3622,Green Gables Elementary,'PK-5,664,CO-1420-0664,Bear Creek High,'9-12,2.829314504,1.669726096,'No
3622 - 2194,12,3622,CO-1420-3622,Green Gables Elementary,'PK-5,2194,CO-1420-2194,Devinny Elementary,'K-5,2.910785365,2.473987517,'K-5
3622 - 4190,13,3622,CO-1420-3622,Green Gables Elementary,'PK-5,4190,CO-1420-4190,Hutchinson Elementary,'PK-5,3.054153168,2.74283182,'PK-5
3622 - 1976,14,3622,CO-1420-3622,Green Gables Elementary,'PK-5,1976,CO-1420-1976,Creighton Middle,'6-8,3.400903376,2.738082269,'No
3622 - 8102,15,3622,CO-1420-3622,Green Gables Elementary,'PK-5,8102,CO-1420-8102,South Lakewood Elementary,'K-5,3.432810929,2.754499727,'K-5
3622 - 5892,16,3622,CO-1420-3622,Green Gables Elementary,'PK-5,5892,CO-1420-5892,Fletcher Miller Special,'PK-12,3.510221364,2.896685358,'PK-5
3622 - 8090,17,3622,CO-1420-3622,Green Gables Elementary,'PK-5,8090,CO-1420-8090,Deane Elementary,'PK-6,3.533819044,2.57882501,'PK-5
3622 - 7468,18,3622,CO-1420-3622,Green Gables Elementary,'PK-5,7468,CO-1420-7468,Rose Stein International Elementary,'PK-6,3.558321872,2.716651808,'PK-5
3622 - 7483,19,3622,CO-1420-3622,Green Gables Elementary,'PK-5,7483,CO-1420-7483,Rooney Ranch Elementary,'K-5,3.574619666,3.046973038,'K-5
3622 - 3628,20,3622,CO-1420-3622,Green Gables Elementary,'PK-5,3628,CO-1420-3628,Green Mountain High,'9-12,3.587202359,2.891365879,'No
3622 - 0965,21,3622,CO-1420-3622,Green Gables Elementary,'PK-5,965,CO-1420-0965,Brady Exploration School,'10-12,3.64561753,2.646779979,'No
3622 - 9432,22,3622,CO-1420-3622,Green Gables Elementary,'PK-5,9432,CO-1420-9432,Dennison Elementary,'K-6,3.740191149,2.987314343,'K-5
3622 - 3025,23,3622,CO-1420-3622,Green Gables Elementary,'PK-5,3025,CO-1420-3025,Foothills Elementary,'PK-5,3.9441774,3.215090588,'PK-5
3622 - 4942,24,3622,CO-1420-3622,Green Gables Elementary,'PK-5,4942,CO-1420-4942,Lakewood High,'9-12,4.011857253,3.424679299,'No
3622 - 2120,25,3622,CO-1420-3622,Green Gables Elementary,'PK-5,2120,CO-1420-2120,D'Evelyn Junior/Senior,'6-12,4.343185606,2.673630728,'No
3622 - 2550,26,3622,CO-1420-3622,Green Gables Elementary,'PK-5,2550,CO-1420-2550,Eiber Elementary,'PK-5,4.539539219,4.077503605,'PK-5
3622 - 6539,27,3622,CO-1420-3622,Green Gables Elementary,'PK-5,6539,CO-1420-6539,JeffCo Open Elementary,'PK-6,4.633854378,3.822705159,'PK-5
3622 - 3536,28,3622,CO-1420-3622,Green Gables Elementary,'PK-5,3536,CO-1420-3536,Governor's Ranch Elementary,'PK-5,5.128133335,4.05503781,'PK-5
3622 - 9234,29,3622,CO-1420-3622,Green Gables Elementary,'PK-5,9234,CO-1420-9234,Warren Tech Central,'11-12,5.47937472,3.839590596,'No
3622 - 7962,30,3622,CO-1420-3622,Green Gables Elementary,'PK-5,7962,CO-1420-7962,Slater Elementary,'PK-5,5.529606684,5.015624946,'PK-5
3622 - 5623,31,3622,CO-1420-3622,Green Gables Elementary,'PK-5,5623,CO-1420-5623,Long View,'10-12,5.830705001,3.868429078,'No
3622 - 4422,32,3622,CO-1420-3622,Green Gables Elementary,'PK-5,4422,CO-1420-4422,Jefferson Junior/Senior High,'7-12,5.965884756,5.083011066,'No
3622 - 0033,33,3622,CO-1420-3622,Green Gables Elementary,'PK-5,33,CO-1420-0033,McLain Community High School,'9-12,5.977112899,3.927850364,'No
3622 - 5354,34,3622,CO-1420-3622,Green Gables Elementary,'PK-5,5354,CO-1420-5354,Lumberg Elementary,'PK-6,6.003662417,5.024043203,'PK-5
3622 - 9342,35,3622,CO-1420-3622,Green Gables Elementary,'PK-5,9342,CO-1420-9342,Welchester Elementary,'PK-5,6.219073512,4.55730671,'PK-5
3622 - 9490,36,3622,CO-1420-3622,Green Gables Elementary,'PK-5,9490,CO-1420-9490,Westridge Elementary,'K-5,6.39035367,4.690857624,'K-5
3622 - 4549,37,3622,CO-1420-3622,Green Gables Elementary,'PK-5,4549,CO-1420-4549,Kendallvue Elementary,'PK-5,6.445618534,4.511660259,'PK-5
3622 - 4830,38,3622,CO-1420-3622,Green Gables Elementary,'PK-5,4830,CO-1420-4830,Kyffin Elementary,'PK-5,6.581770152,4.41368852,'PK-5
3622 - 0951,39,3622,CO-1420-3622,Green Gables Elementary,'PK-5,951,CO-1420-0951,Blue Heron Elementary,'PK-5,6.600829775,4.882660091,'PK-5
3622 - 1864,40,3622,CO-1420-3622,Green Gables Elementary,'PK-5,1864,CO-1420-1864,Columbine High,'9-12,6.787441202,5.267750458,'No
3622 - 5036,41,3622,CO-1420-3622,Green Gables Elementary,'PK-5,5036,CO-1420-5036,Leawood Elementary,'PK-5,6.787963407,5.214991353,'PK-5
3622 - 9510,42,3622,CO-1420-3622,Green Gables Elementary,'PK-5,9510,CO-1420-9510,Wheat Ridge High,'9-12,6.836480306,5.918608771,'No
3622 - 2496,43,3622,CO-1420-3622,Green Gables Elementary,'PK-5,2496,CO-1420-2496,Edgewater Elementary,'PK-6,6.860365835,5.325919163,'PK-5
3622 - 8276,44,3622,CO-1420-3622,Green Gables Elementary,'PK-5,8276,CO-1420-8276,Stober Elementary,'K-5,6.950976407,5.416695228,'K-5
3622 - 7282,45,3622,CO-1420-3622,Green Gables Elementary,'PK-5,7282,CO-1420-7282,Red Rocks Elementary,'K-5,7.106915462,5.677431083,'K-5
3622 - 2820,46,3622,CO-1420-3622,Green Gables Elementary,'PK-5,2820,CO-1420-2820,Everitt Middle,'6-8,7.141993954,6.374697545,'No
3622 - 8223,47,3622,CO-1420-3622,Green Gables Elementary,'PK-5,8223,CO-1420-8223,Stevens Elementary,'PK-5,7.233502355,6.401025437,'PK-5
3622 - 7190,48,3622,CO-1420-3622,Green Gables Elementary,'PK-5,7190,CO-1420-7190,Prospect Valley Elementary,'K-5,7.266002837,6.117426623,'K-5
3622 - 8036,49,3622,CO-1420-3622,Green Gables Elementary,'PK-5,8036,CO-1420-8036,Sobesky Academy,'K-12,7.48386511,6.542792745,'K-5
3622 - 6135,50,3622,CO-1420-3622,Green Gables Elementary,'PK-5,6135,CO-1420-6135,Mt. Carbon Elementary,'PK-5,7.519682811,5.171336006,'PK-5
3622 - 8381,51,3622,CO-1420-3622,Green Gables Elementary,'PK-5,8381,CO-1420-8381,Summit Ridge Middle,'6-8,7.529545688,5.601016563,'No
3622 - 8280,52,3622,CO-1420-3622,Green Gables Elementary,'PK-5,8280,CO-1420-8280,Stony Creek Elementary,'PK-5,7.564195238,6.458219511,'PK-5
3622 - 7128,53,3622,CO-1420-3622,Green Gables Elementary,'PK-5,7128,CO-1420-7128,Powderhorn Elementary,'PK-5,7.703681082,5.662380918,'PK-5
3622 - 3201,54,3622,CO-1420-3622,Green Gables Elementary,'PK-5,3201,CO-1420-3201,Free Horizon Montessori,'PK-8,7.742914704,5.784553409,'PK-5
3622 - 2130,55,3622,CO-1420-3622,Green Gables Elementary,'PK-5,2130,CO-1420-2130,Deer Creek Middle,'6-8,7.800122317,6.369332352,'No
3622 - 2322,56,3622,CO-1420-3622,Green Gables Elementary,'PK-5,2322,CO-1420-2322,Dutch Creek Elementary,'PK-5,7.885958622,6.372124242,'PK-5
3622 - 6286,57,3622,CO-1420-3622,Green Gables Elementary,'PK-5,6286,CO-1420-6286,Normandy Elementary,'PK-5,7.897760448,6.163016582,'PK-5
3622 - 6285,58,3622,CO-1420-3622,Green Gables Elementary,'PK-5,6285,CO-1420-6285,Norma Anderson Early Learning Center,'PK,7.988055167,7.002594845,'PK
3622 - 6848,59,3622,CO-1420-3622,Green Gables Elementary,'PK-5,6848,CO-1420-6848,Peak Expeditionary-Pennington,'PK-5,8.037601526,7.060070247,'PK-5
3622 - 2093,60,3622,CO-1420-3622,Green Gables Elementary,'PK-5,2093,CO-1420-2093,Dakota Ridge High,'9-12,8.118067844,5.927151798,'No
3622 - 1876,61,3622,CO-1420-3622,Green Gables Elementary,'PK-5,1876,CO-1420-1876,Coronado Elementary,'PK-5,8.154868712,7.306948352,'PK-5
3622 - 9008,62,3622,CO-1420-3622,Green Gables Elementary,'PK-5,9008,CO-1420-9008,Ute Meadows Elementary,'PK-5,8.191100032,6.633446496,'PK-5
3622 - 5472,63,3622,CO-1420-3622,Green Gables Elementary,'PK-5,5472,CO-1420-5472,Manning,'6-8,8.263564191,6.30997971,'No
3622 - 1001,64,3622,CO-1420-3622,Green Gables Elementary,'PK-5,1001,CO-1420-1001,Warren Tech South,'11-12,8.301321188,6.061012812,'No
3622 - 5524,65,3622,CO-1420-3622,Green Gables Elementary,'PK-5,5524,CO-1420-5524,Maple Grove Elementary,'PK-5,8.354054368,6.235497953,'PK-5
3622 - 4548,66,3622,CO-1420-3622,Green Gables Elementary,'PK-5,4548,CO-1420-4548,Ken Caryl Middle,'6-8,8.372369334,6.819923408,'No
3622 - 0694,67,3622,CO-1420-3622,Green Gables Elementary,'PK-5,694,CO-1420-0694,Bell Middle,'6-8,8.672176968,6.551115121,'No
3622 - 1522,68,3622,CO-1420-3622,Green Gables Elementary,'PK-5,1522,CO-1420-1522,Chatfield High,'9-12,8.832024448,6.687882391,'No
3622 - 4798,69,3622,CO-1420-3622,Green Gables Elementary,'PK-5,4798,CO-1420-4798,Connections Learning Center,'6-8,8.996967513,6.820396602,'No
3622 - 6133,70,3622,CO-1420-3622,Green Gables Elementary,'PK-5,6133,CO-1420-6133,Mortensen Elementary,'PK-5,9.029428687,7.467221386,'PK-5
3622 - 3088,71,3622,CO-1420-3622,Green Gables Elementary,'PK-5,3088,CO-1420-3088,Foster Dual Language PK-8 School,'PK-8,9.09281953,7.929975339,'PK-5
3622 - 7833,72,3622,CO-1420-3622,Green Gables Elementary,'PK-5,7833,CO-1420-7833,Shelton Elementary,'PK-5,9.118562562,7.0722797,'PK-5
3622 - 1861,73,3622,CO-1420-3622,Green Gables Elementary,'PK-5,1861,CO-1420-1861,Columbine Hills Elementary,'PK-5,9.119674468,7.320923641,'PK-5
3622 - 5024,74,3622,CO-1420-3622,Green Gables Elementary,'PK-5,5024,CO-1420-5024,Lawrence Elementary,'K-5,9.160419203,8.246557424,'K-5
3622 - 2963,75,3622,CO-1420-3622,Green Gables Elementary,'PK-5,2963,CO-1420-2963,Falcon Bluffs Middle,'6-8,9.163461718,7.986484175,'No
3622 - 7780,76,3622,CO-1420-3622,Green Gables Elementary,'PK-5,7780,CO-1420-7780,Shaffer Elementary,'PK-5,9.334936731,7.499008566,'PK-5
3622 - 3502,77,3622,CO-1420-3622,Green Gables Elementary,'PK-5,3502,CO-1420-3502,Golden High,'9-12,9.932460824,7.63501916,'No
3622 - 9058,78,3622,CO-1420-3622,Green Gables Elementary,'PK-5,9058,CO-1420-9058,Vanderhoof Elementary,'K-5,9.982360903,8.743291623,'K-5
,,,CO-1420-,,',,CO-1420-,,',,,#N/A
3628 - 2194,2,3628,CO-1420-3628,Green Mountain High,'9-12,2194,CO-1420-2194,Devinny Elementary,'K-5,0.915614345,0.602898984,'No
3628 - 2300,3,3628,CO-1420-3628,Green Mountain High,'9-12,2300,CO-1420-2300,Dunstan Middle,'6-8,1.039367925,0.712571847,'No
3628 - 3025,4,3628,CO-1420-3628,Green Mountain High,'9-12,3025,CO-1420-3025,Foothills Elementary,'PK-5,1.074092799,0.620288779,'No
3628 - 4190,5,3628,CO-1420-3628,Green Mountain High,'9-12,4190,CO-1420-4190,Hutchinson Elementary,'PK-5,1.579023797,0.870537603,'No
3628 - 7483,6,3628,CO-1420-3628,Green Mountain High,'9-12,7483,CO-1420-7483,Rooney Ranch Elementary,'K-5,1.919888107,1.160376515,'No
3628 - 1318,7,3628,CO-1420-3628,Green Mountain High,'9-12,1318,CO-1420-1318,Carmody Middle,'6-8,2.790972814,2.175725093,'No
3628 - 4550,8,3628,CO-1420-3628,Green Mountain High,'9-12,4550,CO-1420-4550,Kendrick Lakes Elementary,'PK-5,2.90276516,2.182211286,'No
3628 - 9234,9,3628,CO-1420-3628,Green Mountain High,'9-12,9234,CO-1420-9234,Warren Tech Central,'11-12,3.195518986,1.485852286,'11-12
3628 - 0724,10,3628,CO-1420-3628,Green Mountain High,'9-12,724,CO-1420-0724,Belmar School of Integrated Arts,'K-5,3.206952048,2.387389859,'No
3628 - 1976,11,3628,CO-1420-3628,Green Mountain High,'9-12,1976,CO-1420-1976,Creighton Middle,'6-8,3.526703108,2.611679725,'No
3628 - 5623,12,3628,CO-1420-3628,Green Mountain High,'9-12,5623,CO-1420-5623,Long View,'10-12,3.546849267,1.367384544,'10-12
3628 - 5892,13,3628,CO-1420-3628,Green Mountain High,'9-12,5892,CO-1420-5892,Fletcher Miller Special,'PK-12,3.575769377,2.632617887,'9-12
3628 - 3622,14,3628,CO-1420-3628,Green Mountain High,'9-12,3622,CO-1420-3622,Green Gables Elementary,'PK-5,3.587202359,2.891365879,'No
3628 - 6808,15,3628,CO-1420-3628,Green Mountain High,'9-12,6808,CO-1420-6808,Patterson Elementary,'PK-6,3.628398717,2.633403889,'No
3628 - 0033,16,3628,CO-1420-3628,Green Mountain High,'9-12,33,CO-1420-0033,McLain Community High School,'9-12,3.693257165,1.480508587,'9-12
3628 - 9432,17,3628,CO-1420-3628,Green Mountain High,'9-12,9432,CO-1420-9432,Dennison Elementary,'K-6,3.805739162,2.795974729,'No
3628 - 0660,18,3628,CO-1420-3628,Green Mountain High,'9-12,660,CO-1420-0660,Bear Creek K-8,'K-8,4.073476907,3.184557154,'No
3628 - 0664,19,3628,CO-1420-3628,Green Mountain High,'9-12,664,CO-1420-0664,Bear Creek High,'9-12,4.098326183,3.067970558,'9-12
3628 - 9342,20,3628,CO-1420-3628,Green Mountain High,'9-12,9342,CO-1420-9342,Welchester Elementary,'PK-5,4.209740154,2.667006459,'No
3628 - 0108,21,3628,CO-1420-3628,Green Mountain High,'9-12,108,CO-1420-0108,Alameda Intl Junior/Senior High,'7-12,4.262211058,3.254842854,'9-12
3628 - 4942,22,3628,CO-1420-3628,Green Mountain High,'9-12,4942,CO-1420-4942,Lakewood High,'9-12,4.283863161,3.112681656,'9-12
3628 - 8102,23,3628,CO-1420-3628,Green Mountain High,'9-12,8102,CO-1420-8102,South Lakewood Elementary,'K-5,4.301085787,3.269689642,'No
3628 - 9412,24,3628,CO-1420-3628,Green Mountain High,'9-12,9412,CO-1420-9412,Westgate Elementary,'PK-5,4.362485079,3.275351645,'No
3628 - 4830,25,3628,CO-1420-3628,Green Mountain High,'9-12,4830,CO-1420-4830,Kyffin Elementary,'PK-5,4.392641149,1.873902703,'No
3628 - 2550,26,3628,CO-1420-3628,Green Mountain High,'9-12,2550,CO-1420-2550,Eiber Elementary,'PK-5,4.826413619,3.690199952,'No
3628 - 8276,27,3628,CO-1420-3628,Green Mountain High,'9-12,8276,CO-1420-8276,Stober Elementary,'K-5,5.034044332,4.042857047,'No
3628 - 5004,28,3628,CO-1420-3628,Green Mountain High,'9-12,5004,CO-1420-5004,Lasley Elementary,'K-6,5.14691701,4.186788591,'No
3628 - 7468,29,3628,CO-1420-3628,Green Mountain High,'9-12,7468,CO-1420-7468,Rose Stein International Elementary,'PK-6,5.164602841,3.990763052,'No
3628 - 2120,30,3628,CO-1420-3628,Green Mountain High,'9-12,2120,CO-1420-2120,D'Evelyn Junior/Senior,'6-12,5.339456591,3.816008574,'9-12
3628 - 6539,31,3628,CO-1420-3628,Green Mountain High,'9-12,6539,CO-1420-6539,JeffCo Open Elementary,'PK-6,5.55672222,4.277035427,'No
3628 - 7282,32,3628,CO-1420-3628,Green Mountain High,'9-12,7282,CO-1420-7282,Red Rocks Elementary,'K-5,5.598232559,3.75825356,'No
3628 - 3201,33,3628,CO-1420-3628,Green Mountain High,'9-12,3201,CO-1420-3201,Free Horizon Montessori,'PK-8,5.631743273,3.183882754,'No
3628 - 8090,34,3628,CO-1420-3628,Green Mountain High,'9-12,8090,CO-1420-8090,Deane Elementary,'PK-6,5.763014849,4.513666771,'No
3628 - 7190,35,3628,CO-1420-3628,Green Mountain High,'9-12,7190,CO-1420-7190,Prospect Valley Elementary,'K-5,5.776501043,5.025227003,'No
3628 - 0965,36,3628,CO-1420-3628,Green Mountain High,'9-12,965,CO-1420-0965,Brady Exploration School,'10-12,5.991314035,4.863472972,'10-12
3628 - 7962,37,3628,CO-1420-3628,Green Mountain High,'9-12,7962,CO-1420-7962,Slater Elementary,'PK-5,6.196134372,4.826929497,'No
3628 - 5472,38,3628,CO-1420-3628,Green Mountain High,'9-12,5472,CO-1420-5472,Manning,'6-8,6.346632116,4.60058405,'No
3628 - 5524,39,3628,CO-1420-3628,Green Mountain High,'9-12,5524,CO-1420-5524,Maple Grove Elementary,'PK-5,6.437122293,4.521510295,'No
3628 - 0694,40,3628,CO-1420-3628,Green Mountain High,'9-12,694,CO-1420-0694,Bell Middle,'6-8,6.508427962,3.812261232,'No
3628 - 4798,41,3628,CO-1420-3628,Green Mountain High,'9-12,4798,CO-1420-4798,Connections Learning Center,'6-8,6.535005163,4.08150981,'No
3628 - 9510,42,3628,CO-1420-3628,Green Mountain High,'9-12,9510,CO-1420-9510,Wheat Ridge High,'9-12,6.646988808,5.343117545,'9-12
3628 - 7833,43,3628,CO-1420-3628,Green Mountain High,'9-12,7833,CO-1420-7833,Shelton Elementary,'PK-5,6.656600212,4.194625001,'No
3628 - 3536,44,3628,CO-1420-3628,Green Mountain High,'9-12,3536,CO-1420-3536,Governor's Ranch Elementary,'PK-5,6.891767606,5.62991256,'No
3628 - 2820,45,3628,CO-1420-3628,Green Mountain High,'9-12,2820,CO-1420-2820,Everitt Middle,'6-8,6.952502455,5.689188499,'No
3628 - 4422,46,3628,CO-1420-3628,Green Mountain High,'9-12,4422,CO-1420-4422,Jefferson Junior/Senior High,'7-12,7.219859174,5.484225396,'9-12
3628 - 4549,47,3628,CO-1420-3628,Green Mountain High,'9-12,4549,CO-1420-4549,Kendallvue Elementary,'PK-5,7.228368586,4.364312607,'No
3628 - 5354,48,3628,CO-1420-3628,Green Mountain High,'9-12,5354,CO-1420-5354,Lumberg Elementary,'PK-6,7.257636835,5.505347943,'No
3628 - 9490,49,3628,CO-1420-3628,Green Mountain High,'9-12,9490,CO-1420-9490,Westridge Elementary,'K-5,7.386624655,5.713229965,'No
3628 - 3502,50,3628,CO-1420-3628,Green Mountain High,'9-12,3502,CO-1420-3502,Golden High,'9-12,7.676611383,4.895799845,'9-12
3628 - 6285,51,3628,CO-1420-3628,Green Mountain High,'9-12,6285,CO-1420-6285,Norma Anderson Early Learning Center,'PK,7.798563668,6.029440921,'No
3628 - 6848,52,3628,CO-1420-3628,Green Mountain High,'9-12,6848,CO-1420-6848,Peak Expeditionary-Pennington,'PK-5,7.848110028,6.340717737,'No
3628 - 2496,53,3628,CO-1420-3628,Green Mountain High,'9-12,2496,CO-1420-2496,Edgewater Elementary,'PK-6,8.114340252,6.103548062,'No
3628 - 2288,54,3628,CO-1420-3628,Green Mountain High,'9-12,2288,CO-1420-2288,Drake Middle,'6-8,8.286917157,6.664999163,'No
3628 - 8223,55,3628,CO-1420-3628,Green Mountain High,'9-12,8223,CO-1420-8223,Stevens Elementary,'PK-5,8.334253737,6.448323366,'No
3628 - 6135,56,3628,CO-1420-3628,Green Mountain High,'9-12,6135,CO-1420-6135,Mt. Carbon Elementary,'PK-5,8.513749406,5.539946743,'No
3628 - 8381,57,3628,CO-1420-3628,Green Mountain High,'9-12,8381,CO-1420-8381,Summit Ridge Middle,'6-8,8.523612283,6.312938757,'No
3628 - 8036,58,3628,CO-1420-3628,Green Mountain High,'9-12,8036,CO-1420-8036,Sobesky Academy,'K-12,8.584616492,6.593922285,'9-12
3628 - 7128,59,3628,CO-1420-3628,Green Mountain High,'9-12,7128,CO-1420-7128,Powderhorn Elementary,'PK-5,8.697747677,6.294393811,'No
3628 - 2093,60,3628,CO-1420-3628,Green Mountain High,'9-12,2093,CO-1420-2093,Dakota Ridge High,'9-12,8.837995018,6.165222549,'9-12
3628 - 1001,61,3628,CO-1420-3628,Green Mountain High,'9-12,1001,CO-1420-1001,Warren Tech South,'11-12,9.075639259,6.355499641,'11-12
3628 - 0951,62,3628,CO-1420-3628,Green Mountain High,'9-12,951,CO-1420-0951,Blue Heron Elementary,'PK-5,9.09922925,7.135525346,'No
3628 - 9008,63,3628,CO-1420-3628,Green Mountain High,'9-12,9008,CO-1420-9008,Ute Meadows Elementary,'PK-5,9.187371017,7.600787276,'No
3628 - 1864,64,3628,CO-1420-3628,Green Mountain High,'9-12,1864,CO-1420-1864,Columbine High,'9-12,9.190851061,7.242184398,'9-12
3628 - 5036,65,3628,CO-1420-3628,Green Mountain High,'9-12,5036,CO-1420-5036,Leawood Elementary,'PK-5,9.191373267,7.348796941,'No
3628 - 2130,66,3628,CO-1420-3628,Green Mountain High,'9-12,2130,CO-1420-2130,Deer Creek Middle,'6-8,9.410889614,7.727060981,'No
3628 - 9058,67,3628,CO-1420-3628,Green Mountain High,'9-12,9058,CO-1420-9058,Vanderhoof Elementary,'K-5,9.567228145,7.614416847,'No
3628 - 5944,68,3628,CO-1420-3628,Green Mountain High,'9-12,5944,CO-1420-5944,Mitchell Elementary,'K-5,9.581669977,6.587555385,'No
3628 - 5024,69,3628,CO-1420-3628,Green Mountain High,'9-12,5024,CO-1420-5024,Lawrence Elementary,'K-5,9.659028945,7.870311239,'No
3628 - 2866,70,3628,CO-1420-3628,Green Mountain High,'9-12,2866,CO-1420-2866,Fairmount Elementary,'K-5,9.679538916,6.706812698,'No
3628 - 1522,71,3628,CO-1420-3628,Green Mountain High,'9-12,1522,CO-1420-1522,Chatfield High,'9-12,9.828295433,7.43343562,'9-12
3628 - 8280,72,3628,CO-1420-3628,Green Mountain High,'9-12,8280,CO-1420-8280,Stony Creek Elementary,'PK-5,9.871210741,7.8953081,'No
3628 - 3216,73,3628,CO-1420-3628,Green Mountain High,'9-12,3216,CO-1420-3216,Fremont Elementary,'K-5,9.886958878,8.238235202,'No
3628 - 0378,74,3628,CO-1420-3628,Green Mountain High,'9-12,378,CO-1420-0378,Arvada West High,'9-12,9.903909078,8.073299519,'9-12
3628 - 9245,75,3628,CO-1420-3628,Green Mountain High,'9-12,9245,CO-1420-9245,Warren Tech North,'11-12,9.906169447,7.99124122,'11-12
,,,CO-1420-,,',,CO-1420-,,',,,#N/A
3726 - 6330,2,3726,CO-1420-3726,Hackberry Hill Elementary,'K-5,6330,CO-1420-6330,North Arvada Middle,'6-8,0.91270443,0.476733676,'No
3726 - 9232,3,3726,CO-1420-3726,Hackberry Hill Elementary,'K-5,9232,CO-1420-9232,Warder Elementary,'PK-5,1.359166209,0.710305664,'K-5
3726 - 9328,4,3726,CO-1420-3726,Hackberry Hill Elementary,'K-5,9328,CO-1420-9328,Weber Elementary,'PK-5,1.505152804,1.158930033,'K-5
3726 - 7114,5,3726,CO-1420-3726,Hackberry Hill Elementary,'K-5,7114,CO-1420-7114,Pomona Junior/Senior High,'6-12,1.583216811,1.196858034,'No
3726 - 0370,6,3726,CO-1420-3726,Hackberry Hill Elementary,'K-5,370,CO-1420-0370,Arvada High,'9-12,1.64115982,1.319070984,'No
3726 - 8432,7,3726,CO-1420-3726,Hackberry Hill Elementary,'K-5,8432,CO-1420-8432,Swanson Elementary,'K-5,1.841007508,1.244848204,'K-5
3726 - 5222,8,3726,CO-1420-3726,Hackberry Hill Elementary,'K-5,5222,CO-1420-5222,Little Elementary,'K-5,1.966150547,1.411459422,'K-5
3726 - 7708,9,3726,CO-1420-3726,Hackberry Hill Elementary,'K-5,7708,CO-1420-7708,Secrest Elementary,'PK-5,2.013293192,1.474501601,'K-5
3726 - 7753,10,3726,CO-1420-3726,Hackberry Hill Elementary,'K-5,7753,CO-1420-7753,Semper Elementary,'PK-5,2.861318778,2.579837757,'K-5
3726 - 7870,11,3726,CO-1420-3726,Hackberry Hill Elementary,'K-5,7870,CO-1420-7870,Sierra Elementary,'PK-5,2.864450972,2.224314633,'K-5
3726 - 5024,12,3726,CO-1420-3726,Hackberry Hill Elementary,'K-5,5024,CO-1420-5024,Lawrence Elementary,'K-5,2.910286525,2.50189296,'K-5
3726 - 3088,13,3726,CO-1420-3726,Hackberry Hill Elementary,'K-5,3088,CO-1420-3088,Foster Dual Language PK-8 School,'PK-8,3.279322934,2.841937405,'K-5
3726 - 5454,14,3726,CO-1420-3726,Hackberry Hill Elementary,'K-5,5454,CO-1420-5454,Mandalay Middle,'6-8,3.286524957,2.634417325,'No
3726 - 6470,15,3726,CO-1420-3726,Hackberry Hill Elementary,'K-5,6470,CO-1420-6470,Oberon Middle,'6-8,3.323779313,2.282279168,'No
3726 - 0030,16,3726,CO-1420-3726,Hackberry Hill Elementary,'K-5,30,CO-1420-0030,Adams Elementary,'PK-5,3.335014637,2.524319057,'K-5
3726 - 1244,17,3726,CO-1420-3726,Hackberry Hill Elementary,'K-5,1244,CO-1420-1244,Campbell Early Learning Center,'PK,3.457807417,2.46375231,'No
3726 - 5350,18,3726,CO-1420-3726,Hackberry Hill Elementary,'K-5,5350,CO-1420-5350,Lukas Elementary,'K-5,3.965765148,2.952027068,'K-5
3726 - 9245,19,3726,CO-1420-3726,Hackberry Hill Elementary,'K-5,9245,CO-1420-9245,Warren Tech North,'11-12,4.262319711,3.062646131,'No
3726 - 8209,20,3726,CO-1420-3726,Hackberry Hill Elementary,'K-5,8209,CO-1420-8209,Standley Lake High,'9-12,4.265182329,3.683071192,'No
3726 - 9299,21,3726,CO-1420-3726,Hackberry Hill Elementary,'K-5,9299,CO-1420-9299,Wayne Carle Middle,'6-8,4.273729479,3.471772559,'No
3726 - 3216,22,3726,CO-1420-3726,Hackberry Hill Elementary,'K-5,3216,CO-1420-3216,Fremont Elementary,'K-5,4.345965463,3.215546299,'K-5
3726 - 0378,23,3726,CO-1420-3726,Hackberry Hill Elementary,'K-5,378,CO-1420-0378,Arvada West High,'9-12,4.42233135,3.065036962,'No
3726 - 7239,24,3726,CO-1420-3726,Hackberry Hill Elementary,'K-5,7239,CO-1420-7239,Ralston Valley High,'9-12,4.561343914,3.843668969,'No
3726 - 9058,25,3726,CO-1420-3726,Hackberry Hill Elementary,'K-5,9058,CO-1420-9058,Vanderhoof Elementary,'K-5,4.613627222,3.310244915,'K-5
3726 - 9052,26,3726,CO-1420-3726,Hackberry Hill Elementary,'K-5,9052,CO-1420-9052,Van Arsdale Elementary,'PK-5,4.634827107,3.691546819,'K-5
3726 - 5758,27,3726,CO-1420-3726,Hackberry Hill Elementary,'K-5,5758,CO-1420-5758,Meiklejohn Elementary,'PK-5,4.671648314,3.914064372,'K-5
3726 - 8036,28,3726,CO-1420-3726,Hackberry Hill Elementary,'K-5,8036,CO-1420-8036,Sobesky Academy,'K-12,5.01235514,4.252667992,'K-5
3726 - 6848,29,3726,CO-1420-3726,Hackberry Hill Elementary,'K-5,6848,CO-1420-6848,Peak Expeditionary-Pennington,'PK-5,5.063073587,3.968143682,'K-5
3726 - 8223,30,3726,CO-1420-3726,Hackberry Hill Elementary,'K-5,8223,CO-1420-8223,Stevens Elementary,'PK-5,5.150548279,4.383722633,'K-5
3726 - 8300,31,3726,CO-1420-3726,Hackberry Hill Elementary,'K-5,8300,CO-1420-8300,Stott Elementary,'PK-5,5.215928795,3.622748406,'K-5
3726 - 6285,32,3726,CO-1420-3726,Hackberry Hill Elementary,'K-5,6285,CO-1420-6285,Norma Anderson Early Learning Center,'PK,5.756305582,4.363863612,'No
3726 - 2820,33,3726,CO-1420-3726,Hackberry Hill Elementary,'K-5,2820,CO-1420-2820,Everitt Middle,'6-8,5.895054286,4.617549597,'No
3726 - 7529,34,3726,CO-1420-3726,Hackberry Hill Elementary,'K-5,7529,CO-1420-7529,Ryan Elementary,'PK-5,5.996761147,4.985715159,'K-5
3726 - 2288,35,3726,CO-1420-3726,Hackberry Hill Elementary,'K-5,2288,CO-1420-2288,Drake Middle,'6-8,6.163113358,4.486253735,'No
3726 - 9510,36,3726,CO-1420-3726,Hackberry Hill Elementary,'K-5,9510,CO-1420-9510,Wheat Ridge High,'9-12,6.252585252,4.992486115,'No
3726 - 9429,37,3726,CO-1420-3726,Hackberry Hill Elementary,'K-5,9429,CO-1420-9429,West Woods Elementary,'K-5,6.357947913,5.765193218,'K-5
3726 - 4422,38,3726,CO-1420-3726,Hackberry Hill Elementary,'K-5,4422,CO-1420-4422,Jefferson Junior/Senior High,'7-12,6.456193012,5.758293067,'No
3726 - 5354,39,3726,CO-1420-3726,Hackberry Hill Elementary,'K-5,5354,CO-1420-5354,Lumberg Elementary,'PK-6,6.656499354,5.854713115,'K-5
3726 - 7962,40,3726,CO-1420-3726,Hackberry Hill Elementary,'K-5,7962,CO-1420-7962,Slater Elementary,'PK-5,6.69551249,5.750489821,'K-5
3726 - 2496,41,3726,CO-1420-3726,Hackberry Hill Elementary,'K-5,2496,CO-1420-2496,Edgewater Elementary,'PK-6,6.945754108,5.876520523,'K-5
3726 - 7190,42,3726,CO-1420-3726,Hackberry Hill Elementary,'K-5,7190,CO-1420-7190,Prospect Valley Elementary,'K-5,7.278631024,5.347644037,'K-5
3726 - 6539,43,3726,CO-1420-3726,Hackberry Hill Elementary,'K-5,6539,CO-1420-6539,JeffCo Open Elementary,'PK-6,7.603018899,6.933370793,'K-5
3726 - 2550,44,3726,CO-1420-3726,Hackberry Hill Elementary,'K-5,2550,CO-1420-2550,Eiber Elementary,'PK-5,8.046737369,6.815454936,'K-5
3726 - 5472,45,3726,CO-1420-3726,Hackberry Hill Elementary,'K-5,5472,CO-1420-5472,Manning,'6-8,8.048927746,6.279792437,'No
3726 - 5524,46,3726,CO-1420-3726,Hackberry Hill Elementary,'K-5,5524,CO-1420-5524,Maple Grove Elementary,'PK-5,8.139417922,6.338249079,'K-5
3726 - 8276,47,3726,CO-1420-3726,Hackberry Hill Elementary,'K-5,8276,CO-1420-8276,Stober Elementary,'K-5,8.257813438,6.376120393,'K-5
3726 - 2866,48,3726,CO-1420-3726,Hackberry Hill Elementary,'K-5,2866,CO-1420-2866,Fairmount Elementary,'K-5,8.379536261,6.16605353,'K-5
3726 - 4942,49,3726,CO-1420-3726,Hackberry Hill Elementary,'K-5,4942,CO-1420-4942,Lakewood High,'9-12,8.820734793,7.491602553,'No
3726 - 8102,50,3726,CO-1420-3726,Hackberry Hill Elementary,'K-5,8102,CO-1420-8102,South Lakewood Elementary,'K-5,8.971776737,7.990609824,'K-5
3726 - 8856,51,3726,CO-1420-3726,Hackberry Hill Elementary,'K-5,8856,CO-1420-8856,Three Creeks K-8,'K-8,9.000584986,7.90884887,'K-5
3726 - 7468,52,3726,CO-1420-3726,Hackberry Hill Elementary,'K-5,7468,CO-1420-7468,Rose Stein International Elementary,'PK-6,9.04459583,8.182315064,'K-5
3726 - 9432,53,3726,CO-1420-3726,Hackberry Hill Elementary,'K-5,9432,CO-1420-9432,Dennison Elementary,'K-6,9.3346203,7.92864797,'K-5
3726 - 5892,54,3726,CO-1420-3726,Hackberry Hill Elementary,'K-5,5892,CO-1420-5892,Fletcher Miller Special,'PK-12,9.352690024,8.068141072,'K-5
3726 - 1976,55,3726,CO-1420-3726,Hackberry Hill Elementary,'K-5,1976,CO-1420-1976,Creighton Middle,'6-8,9.457517723,8.188307107,'No
3726 - 9342,56,3726,CO-1420-3726,Hackberry Hill Elementary,'K-5,9342,CO-1420-9342,Welchester Elementary,'PK-5,9.898982426,7.837934658,'K-5
,,,CO-1420-,,',,CO-1420-,,',,,#N/A
4190 - 2194,2,4190,CO-1420-4190,Hutchinson Elementary,'PK-5,2194,CO-1420-2194,Devinny Elementary,'K-5,0.891518679,0.458994666,'K-5
4190 - 7483,3,4190,CO-1420-4190,Hutchinson Elementary,'PK-5,7483,CO-1420-7483,Rooney Ranch Elementary,'K-5,0.939045773,0.389315318,'K-5
4190 - 2300,4,4190,CO-1420-4190,Hutchinson Elementary,'PK-5,2300,CO-1420-2300,Dunstan Middle,'6-8,1.034489237,0.426228174,'No
4190 - 3628,5,4190,CO-1420-4190,Hutchinson Elementary,'PK-5,3628,CO-1420-3628,Green Mountain High,'9-12,1.579023797,0.870537603,'No
4190 - 3025,6,4190,CO-1420-4190,Hutchinson Elementary,'PK-5,3025,CO-1420-3025,Foothills Elementary,'PK-5,2.077800272,1.487401414,'PK-5
4190 - 1318,7,4190,CO-1420-4190,Hutchinson Elementary,'PK-5,1318,CO-1420-1318,Carmody Middle,'6-8,2.257923623,1.980954722,'No
4190 - 4550,8,4190,CO-1420-4190,Hutchinson Elementary,'PK-5,4550,CO-1420-4550,Kendrick Lakes Elementary,'PK-5,3.00445288,2.342575398,'PK-5
4190 - 3622,9,4190,CO-1420-4190,Hutchinson Elementary,'PK-5,3622,CO-1420-3622,Green Gables Elementary,'PK-5,3.054153168,2.74283182,'PK-5
4190 - 0724,10,4190,CO-1420-4190,Hutchinson Elementary,'PK-5,724,CO-1420-0724,Belmar School of Integrated Arts,'K-5,3.527640397,2.748448558,'K-5
4190 - 0660,11,4190,CO-1420-4190,Hutchinson Elementary,'PK-5,660,CO-1420-0660,Bear Creek K-8,'K-8,3.540427715,2.648833278,'K-5
4190 - 0664,12,4190,CO-1420-4190,Hutchinson Elementary,'PK-5,664,CO-1420-0664,Bear Creek High,'9-12,3.565276992,2.455323826,'No
4190 - 6808,13,4190,CO-1420-4190,Hutchinson Elementary,'PK-5,6808,CO-1420-6808,Patterson Elementary,'PK-6,3.731660766,2.811942859,'PK-5
4190 - 9412,14,4190,CO-1420-4190,Hutchinson Elementary,'PK-5,9412,CO-1420-9412,Westgate Elementary,'PK-5,3.829435888,2.95296523,'PK-5
4190 - 0108,15,4190,CO-1420-4190,Hutchinson Elementary,'PK-5,108,CO-1420-0108,Alameda Intl Junior/Senior High,'7-12,4.146204063,3.392490587,'No
4190 - 9234,16,4190,CO-1420-4190,Hutchinson Elementary,'PK-5,9234,CO-1420-9234,Warren Tech Central,'11-12,4.199226458,2.347002423,'No
4190 - 1976,17,4190,CO-1420-4190,Hutchinson Elementary,'PK-5,1976,CO-1420-1976,Creighton Middle,'6-8,4.218003921,3.249442463,'No
4190 - 5892,18,4190,CO-1420-4190,Hutchinson Elementary,'PK-5,5892,CO-1420-5892,Fletcher Miller Special,'PK-12,4.26707019,3.302388569,'PK-5
4190 - 7282,19,4190,CO-1420-4190,Hutchinson Elementary,'PK-5,7282,CO-1420-7282,Red Rocks Elementary,'K-5,4.471341569,3.203927642,'K-5
4190 - 9432,20,4190,CO-1420-4190,Hutchinson Elementary,'PK-5,9432,CO-1420-9432,Dennison Elementary,'K-6,4.497039975,3.465556594,'K-5
4190 - 5623,21,4190,CO-1420-4190,Hutchinson Elementary,'PK-5,5623,CO-1420-5623,Long View,'10-12,4.550556739,2.210807275,'No
4190 - 0033,22,4190,CO-1420-4190,Hutchinson Elementary,'PK-5,33,CO-1420-0033,McLain Community High School,'9-12,4.696964637,2.329042096,'No
4190 - 2120,23,4190,CO-1420-4190,Hutchinson Elementary,'PK-5,2120,CO-1420-2120,D'Evelyn Junior/Senior,'6-12,4.8064074,3.067301771,'No
4190 - 5004,24,4190,CO-1420-4190,Hutchinson Elementary,'PK-5,5004,CO-1420-5004,Lasley Elementary,'K-6,4.960306677,4.278411535,'K-5
4190 - 8102,25,4190,CO-1420-4190,Hutchinson Elementary,'PK-5,8102,CO-1420-8102,South Lakewood Elementary,'K-5,4.9923866,3.827443464,'K-5
4190 - 4942,26,4190,CO-1420-4190,Hutchinson Elementary,'PK-5,4942,CO-1420-4942,Lakewood High,'9-12,5.152356698,3.828420146,'No
4190 - 9342,27,4190,CO-1420-4190,Hutchinson Elementary,'PK-5,9342,CO-1420-9342,Welchester Elementary,'PK-5,5.213447626,3.537283092,'PK-5
4190 - 4830,28,4190,CO-1420-4190,Hutchinson Elementary,'PK-5,4830,CO-1420-4830,Kyffin Elementary,'PK-5,5.396348621,2.682981142,'PK-5
4190 - 2550,29,4190,CO-1420-4190,Hutchinson Elementary,'PK-5,2550,CO-1420-2550,Eiber Elementary,'PK-5,5.696719972,4.445703235,'PK-5
4190 - 7468,30,4190,CO-1420-4190,Hutchinson Elementary,'PK-5,7468,CO-1420-7468,Rose Stein International Elementary,'PK-6,5.805700072,4.422393424,'PK-5
4190 - 8090,31,4190,CO-1420-4190,Hutchinson Elementary,'PK-5,8090,CO-1420-8090,Deane Elementary,'PK-6,5.982777597,4.795686236,'PK-5
4190 - 8276,32,4190,CO-1420-4190,Hutchinson Elementary,'PK-5,8276,CO-1420-8276,Stober Elementary,'K-5,6.037751805,4.908004999,'K-5
4190 - 0965,33,4190,CO-1420-4190,Hutchinson Elementary,'PK-5,965,CO-1420-0965,Brady Exploration School,'10-12,6.094576083,5.069581849,'No
4190 - 4549,34,4190,CO-1420-4190,Hutchinson Elementary,'PK-5,4549,CO-1420-4549,Kendallvue Elementary,'PK-5,6.101477596,3.494607522,'PK-5
4190 - 0694,35,4190,CO-1420-4190,Hutchinson Elementary,'PK-5,694,CO-1420-0694,Bell Middle,'6-8,6.246138065,4.453596808,'No
4190 - 4798,36,4190,CO-1420-4190,Hutchinson Elementary,'PK-5,4798,CO-1420-4798,Connections Learning Center,'6-8,6.272715266,4.716823651,'No
4190 - 3536,37,4190,CO-1420-4190,Hutchinson Elementary,'PK-5,3536,CO-1420-3536,Governor's Ranch Elementary,'PK-5,6.358718414,4.878621846,'PK-5
4190 - 3201,38,4190,CO-1420-4190,Hutchinson Elementary,'PK-5,3201,CO-1420-3201,Free Horizon Montessori,'PK-8,6.374980158,3.922433771,'PK-5
4190 - 7833,39,4190,CO-1420-4190,Hutchinson Elementary,'PK-5,7833,CO-1420-7833,Shelton Elementary,'PK-5,6.394310315,4.639216433,'PK-5
4190 - 6539,40,4190,CO-1420-4190,Hutchinson Elementary,'PK-5,6539,CO-1420-6539,JeffCo Open Elementary,'PK-6,6.396568355,4.906350433,'PK-5
4190 - 7190,41,4190,CO-1420-4190,Hutchinson Elementary,'PK-5,7190,CO-1420-7190,Prospect Valley Elementary,'K-5,6.780208515,5.882277591,'K-5
4190 - 9490,42,4190,CO-1420-4190,Hutchinson Elementary,'PK-5,9490,CO-1420-9490,Westridge Elementary,'K-5,6.853575463,4.885466904,'K-5
4190 - 7962,43,4190,CO-1420-4190,Hutchinson Elementary,'PK-5,7962,CO-1420-7962,Slater Elementary,'PK-5,7.035980507,5.584690338,'PK-5
4190 - 5472,44,4190,CO-1420-4190,Hutchinson Elementary,'PK-5,5472,CO-1420-5472,Manning,'6-8,7.350339588,5.469072886,'No
4190 - 3502,45,4190,CO-1420-4190,Hutchinson Elementary,'PK-5,3502,CO-1420-3502,Golden High,'9-12,7.414321486,5.515966799,'No
4190 - 5524,46,4190,CO-1420-4190,Hutchinson Elementary,'PK-5,5524,CO-1420-5524,Maple Grove Elementary,'PK-5,7.440829765,5.390085975,'PK-5
4190 - 6135,47,4190,CO-1420-4190,Hutchinson Elementary,'PK-5,6135,CO-1420-6135,Mt. Carbon Elementary,'PK-5,7.459141652,4.672084948,'PK-5
4190 - 9510,48,4190,CO-1420-4190,Hutchinson Elementary,'PK-5,9510,CO-1420-9510,Wheat Ridge High,'9-12,7.589219094,6.159128329,'No
4190 - 2093,49,4190,CO-1420-4190,Hutchinson Elementary,'PK-5,2093,CO-1420-2093,Dakota Ridge High,'9-12,7.711104028,5.294686287,'No
4190 - 2820,50,4190,CO-1420-4190,Hutchinson Elementary,'PK-5,2820,CO-1420-2820,Everitt Middle,'6-8,7.894732741,6.520064433,'No
4190 - 1001,51,4190,CO-1420-4190,Hutchinson Elementary,'PK-5,1001,CO-1420-1001,Warren Tech South,'11-12,7.948748269,5.485020331,'No
4190 - 8381,52,4190,CO-1420-4190,Hutchinson Elementary,'PK-5,8381,CO-1420-8381,Summit Ridge Middle,'6-8,7.990563092,5.454833977,'No
4190 - 4422,53,4190,CO-1420-4190,Hutchinson Elementary,'PK-5,4422,CO-1420-4422,Jefferson Junior/Senior High,'7-12,8.057419346,6.159876709,'No
4190 - 5354,54,4190,CO-1420-4190,Hutchinson Elementary,'PK-5,5354,CO-1420-5354,Lumberg Elementary,'PK-6,8.095197007,6.166788717,'PK-5
4190 - 7128,55,4190,CO-1420-4190,Hutchinson Elementary,'PK-5,7128,CO-1420-7128,Powderhorn Elementary,'PK-5,8.164698486,5.432406761,'PK-5
4190 - 0951,56,4190,CO-1420-4190,Hutchinson Elementary,'PK-5,951,CO-1420-0951,Blue Heron Elementary,'PK-5,8.566180058,6.500490501,'PK-5
4190 - 9008,57,4190,CO-1420-4190,Hutchinson Elementary,'PK-5,9008,CO-1420-9008,Ute Meadows Elementary,'PK-5,8.654321825,6.750860237,'PK-5
4190 - 1864,58,4190,CO-1420-4190,Hutchinson Elementary,'PK-5,1864,CO-1420-1864,Columbine High,'9-12,8.65780187,6.53545163,'No
4190 - 5036,59,4190,CO-1420-4190,Hutchinson Elementary,'PK-5,5036,CO-1420-5036,Leawood Elementary,'PK-5,8.658324075,6.678009898,'PK-5
4190 - 6285,60,4190,CO-1420-4190,Hutchinson Elementary,'PK-5,6285,CO-1420-6285,Norma Anderson Early Learning Center,'PK,8.740793955,6.88509204,'PK
4190 - 6848,61,4190,CO-1420-4190,Hutchinson Elementary,'PK-5,6848,CO-1420-6848,Peak Expeditionary-Pennington,'PK-5,8.790340314,7.179786595,'PK-5
4190 - 2130,62,4190,CO-1420-4190,Hutchinson Elementary,'PK-5,2130,CO-1420-2130,Deer Creek Middle,'6-8,8.877840423,6.912645858,'No
4190 - 2496,63,4190,CO-1420-4190,Hutchinson Elementary,'PK-5,2496,CO-1420-2496,Edgewater Elementary,'PK-6,8.951900425,6.720122726,'PK-5
4190 - 8223,64,4190,CO-1420-4190,Hutchinson Elementary,'PK-5,8223,CO-1420-8223,Stevens Elementary,'PK-5,9.174099872,7.198587692,'PK-5
4190 - 2288,65,4190,CO-1420-4190,Hutchinson Elementary,'PK-5,2288,CO-1420-2288,Drake Middle,'6-8,9.290624629,7.535506438,'No
4190 - 1522,66,4190,CO-1420-4190,Hutchinson Elementary,'PK-5,1522,CO-1420-1522,Chatfield High,'9-12,9.295246241,6.57154864,'No
4190 - 5944,67,4190,CO-1420-4190,Hutchinson Elementary,'PK-5,5944,CO-1420-5944,Mitchell Elementary,'K-5,9.319380081,7.208591768,'K-5
4190 - 8280,68,4190,CO-1420-4190,Hutchinson Elementary,'PK-5,8280,CO-1420-8280,Stony Creek Elementary,'PK-5,9.33816155,7.089120679,'PK-5
4190 - 8036,69,4190,CO-1420-4190,Hutchinson Elementary,'PK-5,8036,CO-1420-8036,Sobesky Academy,'K-12,9.424462627,7.345448665,'K-5
4190 - 2322,70,4190,CO-1420-4190,Hutchinson Elementary,'PK-5,2322,CO-1420-2322,Dutch Creek Elementary,'PK-5,9.756155025,7.407013505,'PK-5
4190 - 6286,71,4190,CO-1420-4190,Hutchinson Elementary,'PK-5,6286,CO-1420-6286,Normandy Elementary,'PK-5,9.768121116,7.485921793,'PK-5
4190 - 6133,72,4190,CO-1420-4190,Hutchinson Elementary,'PK-5,6133,CO-1420-6133,Mortensen Elementary,'PK-5,9.780865923,7.856801588,'PK-5
4190 - 0952,73,4190,CO-1420-4190,Hutchinson Elementary,'PK-5,952,CO-1420-0952,Bradford K8 North,'5-8,9.82299634,6.854124132,'5
4190 - 7780,74,4190,CO-1420-4190,Hutchinson Elementary,'PK-5,7780,CO-1420-7780,Shaffer Elementary,'PK-5,9.84115092,7.774260143,'PK-5
4190 - 1876,75,4190,CO-1420-4190,Hutchinson Elementary,'PK-5,1876,CO-1420-1876,Coronado Elementary,'PK-5,9.999068002,8.023358954,'PK-5
,,,CO-1420-,,',,CO-1420-,,',,,#N/A
4422 - 5354,2,4422,CO-1420-4422,Jefferson Junior/Senior High,'7-12,5354,CO-1420-5354,Lumberg Elementary,'PK-6,0.249606928,0.148998265,'No
4422 - 2496,3,4422,CO-1420-4422,Jefferson Junior/Senior High,'7-12,2496,CO-1420-2496,Edgewater Elementary,'PK-6,0.894481079,0.855301084,'No
4422 - 8223,4,4422,CO-1420-4422,Jefferson Junior/Senior High,'7-12,8223,CO-1420-8223,Stevens Elementary,'PK-5,1.606547912,1.377734599,'No
4422 - 7962,5,4422,CO-1420-4422,Jefferson Junior/Senior High,'7-12,7962,CO-1420-7962,Slater Elementary,'PK-5,1.618229436,1.107411063,'No
4422 - 8036,6,4422,CO-1420-4422,Jefferson Junior/Senior High,'7-12,8036,CO-1420-8036,Sobesky Academy,'K-12,1.69540708,1.505690365,'7-12
4422 - 6539,7,4422,CO-1420-4422,Jefferson Junior/Senior High,'7-12,6539,CO-1420-6539,JeffCo Open Elementary,'PK-6,1.875444128,1.300380485,'No
4422 - 9510,8,4422,CO-1420-4422,Jefferson Junior/Senior High,'7-12,9510,CO-1420-9510,Wheat Ridge High,'9-12,2.444837723,1.878105557,'9-12
4422 - 2550,9,4422,CO-1420-4422,Jefferson Junior/Senior High,'7-12,2550,CO-1420-2550,Eiber Elementary,'PK-5,2.473276017,1.924647031,'No
4422 - 2820,10,4422,CO-1420-4422,Jefferson Junior/Senior High,'7-12,2820,CO-1420-2820,Everitt Middle,'6-8,3.035818341,2.260649648,'7-8
4422 - 8102,11,4422,CO-1420-4422,Jefferson Junior/Senior High,'7-12,8102,CO-1420-8102,South Lakewood Elementary,'K-5,3.244201965,2.440549372,'No
4422 - 4942,12,4422,CO-1420-4422,Jefferson Junior/Senior High,'7-12,4942,CO-1420-4942,Lakewood High,'9-12,3.247273441,2.380445343,'9-12
4422 - 7468,13,4422,CO-1420-4422,Jefferson Junior/Senior High,'7-12,7468,CO-1420-7468,Rose Stein International Elementary,'PK-6,3.308060352,2.433122204,'No
4422 - 7190,14,4422,CO-1420-4422,Jefferson Junior/Senior High,'7-12,7190,CO-1420-7190,Prospect Valley Elementary,'K-5,3.517739852,2.838170089,'No
4422 - 6848,15,4422,CO-1420-4422,Jefferson Junior/Senior High,'7-12,6848,CO-1420-6848,Peak Expeditionary-Pennington,'PK-5,3.672340951,2.731551122,'No
4422 - 8276,16,4422,CO-1420-4422,Jefferson Junior/Senior High,'7-12,8276,CO-1420-8276,Stober Elementary,'K-5,3.720119451,3.166861093,'No
4422 - 9432,17,4422,CO-1420-4422,Jefferson Junior/Senior High,'7-12,9432,CO-1420-9432,Dennison Elementary,'K-6,3.759265012,2.697385903,'No
4422 - 3088,18,4422,CO-1420-4422,Jefferson Junior/Senior High,'7-12,3088,CO-1420-3088,Foster Dual Language PK-8 School,'PK-8,3.854549463,2.916356005,'7-8
4422 - 1976,19,4422,CO-1420-4422,Jefferson Junior/Senior High,'7-12,1976,CO-1420-1976,Creighton Middle,'6-8,3.879876473,2.911305396,'7-8
4422 - 5892,20,4422,CO-1420-4422,Jefferson Junior/Senior High,'7-12,5892,CO-1420-5892,Fletcher Miller Special,'PK-12,3.904937445,2.861263353,'7-12
4422 - 5024,21,4422,CO-1420-4422,Jefferson Junior/Senior High,'7-12,5024,CO-1420-5024,Lawrence Elementary,'K-5,3.924586388,3.342056685,'No
4422 - 6285,22,4422,CO-1420-4422,Jefferson Junior/Senior High,'7-12,6285,CO-1420-6285,Norma Anderson Early Learning Center,'PK,4.125209514,3.076659635,'No
4422 - 8090,23,4422,CO-1420-4422,Jefferson Junior/Senior High,'7-12,8090,CO-1420-8090,Deane Elementary,'PK-6,4.394815696,3.096435339,'No
4422 - 0965,24,4422,CO-1420-4422,Jefferson Junior/Senior High,'7-12,965,CO-1420-0965,Brady Exploration School,'10-12,4.476466487,3.533718901,'10-12
4422 - 0108,25,4422,CO-1420-4422,Jefferson Junior/Senior High,'7-12,108,CO-1420-0108,Alameda Intl Junior/Senior High,'7-12,4.652142027,4.013867185,'7-12
4422 - 0724,26,4422,CO-1420-4422,Jefferson Junior/Senior High,'7-12,724,CO-1420-0724,Belmar School of Integrated Arts,'K-5,4.699926015,3.711063209,'No
4422 - 5472,27,4422,CO-1420-4422,Jefferson Junior/Senior High,'7-12,5472,CO-1420-5472,Manning,'6-8,4.701647517,4.036500369,'7-8
4422 - 9342,28,4422,CO-1420-4422,Jefferson Junior/Senior High,'7-12,9342,CO-1420-9342,Welchester Elementary,'PK-5,4.741207834,3.995996836,'No
4422 - 5524,29,4422,CO-1420-4422,Jefferson Junior/Senior High,'7-12,5524,CO-1420-5524,Maple Grove Elementary,'PK-5,4.792137693,4.014850386,'No
4422 - 7708,30,4422,CO-1420-4422,Jefferson Junior/Senior High,'7-12,7708,CO-1420-7708,Secrest Elementary,'PK-5,4.971959644,4.311171407,'No
4422 - 6808,31,4422,CO-1420-4422,Jefferson Junior/Senior High,'7-12,6808,CO-1420-6808,Patterson Elementary,'PK-6,5.003893124,4.092137686,'No
4422 - 0370,32,4422,CO-1420-4422,Jefferson Junior/Senior High,'7-12,370,CO-1420-0370,Arvada High,'9-12,5.087848266,4.500359044,'9-12
4422 - 5004,33,4422,CO-1420-4422,Jefferson Junior/Senior High,'7-12,5004,CO-1420-5004,Lasley Elementary,'K-6,5.101404406,4.107000163,'No
4422 - 4550,34,4422,CO-1420-4422,Jefferson Junior/Senior High,'7-12,4550,CO-1420-4550,Kendrick Lakes Elementary,'PK-5,5.524911786,4.360341691,'No
4422 - 8432,35,4422,CO-1420-4422,Jefferson Junior/Senior High,'7-12,8432,CO-1420-8432,Swanson Elementary,'K-5,5.75431043,4.821485377,'No
4422 - 3622,36,4422,CO-1420-4422,Jefferson Junior/Senior High,'7-12,3622,CO-1420-3622,Green Gables Elementary,'PK-5,5.965884756,5.083011066,'No
4422 - 9234,37,4422,CO-1420-4422,Jefferson Junior/Senior High,'7-12,9234,CO-1420-9234,Warren Tech Central,'11-12,6.049383598,4.728459112,'11-12
4422 - 9058,38,4422,CO-1420-4422,Jefferson Junior/Senior High,'7-12,9058,CO-1420-9058,Vanderhoof Elementary,'K-5,6.07134726,4.590575657,'No
4422 - 2288,39,4422,CO-1420-4422,Jefferson Junior/Senior High,'7-12,2288,CO-1420-2288,Drake Middle,'6-8,6.168446612,4.527960145,'7-8
4422 - 6330,40,4422,CO-1420-4422,Jefferson Junior/Senior High,'7-12,6330,CO-1420-6330,North Arvada Middle,'6-8,6.227342924,5.352402564,'7-8
4422 - 3201,41,4422,CO-1420-4422,Jefferson Junior/Senior High,'7-12,3201,CO-1420-3201,Free Horizon Montessori,'PK-8,6.295091181,5.728761721,'7-8
4422 - 1244,42,4422,CO-1420-4422,Jefferson Junior/Senior High,'7-12,1244,CO-1420-1244,Campbell Early Learning Center,'PK,6.38351748,5.090280787,'No
4422 - 9245,43,4422,CO-1420-4422,Jefferson Junior/Senior High,'7-12,9245,CO-1420-9245,Warren Tech North,'11-12,6.384475,4.880587165,'11-12
4422 - 5623,44,4422,CO-1420-4422,Jefferson Junior/Senior High,'7-12,5623,CO-1420-5623,Long View,'10-12,6.400713879,4.948898134,'10-12
4422 - 3726,45,4422,CO-1420-4422,Jefferson Junior/Senior High,'7-12,3726,CO-1420-3726,Hackberry Hill Elementary,'K-5,6.456193012,5.758293067,'No
4422 - 0378,46,4422,CO-1420-4422,Jefferson Junior/Senior High,'7-12,378,CO-1420-0378,Arvada West High,'9-12,6.54448664,4.991445836,'9-12
4422 - 0033,47,4422,CO-1420-4422,Jefferson Junior/Senior High,'7-12,33,CO-1420-0033,McLain Community High School,'9-12,6.547121777,4.867655112,'9-12
4422 - 3025,48,4422,CO-1420-4422,Jefferson Junior/Senior High,'7-12,3025,CO-1420-3025,Foothills Elementary,'PK-5,6.655481705,5.105515585,'No
4422 - 4830,49,4422,CO-1420-4422,Jefferson Junior/Senior High,'7-12,4830,CO-1420-4830,Kyffin Elementary,'PK-5,6.698144745,5.088488513,'No
4422 - 1318,50,4422,CO-1420-4422,Jefferson Junior/Senior High,'7-12,1318,CO-1420-1318,Carmody Middle,'6-8,6.704726116,5.259289294,'7-8
4422 - 9412,51,4422,CO-1420-4422,Jefferson Junior/Senior High,'7-12,9412,CO-1420-9412,Westgate Elementary,'PK-5,6.729513254,5.727608231,'No
4422 - 3216,52,4422,CO-1420-4422,Jefferson Junior/Senior High,'7-12,3216,CO-1420-3216,Fremont Elementary,'K-5,6.880513321,5.316515757,'No
4422 - 0694,53,4422,CO-1420-4422,Jefferson Junior/Senior High,'7-12,694,CO-1420-0694,Bell Middle,'6-8,7.18104911,6.606623658,'7-8
4422 - 9232,54,4422,CO-1420-4422,Jefferson Junior/Senior High,'7-12,9232,CO-1420-9232,Warder Elementary,'PK-5,7.192995354,6.012572136,'No
4422 - 3628,55,4422,CO-1420-4422,Jefferson Junior/Senior High,'7-12,3628,CO-1420-3628,Green Mountain High,'9-12,7.219859174,5.484225396,'9-12
4422 - 2194,56,4422,CO-1420-4422,Jefferson Junior/Senior High,'7-12,2194,CO-1420-2194,Devinny Elementary,'K-5,7.315089996,5.70229571,'No
4422 - 2300,57,4422,CO-1420-4422,Jefferson Junior/Senior High,'7-12,2300,CO-1420-2300,Dunstan Middle,'6-8,7.438843577,5.755915592,'7-8
4422 - 9328,58,4422,CO-1420-4422,Jefferson Junior/Senior High,'7-12,9328,CO-1420-9328,Weber Elementary,'PK-5,7.590613695,6.686158816,'No
4422 - 7114,59,4422,CO-1420-4422,Jefferson Junior/Senior High,'7-12,7114,CO-1420-7114,Pomona Junior/Senior High,'6-12,7.668677702,6.875986587,'7-12
4422 - 4798,60,4422,CO-1420-4422,Jefferson Junior/Senior High,'7-12,4798,CO-1420-4798,Connections Learning Center,'6-8,7.675433977,6.781130495,'7-8
4422 - 8300,61,4422,CO-1420-4422,Jefferson Junior/Senior High,'7-12,8300,CO-1420-8300,Stott Elementary,'PK-5,7.750476653,5.833584642,'No
4422 - 6470,62,4422,CO-1420-4422,Jefferson Junior/Senior High,'7-12,6470,CO-1420-6470,Oberon Middle,'6-8,7.756961351,6.075698138,'7-8
4422 - 0660,63,4422,CO-1420-4422,Jefferson Junior/Senior High,'7-12,660,CO-1420-0660,Bear Creek K-8,'K-8,7.82743204,6.464297731,'7-8
4422 - 7870,64,4422,CO-1420-4422,Jefferson Junior/Senior High,'7-12,7870,CO-1420-7870,Sierra Elementary,'PK-5,7.948095421,6.538413756,'No
4422 - 2866,65,4422,CO-1420-4422,Jefferson Junior/Senior High,'7-12,2866,CO-1420-2866,Fairmount Elementary,'K-5,8.011152759,6.117866685,'No
4422 - 4190,66,4422,CO-1420-4422,Jefferson Junior/Senior High,'7-12,4190,CO-1420-4190,Hutchinson Elementary,'PK-5,8.057419346,6.159876709,'No
4422 - 3502,67,4422,CO-1420-4422,Jefferson Junior/Senior High,'7-12,3502,CO-1420-3502,Golden High,'9-12,8.085908643,7.346323993,'9-12
4422 - 0664,68,4422,CO-1420-4422,Jefferson Junior/Senior High,'7-12,664,CO-1420-0664,Bear Creek High,'9-12,8.107588249,6.688082813,'9-12
4422 - 5222,69,4422,CO-1420-4422,Jefferson Junior/Senior High,'7-12,5222,CO-1420-5222,Little Elementary,'K-5,8.170543926,7.060047151,'No
4422 - 7483,70,4422,CO-1420-4422,Jefferson Junior/Senior High,'7-12,7483,CO-1420-7483,Rooney Ranch Elementary,'K-5,8.564430956,6.539239249,'No
4422 - 7833,71,4422,CO-1420-4422,Jefferson Junior/Senior High,'7-12,7833,CO-1420-7833,Shelton Elementary,'PK-5,8.806419593,7.776455636,'No
4422 - 7753,72,4422,CO-1420-4422,Jefferson Junior/Senior High,'7-12,7753,CO-1420-7753,Semper Elementary,'PK-5,8.946779669,8.337810539,'No
4422 - 9052,73,4422,CO-1420-4422,Jefferson Junior/Senior High,'7-12,9052,CO-1420-9052,Van Arsdale Elementary,'PK-5,9.15586348,6.959569679,'No
4422 - 5454,74,4422,CO-1420-4422,Jefferson Junior/Senior High,'7-12,5454,CO-1420-5454,Mandalay Middle,'6-8,9.371985848,8.371803861,'7-8
4422 - 0030,75,4422,CO-1420-4422,Jefferson Junior/Senior High,'7-12,30,CO-1420-0030,Adams Elementary,'PK-5,9.420475527,8.190768944,'No
4422 - 2120,76,4422,CO-1420-4422,Jefferson Junior/Senior High,'7-12,2120,CO-1420-2120,D'Evelyn Junior/Senior,'6-12,9.621459351,7.720975103,'7-12
4422 - 3536,77,4422,CO-1420-4422,Jefferson Junior/Senior High,'7-12,3536,CO-1420-3536,Governor's Ranch Elementary,'PK-5,9.867746704,9.110014658,'No
4422 - 7239,78,4422,CO-1420-4422,Jefferson Junior/Senior High,'7-12,7239,CO-1420-7239,Ralston Valley High,'9-12,9.93984598,7.590584338,'9-12
4422 - 5944,79,4422,CO-1420-4422,Jefferson Junior/Senior High,'7-12,5944,CO-1420-5944,Mitchell Elementary,'K-5,9.990967237,8.494762605,'No
,,,CO-1420-,,',,CO-1420-,,',,,#N/A
4548 - 2322,2,4548,CO-1420-4548,Ken Caryl Middle,'6-8,2322,CO-1420-2322,Dutch Creek Elementary,'PK-5,0.894049522,0.575494948,'No
4548 - 6286,3,4548,CO-1420-4548,Ken Caryl Middle,'6-8,6286,CO-1420-6286,Normandy Elementary,'PK-5,1.015027996,0.791255652,'No
4548 - 1861,4,4548,CO-1420-4548,Ken Caryl Middle,'6-8,1861,CO-1420-1861,Columbine Hills Elementary,'PK-5,1.217222767,0.616360847,'No
4548 - 1876,5,4548,CO-1420-4548,Ken Caryl Middle,'6-8,1876,CO-1420-1876,Coronado Elementary,'PK-5,1.808177249,1.244167776,'No
4548 - 1864,6,4548,CO-1420-4548,Ken Caryl Middle,'6-8,1864,CO-1420-1864,Columbine High,'9-12,1.864876575,1.553732401,'No
4548 - 8280,7,4548,CO-1420-4548,Ken Caryl Middle,'6-8,8280,CO-1420-8280,Stony Creek Elementary,'PK-5,1.942088859,1.500529915,'No
4548 - 5036,8,4548,CO-1420-4548,Ken Caryl Middle,'6-8,5036,CO-1420-5036,Leawood Elementary,'PK-5,2.208758441,1.719897122,'No
4548 - 2130,9,4548,CO-1420-4548,Ken Caryl Middle,'6-8,2130,CO-1420-2130,Deer Creek Middle,'6-8,2.344601866,1.751788189,'6-8
4548 - 6133,10,4548,CO-1420-4548,Ken Caryl Middle,'6-8,6133,CO-1420-6133,Mortensen Elementary,'PK-5,2.818544916,2.139281923,'No
4548 - 2963,11,4548,CO-1420-4548,Ken Caryl Middle,'6-8,2963,CO-1420-2963,Falcon Bluffs Middle,'6-8,2.910149928,2.140272657,'6-8
4548 - 7780,12,4548,CO-1420-4548,Ken Caryl Middle,'6-8,7780,CO-1420-7780,Shaffer Elementary,'PK-5,3.146927764,2.442418996,'No
4548 - 0951,13,4548,CO-1420-4548,Ken Caryl Middle,'6-8,951,CO-1420-0951,Blue Heron Elementary,'PK-5,3.283688329,2.171058141,'No
4548 - 9008,14,4548,CO-1420-4548,Ken Caryl Middle,'6-8,9008,CO-1420-9008,Ute Meadows Elementary,'PK-5,3.342211408,2.764937943,'No
4548 - 1522,15,4548,CO-1420-4548,Ken Caryl Middle,'6-8,1522,CO-1420-1522,Chatfield High,'9-12,3.786280615,3.334334103,'No
4548 - 3536,16,4548,CO-1420-4548,Ken Caryl Middle,'6-8,3536,CO-1420-3536,Governor's Ranch Elementary,'PK-5,4.25744547,3.074118265,'No
4548 - 8381,17,4548,CO-1420-4548,Ken Caryl Middle,'6-8,8381,CO-1420-8381,Summit Ridge Middle,'6-8,4.442894462,3.575540341,'6-8
4548 - 7128,18,4548,CO-1420-4548,Ken Caryl Middle,'6-8,7128,CO-1420-7128,Powderhorn Elementary,'PK-5,4.617029856,3.732592492,'No
4548 - 9490,19,4548,CO-1420-4548,Ken Caryl Middle,'6-8,9490,CO-1420-9490,Westridge Elementary,'K-5,4.631263559,3.389096885,'No
4548 - 0950,20,4548,CO-1420-4548,Ken Caryl Middle,'6-8,950,CO-1420-0950,Bradford K8 South,'K-4,5.382218006,4.955420551,'No
4548 - 1001,21,4548,CO-1420-4548,Ken Caryl Middle,'6-8,1001,CO-1420-1001,Warren Tech South,'11-12,5.507185741,4.409477739,'No
4548 - 2093,22,4548,CO-1420-4548,Ken Caryl Middle,'6-8,2093,CO-1420-2093,Dakota Ridge High,'9-12,5.773739466,4.53934142,'No
4548 - 0952,23,4548,CO-1420-4548,Ken Caryl Middle,'6-8,952,CO-1420-0952,Bradford K8 North,'5-8,5.789056968,5.187038231,'6-8
4548 - 6135,24,4548,CO-1420-4548,Ken Caryl Middle,'6-8,6135,CO-1420-6135,Mt. Carbon Elementary,'PK-5,6.046480085,4.407347038,'No
4548 - 2120,25,4548,CO-1420-4548,Ken Caryl Middle,'6-8,2120,CO-1420-2120,D'Evelyn Junior/Senior,'6-12,6.414603947,4.887815903,'6-8
4548 - 0664,26,4548,CO-1420-4548,Ken Caryl Middle,'6-8,664,CO-1420-0664,Bear Creek High,'9-12,7.171380355,5.692865954,'No
4548 - 4549,27,4548,CO-1420-4548,Ken Caryl Middle,'6-8,4549,CO-1420-4549,Kendallvue Elementary,'PK-5,7.420073894,5.503007813,'No
4548 - 0660,28,4548,CO-1420-4548,Ken Caryl Middle,'6-8,660,CO-1420-0660,Bear Creek K-8,'K-8,7.628785723,5.699707936,'6-8
4548 - 9412,29,4548,CO-1420-4548,Ken Caryl Middle,'6-8,9412,CO-1420-9412,Westgate Elementary,'PK-5,7.791940632,6.137428582,'No
4548 - 3622,30,4548,CO-1420-4548,Ken Caryl Middle,'6-8,3622,CO-1420-3622,Green Gables Elementary,'PK-5,8.372369334,6.819923408,'No
4548 - 1318,31,4548,CO-1420-4548,Ken Caryl Middle,'6-8,1318,CO-1420-1318,Carmody Middle,'6-8,8.723487358,7.049179354,'6-8
4548 - 0108,32,4548,CO-1420-4548,Ken Caryl Middle,'6-8,108,CO-1420-0108,Alameda Intl Junior/Senior High,'7-12,8.919884557,7.715984928,'7-8
4548 - 5004,33,4548,CO-1420-4548,Ken Caryl Middle,'6-8,5004,CO-1420-5004,Lasley Elementary,'K-6,9.418300594,7.564023935,'6
4548 - 6808,34,4548,CO-1420-4548,Ken Caryl Middle,'6-8,6808,CO-1420-6808,Patterson Elementary,'PK-6,9.495080379,7.857927801,'6
4548 - 4550,35,4548,CO-1420-4548,Ken Caryl Middle,'6-8,4550,CO-1420-4550,Kendrick Lakes Elementary,'PK-5,9.870516128,7.829545429,'No
4548 - 2300,36,4548,CO-1420-4548,Ken Caryl Middle,'6-8,2300,CO-1420-2300,Dunstan Middle,'6-8,9.963448549,7.984494768,'6-8
,,,CO-1420-,,',,CO-1420-,,',,,#N/A
4549 - 6135,2,4549,CO-1420-4549,Kendallvue Elementary,'PK-5,6135,CO-1420-6135,Mt. Carbon Elementary,'PK-5,1.843187066,1.296331003,'PK-5
4549 - 2093,3,4549,CO-1420-4549,Kendallvue Elementary,'PK-5,2093,CO-1420-2093,Dakota Ridge High,'9-12,2.263731456,1.811388126,'No
4549 - 1001,4,4549,CO-1420-4549,Kendallvue Elementary,'PK-5,1001,CO-1420-1001,Warren Tech South,'11-12,2.4469848,2.008441616,'No
4549 - 2120,5,4549,CO-1420-4549,Kendallvue Elementary,'PK-5,2120,CO-1420-2120,D'Evelyn Junior/Senior,'6-12,2.654523723,2.142584294,'No
4549 - 9490,6,4549,CO-1420-4549,Kendallvue Elementary,'PK-5,9490,CO-1420-9490,Westridge Elementary,'K-5,2.962903204,2.121491864,'K-5
4549 - 8381,7,4549,CO-1420-4549,Kendallvue Elementary,'PK-5,8381,CO-1420-8381,Summit Ridge Middle,'6-8,3.307786302,2.203519359,'No
4549 - 7128,8,4549,CO-1420-4549,Kendallvue Elementary,'PK-5,7128,CO-1420-7128,Powderhorn Elementary,'PK-5,3.336994312,2.12402572,'PK-5
4549 - 3536,9,4549,CO-1420-4549,Kendallvue Elementary,'PK-5,3536,CO-1420-3536,Governor's Ranch Elementary,'PK-5,3.477083199,2.880998115,'PK-5
4549 - 7282,10,4549,CO-1420-4549,Kendallvue Elementary,'PK-5,7282,CO-1420-7282,Red Rocks Elementary,'K-5,3.550815989,3.022010834,'K-5
4549 - 0664,11,4549,CO-1420-4549,Kendallvue Elementary,'PK-5,664,CO-1420-0664,Bear Creek High,'9-12,3.852155946,2.893716159,'No
4549 - 0660,12,4549,CO-1420-4549,Kendallvue Elementary,'PK-5,660,CO-1420-0660,Bear Creek K-8,'K-8,4.38164876,3.242436929,'K-5
4549 - 1522,13,4549,CO-1420-4549,Kendallvue Elementary,'PK-5,1522,CO-1420-1522,Chatfield High,'9-12,4.661996375,3.220872553,'No
4549 - 9008,14,4549,CO-1420-4549,Kendallvue Elementary,'PK-5,9008,CO-1420-9008,Ute Meadows Elementary,'PK-5,5.007084328,3.527972193,'PK-5
4549 - 0952,15,4549,CO-1420-4549,Kendallvue Elementary,'PK-5,952,CO-1420-0952,Bradford K8 North,'5-8,5.027032009,3.381645193,'5
4549 - 9412,16,4549,CO-1420-4549,Kendallvue Elementary,'PK-5,9412,CO-1420-9412,Westgate Elementary,'PK-5,5.335712077,4.110744621,'PK-5
4549 - 1318,17,4549,CO-1420-4549,Kendallvue Elementary,'PK-5,1318,CO-1420-1318,Carmody Middle,'6-8,5.4028037,4.074966208,'No
4549 - 0950,18,4549,CO-1420-4549,Kendallvue Elementary,'PK-5,950,CO-1420-0950,Bradford K8 South,'K-4,5.595901836,4.180312985,'K-4
4549 - 7483,19,4549,CO-1420-4549,Kendallvue Elementary,'PK-5,7483,CO-1420-7483,Rooney Ranch Elementary,'K-5,5.671925669,3.241879417,'K-5
4549 - 2130,20,4549,CO-1420-4549,Kendallvue Elementary,'PK-5,2130,CO-1420-2130,Deer Creek Middle,'6-8,5.735050836,4.014017062,'No
4549 - 0951,21,4549,CO-1420-4549,Kendallvue Elementary,'PK-5,951,CO-1420-0951,Blue Heron Elementary,'PK-5,5.847422032,4.937288744,'PK-5
4549 - 1864,22,4549,CO-1420-4549,Kendallvue Elementary,'PK-5,1864,CO-1420-1864,Columbine High,'9-12,5.939043844,4.504750161,'No
4549 - 5036,23,4549,CO-1420-4549,Kendallvue Elementary,'PK-5,5036,CO-1420-5036,Leawood Elementary,'PK-5,5.939566049,4.862591239,'PK-5
4549 - 4190,24,4549,CO-1420-4549,Kendallvue Elementary,'PK-5,4190,CO-1420-4190,Hutchinson Elementary,'PK-5,6.101477596,3.494607522,'PK-5
4549 - 8280,25,4549,CO-1420-4549,Kendallvue Elementary,'PK-5,8280,CO-1420-8280,Stony Creek Elementary,'PK-5,6.195371963,4.246681234,'PK-5
4549 - 7780,26,4549,CO-1420-4549,Kendallvue Elementary,'PK-5,7780,CO-1420-7780,Shaffer Elementary,'PK-5,6.197214605,4.573879551,'PK-5
4549 - 3622,27,4549,CO-1420-4549,Kendallvue Elementary,'PK-5,3622,CO-1420-3622,Green Gables Elementary,'PK-5,6.445618534,4.511660259,'PK-5
4549 - 6133,28,4549,CO-1420-4549,Kendallvue Elementary,'PK-5,6133,CO-1420-6133,Mortensen Elementary,'PK-5,6.4888096,4.729913767,'PK-5
4549 - 2300,29,4549,CO-1420-4549,Kendallvue Elementary,'PK-5,2300,CO-1420-2300,Dunstan Middle,'6-8,6.627354484,3.774048009,'No
4549 - 4550,30,4549,CO-1420-4549,Kendallvue Elementary,'PK-5,4550,CO-1420-4550,Kendrick Lakes Elementary,'PK-5,6.658747457,4.93893308,'PK-5
4549 - 2194,31,4549,CO-1420-4549,Kendallvue Elementary,'PK-5,2194,CO-1420-2194,Devinny Elementary,'K-5,6.763268134,3.866680552,'K-5
4549 - 2322,32,4549,CO-1420-4549,Kendallvue Elementary,'PK-5,2322,CO-1420-2322,Dutch Creek Elementary,'PK-5,6.776991912,4.928982192,'PK-5
4549 - 1876,33,4549,CO-1420-4549,Kendallvue Elementary,'PK-5,1876,CO-1420-1876,Coronado Elementary,'PK-5,6.856278415,5.147432649,'PK-5
4549 - 6286,34,4549,CO-1420-4549,Kendallvue Elementary,'PK-5,6286,CO-1420-6286,Normandy Elementary,'PK-5,6.961723453,5.32873573,'PK-5
4549 - 2963,35,4549,CO-1420-4549,Kendallvue Elementary,'PK-5,2963,CO-1420-2963,Falcon Bluffs Middle,'6-8,6.993334459,5.345975907,'No
4549 - 6808,36,4549,CO-1420-4549,Kendallvue Elementary,'PK-5,6808,CO-1420-6808,Patterson Elementary,'PK-6,7.220180592,5.287179746,'PK-5
4549 - 3628,37,4549,CO-1420-4549,Kendallvue Elementary,'PK-5,3628,CO-1420-3628,Green Mountain High,'9-12,7.228368586,4.364312607,'No
4549 - 0724,38,4549,CO-1420-4549,Kendallvue Elementary,'PK-5,724,CO-1420-0724,Belmar School of Integrated Arts,'K-5,7.367506402,5.570119322,'K-5
4549 - 4548,39,4549,CO-1420-4549,Kendallvue Elementary,'PK-5,4548,CO-1420-4548,Ken Caryl Middle,'6-8,7.420073894,5.503007813,'No
4549 - 0108,40,4549,CO-1420-4549,Kendallvue Elementary,'PK-5,108,CO-1420-0108,Alameda Intl Junior/Senior High,'7-12,7.531028029,5.616013725,'No
4549 - 3025,41,4549,CO-1420-4549,Kendallvue Elementary,'PK-5,3025,CO-1420-3025,Foothills Elementary,'PK-5,7.727145061,4.976139194,'PK-5
4549 - 1861,42,4549,CO-1420-4549,Kendallvue Elementary,'PK-5,1861,CO-1420-1861,Columbine Hills Elementary,'PK-5,7.980066673,6.117925471,'PK-5
4549 - 5004,43,4549,CO-1420-4549,Kendallvue Elementary,'PK-5,5004,CO-1420-5004,Lasley Elementary,'K-6,8.034713944,6.172134816,'K-5
4549 - 1976,44,4549,CO-1420-4549,Kendallvue Elementary,'PK-5,1976,CO-1420-1976,Creighton Middle,'6-8,8.213972248,6.439793354,'No
4549 - 5892,45,4549,CO-1420-4549,Kendallvue Elementary,'PK-5,5892,CO-1420-5892,Fletcher Miller Special,'PK-12,8.263038518,6.537213852,'PK-5
4549 - 7833,46,4549,CO-1420-4549,Kendallvue Elementary,'PK-5,7833,CO-1420-7833,Shelton Elementary,'PK-5,8.34332125,7.157499345,'PK-5
4549 - 6804,47,4549,CO-1420-4549,Kendallvue Elementary,'PK-5,6804,CO-1420-6804,Parmalee Elementary,'K-5,8.487628467,6.316639354,'K-5
4549 - 9432,48,4549,CO-1420-4549,Kendallvue Elementary,'PK-5,9432,CO-1420-9432,Dennison Elementary,'K-6,8.493008303,6.689384581,'K-5
4549 - 0694,49,4549,CO-1420-4549,Kendallvue Elementary,'PK-5,694,CO-1420-0694,Bell Middle,'6-8,8.646851762,7.442543669,'No
4549 - 4798,50,4549,CO-1420-4549,Kendallvue Elementary,'PK-5,4798,CO-1420-4798,Connections Learning Center,'6-8,8.673428963,7.673930065,'No
4549 - 3201,51,4549,CO-1420-4549,Kendallvue Elementary,'PK-5,3201,CO-1420-3201,Free Horizon Montessori,'PK-8,8.775693855,7.144385722,'PK-5
4549 - 8102,52,4549,CO-1420-4549,Kendallvue Elementary,'PK-5,8102,CO-1420-8102,South Lakewood Elementary,'K-5,8.883825362,6.833378142,'K-5
4549 - 4942,53,4549,CO-1420-4549,Kendallvue Elementary,'PK-5,4942,CO-1420-4942,Lakewood High,'9-12,9.148325025,7.10607394,'No
4549 - 8090,54,4549,CO-1420-4549,Kendallvue Elementary,'PK-5,8090,CO-1420-8090,Deane Elementary,'PK-6,9.209914648,7.090371888,'PK-5
4549 - 7468,55,4549,CO-1420-4549,Kendallvue Elementary,'PK-5,7468,CO-1420-7468,Rose Stein International Elementary,'PK-6,9.316329394,7.11402122,'PK-5
4549 - 0965,56,4549,CO-1420-4549,Kendallvue Elementary,'PK-5,965,CO-1420-0965,Brady Exploration School,'10-12,9.321713135,7.127528622,'No
4549 - 9234,57,4549,CO-1420-4549,Kendallvue Elementary,'PK-5,9234,CO-1420-9234,Warren Tech Central,'11-12,9.444557262,5.822367686,'No
4549 - 4830,58,4549,CO-1420-4549,Kendallvue Elementary,'PK-5,4830,CO-1420-4830,Kyffin Elementary,'PK-5,9.646251321,6.078644922,'PK-5
4549 - 2550,59,4549,CO-1420-4549,Kendallvue Elementary,'PK-5,2550,CO-1420-2550,Eiber Elementary,'PK-5,9.692688299,7.768308919,'PK-5
4549 - 5623,60,4549,CO-1420-4549,Kendallvue Elementary,'PK-5,5623,CO-1420-5623,Long View,'10-12,9.795887543,5.664995668,'No
4549 - 3502,61,4549,CO-1420-4549,Kendallvue Elementary,'PK-5,3502,CO-1420-3502,Golden High,'9-12,9.815035183,8.385882319,'No
4549 - 0033,62,4549,CO-1420-4549,Kendallvue Elementary,'PK-5,33,CO-1420-0033,McLain Community High School,'9-12,9.942295441,5.787458139,'No
,,,CO-1420-,,',,CO-1420-,,',,,#N/A
4550 - 0724,2,4550,CO-1420-4550,Kendrick Lakes Elementary,'PK-5,724,CO-1420-0724,Belmar School of Integrated Arts,'K-5,0.941567832,0.659431172,'K-5
4550 - 6808,3,4550,CO-1420-4550,Kendrick Lakes Elementary,'PK-5,6808,CO-1420-6808,Patterson Elementary,'PK-6,1.043453138,0.470228055,'PK-5
4550 - 1318,4,4550,CO-1420-4550,Kendrick Lakes Elementary,'PK-5,1318,CO-1420-1318,Carmody Middle,'6-8,1.412623218,0.904468985,'No
4550 - 3622,5,4550,CO-1420-4550,Kendrick Lakes Elementary,'PK-5,3622,CO-1420-3622,Green Gables Elementary,'PK-5,1.512578712,1.057985396,'PK-5
4550 - 0108,6,4550,CO-1420-4550,Kendrick Lakes Elementary,'PK-5,108,CO-1420-0108,Alameda Intl Junior/Senior High,'7-12,1.727357421,1.076965027,'No
4550 - 1976,7,4550,CO-1420-4550,Kendrick Lakes Elementary,'PK-5,1976,CO-1420-1976,Creighton Middle,'6-8,2.088013002,1.742836293,'No
4550 - 5892,8,4550,CO-1420-4550,Kendrick Lakes Elementary,'PK-5,5892,CO-1420-5892,Fletcher Miller Special,'PK-12,2.137435767,1.891445643,'PK-5
4550 - 9412,9,4550,CO-1420-4550,Kendrick Lakes Elementary,'PK-5,9412,CO-1420-9412,Westgate Elementary,'PK-5,2.287861432,1.711842902,'PK-5
4550 - 9432,10,4550,CO-1420-4550,Kendrick Lakes Elementary,'PK-5,9432,CO-1420-9432,Dennison Elementary,'K-6,2.367405552,2.001396118,'K-5
4550 - 8102,11,4550,CO-1420-4550,Kendrick Lakes Elementary,'PK-5,8102,CO-1420-8102,South Lakewood Elementary,'K-5,2.457886792,1.928745256,'K-5
4550 - 2194,12,4550,CO-1420-4550,Kendrick Lakes Elementary,'PK-5,2194,CO-1420-2194,Devinny Elementary,'K-5,2.511515312,1.948712337,'K-5
4550 - 2300,13,4550,CO-1420-4550,Kendrick Lakes Elementary,'PK-5,2300,CO-1420-2300,Dunstan Middle,'6-8,2.52994502,1.932308681,'No
4550 - 5004,14,4550,CO-1420-4550,Kendrick Lakes Elementary,'PK-5,5004,CO-1420-5004,Lasley Elementary,'K-6,2.62414475,2.004848979,'K-5
4550 - 3628,15,4550,CO-1420-4550,Kendrick Lakes Elementary,'PK-5,3628,CO-1420-3628,Green Mountain High,'9-12,2.90276516,2.182211286,'No
4550 - 4190,16,4550,CO-1420-4550,Kendrick Lakes Elementary,'PK-5,4190,CO-1420-4190,Hutchinson Elementary,'PK-5,3.00445288,2.342575398,'PK-5
4550 - 3025,17,4550,CO-1420-4550,Kendrick Lakes Elementary,'PK-5,3025,CO-1420-3025,Foothills Elementary,'PK-5,3.009694395,2.353876536,'PK-5
4550 - 0660,18,4550,CO-1420-4550,Kendrick Lakes Elementary,'PK-5,660,CO-1420-0660,Bear Creek K-8,'K-8,3.017594151,2.213555466,'K-5
4550 - 4942,19,4550,CO-1420-4550,Kendrick Lakes Elementary,'PK-5,4942,CO-1420-4942,Lakewood High,'9-12,3.022722275,2.446765492,'No
4550 - 0664,20,4550,CO-1420-4550,Kendrick Lakes Elementary,'PK-5,664,CO-1420-0664,Bear Creek High,'9-12,3.042443428,2.372936855,'No
4550 - 7468,21,4550,CO-1420-4550,Kendrick Lakes Elementary,'PK-5,7468,CO-1420-7468,Rose Stein International Elementary,'PK-6,3.216119832,2.211744811,'PK-5
4550 - 8090,22,4550,CO-1420-4550,Kendrick Lakes Elementary,'PK-5,8090,CO-1420-8090,Deane Elementary,'PK-6,3.294569969,2.457730443,'PK-5
4550 - 0965,23,4550,CO-1420-4550,Kendrick Lakes Elementary,'PK-5,965,CO-1420-0965,Brady Exploration School,'10-12,3.406368456,2.732194068,'No
4550 - 7483,24,4550,CO-1420-4550,Kendrick Lakes Elementary,'PK-5,7483,CO-1420-7483,Rooney Ranch Elementary,'K-5,3.524919379,2.713978284,'K-5
4550 - 2550,25,4550,CO-1420-4550,Kendrick Lakes Elementary,'PK-5,2550,CO-1420-2550,Eiber Elementary,'PK-5,3.564615082,3.118431261,'PK-5
4550 - 6539,26,4550,CO-1420-4550,Kendrick Lakes Elementary,'PK-5,6539,CO-1420-6539,JeffCo Open Elementary,'PK-6,3.915270395,3.062353481,'PK-5
4550 - 9234,27,4550,CO-1420-4550,Kendrick Lakes Elementary,'PK-5,9234,CO-1420-9234,Warren Tech Central,'11-12,4.107509464,2.866499083,'No
4550 - 5623,28,4550,CO-1420-4550,Kendrick Lakes Elementary,'PK-5,5623,CO-1420-5623,Long View,'10-12,4.458839745,2.924946959,'No
4550 - 7962,29,4550,CO-1420-4550,Kendrick Lakes Elementary,'PK-5,7962,CO-1420-7962,Slater Elementary,'PK-5,4.554682547,4.131378427,'PK-5
4550 - 2120,30,4550,CO-1420-4550,Kendrick Lakes Elementary,'PK-5,2120,CO-1420-2120,D'Evelyn Junior/Senior,'6-12,4.55631453,3.40534202,'No
4550 - 0033,31,4550,CO-1420-4550,Kendrick Lakes Elementary,'PK-5,33,CO-1420-0033,McLain Community High School,'9-12,4.605247643,2.968948066,'No
4550 - 9342,32,4550,CO-1420-4550,Kendrick Lakes Elementary,'PK-5,9342,CO-1420-9342,Welchester Elementary,'PK-5,4.846287916,3.507399088,'PK-5
4550 - 4830,33,4550,CO-1420-4550,Kendrick Lakes Elementary,'PK-5,4830,CO-1420-4830,Kyffin Elementary,'PK-5,5.208984556,3.455167824,'PK-5
4550 - 9510,34,4550,CO-1420-4550,Kendrick Lakes Elementary,'PK-5,9510,CO-1420-9510,Wheat Ridge High,'9-12,5.46369471,4.977554523,'No
4550 - 4422,35,4550,CO-1420-4550,Kendrick Lakes Elementary,'PK-5,4422,CO-1420-4422,Jefferson Junior/Senior High,'7-12,5.524911786,4.360341691,'No
4550 - 5354,36,4550,CO-1420-4550,Kendrick Lakes Elementary,'PK-5,5354,CO-1420-5354,Lumberg Elementary,'PK-6,5.562689447,4.325004533,'PK-5
4550 - 8276,37,4550,CO-1420-4550,Kendrick Lakes Elementary,'PK-5,8276,CO-1420-8276,Stober Elementary,'K-5,5.578190811,4.369836614,'K-5
4550 - 2820,38,4550,CO-1420-4550,Kendrick Lakes Elementary,'PK-5,2820,CO-1420-2820,Everitt Middle,'6-8,5.769208357,5.422046511,'No
4550 - 7190,39,4550,CO-1420-4550,Kendrick Lakes Elementary,'PK-5,7190,CO-1420-7190,Prospect Valley Elementary,'K-5,5.893217241,5.102688114,'K-5
4550 - 3536,40,4550,CO-1420-4550,Kendrick Lakes Elementary,'PK-5,3536,CO-1420-3536,Governor's Ranch Elementary,'PK-5,6.095419527,4.972900485,'PK-5
4550 - 3201,41,4550,CO-1420-4550,Kendrick Lakes Elementary,'PK-5,3201,CO-1420-3201,Free Horizon Montessori,'PK-8,6.370129107,4.810597338,'PK-5
4550 - 2496,42,4550,CO-1420-4550,Kendrick Lakes Elementary,'PK-5,2496,CO-1420-2496,Edgewater Elementary,'PK-6,6.419392865,4.739043519,'PK-5
4550 - 9490,43,4550,CO-1420-4550,Kendrick Lakes Elementary,'PK-5,9490,CO-1420-9490,Westridge Elementary,'K-5,6.603482593,5.483071,'K-5
4550 - 6285,44,4550,CO-1420-4550,Kendrick Lakes Elementary,'PK-5,6285,CO-1420-6285,Norma Anderson Early Learning Center,'PK,6.61526957,6.013108565,'PK
4550 - 4549,45,4550,CO-1420-4550,Kendrick Lakes Elementary,'PK-5,4549,CO-1420-4549,Kendallvue Elementary,'PK-5,6.658747457,4.93893308,'PK-5
4550 - 6848,46,4550,CO-1420-4550,Kendrick Lakes Elementary,'PK-5,6848,CO-1420-6848,Peak Expeditionary-Pennington,'PK-5,6.66481593,6.111234809,'PK-5
4550 - 8223,47,4550,CO-1420-4550,Kendrick Lakes Elementary,'PK-5,8223,CO-1420-8223,Stevens Elementary,'PK-5,6.692801912,5.609968145,'PK-5
4550 - 5472,48,4550,CO-1420-4550,Kendrick Lakes Elementary,'PK-5,5472,CO-1420-5472,Manning,'6-8,6.890778595,5.253401143,'No
4550 - 8036,49,4550,CO-1420-4550,Kendrick Lakes Elementary,'PK-5,8036,CO-1420-8036,Sobesky Academy,'K-12,6.943164667,5.755556432,'K-5
4550 - 5524,50,4550,CO-1420-4550,Kendrick Lakes Elementary,'PK-5,5524,CO-1420-5524,Maple Grove Elementary,'PK-5,6.981268771,5.178672972,'PK-5
4550 - 7282,51,4550,CO-1420-4550,Kendrick Lakes Elementary,'PK-5,7282,CO-1420-7282,Red Rocks Elementary,'K-5,7.057215175,5.514587528,'K-5
4550 - 0694,52,4550,CO-1420-4550,Kendrick Lakes Elementary,'PK-5,694,CO-1420-0694,Bell Middle,'6-8,7.299391372,5.614357746,'No
4550 - 6135,53,4550,CO-1420-4550,Kendrick Lakes Elementary,'PK-5,6135,CO-1420-6135,Mt. Carbon Elementary,'PK-5,7.732811735,5.78869855,'PK-5
4550 - 8381,54,4550,CO-1420-4550,Kendrick Lakes Elementary,'PK-5,8381,CO-1420-8381,Summit Ridge Middle,'6-8,7.742674612,6.330237516,'No
4550 - 4798,55,4550,CO-1420-4550,Kendrick Lakes Elementary,'PK-5,4798,CO-1420-4798,Connections Learning Center,'6-8,7.793776238,5.880891244,'No
4550 - 7128,56,4550,CO-1420-4550,Kendrick Lakes Elementary,'PK-5,7128,CO-1420-7128,Powderhorn Elementary,'PK-5,7.916810006,6.370443652,'PK-5
4550 - 0951,57,4550,CO-1420-4550,Kendrick Lakes Elementary,'PK-5,951,CO-1420-0951,Blue Heron Elementary,'PK-5,8.098976568,5.930093654,'PK-5
4550 - 1864,58,4550,CO-1420-4550,Kendrick Lakes Elementary,'PK-5,1864,CO-1420-1864,Columbine High,'9-12,8.285587995,6.282427048,'No
4550 - 5036,59,4550,CO-1420-4550,Kendrick Lakes Elementary,'PK-5,5036,CO-1420-5036,Leawood Elementary,'PK-5,8.286110201,6.251315678,'PK-5
4550 - 7833,60,4550,CO-1420-4550,Kendrick Lakes Elementary,'PK-5,7833,CO-1420-7833,Shelton Elementary,'PK-5,8.303667656,6.238331448,'PK-5
4550 - 2093,61,4550,CO-1420-4550,Kendrick Lakes Elementary,'PK-5,2093,CO-1420-2093,Dakota Ridge High,'9-12,8.331196768,6.525915384,'No
4550 - 9008,62,4550,CO-1420-4550,Kendrick Lakes Elementary,'PK-5,9008,CO-1420-9008,Ute Meadows Elementary,'PK-5,8.404228956,7.449615799,'PK-5
4550 - 5024,63,4550,CO-1420-4550,Kendrick Lakes Elementary,'PK-5,5024,CO-1420-5024,Lawrence Elementary,'K-5,8.475734847,7.380008195,'K-5
4550 - 1001,64,4550,CO-1420-4550,Kendrick Lakes Elementary,'PK-5,1001,CO-1420-1001,Warren Tech South,'11-12,8.514450111,6.679895111,'No
4550 - 3088,65,4550,CO-1420-4550,Kendrick Lakes Elementary,'PK-5,3088,CO-1420-3088,Foster Dual Language PK-8 School,'PK-8,8.552119087,7.109635744,'PK-5
4550 - 3502,66,4550,CO-1420-4550,Kendrick Lakes Elementary,'PK-5,3502,CO-1420-3502,Golden High,'9-12,8.559675228,6.688836862,'No
4550 - 9058,67,4550,CO-1420-4550,Kendrick Lakes Elementary,'PK-5,9058,CO-1420-9058,Vanderhoof Elementary,'K-5,8.609575307,7.746620007,'K-5
4550 - 2130,68,4550,CO-1420-4550,Kendrick Lakes Elementary,'PK-5,2130,CO-1420-2130,Deer Creek Middle,'6-8,8.616408746,7.275661319,'No
4550 - 2288,69,4550,CO-1420-4550,Kendrick Lakes Elementary,'PK-5,2288,CO-1420-2288,Drake Middle,'6-8,8.658506669,7.049051202,'No
4550 - 9245,70,4550,CO-1420-4550,Kendrick Lakes Elementary,'PK-5,9245,CO-1420-9245,Warren Tech North,'11-12,8.965199544,8.116370092,'No
4550 - 1522,71,4550,CO-1420-4550,Kendrick Lakes Elementary,'PK-5,1522,CO-1420-1522,Chatfield High,'9-12,9.045153372,7.44687738,'No
4550 - 8280,72,4550,CO-1420-4550,Kendrick Lakes Elementary,'PK-5,8280,CO-1420-8280,Stony Creek Elementary,'PK-5,9.062342032,7.382952635,'PK-5
4550 - 0378,73,4550,CO-1420-4550,Kendrick Lakes Elementary,'PK-5,378,CO-1420-0378,Arvada West High,'9-12,9.106715812,8.215325795,'No
4550 - 1244,74,4550,CO-1420-4550,Kendrick Lakes Elementary,'PK-5,1244,CO-1420-1244,Campbell Early Learning Center,'PK,9.142544852,8.55710532,'PK
4550 - 2322,75,4550,CO-1420-4550,Kendrick Lakes Elementary,'PK-5,2322,CO-1420-2322,Dutch Creek Elementary,'PK-5,9.384105416,7.364842561,'PK-5
4550 - 6286,76,4550,CO-1420-4550,Kendrick Lakes Elementary,'PK-5,6286,CO-1420-6286,Normandy Elementary,'PK-5,9.395907241,7.19108425,'PK-5
4550 - 6133,77,4550,CO-1420-4550,Kendrick Lakes Elementary,'PK-5,6133,CO-1420-6133,Mortensen Elementary,'PK-5,9.519434246,8.354982675,'PK-5
4550 - 3216,78,4550,CO-1420-4550,Kendrick Lakes Elementary,'PK-5,3216,CO-1420-3216,Fremont Elementary,'K-5,9.549248802,8.454087209,'K-5
4550 - 7780,79,4550,CO-1420-4550,Kendrick Lakes Elementary,'PK-5,7780,CO-1420-7780,Shaffer Elementary,'PK-5,9.587565993,8.362641184,'PK-5
4550 - 1876,80,4550,CO-1420-4550,Kendrick Lakes Elementary,'PK-5,1876,CO-1420-1876,Coronado Elementary,'PK-5,9.653015506,8.256231058,'PK-5
4550 - 7708,81,4550,CO-1420-4550,Kendrick Lakes Elementary,'PK-5,7708,CO-1420-7708,Secrest Elementary,'PK-5,9.669529268,8.514542344,'PK-5
4550 - 0370,82,4550,CO-1420-4550,Kendrick Lakes Elementary,'PK-5,370,CO-1420-0370,Arvada High,'9-12,9.783267536,8.567626168,'No
4550 - 4548,83,4550,CO-1420-4550,Kendrick Lakes Elementary,'PK-5,4548,CO-1420-4548,Ken Caryl Middle,'6-8,9.870516128,7.829545429,'No
4550 - 2963,84,4550,CO-1420-4550,Kendrick Lakes Elementary,'PK-5,2963,CO-1420-2963,Falcon Bluffs Middle,'6-8,9.901286452,8.895718766,'No
,,,CO-1420-,,',,CO-1420-,,',,,#N/A
4798 - 0694,2,4798,CO-1420-4798,Connections Learning Center,'6-8,694,CO-1420-0694,Bell Middle,'6-8,0.564060782,0.270367778,'6-8
4798 - 3502,3,4798,CO-1420-4798,Connections Learning Center,'6-8,3502,CO-1420-3502,Golden High,'9-12,1.326192823,0.817178285,'No
4798 - 3201,4,4798,CO-1420-4798,Connections Learning Center,'6-8,3201,CO-1420-3201,Free Horizon Montessori,'PK-8,1.468772229,1.142939308,'6-8
4798 - 7833,5,4798,CO-1420-4798,Connections Learning Center,'6-8,7833,CO-1420-7833,Shelton Elementary,'PK-5,2.032642391,1.236760785,'No
4798 - 5944,6,4798,CO-1420-4798,Connections Learning Center,'6-8,5944,CO-1420-5944,Mitchell Elementary,'K-5,3.231251418,2.506055516,'No
4798 - 4830,7,4798,CO-1420-4798,Connections Learning Center,'6-8,4830,CO-1420-4830,Kyffin Elementary,'PK-5,3.527994611,2.427341009,'No
4798 - 9342,8,4798,CO-1420-4798,Connections Learning Center,'6-8,9342,CO-1420-9342,Welchester Elementary,'PK-5,3.840747083,2.919647587,'No
4798 - 9234,9,4798,CO-1420-4798,Connections Learning Center,'6-8,9234,CO-1420-9234,Warren Tech Central,'11-12,4.396368684,3.020589185,'No
4798 - 0033,10,4798,CO-1420-4798,Connections Learning Center,'6-8,33,CO-1420-0033,McLain Community High School,'9-12,4.535543905,2.912326819,'No
4798 - 8276,11,4798,CO-1420-4798,Connections Learning Center,'6-8,8276,CO-1420-8276,Stober Elementary,'K-5,4.563994575,3.700632568,'No
4798 - 5623,12,4798,CO-1420-4798,Connections Learning Center,'6-8,5623,CO-1420-5623,Long View,'10-12,4.611602908,2.95824249,'No
4798 - 5472,13,4798,CO-1420-4798,Connections Learning Center,'6-8,5472,CO-1420-5472,Manning,'6-8,4.735247002,3.209620446,'6-8
4798 - 5524,14,4798,CO-1420-4798,Connections Learning Center,'6-8,5524,CO-1420-5524,Maple Grove Elementary,'PK-5,4.77179076,3.17665496,'No
4798 - 2866,15,4798,CO-1420-4798,Connections Learning Center,'6-8,2866,CO-1420-2866,Fairmount Elementary,'K-5,5.575289989,3.759451627,'No
4798 - 7190,16,4798,CO-1420-4798,Connections Learning Center,'6-8,7190,CO-1420-7190,Prospect Valley Elementary,'K-5,5.671379105,4.497941645,'No
4798 - 2550,17,4798,CO-1420-4798,Connections Learning Center,'6-8,2550,CO-1420-2550,Eiber Elementary,'PK-5,5.733107079,5.012427413,'No
4798 - 7483,18,4798,CO-1420-4798,Connections Learning Center,'6-8,7483,CO-1420-7483,Rooney Ranch Elementary,'K-5,5.836917128,4.73806773,'No
4798 - 5892,19,4798,CO-1420-4798,Connections Learning Center,'6-8,5892,CO-1420-5892,Fletcher Miller Special,'PK-12,5.90293791,4.95547737,'6-8
4798 - 9432,20,4798,CO-1420-4798,Connections Learning Center,'6-8,9432,CO-1420-9432,Dennison Elementary,'K-6,5.983264762,5.03842126,'6
4798 - 4942,21,4798,CO-1420-4798,Connections Learning Center,'6-8,4942,CO-1420-4942,Lakewood High,'9-12,6.003430574,4.965594016,'No
4798 - 4190,22,4798,CO-1420-4798,Connections Learning Center,'6-8,4190,CO-1420-4190,Hutchinson Elementary,'PK-5,6.272715266,4.716823651,'No
4798 - 1976,23,4798,CO-1420-4798,Connections Learning Center,'6-8,1976,CO-1420-1976,Creighton Middle,'6-8,6.280801974,5.077991037,'6-8
4798 - 3025,24,4798,CO-1420-4798,Connections Learning Center,'6-8,3025,CO-1420-3025,Foothills Elementary,'PK-5,6.312879893,3.622711272,'No
4798 - 7282,25,4798,CO-1420-4798,Connections Learning Center,'6-8,7282,CO-1420-7282,Red Rocks Elementary,'K-5,6.526166176,5.437125869,'No
4798 - 3628,26,4798,CO-1420-4798,Connections Learning Center,'6-8,3628,CO-1420-3628,Green Mountain High,'9-12,6.535005163,4.08150981,'No
4798 - 7962,27,4798,CO-1420-4798,Connections Learning Center,'6-8,7962,CO-1420-7962,Slater Elementary,'PK-5,6.64981524,5.701534925,'No
4798 - 9510,28,4798,CO-1420-4798,Connections Learning Center,'6-8,9510,CO-1420-9510,Wheat Ridge High,'9-12,6.672735381,5.446001681,'No
4798 - 2194,29,4798,CO-1420-4798,Connections Learning Center,'6-8,2194,CO-1420-2194,Devinny Elementary,'K-5,6.697060387,4.660490752,'No
4798 - 2288,30,4798,CO-1420-4798,Connections Learning Center,'6-8,2288,CO-1420-2288,Drake Middle,'6-8,6.748948105,4.871819619,'6-8
4798 - 2820,31,4798,CO-1420-4798,Connections Learning Center,'6-8,2820,CO-1420-2820,Everitt Middle,'6-8,6.828110424,5.475192823,'6-8
4798 - 8102,32,4798,CO-1420-4798,Connections Learning Center,'6-8,8102,CO-1420-8102,South Lakewood Elementary,'K-5,6.84085376,5.773318322,'No
4798 - 6285,33,4798,CO-1420-4798,Connections Learning Center,'6-8,6285,CO-1420-6285,Norma Anderson Early Learning Center,'PK,6.853665515,5.225136007,'No
4798 - 2300,34,4798,CO-1420-4798,Connections Learning Center,'6-8,2300,CO-1420-2300,Dunstan Middle,'6-8,6.95459931,4.764133998,'6-8
4798 - 6539,35,4798,CO-1420-4798,Connections Learning Center,'6-8,6539,CO-1420-6539,JeffCo Open Elementary,'PK-6,7.150208886,6.152104046,'6
4798 - 0724,36,4798,CO-1420-4798,Connections Learning Center,'6-8,724,CO-1420-0724,Belmar School of Integrated Arts,'K-5,7.510980885,5.713717816,'No
4798 - 4422,37,4798,CO-1420-4798,Connections Learning Center,'6-8,4422,CO-1420-4422,Jefferson Junior/Senior High,'7-12,7.675433977,6.781130495,'7-8
4798 - 5354,38,4798,CO-1420-4798,Connections Learning Center,'6-8,5354,CO-1420-5354,Lumberg Elementary,'PK-6,7.716618465,6.886164742,'6
4798 - 6848,39,4798,CO-1420-4798,Connections Learning Center,'6-8,6848,CO-1420-6848,Peak Expeditionary-Pennington,'PK-5,7.723717997,5.819991174,'No
4798 - 4550,40,4798,CO-1420-4798,Connections Learning Center,'6-8,4550,CO-1420-4550,Kendrick Lakes Elementary,'PK-5,7.793776238,5.880891244,'No
4798 - 9058,41,4798,CO-1420-4798,Connections Learning Center,'6-8,9058,CO-1420-9058,Vanderhoof Elementary,'K-5,8.029259094,6.056364531,'No
4798 - 7468,42,4798,CO-1420-4798,Connections Learning Center,'6-8,7468,CO-1420-7468,Rose Stein International Elementary,'PK-6,8.040522585,6.721077865,'6
4798 - 1318,43,4798,CO-1420-4798,Connections Learning Center,'6-8,1318,CO-1420-1318,Carmody Middle,'6-8,8.200737967,6.184275757,'6-8
4798 - 6808,44,4798,CO-1420-4798,Connections Learning Center,'6-8,6808,CO-1420-6808,Patterson Elementary,'PK-6,8.205414553,6.217348399,'6
4798 - 3216,45,4798,CO-1420-4798,Connections Learning Center,'6-8,3216,CO-1420-3216,Fremont Elementary,'K-5,8.348989827,6.391143782,'No
4798 - 0378,46,4798,CO-1420-4798,Connections Learning Center,'6-8,378,CO-1420-0378,Arvada West High,'9-12,8.365940027,6.397638269,'No
4798 - 9245,47,4798,CO-1420-4798,Connections Learning Center,'6-8,9245,CO-1420-9245,Warren Tech North,'11-12,8.368200395,6.364251554,'No
4798 - 9429,48,4798,CO-1420-4798,Connections Learning Center,'6-8,9429,CO-1420-9429,West Woods Elementary,'K-5,8.410088673,6.298607793,'No
4798 - 8223,49,4798,CO-1420-4798,Connections Learning Center,'6-8,8223,CO-1420-8223,Stevens Elementary,'PK-5,8.443908228,6.977622444,'No
4798 - 7238,50,4798,CO-1420-4798,Connections Learning Center,'6-8,7238,CO-1420-7238,Ralston Elementary,'K-5,8.449536522,5.135765344,'No
4798 - 2496,51,4798,CO-1420-4798,Connections Learning Center,'6-8,2496,CO-1420-2496,Edgewater Elementary,'PK-6,8.569915055,7.625772676,'6
4798 - 8300,52,4798,CO-1420-4798,Connections Learning Center,'6-8,8300,CO-1420-8300,Stott Elementary,'PK-5,8.598654355,6.308053545,'No
4798 - 4549,53,4798,CO-1420-4798,Connections Learning Center,'6-8,4549,CO-1420-4549,Kendallvue Elementary,'PK-5,8.673428963,7.673930065,'No
4798 - 8036,54,4798,CO-1420-4798,Connections Learning Center,'6-8,8036,CO-1420-8036,Sobesky Academy,'K-12,8.694270983,7.083252389,'6-8
4798 - 0108,55,4798,CO-1420-4798,Connections Learning Center,'6-8,108,CO-1420-0108,Alameda Intl Junior/Senior High,'7-12,8.889318836,6.799003163,'7-8
4798 - 3622,56,4798,CO-1420-4798,Connections Learning Center,'6-8,3622,CO-1420-3622,Green Gables Elementary,'PK-5,8.996967513,6.820396602,'No
4798 - 8090,57,4798,CO-1420-4798,Connections Learning Center,'6-8,8090,CO-1420-8090,Deane Elementary,'PK-6,9.127277929,7.571077258,'6
4798 - 1244,58,4798,CO-1420-4798,Connections Learning Center,'6-8,1244,CO-1420-1244,Campbell Early Learning Center,'PK,9.19477366,6.993846598,'No
4798 - 5024,59,4798,CO-1420-4798,Connections Learning Center,'6-8,5024,CO-1420-5024,Lawrence Elementary,'K-5,9.281225415,7.421312585,'No
4798 - 0660,60,4798,CO-1420-4798,Connections Learning Center,'6-8,660,CO-1420-0660,Bear Creek K-8,'K-8,9.48324206,7.265358621,'6-8
4798 - 0664,61,4798,CO-1420-4798,Connections Learning Center,'6-8,664,CO-1420-0664,Bear Creek High,'9-12,9.508091337,7.132421689,'No
4798 - 5004,62,4798,CO-1420-4798,Connections Learning Center,'6-8,5004,CO-1420-5004,Lasley Elementary,'K-6,9.748933023,7.693612134,'6
4798 - 9412,63,4798,CO-1420-4798,Connections Learning Center,'6-8,9412,CO-1420-9412,Westgate Elementary,'PK-5,9.772250233,7.304011248,'No
4798 - 0965,64,4798,CO-1420-4798,Connections Learning Center,'6-8,965,CO-1420-0965,Brady Exploration School,'10-12,9.890774763,8.060565839,'No
4798 - 9052,65,4798,CO-1420-4798,Connections Learning Center,'6-8,9052,CO-1420-9052,Van Arsdale Elementary,'PK-5,9.89138336,7.267870405,'No
4798 - 3088,66,4798,CO-1420-4798,Connections Learning Center,'6-8,3088,CO-1420-3088,Foster Dual Language PK-8 School,'PK-8,9.900560372,7.649343101,'6-8
,,,CO-1420-,,',,CO-1420-,,',,,#N/A
4830 - 9234,2,4830,CO-1420-4830,Kyffin Elementary,'PK-5,9234,CO-1420-9234,Warren Tech Central,'11-12,1.750217436,0.594973193,'No
4830 - 0033,3,4830,CO-1420-4830,Kyffin Elementary,'PK-5,33,CO-1420-0033,McLain Community High School,'9-12,1.889392657,0.486953518,'No
4830 - 5623,4,4830,CO-1420-4830,Kyffin Elementary,'PK-5,5623,CO-1420-5623,Long View,'10-12,1.96545166,0.551533122,'No
4830 - 3201,5,4830,CO-1420-4830,Kyffin Elementary,'PK-5,3201,CO-1420-3201,Free Horizon Montessori,'PK-8,2.120945488,1.374348688,'PK-5
4830 - 9342,6,4830,CO-1420-4830,Kyffin Elementary,'PK-5,9342,CO-1420-9342,Welchester Elementary,'PK-5,2.529877437,1.237075104,'PK-5
4830 - 0694,7,4830,CO-1420-4830,Kyffin Elementary,'PK-5,694,CO-1420-0694,Bell Middle,'6-8,3.050207753,2.162597048,'No
4830 - 4798,8,4830,CO-1420-4830,Kyffin Elementary,'PK-5,4798,CO-1420-4798,Connections Learning Center,'6-8,3.527994611,2.427341009,'No
4830 - 5892,9,4830,CO-1420-4830,Kyffin Elementary,'PK-5,5892,CO-1420-5892,Fletcher Miller Special,'PK-12,3.540497113,2.705617417,'PK-5
4830 - 9432,10,4830,CO-1420-4830,Kyffin Elementary,'PK-5,9432,CO-1420-9432,Dennison Elementary,'K-6,3.620823965,2.821720026,'K-5
4830 - 3025,11,4830,CO-1420-4830,Kyffin Elementary,'PK-5,3025,CO-1420-3025,Foothills Elementary,'PK-5,3.666728645,1.299434471,'PK-5
4830 - 4942,12,4830,CO-1420-4830,Kyffin Elementary,'PK-5,4942,CO-1420-4942,Lakewood High,'9-12,3.755069254,2.880912682,'No
4830 - 1976,13,4830,CO-1420-4830,Kyffin Elementary,'PK-5,1976,CO-1420-1976,Creighton Middle,'6-8,3.827429327,2.798139847,'No
4830 - 8276,14,4830,CO-1420-4830,Kyffin Elementary,'PK-5,8276,CO-1420-8276,Stober Elementary,'K-5,3.960911333,2.678195583,'K-5
4830 - 7833,15,4830,CO-1420-4830,Kyffin Elementary,'PK-5,7833,CO-1420-7833,Shelton Elementary,'PK-5,4.018166728,2.956788555,'PK-5
4830 - 5472,16,4830,CO-1420-4830,Kyffin Elementary,'PK-5,5472,CO-1420-5472,Manning,'6-8,4.219189908,2.945020496,'No
4830 - 2550,17,4830,CO-1420-4830,Kyffin Elementary,'PK-5,2550,CO-1420-2550,Eiber Elementary,'PK-5,4.297619712,3.167379492,'PK-5
4830 - 5524,18,4830,CO-1420-4830,Kyffin Elementary,'PK-5,5524,CO-1420-5524,Maple Grove Elementary,'PK-5,4.298667966,2.869910081,'PK-5
4830 - 3502,19,4830,CO-1420-4830,Kyffin Elementary,'PK-5,3502,CO-1420-3502,Golden High,'9-12,4.310491609,3.233669094,'No
4830 - 3628,20,4830,CO-1420-4830,Kyffin Elementary,'PK-5,3628,CO-1420-3628,Green Mountain High,'9-12,4.392641149,1.873902703,'No
4830 - 8102,21,4830,CO-1420-4830,Kyffin Elementary,'PK-5,8102,CO-1420-8102,South Lakewood Elementary,'K-5,4.560699301,3.532849709,'K-5
4830 - 2194,22,4830,CO-1420-4830,Kyffin Elementary,'PK-5,2194,CO-1420-2194,Devinny Elementary,'K-5,4.693893098,2.475854996,'K-5
4830 - 2300,23,4830,CO-1420-4830,Kyffin Elementary,'PK-5,2300,CO-1420-2300,Dunstan Middle,'6-8,4.817646679,2.585778145,'No
4830 - 0724,24,4830,CO-1420-4830,Kyffin Elementary,'PK-5,724,CO-1420-0724,Belmar School of Integrated Arts,'K-5,4.926189202,3.300567415,'K-5
4830 - 6539,25,4830,CO-1420-4830,Kyffin Elementary,'PK-5,6539,CO-1420-6539,JeffCo Open Elementary,'PK-6,5.117233205,4.161078308,'PK-5
4830 - 7190,26,4830,CO-1420-4830,Kyffin Elementary,'PK-5,7190,CO-1420-7190,Prospect Valley Elementary,'K-5,5.126292032,3.706343262,'K-5
4830 - 4550,27,4830,CO-1420-4830,Kyffin Elementary,'PK-5,4550,CO-1420-4550,Kendrick Lakes Elementary,'PK-5,5.208984556,3.455167824,'PK-5
4830 - 4190,28,4830,CO-1420-4830,Kyffin Elementary,'PK-5,4190,CO-1420-4190,Hutchinson Elementary,'PK-5,5.396348621,2.682981142,'PK-5
4830 - 6808,29,4830,CO-1420-4830,Kyffin Elementary,'PK-5,6808,CO-1420-6808,Patterson Elementary,'PK-6,5.62062287,3.791389647,'PK-5
4830 - 7962,30,4830,CO-1420-4830,Kyffin Elementary,'PK-5,7962,CO-1420-7962,Slater Elementary,'PK-5,5.672526007,4.152633057,'PK-5
4830 - 7483,31,4830,CO-1420-4830,Kyffin Elementary,'PK-5,7483,CO-1420-7483,Rooney Ranch Elementary,'K-5,5.737212931,2.853143466,'K-5
4830 - 7468,32,4830,CO-1420-4830,Kyffin Elementary,'PK-5,7468,CO-1420-7468,Rose Stein International Elementary,'PK-6,5.760368126,4.459024055,'PK-5
4830 - 1318,33,4830,CO-1420-4830,Kyffin Elementary,'PK-5,1318,CO-1420-1318,Carmody Middle,'6-8,5.880267337,3.813690938,'No
4830 - 9510,34,4830,CO-1420-4830,Kyffin Elementary,'PK-5,9510,CO-1420-9510,Wheat Ridge High,'9-12,5.996779797,4.322541717,'No
4830 - 5944,35,4830,CO-1420-4830,Kyffin Elementary,'PK-5,5944,CO-1420-5944,Mitchell Elementary,'K-5,6.215550203,4.883673906,'K-5
4830 - 2288,36,4830,CO-1420-4830,Kyffin Elementary,'PK-5,2288,CO-1420-2288,Drake Middle,'6-8,6.226752788,5.040998505,'No
4830 - 2820,37,4830,CO-1420-4830,Kyffin Elementary,'PK-5,2820,CO-1420-2820,Everitt Middle,'6-8,6.302293444,4.55394758,'No
4830 - 0108,38,4830,CO-1420-4830,Kyffin Elementary,'PK-5,108,CO-1420-0108,Alameda Intl Junior/Senior High,'7-12,6.304527153,4.378695879,'No
4830 - 6285,39,4830,CO-1420-4830,Kyffin Elementary,'PK-5,6285,CO-1420-6285,Norma Anderson Early Learning Center,'PK,6.331470198,4.683359016,'PK
4830 - 8090,40,4830,CO-1420-4830,Kyffin Elementary,'PK-5,8090,CO-1420-8090,Deane Elementary,'PK-6,6.562489727,5.245328454,'PK-5
4830 - 3622,41,4830,CO-1420-4830,Kyffin Elementary,'PK-5,3622,CO-1420-3622,Green Gables Elementary,'PK-5,6.581770152,4.41368852,'PK-5
4830 - 4422,42,4830,CO-1420-4830,Kyffin Elementary,'PK-5,4422,CO-1420-4422,Jefferson Junior/Senior High,'7-12,6.698144745,5.088488513,'No
4830 - 5354,43,4830,CO-1420-4830,Kyffin Elementary,'PK-5,5354,CO-1420-5354,Lumberg Elementary,'PK-6,6.739329232,5.15863321,'PK-5
4830 - 2866,44,4830,CO-1420-4830,Kyffin Elementary,'PK-5,2866,CO-1420-2866,Fairmount Elementary,'K-5,6.852028752,4.863273622,'K-5
4830 - 5004,45,4830,CO-1420-4830,Kyffin Elementary,'PK-5,5004,CO-1420-5004,Lasley Elementary,'K-6,7.164141341,5.283755832,'K-5
4830 - 6848,46,4830,CO-1420-4830,Kyffin Elementary,'PK-5,6848,CO-1420-6848,Peak Expeditionary-Pennington,'PK-5,7.197901017,5.12098827,'PK-5
4830 - 0660,47,4830,CO-1420-4830,Kyffin Elementary,'PK-5,660,CO-1420-0660,Bear Creek K-8,'K-8,7.275471203,4.990937562,'K-5
4830 - 0664,48,4830,CO-1420-4830,Kyffin Elementary,'PK-5,664,CO-1420-0664,Bear Creek High,'9-12,7.300320479,4.911841296,'No
4830 - 0965,49,4830,CO-1420-4830,Kyffin Elementary,'PK-5,965,CO-1420-0965,Brady Exploration School,'10-12,7.324258172,5.710358559,'No
4830 - 9412,50,4830,CO-1420-4830,Kyffin Elementary,'PK-5,9412,CO-1420-9412,Westgate Elementary,'PK-5,7.357052872,4.930807989,'PK-5
4830 - 9058,51,4830,CO-1420-4830,Kyffin Elementary,'PK-5,9058,CO-1420-9058,Vanderhoof Elementary,'K-5,7.507063776,6.092280836,'K-5
4830 - 2496,52,4830,CO-1420-4830,Kyffin Elementary,'PK-5,2496,CO-1420-2496,Edgewater Elementary,'PK-6,7.592625823,5.865545423,'PK-5
4830 - 7282,53,4830,CO-1420-4830,Kyffin Elementary,'PK-5,7282,CO-1420-7282,Red Rocks Elementary,'K-5,7.602968144,4.707690333,'K-5
4830 - 8223,54,4830,CO-1420-4830,Kyffin Elementary,'PK-5,8223,CO-1420-8223,Stevens Elementary,'PK-5,7.802952119,5.698409556,'PK-5
4830 - 3216,55,4830,CO-1420-4830,Kyffin Elementary,'PK-5,3216,CO-1420-3216,Fremont Elementary,'K-5,7.826794509,6.651165765,'K-5
4830 - 0378,56,4830,CO-1420-4830,Kyffin Elementary,'PK-5,378,CO-1420-0378,Arvada West High,'9-12,7.843744709,6.530509238,'No
4830 - 9245,57,4830,CO-1420-4830,Kyffin Elementary,'PK-5,9245,CO-1420-9245,Warren Tech North,'11-12,7.846005078,6.460389364,'No
4830 - 8036,58,4830,CO-1420-4830,Kyffin Elementary,'PK-5,8036,CO-1420-8036,Sobesky Academy,'K-12,8.053314874,5.831558431,'K-5
4830 - 8300,59,4830,CO-1420-4830,Kyffin Elementary,'PK-5,8300,CO-1420-8300,Stott Elementary,'PK-5,8.076459038,6.785220975,'PK-5
4830 - 2120,60,4830,CO-1420-4830,Kyffin Elementary,'PK-5,2120,CO-1420-2120,D'Evelyn Junior/Senior,'6-12,8.541450887,5.689710438,'No
4830 - 1244,61,4830,CO-1420-4830,Kyffin Elementary,'PK-5,1244,CO-1420-1244,Campbell Early Learning Center,'PK,8.672578342,7.044442635,'PK
4830 - 5024,62,4830,CO-1420-4830,Kyffin Elementary,'PK-5,5024,CO-1420-5024,Lawrence Elementary,'K-5,8.759030097,6.747139645,'K-5
4830 - 3088,63,4830,CO-1420-4830,Kyffin Elementary,'PK-5,3088,CO-1420-3088,Foster Dual Language PK-8 School,'PK-8,9.378365055,6.777403947,'PK-5
4830 - 6470,64,4830,CO-1420-4830,Kyffin Elementary,'PK-5,6470,CO-1420-6470,Oberon Middle,'6-8,9.567811637,7.983571761,'No
4830 - 7238,65,4830,CO-1420-4830,Kyffin Elementary,'PK-5,7238,CO-1420-7238,Ralston Elementary,'K-5,9.57603365,7.092993267,'K-5
4830 - 4549,66,4830,CO-1420-4830,Kyffin Elementary,'PK-5,4549,CO-1420-4549,Kendallvue Elementary,'PK-5,9.646251321,6.078644922,'PK-5
4830 - 9052,67,4830,CO-1420-4830,Kyffin Elementary,'PK-5,9052,CO-1420-9052,Van Arsdale Elementary,'PK-5,9.665341164,7.943941107,'PK-5
,,,CO-1420-,,',,CO-1420-,,',,,#N/A
4942 - 2550,2,4942,CO-1420-4942,Lakewood High,'9-12,2550,CO-1420-2550,Eiber Elementary,'PK-5,0.851599135,0.678793453,'No
4942 - 5892,3,4942,CO-1420-4942,Lakewood High,'9-12,5892,CO-1420-5892,Fletcher Miller Special,'PK-12,0.997727092,0.576562909,'9-12
4942 - 9432,4,4942,CO-1420-4942,Lakewood High,'9-12,9432,CO-1420-9432,Dennison Elementary,'K-6,1.078053944,0.445872931,'No
4942 - 1976,5,4942,CO-1420-4942,Lakewood High,'9-12,1976,CO-1420-1976,Creighton Middle,'6-8,1.340688202,0.706577701,'No
4942 - 8102,6,4942,CO-1420-4942,Lakewood High,'9-12,8102,CO-1420-8102,South Lakewood Elementary,'K-5,1.363528362,0.94330929,'No
4942 - 6539,7,4942,CO-1420-4942,Lakewood High,'9-12,6539,CO-1420-6539,JeffCo Open Elementary,'PK-6,1.634460739,1.285792668,'No
4942 - 0724,8,4942,CO-1420-4942,Lakewood High,'9-12,724,CO-1420-0724,Belmar School of Integrated Arts,'K-5,2.211947345,1.820938095,'No
4942 - 7962,9,4942,CO-1420-4942,Lakewood High,'9-12,7962,CO-1420-7962,Slater Elementary,'PK-5,2.221654704,1.779913557,'No
4942 - 7468,10,4942,CO-1420-4942,Lakewood High,'9-12,7468,CO-1420-7468,Rose Stein International Elementary,'PK-6,2.563197187,1.841238614,'No
4942 - 9342,11,4942,CO-1420-4942,Lakewood High,'9-12,9342,CO-1420-9342,Welchester Elementary,'PK-5,2.783733944,2.050167425,'No
4942 - 9510,12,4942,CO-1420-4942,Lakewood High,'9-12,9510,CO-1420-9510,Wheat Ridge High,'9-12,3.00549065,2.537760127,'9-12
4942 - 6808,13,4942,CO-1420-4942,Lakewood High,'9-12,6808,CO-1420-6808,Patterson Elementary,'PK-6,3.01501,2.390986917,'No
4942 - 4550,14,4942,CO-1420-4942,Lakewood High,'9-12,4550,CO-1420-4550,Kendrick Lakes Elementary,'PK-5,3.022722275,2.446765492,'No
4942 - 9234,15,4942,CO-1420-4942,Lakewood High,'9-12,9234,CO-1420-9234,Warren Tech Central,'11-12,3.113387586,2.429948434,'11-12
4942 - 8276,16,4942,CO-1420-4942,Lakewood High,'9-12,8276,CO-1420-8276,Stober Elementary,'K-5,3.126839143,2.165225008,'No
4942 - 4422,17,4942,CO-1420-4942,Lakewood High,'9-12,4422,CO-1420-4422,Jefferson Junior/Senior High,'7-12,3.247273441,2.380445343,'9-12
4942 - 5354,18,4942,CO-1420-4942,Lakewood High,'9-12,5354,CO-1420-5354,Lumberg Elementary,'PK-6,3.288457929,2.413591473,'No
4942 - 2820,19,4942,CO-1420-4942,Lakewood High,'9-12,2820,CO-1420-2820,Everitt Middle,'6-8,3.311004297,2.976516644,'No
4942 - 7190,20,4942,CO-1420-4942,Lakewood High,'9-12,7190,CO-1420-7190,Prospect Valley Elementary,'K-5,3.435013181,2.709780788,'No
4942 - 5623,21,4942,CO-1420-4942,Lakewood High,'9-12,5623,CO-1420-5623,Long View,'10-12,3.464717867,2.639134421,'10-12
4942 - 0033,22,4942,CO-1420-4942,Lakewood High,'9-12,33,CO-1420-0033,McLain Community High School,'9-12,3.611125765,2.574985682,'9-12
4942 - 8090,23,4942,CO-1420-4942,Lakewood High,'9-12,8090,CO-1420-8090,Deane Elementary,'PK-6,3.649952531,2.772752763,'No
4942 - 0108,24,4942,CO-1420-4942,Lakewood High,'9-12,108,CO-1420-0108,Alameda Intl Junior/Senior High,'7-12,3.698914282,2.663192682,'9-12
4942 - 3025,25,4942,CO-1420-4942,Lakewood High,'9-12,3025,CO-1420-3025,Foothills Elementary,'PK-5,3.719485693,2.72678752,'No
4942 - 4830,26,4942,CO-1420-4942,Lakewood High,'9-12,4830,CO-1420-4830,Kyffin Elementary,'PK-5,3.755069254,2.880912682,'No
4942 - 3622,27,4942,CO-1420-4942,Lakewood High,'9-12,3622,CO-1420-3622,Green Gables Elementary,'PK-5,4.011857253,3.424679299,'No
4942 - 1318,28,4942,CO-1420-4942,Lakewood High,'9-12,1318,CO-1420-1318,Carmody Middle,'6-8,4.131456889,3.318481149,'No
4942 - 2496,29,4942,CO-1420-4942,Lakewood High,'9-12,2496,CO-1420-2496,Edgewater Elementary,'PK-6,4.14175452,3.063030779,'No
4942 - 6285,30,4942,CO-1420-4942,Lakewood High,'9-12,6285,CO-1420-6285,Norma Anderson Early Learning Center,'PK,4.15706551,3.57805461,'No
4942 - 6848,31,4942,CO-1420-4942,Lakewood High,'9-12,6848,CO-1420-6848,Peak Expeditionary-Pennington,'PK-5,4.206611869,3.666062988,'No
4942 - 5004,32,4942,CO-1420-4942,Lakewood High,'9-12,5004,CO-1420-5004,Lasley Elementary,'K-6,4.283336766,3.27978698,'No
4942 - 3628,33,4942,CO-1420-4942,Lakewood High,'9-12,3628,CO-1420-3628,Green Mountain High,'9-12,4.283863161,3.112681656,'9-12
4942 - 8223,34,4942,CO-1420-4942,Lakewood High,'9-12,8223,CO-1420-8223,Stevens Elementary,'PK-5,4.359774069,3.37577559,'No
4942 - 2194,35,4942,CO-1420-4942,Lakewood High,'9-12,2194,CO-1420-2194,Devinny Elementary,'K-5,4.379093984,3.377336475,'No
4942 - 0965,36,4942,CO-1420-4942,Lakewood High,'9-12,965,CO-1420-0965,Brady Exploration School,'10-12,4.413449365,3.304316536,'10-12
4942 - 5472,37,4942,CO-1420-4942,Lakewood High,'9-12,5472,CO-1420-5472,Manning,'6-8,4.439426927,3.164614611,'No
4942 - 2300,38,4942,CO-1420-4942,Lakewood High,'9-12,2300,CO-1420-2300,Dunstan Middle,'6-8,4.502847564,3.442171326,'No
4942 - 5524,39,4942,CO-1420-4942,Lakewood High,'9-12,5524,CO-1420-5524,Maple Grove Elementary,'PK-5,4.529917104,3.102043797,'No
4942 - 3201,40,4942,CO-1420-4942,Lakewood High,'9-12,3201,CO-1420-3201,Free Horizon Montessori,'PK-8,4.579783443,3.830124925,'No
4942 - 8036,41,4942,CO-1420-4942,Lakewood High,'9-12,8036,CO-1420-8036,Sobesky Academy,'K-12,4.610136824,3.523141074,'9-12
4942 - 9412,42,4942,CO-1420-4942,Lakewood High,'9-12,9412,CO-1420-9412,Westgate Elementary,'PK-5,4.787139973,4.107490502,'No
4942 - 4190,43,4942,CO-1420-4942,Lakewood High,'9-12,4190,CO-1420-4190,Hutchinson Elementary,'PK-5,5.152356698,3.828420146,'No
4942 - 0694,44,4942,CO-1420-4942,Lakewood High,'9-12,694,CO-1420-0694,Bell Middle,'6-8,5.509045708,4.742968512,'No
4942 - 7483,45,4942,CO-1420-4942,Lakewood High,'9-12,7483,CO-1420-7483,Rooney Ranch Elementary,'K-5,5.628434944,4.198327587,'No
4942 - 0660,46,4942,CO-1420-4942,Lakewood High,'9-12,660,CO-1420-0660,Bear Creek K-8,'K-8,5.736427822,4.658882101,'No
4942 - 0664,47,4942,CO-1420-4942,Lakewood High,'9-12,664,CO-1420-0664,Bear Creek High,'9-12,5.761277098,4.796997611,'9-12
4942 - 4798,48,4942,CO-1420-4942,Lakewood High,'9-12,4798,CO-1420-4798,Connections Learning Center,'6-8,6.003430574,4.965594016,'No
4942 - 5024,49,4942,CO-1420-4942,Lakewood High,'9-12,5024,CO-1420-5024,Lawrence Elementary,'K-5,6.017530787,4.99452744,'No
4942 - 9058,50,4942,CO-1420-4942,Lakewood High,'9-12,9058,CO-1420-9058,Vanderhoof Elementary,'K-5,6.151371247,5.318727987,'No
4942 - 2288,51,4942,CO-1420-4942,Lakewood High,'9-12,2288,CO-1420-2288,Drake Middle,'6-8,6.200302608,4.702152912,'No
4942 - 3088,52,4942,CO-1420-4942,Lakewood High,'9-12,3088,CO-1420-3088,Foster Dual Language PK-8 School,'PK-8,6.219091244,4.788485584,'No
4942 - 9245,53,4942,CO-1420-4942,Lakewood High,'9-12,9245,CO-1420-9245,Warren Tech North,'11-12,6.506995484,5.684753055,'11-12
4942 - 7833,54,4942,CO-1420-4942,Lakewood High,'9-12,7833,CO-1420-7833,Shelton Elementary,'PK-5,6.578229153,5.769950928,'No
4942 - 0378,55,4942,CO-1420-4942,Lakewood High,'9-12,378,CO-1420-0378,Arvada West High,'9-12,6.648511752,5.785672685,'9-12
4942 - 1244,56,4942,CO-1420-4942,Lakewood High,'9-12,1244,CO-1420-1244,Campbell Early Learning Center,'PK,6.684340791,6.112961303,'No
4942 - 3502,57,4942,CO-1420-4942,Lakewood High,'9-12,3502,CO-1420-3502,Golden High,'9-12,6.769329564,5.665441858,'9-12
4942 - 2120,58,4942,CO-1420-4942,Lakewood High,'9-12,2120,CO-1420-2120,D'Evelyn Junior/Senior,'6-12,7.048096487,5.817505134,'9-12
4942 - 3216,59,4942,CO-1420-4942,Lakewood High,'9-12,3216,CO-1420-3216,Fremont Elementary,'K-5,7.091044742,6.035989522,'No
4942 - 7708,60,4942,CO-1420-4942,Lakewood High,'9-12,7708,CO-1420-7708,Secrest Elementary,'PK-5,7.336501425,6.171497717,'No
4942 - 0370,61,4942,CO-1420-4942,Lakewood High,'9-12,370,CO-1420-0370,Arvada High,'9-12,7.389311913,6.172851533,'9-12
4942 - 2866,62,4942,CO-1420-4942,Lakewood High,'9-12,2866,CO-1420-2866,Fairmount Elementary,'K-5,7.772333727,5.617269524,'No
4942 - 8300,63,4942,CO-1420-4942,Lakewood High,'9-12,8300,CO-1420-8300,Stott Elementary,'PK-5,7.85107186,6.403977861,'No
4942 - 6470,64,4942,CO-1420-4942,Lakewood High,'9-12,6470,CO-1420-6470,Oberon Middle,'6-8,8.057784662,7.147387006,'No
4942 - 8432,65,4942,CO-1420-4942,Lakewood High,'9-12,8432,CO-1420-8432,Swanson Elementary,'K-5,8.16331761,6.781238021,'No
4942 - 3536,66,4942,CO-1420-4942,Lakewood High,'9-12,3536,CO-1420-3536,Governor's Ranch Elementary,'PK-5,8.591414773,7.419661597,'No
4942 - 6330,67,4942,CO-1420-4942,Lakewood High,'9-12,6330,CO-1420-6330,North Arvada Middle,'6-8,8.591884705,7.160224057,'No
4942 - 5944,68,4942,CO-1420-4942,Lakewood High,'9-12,5944,CO-1420-5944,Mitchell Elementary,'K-5,8.674388158,7.092297958,'No
4942 - 7870,69,4942,CO-1420-4942,Lakewood High,'9-12,7870,CO-1420-7870,Sierra Elementary,'PK-5,8.742020471,7.671378511,'No
4942 - 3726,70,4942,CO-1420-4942,Lakewood High,'9-12,3726,CO-1420-3726,Hackberry Hill Elementary,'K-5,8.820734793,7.491602553,'No
4942 - 9232,71,4942,CO-1420-4942,Lakewood High,'9-12,9232,CO-1420-9232,Warder Elementary,'PK-5,8.923656758,7.567520056,'No
4942 - 9490,72,4942,CO-1420-4942,Lakewood High,'9-12,9490,CO-1420-9490,Westridge Elementary,'K-5,9.095264551,7.899056671,'No
4942 - 4549,73,4942,CO-1420-4942,Lakewood High,'9-12,4549,CO-1420-4549,Kendallvue Elementary,'PK-5,9.148325025,7.10607394,'No
4942 - 7282,74,4942,CO-1420-4942,Lakewood High,'9-12,7282,CO-1420-7282,Red Rocks Elementary,'K-5,9.205118992,6.861303465,'No
4942 - 9052,75,4942,CO-1420-4942,Lakewood High,'9-12,9052,CO-1420-9052,Van Arsdale Elementary,'PK-5,9.403984936,7.629458817,'No
4942 - 9328,76,4942,CO-1420-4942,Lakewood High,'9-12,9328,CO-1420-9328,Weber Elementary,'PK-5,9.662762203,8.220311701,'No
,,,CO-1420-,,',,CO-1420-,,',,,#N/A
5004 - 8090,2,5004,CO-1420-5004,Lasley Elementary,'K-6,8090,CO-1420-8090,Deane Elementary,'PK-6,1.371399065,1.080669498,'K-6
5004 - 0108,3,5004,CO-1420-5004,Lasley Elementary,'K-6,108,CO-1420-0108,Alameda Intl Junior/Senior High,'7-12,1.408127701,0.936612758,'No
5004 - 0965,4,5004,CO-1420-5004,Lasley Elementary,'K-6,965,CO-1420-0965,Brady Exploration School,'10-12,1.483197551,0.958048595,'No
5004 - 6808,5,5004,CO-1420-5004,Lasley Elementary,'K-6,6808,CO-1420-6808,Patterson Elementary,'PK-6,2.004355158,1.56034343,'K-6
5004 - 7468,6,5004,CO-1420-5004,Lasley Elementary,'K-6,7468,CO-1420-7468,Rose Stein International Elementary,'PK-6,2.109846265,1.731036655,'K-6
5004 - 3622,7,5004,CO-1420-5004,Lasley Elementary,'K-6,3622,CO-1420-3622,Green Gables Elementary,'PK-5,2.358618339,1.715748466,'K-5
5004 - 0724,8,5004,CO-1420-5004,Lasley Elementary,'K-6,724,CO-1420-0724,Belmar School of Integrated Arts,'K-5,2.506960106,1.983217336,'K-5
5004 - 4550,9,5004,CO-1420-5004,Lasley Elementary,'K-6,4550,CO-1420-4550,Kendrick Lakes Elementary,'PK-5,2.62414475,2.004848979,'K-5
5004 - 9412,10,5004,CO-1420-5004,Lasley Elementary,'K-6,9412,CO-1420-9412,Westgate Elementary,'PK-5,3.04033492,2.074800686,'K-5
5004 - 8102,11,5004,CO-1420-5004,Lasley Elementary,'K-6,8102,CO-1420-8102,South Lakewood Elementary,'K-5,3.087381028,2.353847226,'K-5
5004 - 1318,12,5004,CO-1420-5004,Lasley Elementary,'K-6,1318,CO-1420-1318,Carmody Middle,'6-8,3.137463185,2.386544857,'6
5004 - 6539,13,5004,CO-1420-5004,Lasley Elementary,'K-6,6539,CO-1420-6539,JeffCo Open Elementary,'PK-6,3.779353845,3.05235254,'K-6
5004 - 1976,14,5004,CO-1420-5004,Lasley Elementary,'K-6,1976,CO-1420-1976,Creighton Middle,'6-8,3.811625637,2.792446222,'6
5004 - 5892,15,5004,CO-1420-5004,Lasley Elementary,'K-6,5892,CO-1420-5892,Fletcher Miller Special,'PK-12,4.045578314,2.953079381,'K-6
5004 - 0660,16,5004,CO-1420-5004,Lasley Elementary,'K-6,660,CO-1420-0660,Bear Creek K-8,'K-8,4.138253705,2.946343149,'K-6
5004 - 9432,17,5004,CO-1420-5004,Lasley Elementary,'K-6,9432,CO-1420-9432,Dennison Elementary,'K-6,4.175165748,2.952255568,'K-6
5004 - 4942,18,5004,CO-1420-5004,Lasley Elementary,'K-6,4942,CO-1420-4942,Lakewood High,'9-12,4.283336766,3.27978698,'No
5004 - 0664,19,5004,CO-1420-5004,Lasley Elementary,'K-6,664,CO-1420-0664,Bear Creek High,'9-12,4.418409914,3.281271054,'No
5004 - 2300,20,5004,CO-1420-5004,Lasley Elementary,'K-6,2300,CO-1420-2300,Dunstan Middle,'6-8,4.681025224,3.891893724,'6
5004 - 2194,21,5004,CO-1420-5004,Lasley Elementary,'K-6,2194,CO-1420-2194,Devinny Elementary,'K-5,4.755667163,3.923317684,'K-5
5004 - 2550,22,5004,CO-1420-5004,Lasley Elementary,'K-6,2550,CO-1420-2550,Eiber Elementary,'PK-5,4.811018732,3.775942588,'K-5
5004 - 4190,23,5004,CO-1420-5004,Lasley Elementary,'K-6,4190,CO-1420-4190,Hutchinson Elementary,'PK-5,4.960306677,4.278411535,'K-5
5004 - 3025,24,5004,CO-1420-5004,Lasley Elementary,'K-6,3025,CO-1420-3025,Foothills Elementary,'PK-5,5.009056583,4.314347944,'K-5
5004 - 2496,25,5004,CO-1420-5004,Lasley Elementary,'K-6,2496,CO-1420-2496,Edgewater Elementary,'PK-6,5.067401914,4.109033673,'K-6
5004 - 4422,26,5004,CO-1420-5004,Lasley Elementary,'K-6,4422,CO-1420-4422,Jefferson Junior/Senior High,'7-12,5.101404406,4.107000163,'No
5004 - 5354,27,5004,CO-1420-5004,Lasley Elementary,'K-6,5354,CO-1420-5354,Lumberg Elementary,'PK-6,5.139182067,4.009121084,'K-6
5004 - 3628,28,5004,CO-1420-5004,Lasley Elementary,'K-6,3628,CO-1420-3628,Green Mountain High,'9-12,5.14691701,4.186788591,'No
5004 - 7962,29,5004,CO-1420-5004,Lasley Elementary,'K-6,7962,CO-1420-7962,Slater Elementary,'PK-5,5.464695056,4.40023435,'K-5
5004 - 7483,30,5004,CO-1420-5004,Lasley Elementary,'K-6,7483,CO-1420-7483,Rooney Ranch Elementary,'K-5,5.480773176,4.62496292,'K-5
5004 - 2120,31,5004,CO-1420-5004,Lasley Elementary,'K-6,2120,CO-1420-2120,D'Evelyn Junior/Senior,'6-12,5.932281016,4.19223971,'6
5004 - 9234,32,5004,CO-1420-5004,Lasley Elementary,'K-6,9234,CO-1420-9234,Warren Tech Central,'11-12,6.065817012,4.689991392,'No
5004 - 3536,33,5004,CO-1420-5004,Lasley Elementary,'K-6,3536,CO-1420-3536,Governor's Ranch Elementary,'PK-5,6.177062871,5.213157565,'K-5
5004 - 8223,34,5004,CO-1420-5004,Lasley Elementary,'K-6,8223,CO-1420-8223,Stevens Elementary,'PK-5,6.369579982,5.484470504,'K-5
5004 - 5623,35,5004,CO-1420-5004,Lasley Elementary,'K-6,5623,CO-1420-5623,Long View,'10-12,6.417147293,4.792791759,'No
5004 - 0033,36,5004,CO-1420-5004,Lasley Elementary,'K-6,33,CO-1420-0033,McLain Community High School,'9-12,6.563555191,4.812608849,'No
5004 - 9342,37,5004,CO-1420-5004,Lasley Elementary,'K-6,9342,CO-1420-9342,Welchester Elementary,'PK-5,6.616052182,5.021693632,'K-5
5004 - 8036,38,5004,CO-1420-5004,Lasley Elementary,'K-6,8036,CO-1420-8036,Sobesky Academy,'K-12,6.619942737,5.612243255,'K-6
5004 - 9510,39,5004,CO-1420-5004,Lasley Elementary,'K-6,9510,CO-1420-9510,Wheat Ridge High,'9-12,6.761524143,5.408272117,'No
5004 - 4830,40,5004,CO-1420-5004,Lasley Elementary,'K-6,4830,CO-1420-4830,Kyffin Elementary,'PK-5,7.164141341,5.283755832,'K-5
5004 - 8276,41,5004,CO-1420-5004,Lasley Elementary,'K-6,8276,CO-1420-8276,Stober Elementary,'K-5,7.323338099,5.445005444,'K-5
5004 - 2820,42,5004,CO-1420-5004,Lasley Elementary,'K-6,2820,CO-1420-2820,Everitt Middle,'6-8,7.352504761,5.879732556,'6
5004 - 7190,43,5004,CO-1420-5004,Lasley Elementary,'K-6,7190,CO-1420-7190,Prospect Valley Elementary,'K-5,7.60558372,5.890624097,'K-5
5004 - 0951,44,5004,CO-1420-5004,Lasley Elementary,'K-6,951,CO-1420-0951,Blue Heron Elementary,'PK-5,7.646761034,5.439147087,'K-5
5004 - 9490,45,5004,CO-1420-5004,Lasley Elementary,'K-6,9490,CO-1420-9490,Westridge Elementary,'K-5,7.71382502,6.048941808,'K-5
5004 - 1864,46,5004,CO-1420-5004,Lasley Elementary,'K-6,1864,CO-1420-1864,Columbine High,'9-12,7.833372461,6.040522352,'No
5004 - 5036,47,5004,CO-1420-5004,Lasley Elementary,'K-6,5036,CO-1420-5036,Leawood Elementary,'PK-5,7.833894666,5.856061711,'K-5
5004 - 6848,48,5004,CO-1420-5004,Lasley Elementary,'K-6,6848,CO-1420-6848,Peak Expeditionary-Pennington,'PK-5,7.989027371,6.523694038,'K-5
5004 - 4549,49,5004,CO-1420-5004,Lasley Elementary,'K-6,4549,CO-1420-4549,Kendallvue Elementary,'PK-5,8.034713944,6.172134816,'K-5
5004 - 3088,50,5004,CO-1420-5004,Lasley Elementary,'K-6,3088,CO-1420-3088,Foster Dual Language PK-8 School,'PK-8,8.236296335,7.022241469,'K-6
5004 - 5024,51,5004,CO-1420-5004,Lasley Elementary,'K-6,5024,CO-1420-5024,Lawrence Elementary,'K-5,8.303896008,7.437587097,'K-5
5004 - 3201,52,5004,CO-1420-5004,Lasley Elementary,'K-6,3201,CO-1420-3201,Free Horizon Montessori,'PK-8,8.325285893,6.576125887,'K-6
5004 - 6285,53,5004,CO-1420-5004,Lasley Elementary,'K-6,6285,CO-1420-6285,Norma Anderson Early Learning Center,'PK,8.327636049,6.620326622,'No
5004 - 8280,54,5004,CO-1420-5004,Lasley Elementary,'K-6,8280,CO-1420-8280,Stony Creek Elementary,'PK-5,8.613124774,7.508889187,'K-5
5004 - 5472,55,5004,CO-1420-5004,Lasley Elementary,'K-6,5472,CO-1420-5472,Manning,'6-8,8.635925883,6.44056049,'6
5004 - 5524,56,5004,CO-1420-5004,Lasley Elementary,'K-6,5524,CO-1420-5524,Maple Grove Elementary,'PK-5,8.72641606,6.376119489,'K-5
5004 - 7282,57,5004,CO-1420-5004,Lasley Elementary,'K-6,7282,CO-1420-7282,Red Rocks Elementary,'K-5,8.801319482,7.348952811,'K-5
5004 - 2130,58,5004,CO-1420-5004,Lasley Elementary,'K-6,2130,CO-1420-2130,Deer Creek Middle,'6-8,8.849051853,7.468079829,'6
5004 - 8381,59,5004,CO-1420-5004,Lasley Elementary,'K-6,8381,CO-1420-8381,Summit Ridge Middle,'6-8,8.920296626,7.01679098,'6
5004 - 2322,60,5004,CO-1420-5004,Lasley Elementary,'K-6,2322,CO-1420-2322,Dutch Creek Elementary,'PK-5,8.931889881,7.205376996,'K-5
5004 - 6286,61,5004,CO-1420-5004,Lasley Elementary,'K-6,6286,CO-1420-6286,Normandy Elementary,'PK-5,8.943691707,6.823897715,'K-5
5004 - 7128,62,5004,CO-1420-5004,Lasley Elementary,'K-6,7128,CO-1420-7128,Powderhorn Elementary,'PK-5,9.09443202,7.101439394,'K-5
5004 - 6135,63,5004,CO-1420-5004,Lasley Elementary,'K-6,6135,CO-1420-6135,Mt. Carbon Elementary,'PK-5,9.108778221,6.707868065,'K-5
5004 - 1876,64,5004,CO-1420-5004,Lasley Elementary,'K-6,1876,CO-1420-1876,Coronado Elementary,'PK-5,9.203798248,8.268206425,'K-5
5004 - 0694,65,5004,CO-1420-5004,Lasley Elementary,'K-6,694,CO-1420-0694,Bell Middle,'6-8,9.254548157,7.435106018,'6
5004 - 7708,66,5004,CO-1420-5004,Lasley Elementary,'K-6,7708,CO-1420-7708,Secrest Elementary,'PK-5,9.353706516,8.409024467,'K-5
5004 - 4548,67,5004,CO-1420-5004,Lasley Elementary,'K-6,4548,CO-1420-4548,Ken Caryl Middle,'6-8,9.418300594,7.564023935,'6
5004 - 9008,68,5004,CO-1420-5004,Lasley Elementary,'K-6,9008,CO-1420-9008,Ute Meadows Elementary,'PK-5,9.426039663,7.904393897,'K-5
5004 - 0370,69,5004,CO-1420-5004,Lasley Elementary,'K-6,370,CO-1420-0370,Arvada High,'9-12,9.467444784,8.605510657,'No
5004 - 2093,70,5004,CO-1420-5004,Lasley Elementary,'K-6,2093,CO-1420-2093,Dakota Ridge High,'9-12,9.707163254,7.466523815,'No
5004 - 4798,71,5004,CO-1420-5004,Lasley Elementary,'K-6,4798,CO-1420-4798,Connections Learning Center,'6-8,9.748933023,7.693612134,'6
5004 - 1001,72,5004,CO-1420-5004,Lasley Elementary,'K-6,1001,CO-1420-1001,Warren Tech South,'11-12,9.871637786,7.581502167,'No
,,,CO-1420-,,',,CO-1420-,,',,,#N/A
5024 - 3088,2,5024,CO-1420-5024,Lawrence Elementary,'K-5,3088,CO-1420-3088,Foster Dual Language PK-8 School,'PK-8,1.071969066,0.62737482,'K-5
5024 - 0370,3,5024,CO-1420-5024,Lawrence Elementary,'K-5,370,CO-1420-0370,Arvada High,'9-12,1.535854996,1.189763645,'No
5024 - 7708,4,5024,CO-1420-5024,Lawrence Elementary,'K-5,7708,CO-1420-7708,Secrest Elementary,'PK-5,1.728442938,1.241677026,'K-5
5024 - 6848,5,5024,CO-1420-5024,Lawrence Elementary,'K-5,6848,CO-1420-6848,Peak Expeditionary-Pennington,'PK-5,2.161123226,1.64415957,'K-5
5024 - 8036,6,5024,CO-1420-5024,Lawrence Elementary,'K-5,8036,CO-1420-8036,Sobesky Academy,'K-12,2.481500694,1.863016525,'K-5
5024 - 9058,7,5024,CO-1420-5024,Lawrence Elementary,'K-5,9058,CO-1420-9058,Vanderhoof Elementary,'K-5,2.497284307,2.191166247,'K-5
5024 - 8432,8,5024,CO-1420-5024,Lawrence Elementary,'K-5,8432,CO-1420-8432,Swanson Elementary,'K-5,2.555259123,1.914362983,'K-5
5024 - 8223,9,5024,CO-1420-5024,Lawrence Elementary,'K-5,8223,CO-1420-8223,Stevens Elementary,'PK-5,2.618941655,1.973568928,'K-5
5024 - 1244,10,5024,CO-1420-5024,Lawrence Elementary,'K-5,1244,CO-1420-1244,Campbell Early Learning Center,'PK,2.627900963,2.124005126,'No
5024 - 9245,11,5024,CO-1420-5024,Lawrence Elementary,'K-5,9245,CO-1420-9245,Warren Tech North,'11-12,2.631699439,2.259688974,'No
5024 - 0378,12,5024,CO-1420-5024,Lawrence Elementary,'K-5,378,CO-1420-0378,Arvada West High,'9-12,2.791711079,2.349986262,'No
5024 - 6285,13,5024,CO-1420-5024,Lawrence Elementary,'K-5,6285,CO-1420-6285,Norma Anderson Early Learning Center,'PK,2.854355221,2.198706782,'No
5024 - 6330,14,5024,CO-1420-5024,Lawrence Elementary,'K-5,6330,CO-1420-6330,North Arvada Middle,'6-8,2.875803674,2.16948419,'No
5024 - 3726,15,5024,CO-1420-5024,Lawrence Elementary,'K-5,3726,CO-1420-3726,Hackberry Hill Elementary,'K-5,2.910286525,2.50189296,'K-5
5024 - 2820,16,5024,CO-1420-5024,Lawrence Elementary,'K-5,2820,CO-1420-2820,Everitt Middle,'6-8,2.993103926,2.2043812,'No
5024 - 3216,17,5024,CO-1420-5024,Lawrence Elementary,'K-5,3216,CO-1420-3216,Fremont Elementary,'K-5,3.126824468,2.687048567,'K-5
5024 - 9232,18,5024,CO-1420-5024,Lawrence Elementary,'K-5,9232,CO-1420-9232,Warder Elementary,'PK-5,3.317783096,2.675202361,'K-5
5024 - 2288,19,5024,CO-1420-5024,Lawrence Elementary,'K-5,2288,CO-1420-2288,Drake Middle,'6-8,3.365867566,3.000374024,'No
5024 - 9510,20,5024,CO-1420-5024,Lawrence Elementary,'K-5,9510,CO-1420-9510,Wheat Ridge High,'9-12,3.470760402,2.528089662,'No
5024 - 4422,21,5024,CO-1420-5024,Lawrence Elementary,'K-5,4422,CO-1420-4422,Jefferson Junior/Senior High,'7-12,3.924586388,3.342056685,'No
5024 - 6470,22,5024,CO-1420-5024,Lawrence Elementary,'K-5,6470,CO-1420-6470,Oberon Middle,'6-8,3.975993941,2.932931376,'No
5024 - 8300,23,5024,CO-1420-5024,Lawrence Elementary,'K-5,8300,CO-1420-8300,Stott Elementary,'PK-5,3.996787801,3.278678181,'K-5
5024 - 9328,24,5024,CO-1420-5024,Lawrence Elementary,'K-5,9328,CO-1420-9328,Weber Elementary,'PK-5,4.044707207,3.348457754,'K-5
5024 - 7870,25,5024,CO-1420-5024,Lawrence Elementary,'K-5,7870,CO-1420-7870,Sierra Elementary,'PK-5,4.072883163,3.320913457,'K-5
5024 - 7114,26,5024,CO-1420-5024,Lawrence Elementary,'K-5,7114,CO-1420-7114,Pomona Junior/Senior High,'6-12,4.122771214,3.554691604,'No
5024 - 5354,27,5024,CO-1420-5024,Lawrence Elementary,'K-5,5354,CO-1420-5354,Lumberg Elementary,'PK-6,4.12489273,3.454637983,'K-5
5024 - 7962,28,5024,CO-1420-5024,Lawrence Elementary,'K-5,7962,CO-1420-7962,Slater Elementary,'PK-5,4.161468613,3.248667704,'K-5
5024 - 7190,29,5024,CO-1420-5024,Lawrence Elementary,'K-5,7190,CO-1420-7190,Prospect Valley Elementary,'K-5,4.376680664,3.066004706,'K-5
5024 - 5222,30,5024,CO-1420-5024,Lawrence Elementary,'K-5,5222,CO-1420-5222,Little Elementary,'K-5,4.624637439,3.886652138,'K-5
5024 - 2496,31,5024,CO-1420-5024,Lawrence Elementary,'K-5,2496,CO-1420-2496,Edgewater Elementary,'PK-6,4.634339579,3.621089777,'K-5
5024 - 6539,32,5024,CO-1420-5024,Lawrence Elementary,'K-5,6539,CO-1420-6539,JeffCo Open Elementary,'PK-6,5.068975022,4.455169138,'K-5
5024 - 5472,33,5024,CO-1420-5024,Lawrence Elementary,'K-5,5472,CO-1420-5472,Manning,'6-8,5.146977385,4.222082761,'No
5024 - 5524,34,5024,CO-1420-5024,Lawrence Elementary,'K-5,5524,CO-1420-5524,Maple Grove Elementary,'PK-5,5.237467562,4.263861263,'K-5
5024 - 8276,35,5024,CO-1420-5024,Lawrence Elementary,'K-5,8276,CO-1420-8276,Stober Elementary,'K-5,5.355863077,4.077885013,'K-5
5024 - 9052,36,5024,CO-1420-5024,Lawrence Elementary,'K-5,9052,CO-1420-9052,Van Arsdale Elementary,'PK-5,5.37489607,4.117270244,'K-5
5024 - 7753,37,5024,CO-1420-5024,Lawrence Elementary,'K-5,7753,CO-1420-7753,Semper Elementary,'PK-5,5.400873182,5.061297409,'K-5
5024 - 2550,38,5024,CO-1420-5024,Lawrence Elementary,'K-5,2550,CO-1420-2550,Eiber Elementary,'PK-5,5.413548786,4.320445046,'K-5
5024 - 2866,39,5024,CO-1420-5024,Lawrence Elementary,'K-5,2866,CO-1420-2866,Fairmount Elementary,'K-5,5.646949887,4.955105893,'K-5
5024 - 5454,40,5024,CO-1420-5024,Lawrence Elementary,'K-5,5454,CO-1420-5454,Mandalay Middle,'6-8,5.826079361,5.134938022,'No
5024 - 0030,41,5024,CO-1420-5024,Lawrence Elementary,'K-5,30,CO-1420-0030,Adams Elementary,'PK-5,5.87456904,5.01629736,'K-5
5024 - 4942,42,5024,CO-1420-5024,Lawrence Elementary,'K-5,4942,CO-1420-4942,Lakewood High,'9-12,6.017530787,4.99452744,'No
5024 - 7239,43,5024,CO-1420-5024,Lawrence Elementary,'K-5,7239,CO-1420-7239,Ralston Valley High,'9-12,6.064633723,4.63248407,'No
5024 - 5758,44,5024,CO-1420-5024,Lawrence Elementary,'K-5,5758,CO-1420-5758,Meiklejohn Elementary,'PK-5,6.223887468,4.834173357,'K-5
5024 - 8102,45,5024,CO-1420-5024,Lawrence Elementary,'K-5,8102,CO-1420-8102,South Lakewood Elementary,'K-5,6.43773286,5.493799241,'K-5
5024 - 5892,46,5024,CO-1420-5024,Lawrence Elementary,'K-5,5892,CO-1420-5892,Fletcher Miller Special,'PK-12,6.450739664,5.570775276,'K-5
5024 - 5350,47,5024,CO-1420-5024,Lawrence Elementary,'K-5,5350,CO-1420-5350,Lukas Elementary,'K-5,6.505319552,5.21688821,'K-5
5024 - 7468,48,5024,CO-1420-5024,Lawrence Elementary,'K-5,7468,CO-1420-7468,Rose Stein International Elementary,'PK-6,6.510551954,5.730795507,'K-5
5024 - 9432,49,5024,CO-1420-5024,Lawrence Elementary,'K-5,9432,CO-1420-9432,Dennison Elementary,'K-6,6.531066516,5.429563838,'K-5
5024 - 8209,50,5024,CO-1420-5024,Lawrence Elementary,'K-5,8209,CO-1420-8209,Standley Lake High,'9-12,6.804736732,6.022934071,'No
5024 - 9299,51,5024,CO-1420-5024,Lawrence Elementary,'K-5,9299,CO-1420-9299,Wayne Carle Middle,'6-8,6.813283882,5.641677617,'No
5024 - 1976,52,5024,CO-1420-5024,Lawrence Elementary,'K-5,1976,CO-1420-1976,Creighton Middle,'6-8,6.829818324,5.688701058,'No
5024 - 9429,53,5024,CO-1420-5024,Lawrence Elementary,'K-5,9429,CO-1420-9429,West Woods Elementary,'K-5,6.925960755,5.717571517,'K-5
5024 - 9342,54,5024,CO-1420-5024,Lawrence Elementary,'K-5,9342,CO-1420-9342,Welchester Elementary,'PK-5,6.997032066,5.514050105,'K-5
5024 - 8090,55,5024,CO-1420-5024,Lawrence Elementary,'K-5,8090,CO-1420-8090,Deane Elementary,'PK-6,7.597307298,6.438478048,'K-5
5024 - 0724,56,5024,CO-1420-5024,Lawrence Elementary,'K-5,724,CO-1420-0724,Belmar School of Integrated Arts,'K-5,7.794732989,6.723584501,'K-5
5024 - 0108,57,5024,CO-1420-5024,Lawrence Elementary,'K-5,108,CO-1420-0108,Alameda Intl Junior/Senior High,'7-12,7.84684925,7.249763998,'No
5024 - 3201,58,5024,CO-1420-5024,Lawrence Elementary,'K-5,3201,CO-1420-3201,Free Horizon Montessori,'PK-8,7.900882619,6.706156799,'K-5
5024 - 6808,59,5024,CO-1420-5024,Lawrence Elementary,'K-5,6808,CO-1420-6808,Patterson Elementary,'PK-6,8.198427571,7.210431473,'K-5
5024 - 0965,60,5024,CO-1420-5024,Lawrence Elementary,'K-5,965,CO-1420-0965,Brady Exploration School,'10-12,8.261679383,6.86878307,'No
5024 - 5004,61,5024,CO-1420-5024,Lawrence Elementary,'K-5,5004,CO-1420-5004,Lasley Elementary,'K-6,8.303896008,7.437587097,'K-5
5024 - 9234,62,5024,CO-1420-5024,Lawrence Elementary,'K-5,9234,CO-1420-9234,Warren Tech Central,'11-12,8.379220581,6.656334248,'No
5024 - 4550,63,5024,CO-1420-5024,Lawrence Elementary,'K-5,4550,CO-1420-4550,Kendrick Lakes Elementary,'PK-5,8.475734847,7.380008195,'K-5
5024 - 7529,64,5024,CO-1420-5024,Lawrence Elementary,'K-5,7529,CO-1420-7529,Ryan Elementary,'PK-5,8.53631555,7.486360181,'K-5
5024 - 5623,65,5024,CO-1420-5024,Lawrence Elementary,'K-5,5623,CO-1420-5623,Long View,'10-12,8.730550862,6.873567871,'No
5024 - 4830,66,5024,CO-1420-5024,Lawrence Elementary,'K-5,4830,CO-1420-4830,Kyffin Elementary,'PK-5,8.759030097,6.747139645,'K-5
5024 - 0694,67,5024,CO-1420-5024,Lawrence Elementary,'K-5,694,CO-1420-0694,Bell Middle,'6-8,8.786840548,7.359001672,'No
5024 - 0033,68,5024,CO-1420-5024,Lawrence Elementary,'K-5,33,CO-1420-0033,McLain Community High School,'9-12,8.876958761,6.758156011,'No
5024 - 3025,69,5024,CO-1420-5024,Lawrence Elementary,'K-5,3025,CO-1420-3025,Foothills Elementary,'PK-5,9.078190991,7.335326145,'K-5
5024 - 3622,70,5024,CO-1420-5024,Lawrence Elementary,'K-5,3622,CO-1420-3622,Green Gables Elementary,'PK-5,9.160419203,8.246557424,'K-5
5024 - 5944,71,5024,CO-1420-5024,Lawrence Elementary,'K-5,5944,CO-1420-5944,Mitchell Elementary,'K-5,9.161025446,8.19985391,'K-5
5024 - 4798,72,5024,CO-1420-5024,Lawrence Elementary,'K-5,4798,CO-1420-4798,Connections Learning Center,'6-8,9.281225415,7.421312585,'No
5024 - 3502,73,5024,CO-1420-5024,Lawrence Elementary,'K-5,3502,CO-1420-3502,Golden High,'9-12,9.41575702,7.667932226,'No
5024 - 1318,74,5024,CO-1420-5024,Lawrence Elementary,'K-5,1318,CO-1420-1318,Carmody Middle,'6-8,9.580811373,8.277499342,'No
5024 - 3628,75,5024,CO-1420-5024,Lawrence Elementary,'K-5,3628,CO-1420-3628,Green Mountain High,'9-12,9.659028945,7.870311239,'No
5024 - 2194,76,5024,CO-1420-5024,Lawrence Elementary,'K-5,2194,CO-1420-2194,Devinny Elementary,'K-5,9.82613859,8.261567196,'K-5
5024 - 9412,77,5024,CO-1420-5024,Lawrence Elementary,'K-5,9412,CO-1420-9412,Westgate Elementary,'PK-5,9.924331516,8.918227343,'K-5
5024 - 2300,78,5024,CO-1420-5024,Lawrence Elementary,'K-5,2300,CO-1420-2300,Dunstan Middle,'6-8,9.949892171,8.341965722,'No
,,,CO-1420-,,',,CO-1420-,,',,,#N/A
5036 - 1864,2,5036,CO-1420-5036,Leawood Elementary,'PK-5,1864,CO-1420-1864,Columbine High,'9-12,0.683300243,0.485453693,'No
5036 - 0951,3,5036,CO-1420-5036,Leawood Elementary,'PK-5,951,CO-1420-0951,Blue Heron Elementary,'PK-5,1.163932342,0.471610884,'PK-5
5036 - 6286,4,5036,CO-1420-5036,Leawood Elementary,'PK-5,6286,CO-1420-6286,Normandy Elementary,'PK-5,1.734149555,0.969346981,'PK-5
5036 - 2322,5,5036,CO-1420-5036,Leawood Elementary,'PK-5,2322,CO-1420-2322,Dutch Creek Elementary,'PK-5,2.089301942,1.473988666,'PK-5
5036 - 4548,6,5036,CO-1420-5036,Leawood Elementary,'PK-5,4548,CO-1420-4548,Ken Caryl Middle,'6-8,2.208758441,1.719897122,'No
5036 - 3536,7,5036,CO-1420-5036,Leawood Elementary,'PK-5,3536,CO-1420-3536,Governor's Ranch Elementary,'PK-5,2.673039542,2.013881992,'PK-5
5036 - 8280,8,5036,CO-1420-5036,Leawood Elementary,'PK-5,8280,CO-1420-8280,Stony Creek Elementary,'PK-5,3.100007953,2.245342742,'PK-5
5036 - 1861,9,5036,CO-1420-5036,Leawood Elementary,'PK-5,1861,CO-1420-1861,Columbine Hills Elementary,'PK-5,3.116389107,2.131141839,'PK-5
5036 - 9490,10,5036,CO-1420-5036,Leawood Elementary,'PK-5,9490,CO-1420-9490,Westridge Elementary,'K-5,3.217486032,2.849952184,'K-5
5036 - 2130,11,5036,CO-1420-5036,Leawood Elementary,'PK-5,2130,CO-1420-2130,Deer Creek Middle,'6-8,3.335935032,2.370858218,'No
5036 - 1876,12,5036,CO-1420-5036,Leawood Elementary,'PK-5,1876,CO-1420-1876,Coronado Elementary,'PK-5,3.634289494,2.656720903,'PK-5
5036 - 8381,13,5036,CO-1420-5036,Leawood Elementary,'PK-5,8381,CO-1420-8381,Summit Ridge Middle,'6-8,4.039021249,3.49595764,'No
5036 - 7128,14,5036,CO-1420-5036,Leawood Elementary,'PK-5,7128,CO-1420-7128,Powderhorn Elementary,'PK-5,4.213156643,3.666188035,'PK-5
5036 - 9008,15,5036,CO-1420-5036,Leawood Elementary,'PK-5,9008,CO-1420-9008,Ute Meadows Elementary,'PK-5,4.303023465,3.32372379,'PK-5
5036 - 6133,16,5036,CO-1420-5036,Leawood Elementary,'PK-5,6133,CO-1420-6133,Mortensen Elementary,'PK-5,4.565241402,3.306562282,'PK-5
5036 - 2963,17,5036,CO-1420-5036,Leawood Elementary,'PK-5,2963,CO-1420-2963,Falcon Bluffs Middle,'6-8,4.699274434,3.557947275,'No
5036 - 6135,18,5036,CO-1420-5036,Leawood Elementary,'PK-5,6135,CO-1420-6135,Mt. Carbon Elementary,'PK-5,4.71148604,4.075160866,'PK-5
5036 - 2120,19,5036,CO-1420-5036,Leawood Elementary,'PK-5,2120,CO-1420-2120,D'Evelyn Junior/Senior,'6-12,4.83019802,3.656634757,'No
5036 - 7780,20,5036,CO-1420-5036,Leawood Elementary,'PK-5,7780,CO-1420-7780,Shaffer Elementary,'PK-5,4.870749447,3.527589218,'PK-5
5036 - 1522,21,5036,CO-1420-5036,Leawood Elementary,'PK-5,1522,CO-1420-1522,Chatfield High,'9-12,4.943947881,3.799909079,'No
5036 - 2093,22,5036,CO-1420-5036,Leawood Elementary,'PK-5,2093,CO-1420-2093,Dakota Ridge High,'9-12,4.946402944,4.483518344,'No
5036 - 1001,23,5036,CO-1420-5036,Leawood Elementary,'PK-5,1001,CO-1420-1001,Warren Tech South,'11-12,5.063413977,4.42347949,'No
5036 - 0664,24,5036,CO-1420-5036,Leawood Elementary,'PK-5,664,CO-1420-0664,Bear Creek High,'9-12,5.586974428,4.283366906,'No
5036 - 4549,25,5036,CO-1420-5036,Leawood Elementary,'PK-5,4549,CO-1420-4549,Kendallvue Elementary,'PK-5,5.939566049,4.862591239,'PK-5
5036 - 0660,26,5036,CO-1420-5036,Leawood Elementary,'PK-5,660,CO-1420-0660,Bear Creek K-8,'K-8,6.044379796,4.220836904,'K-5
5036 - 9412,27,5036,CO-1420-5036,Leawood Elementary,'PK-5,9412,CO-1420-9412,Westgate Elementary,'PK-5,6.207534705,4.541056311,'PK-5
5036 - 3622,28,5036,CO-1420-5036,Leawood Elementary,'PK-5,3622,CO-1420-3622,Green Gables Elementary,'PK-5,6.787963407,5.214991353,'PK-5
5036 - 0950,29,5036,CO-1420-5036,Leawood Elementary,'PK-5,950,CO-1420-0950,Bradford K8 South,'K-4,6.961453275,5.68306602,'K-4
5036 - 1318,30,5036,CO-1420-5036,Leawood Elementary,'PK-5,1318,CO-1420-1318,Carmody Middle,'6-8,7.139081431,5.527199373,'No
5036 - 0108,31,5036,CO-1420-5036,Leawood Elementary,'PK-5,108,CO-1420-0108,Alameda Intl Junior/Senior High,'7-12,7.33547863,6.051470135,'No
5036 - 0952,32,5036,CO-1420-5036,Leawood Elementary,'PK-5,952,CO-1420-0952,Bradford K8 North,'5-8,7.363364231,5.640242077,'5
5036 - 5004,33,5036,CO-1420-5036,Leawood Elementary,'PK-5,5004,CO-1420-5004,Lasley Elementary,'K-6,7.833894666,5.856061711,'K-5
5036 - 6808,34,5036,CO-1420-5036,Leawood Elementary,'PK-5,6808,CO-1420-6808,Patterson Elementary,'PK-6,7.910674452,6.237363239,'PK-5
5036 - 4550,35,5036,CO-1420-5036,Leawood Elementary,'PK-5,4550,CO-1420-4550,Kendrick Lakes Elementary,'PK-5,8.286110201,6.251315678,'PK-5
5036 - 0965,36,5036,CO-1420-5036,Leawood Elementary,'PK-5,965,CO-1420-0965,Brady Exploration School,'10-12,8.344635828,6.58905353,'No
5036 - 2300,37,5036,CO-1420-5036,Leawood Elementary,'PK-5,2300,CO-1420-2300,Dunstan Middle,'6-8,8.379042622,6.6444277,'No
5036 - 2194,38,5036,CO-1420-5036,Leawood Elementary,'PK-5,2194,CO-1420-2194,Devinny Elementary,'K-5,8.514956272,6.751597832,'K-5
5036 - 4190,39,5036,CO-1420-5036,Leawood Elementary,'PK-5,4190,CO-1420-4190,Hutchinson Elementary,'PK-5,8.658324075,6.678009898,'PK-5
5036 - 0724,40,5036,CO-1420-5036,Leawood Elementary,'PK-5,724,CO-1420-0724,Belmar School of Integrated Arts,'K-5,8.690023458,6.819885919,'K-5
5036 - 7483,41,5036,CO-1420-5036,Leawood Elementary,'PK-5,7483,CO-1420-7483,Rooney Ranch Elementary,'K-5,8.863183055,6.701339924,'K-5
5036 - 8090,42,5036,CO-1420-5036,Leawood Elementary,'PK-5,8090,CO-1420-8090,Deane Elementary,'PK-6,9.009095371,6.912493594,'PK-5
5036 - 7282,43,5036,CO-1420-5036,Leawood Elementary,'PK-5,7282,CO-1420-7282,Red Rocks Elementary,'K-5,9.059101765,7.805226049,'K-5
5036 - 7468,44,5036,CO-1420-5036,Leawood Elementary,'PK-5,7468,CO-1420-7468,Rose Stein International Elementary,'PK-6,9.117015614,7.535484687,'PK-5
5036 - 3628,45,5036,CO-1420-5036,Leawood Elementary,'PK-5,3628,CO-1420-3628,Green Mountain High,'9-12,9.191373267,7.348796941,'No
5036 - 8102,46,5036,CO-1420-5036,Leawood Elementary,'PK-5,8102,CO-1420-8102,South Lakewood Elementary,'K-5,9.495311695,7.876320846,'K-5
5036 - 3025,47,5036,CO-1420-5036,Leawood Elementary,'PK-5,3025,CO-1420-3025,Foothills Elementary,'PK-5,9.594946824,7.894575437,'PK-5
5036 - 1976,48,5036,CO-1420-5036,Leawood Elementary,'PK-5,1976,CO-1420-1976,Creighton Middle,'6-8,9.956311162,7.950745946,'No
,,,CO-1420-,,',,CO-1420-,,',,,#N/A
5222 - 5454,2,5222,CO-1420-5222,Little Elementary,'K-5,5454,CO-1420-5454,Mandalay Middle,'6-8,1.902058927,1.343693928,'No
5222 - 7114,3,5222,CO-1420-5222,Little Elementary,'K-5,7114,CO-1420-7114,Pomona Junior/Senior High,'6-12,1.91830077,1.085099621,'No
5222 - 0030,4,5222,CO-1420-5222,Little Elementary,'K-5,30,CO-1420-0030,Adams Elementary,'PK-5,1.950548606,1.1348338,'K-5
5222 - 3726,5,5222,CO-1420-5222,Little Elementary,'K-5,3726,CO-1420-3726,Hackberry Hill Elementary,'K-5,1.966150547,1.411459422,'K-5
5222 - 7753,6,5222,CO-1420-5222,Little Elementary,'K-5,7753,CO-1420-7753,Semper Elementary,'PK-5,2.116161623,1.416560961,'K-5
5222 - 9328,7,5222,CO-1420-5222,Little Elementary,'K-5,9328,CO-1420-9328,Weber Elementary,'PK-5,2.368946745,1.405787177,'K-5
5222 - 9232,8,5222,CO-1420-5222,Little Elementary,'K-5,9232,CO-1420-9232,Warder Elementary,'PK-5,2.409691715,1.661962813,'K-5
5222 - 6330,9,5222,CO-1420-5222,Little Elementary,'K-5,6330,CO-1420-6330,North Arvada Middle,'6-8,2.683960061,1.725737094,'No
5222 - 5350,10,5222,CO-1420-5222,Little Elementary,'K-5,5350,CO-1420-5350,Lukas Elementary,'K-5,3.301250505,2.264514916,'K-5
5222 - 0370,11,5222,CO-1420-5222,Little Elementary,'K-5,370,CO-1420-0370,Arvada High,'9-12,3.355510733,2.720357803,'No
5222 - 8432,12,5222,CO-1420-5222,Little Elementary,'K-5,8432,CO-1420-8432,Swanson Elementary,'K-5,3.375181722,2.275650455,'K-5
5222 - 8209,13,5222,CO-1420-5222,Little Elementary,'K-5,8209,CO-1420-8209,Standley Lake High,'9-12,3.600667685,2.771176066,'No
5222 - 9299,14,5222,CO-1420-5222,Little Elementary,'K-5,9299,CO-1420-9299,Wayne Carle Middle,'6-8,3.609214836,2.851205829,'No
5222 - 7870,15,5222,CO-1420-5222,Little Elementary,'K-5,7870,CO-1420-7870,Sierra Elementary,'PK-5,3.778558873,2.924201507,'K-5
5222 - 7708,16,5222,CO-1420-5222,Little Elementary,'K-5,7708,CO-1420-7708,Secrest Elementary,'PK-5,3.784548823,2.753469932,'K-5
5222 - 5024,17,5222,CO-1420-5222,Little Elementary,'K-5,5024,CO-1420-5024,Lawrence Elementary,'K-5,4.624637439,3.886652138,'K-5
5222 - 7529,18,5222,CO-1420-5222,Little Elementary,'K-5,7529,CO-1420-7529,Ryan Elementary,'PK-5,4.72461325,3.615144251,'K-5
5222 - 3088,19,5222,CO-1420-5222,Little Elementary,'K-5,3088,CO-1420-3088,Foster Dual Language PK-8 School,'PK-8,4.993673847,4.161986177,'K-5
5222 - 6470,20,5222,CO-1420-5222,Little Elementary,'K-5,6470,CO-1420-6470,Oberon Middle,'6-8,5.01473148,3.20524965,'No
5222 - 1244,21,5222,CO-1420-5222,Little Elementary,'K-5,1244,CO-1420-1244,Campbell Early Learning Center,'PK,5.148759584,3.693122558,'No
5222 - 5758,22,5222,CO-1420-5222,Little Elementary,'K-5,5758,CO-1420-5758,Meiklejohn Elementary,'PK-5,5.208419014,4.357108036,'K-5
5222 - 7239,23,5222,CO-1420-5222,Little Elementary,'K-5,7239,CO-1420-7239,Ralston Valley High,'9-12,5.466612649,4.37575937,'No
5222 - 9052,24,5222,CO-1420-5222,Little Elementary,'K-5,9052,CO-1420-9052,Van Arsdale Elementary,'PK-5,5.540095843,4.439236914,'K-5
5222 - 9245,25,5222,CO-1420-5222,Little Elementary,'K-5,9245,CO-1420-9245,Warren Tech North,'11-12,5.976670624,4.318894335,'No
5222 - 3216,26,5222,CO-1420-5222,Little Elementary,'K-5,3216,CO-1420-3216,Fremont Elementary,'K-5,6.060316376,4.386916826,'K-5
5222 - 0378,27,5222,CO-1420-5222,Little Elementary,'K-5,378,CO-1420-0378,Arvada West High,'9-12,6.136682264,4.301122902,'No
5222 - 9058,28,5222,CO-1420-5222,Little Elementary,'K-5,9058,CO-1420-9058,Vanderhoof Elementary,'K-5,6.327978135,4.608568729,'K-5
5222 - 8036,29,5222,CO-1420-5222,Little Elementary,'K-5,8036,CO-1420-8036,Sobesky Academy,'K-12,6.726706054,5.562727245,'K-5
5222 - 6848,30,5222,CO-1420-5222,Little Elementary,'K-5,6848,CO-1420-6848,Peak Expeditionary-Pennington,'PK-5,6.7774245,5.379578983,'K-5
5222 - 8223,31,5222,CO-1420-5222,Little Elementary,'K-5,8223,CO-1420-8223,Stevens Elementary,'PK-5,6.864899193,5.700180024,'K-5
5222 - 8300,32,5222,CO-1420-5222,Little Elementary,'K-5,8300,CO-1420-8300,Stott Elementary,'PK-5,6.930279709,4.691634329,'K-5
5222 - 6285,33,5222,CO-1420-5222,Little Elementary,'K-5,6285,CO-1420-6285,Norma Anderson Early Learning Center,'PK,7.470656496,5.768598998,'No
5222 - 2820,34,5222,CO-1420-5222,Little Elementary,'K-5,2820,CO-1420-2820,Everitt Middle,'6-8,7.6094052,6.026994863,'No
5222 - 2496,35,5222,CO-1420-5222,Little Elementary,'K-5,2496,CO-1420-2496,Edgewater Elementary,'PK-6,7.751751329,7.094525382,'K-5
5222 - 2288,36,5222,CO-1420-5222,Little Elementary,'K-5,2288,CO-1420-2288,Drake Middle,'6-8,7.877464271,5.793801651,'No
5222 - 9510,37,5222,CO-1420-5222,Little Elementary,'K-5,9510,CO-1420-9510,Wheat Ridge High,'9-12,7.966936166,6.395944265,'No
5222 - 9429,38,5222,CO-1420-5222,Little Elementary,'K-5,9429,CO-1420-9429,West Woods Elementary,'K-5,8.048900079,6.539766813,'K-5
5222 - 4422,39,5222,CO-1420-5222,Little Elementary,'K-5,4422,CO-1420-4422,Jefferson Junior/Senior High,'7-12,8.170543926,7.060047151,'No
5222 - 5354,40,5222,CO-1420-5222,Little Elementary,'K-5,5354,CO-1420-5354,Lumberg Elementary,'PK-6,8.370850268,7.146252355,'K-5
5222 - 7962,41,5222,CO-1420-5222,Little Elementary,'K-5,7962,CO-1420-7962,Slater Elementary,'PK-5,8.409863404,7.126882277,'K-5
5222 - 7190,42,5222,CO-1420-5222,Little Elementary,'K-5,7190,CO-1420-7190,Prospect Valley Elementary,'K-5,8.992981938,6.756384223,'K-5
5222 - 8856,43,5222,CO-1420-5222,Little Elementary,'K-5,8856,CO-1420-8856,Three Creeks K-8,'K-8,9.199374731,8.181586774,'K-5
5222 - 6539,44,5222,CO-1420-5222,Little Elementary,'K-5,6539,CO-1420-6539,JeffCo Open Elementary,'PK-6,9.317369813,8.271927945,'K-5
5222 - 2550,45,5222,CO-1420-5222,Little Elementary,'K-5,2550,CO-1420-2550,Eiber Elementary,'PK-5,9.761088283,8.207065432,'K-5
5222 - 5472,46,5222,CO-1420-5222,Little Elementary,'K-5,5472,CO-1420-5472,Manning,'6-8,9.763278659,7.659044573,'No
5222 - 5524,47,5222,CO-1420-5222,Little Elementary,'K-5,5524,CO-1420-5524,Maple Grove Elementary,'PK-5,9.853768836,7.719719313,'K-5
5222 - 8276,48,5222,CO-1420-5222,Little Elementary,'K-5,8276,CO-1420-8276,Stober Elementary,'K-5,9.972164351,7.784195834,'K-5
,,,CO-1420-,,',,CO-1420-,,',,,#N/A
5350 - 9299,2,5350,CO-1420-5350,Lukas Elementary,'K-5,9299,CO-1420-9299,Wayne Carle Middle,'6-8,0.769566887,0.58720756,'No
5350 - 8209,3,5350,CO-1420-5350,Lukas Elementary,'K-5,8209,CO-1420-8209,Standley Lake High,'9-12,1.283713582,0.841254379,'No
5350 - 7753,4,5350,CO-1420-5350,Lukas Elementary,'K-5,7753,CO-1420-7753,Semper Elementary,'PK-5,2.157352747,1.195037226,'K-5
5350 - 5454,5,5350,CO-1420-5350,Lukas Elementary,'K-5,5454,CO-1420-5454,Mandalay Middle,'6-8,2.423133897,1.541288439,'No
5350 - 0030,6,5350,CO-1420-5350,Lukas Elementary,'K-5,30,CO-1420-0030,Adams Elementary,'PK-5,2.946104339,1.969112274,'K-5
5350 - 5222,7,5350,CO-1420-5350,Lukas Elementary,'K-5,5222,CO-1420-5222,Little Elementary,'K-5,3.301250505,2.264514916,'K-5
5350 - 7114,8,5350,CO-1420-5350,Lukas Elementary,'K-5,7114,CO-1420-7114,Pomona Junior/Senior High,'6-12,3.467751766,1.755202643,'No
5350 - 9328,9,5350,CO-1420-5350,Lukas Elementary,'K-5,9328,CO-1420-9328,Weber Elementary,'PK-5,3.667205887,1.879115616,'K-5
5350 - 3726,10,5350,CO-1420-5350,Lukas Elementary,'K-5,3726,CO-1420-3726,Hackberry Hill Elementary,'K-5,3.965765148,2.952027068,'K-5
5350 - 7529,11,5350,CO-1420-5350,Lukas Elementary,'K-5,7529,CO-1420-7529,Ryan Elementary,'PK-5,4.118311079,3.135596841,'K-5
5350 - 9232,12,5350,CO-1420-5350,Lukas Elementary,'K-5,9232,CO-1420-9232,Warder Elementary,'PK-5,4.184992983,2.550018813,'K-5
5350 - 7870,13,5350,CO-1420-5350,Lukas Elementary,'K-5,7870,CO-1420-7870,Sierra Elementary,'PK-5,4.575364987,2.547308532,'K-5
5350 - 6330,14,5350,CO-1420-5350,Lukas Elementary,'K-5,6330,CO-1420-6330,North Arvada Middle,'6-8,4.737471968,3.425049526,'No
5350 - 5758,15,5350,CO-1420-5350,Lukas Elementary,'K-5,5758,CO-1420-5758,Meiklejohn Elementary,'PK-5,4.969174492,3.067030519,'K-5
5350 - 0370,16,5350,CO-1420-5350,Lukas Elementary,'K-5,370,CO-1420-0370,Arvada High,'9-12,5.236192846,4.07246428,'No
5350 - 8432,17,5350,CO-1420-5350,Lukas Elementary,'K-5,8432,CO-1420-8432,Swanson Elementary,'K-5,5.665775046,4.169791597,'K-5
5350 - 7708,18,5350,CO-1420-5350,Lukas Elementary,'K-5,7708,CO-1420-7708,Secrest Elementary,'PK-5,5.75415174,4.40082254,'K-5
5350 - 6470,19,5350,CO-1420-5350,Lukas Elementary,'K-5,6470,CO-1420-6470,Oberon Middle,'6-8,5.933698525,3.070348962,'No
5350 - 1244,20,5350,CO-1420-5350,Lukas Elementary,'K-5,1244,CO-1420-1244,Campbell Early Learning Center,'PK,6.067726629,4.016968193,'No
5350 - 7239,21,5350,CO-1420-5350,Lukas Elementary,'K-5,7239,CO-1420-7239,Ralston Valley High,'9-12,6.25123184,3.221057542,'No
5350 - 9052,22,5350,CO-1420-5350,Lukas Elementary,'K-5,9052,CO-1420-9052,Van Arsdale Elementary,'PK-5,6.324715033,3.629146838,'K-5
5350 - 5024,23,5350,CO-1420-5350,Lukas Elementary,'K-5,5024,CO-1420-5024,Lawrence Elementary,'K-5,6.505319552,5.21688821,'K-5
5350 - 3088,24,5350,CO-1420-5350,Lukas Elementary,'K-5,3088,CO-1420-3088,Foster Dual Language PK-8 School,'PK-8,6.87435596,5.680889794,'K-5
5350 - 9245,25,5350,CO-1420-5350,Lukas Elementary,'K-5,9245,CO-1420-9245,Warren Tech North,'11-12,6.924433844,4.587446844,'No
5350 - 3216,26,5350,CO-1420-5350,Lukas Elementary,'K-5,3216,CO-1420-3216,Fremont Elementary,'K-5,7.002469854,4.426458146,'K-5
5350 - 0378,27,5350,CO-1420-5350,Lukas Elementary,'K-5,378,CO-1420-0378,Arvada West High,'9-12,7.084445483,4.518179788,'No
5350 - 9058,28,5350,CO-1420-5350,Lukas Elementary,'K-5,9058,CO-1420-9058,Vanderhoof Elementary,'K-5,7.342862587,4.957267572,'K-5
5350 - 8300,29,5350,CO-1420-5350,Lukas Elementary,'K-5,8300,CO-1420-8300,Stott Elementary,'PK-5,7.855321199,4.444951316,'K-5
5350 - 8856,30,5350,CO-1420-5350,Lukas Elementary,'K-5,8856,CO-1420-8856,Three Creeks K-8,'K-8,7.942380819,6.33498975,'K-5
5350 - 9429,31,5350,CO-1420-5350,Lukas Elementary,'K-5,9429,CO-1420-9429,West Woods Elementary,'K-5,8.20448678,5.486162392,'K-5
5350 - 8036,32,5350,CO-1420-5350,Lukas Elementary,'K-5,8036,CO-1420-8036,Sobesky Academy,'K-12,8.607388167,7.066959345,'K-5
5350 - 6848,33,5350,CO-1420-5350,Lukas Elementary,'K-5,6848,CO-1420-6848,Peak Expeditionary-Pennington,'PK-5,8.658106613,6.34526816,'K-5
5350 - 8223,34,5350,CO-1420-5350,Lukas Elementary,'K-5,8223,CO-1420-8223,Stevens Elementary,'PK-5,8.745581306,7.185120534,'K-5
5350 - 2288,35,5350,CO-1420-5350,Lukas Elementary,'K-5,2288,CO-1420-2288,Drake Middle,'6-8,8.839485963,6.038383499,'No
5350 - 6285,36,5350,CO-1420-5350,Lukas Elementary,'K-5,6285,CO-1420-6285,Norma Anderson Early Learning Center,'PK,9.176963703,6.538472359,'No
5350 - 2820,37,5350,CO-1420-5350,Lukas Elementary,'K-5,2820,CO-1420-2820,Everitt Middle,'6-8,9.315712407,7.034787934,'No
5350 - 9510,38,5350,CO-1420-5350,Lukas Elementary,'K-5,9510,CO-1420-9510,Wheat Ridge High,'9-12,9.847618279,7.474174241,'No
,,,CO-1420-,,',,CO-1420-,,',,,#N/A
5354 - 4422,2,5354,CO-1420-5354,Lumberg Elementary,'PK-6,4422,CO-1420-4422,Jefferson Junior/Senior High,'7-12,0.249606928,0.148998265,'No
5354 - 2496,3,5354,CO-1420-5354,Lumberg Elementary,'PK-6,2496,CO-1420-2496,Edgewater Elementary,'PK-6,0.892922864,0.739983708,'PK-6
5354 - 7962,4,5354,CO-1420-5354,Lumberg Elementary,'PK-6,7962,CO-1420-7962,Slater Elementary,'PK-5,1.659413924,1.233962879,'PK-5
5354 - 8223,5,5354,CO-1420-5354,Lumberg Elementary,'PK-6,8223,CO-1420-8223,Stevens Elementary,'PK-5,1.734107129,1.483624082,'PK-5
5354 - 8036,6,5354,CO-1420-5354,Lumberg Elementary,'PK-6,8036,CO-1420-8036,Sobesky Academy,'K-12,1.80080813,1.605938502,'K-6
5354 - 6539,7,5354,CO-1420-5354,Lumberg Elementary,'PK-6,6539,CO-1420-6539,JeffCo Open Elementary,'PK-6,1.913221788,1.278362645,'PK-6
5354 - 2550,8,5354,CO-1420-5354,Lumberg Elementary,'PK-6,2550,CO-1420-2550,Eiber Elementary,'PK-5,2.514460505,1.991301096,'PK-5
5354 - 9510,9,5354,CO-1420-5354,Lumberg Elementary,'PK-6,9510,CO-1420-9510,Wheat Ridge High,'9-12,2.661224286,2.026125362,'No
5354 - 2820,10,5354,CO-1420-5354,Lumberg Elementary,'PK-6,2820,CO-1420-2820,Everitt Middle,'6-8,3.252204904,2.409632569,'6
5354 - 8102,11,5354,CO-1420-5354,Lumberg Elementary,'PK-6,8102,CO-1420-8102,South Lakewood Elementary,'K-5,3.281979626,2.415488852,'K-5
5354 - 4942,12,5354,CO-1420-5354,Lumberg Elementary,'PK-6,4942,CO-1420-4942,Lakewood High,'9-12,3.288457929,2.413591473,'No
5354 - 7468,13,5354,CO-1420-5354,Lumberg Elementary,'PK-6,7468,CO-1420-7468,Rose Stein International Elementary,'PK-6,3.345838013,2.353380783,'PK-6
5354 - 7190,14,5354,CO-1420-5354,Lumberg Elementary,'PK-6,7190,CO-1420-7190,Prospect Valley Elementary,'K-5,3.734126414,2.980934005,'K-5
5354 - 9432,15,5354,CO-1420-5354,Lumberg Elementary,'PK-6,9432,CO-1420-9432,Dennison Elementary,'K-6,3.797042673,2.71189588,'K-6
5354 - 8276,16,5354,CO-1420-5354,Lumberg Elementary,'PK-6,8276,CO-1420-8276,Stober Elementary,'K-5,3.857362122,3.288890831,'K-5
5354 - 6848,17,5354,CO-1420-5354,Lumberg Elementary,'PK-6,6848,CO-1420-6848,Peak Expeditionary-Pennington,'PK-5,3.888727513,2.877205527,'PK-5
5354 - 1976,18,5354,CO-1420-5354,Lumberg Elementary,'PK-6,1976,CO-1420-1976,Creighton Middle,'6-8,3.917654134,2.917578953,'6
5354 - 5892,19,5354,CO-1420-5354,Lumberg Elementary,'PK-6,5892,CO-1420-5892,Fletcher Miller Special,'PK-12,3.942715106,2.875814429,'PK-6
5354 - 3088,20,5354,CO-1420-5354,Lumberg Elementary,'PK-6,3088,CO-1420-3088,Foster Dual Language PK-8 School,'PK-8,4.054855805,3.013870543,'PK-6
5354 - 5024,21,5354,CO-1420-5354,Lumberg Elementary,'PK-6,5024,CO-1420-5024,Lawrence Elementary,'K-5,4.12489273,3.454637983,'K-5
5354 - 0965,22,5354,CO-1420-5354,Lumberg Elementary,'PK-6,965,CO-1420-0965,Brady Exploration School,'10-12,4.240294675,3.415228,'No
5354 - 8090,23,5354,CO-1420-5354,Lumberg Elementary,'PK-6,8090,CO-1420-8090,Deane Elementary,'PK-6,4.278636559,2.987357561,'PK-6
5354 - 6285,24,5354,CO-1420-5354,Lumberg Elementary,'PK-6,6285,CO-1420-6285,Norma Anderson Early Learning Center,'PK,4.341596076,3.225574866,'PK
5354 - 0108,25,5354,CO-1420-5354,Lumberg Elementary,'PK-6,108,CO-1420-0108,Alameda Intl Junior/Senior High,'7-12,4.689919688,3.944544071,'No
5354 - 0724,26,5354,CO-1420-5354,Lumberg Elementary,'PK-6,724,CO-1420-0724,Belmar School of Integrated Arts,'K-5,4.737703676,3.680332812,'K-5
5354 - 9342,27,5354,CO-1420-5354,Lumberg Elementary,'PK-6,9342,CO-1420-9342,Welchester Elementary,'PK-5,4.782392322,4.082711733,'PK-5
5354 - 5472,28,5354,CO-1420-5354,Lumberg Elementary,'PK-6,5472,CO-1420-5472,Manning,'6-8,4.918034079,4.169439386,'6
5354 - 5524,29,5354,CO-1420-5354,Lumberg Elementary,'PK-6,5524,CO-1420-5524,Maple Grove Elementary,'PK-5,5.008524256,4.146513566,'PK-5
5354 - 6808,30,5354,CO-1420-5354,Lumberg Elementary,'PK-6,6808,CO-1420-6808,Patterson Elementary,'PK-6,5.041670785,4.04381716,'PK-6
5354 - 5004,31,5354,CO-1420-5354,Lumberg Elementary,'PK-6,5004,CO-1420-5004,Lasley Elementary,'K-6,5.139182067,4.009121084,'K-6
5354 - 7708,32,5354,CO-1420-5354,Lumberg Elementary,'PK-6,7708,CO-1420-7708,Secrest Elementary,'PK-5,5.172265986,4.401447974,'PK-5
5354 - 0370,33,5354,CO-1420-5354,Lumberg Elementary,'PK-6,370,CO-1420-0370,Arvada High,'9-12,5.288154608,4.605530388,'No
5354 - 4550,34,5354,CO-1420-5354,Lumberg Elementary,'PK-6,4550,CO-1420-4550,Kendrick Lakes Elementary,'PK-5,5.562689447,4.325004533,'PK-5
5354 - 8432,35,5354,CO-1420-5354,Lumberg Elementary,'PK-6,8432,CO-1420-8432,Swanson Elementary,'K-5,5.773773349,4.899536339,'K-5
5354 - 3622,36,5354,CO-1420-5354,Lumberg Elementary,'PK-6,3622,CO-1420-3622,Green Gables Elementary,'PK-5,6.003662417,5.024043203,'PK-5
5354 - 9234,37,5354,CO-1420-5354,Lumberg Elementary,'PK-6,9234,CO-1420-9234,Warren Tech Central,'11-12,6.087161259,4.785820891,'No
5354 - 9058,38,5354,CO-1420-5354,Lumberg Elementary,'PK-6,9058,CO-1420-9058,Vanderhoof Elementary,'K-5,6.287733823,4.734538936,'K-5
5354 - 3201,39,5354,CO-1420-5354,Lumberg Elementary,'PK-6,3201,CO-1420-3201,Free Horizon Montessori,'PK-8,6.336275669,5.826200999,'PK-6
5354 - 2288,40,5354,CO-1420-5354,Lumberg Elementary,'PK-6,2288,CO-1420-2288,Drake Middle,'6-8,6.384833174,4.676956938,'6
5354 - 6330,41,5354,CO-1420-5354,Lumberg Elementary,'PK-6,6330,CO-1420-6330,North Arvada Middle,'6-8,6.427649266,5.443742422,'6
5354 - 5623,42,5354,CO-1420-5354,Lumberg Elementary,'PK-6,5623,CO-1420-5623,Long View,'10-12,6.43849154,5.00483261,'No
5354 - 0033,43,5354,CO-1420-5354,Lumberg Elementary,'PK-6,33,CO-1420-0033,McLain Community High School,'9-12,6.584899438,4.926239322,'No
5354 - 1244,44,5354,CO-1420-5354,Lumberg Elementary,'PK-6,1244,CO-1420-1244,Campbell Early Learning Center,'PK,6.599904043,5.225767138,'PK
5354 - 9245,45,5354,CO-1420-5354,Lumberg Elementary,'PK-6,9245,CO-1420-9245,Warren Tech North,'11-12,6.600861563,5.022420826,'No
5354 - 3726,46,5354,CO-1420-5354,Lumberg Elementary,'PK-6,3726,CO-1420-3726,Hackberry Hill Elementary,'K-5,6.656499354,5.854713115,'K-5
5354 - 3025,47,5354,CO-1420-5354,Lumberg Elementary,'PK-6,3025,CO-1420-3025,Foothills Elementary,'PK-5,6.693259366,5.140331349,'PK-5
5354 - 4830,48,5354,CO-1420-5354,Lumberg Elementary,'PK-6,4830,CO-1420-4830,Kyffin Elementary,'PK-5,6.739329232,5.15863321,'PK-5
5354 - 1318,49,5354,CO-1420-5354,Lumberg Elementary,'PK-6,1318,CO-1420-1318,Carmody Middle,'6-8,6.742503777,5.220522149,'6
5354 - 0378,50,5354,CO-1420-5354,Lumberg Elementary,'PK-6,378,CO-1420-0378,Arvada West High,'9-12,6.760873202,5.133276958,'No
5354 - 9412,51,5354,CO-1420-5354,Lumberg Elementary,'PK-6,9412,CO-1420-9412,Westgate Elementary,'PK-5,6.767290915,5.662689259,'PK-5
5354 - 3216,52,5354,CO-1420-5354,Lumberg Elementary,'PK-6,3216,CO-1420-3216,Fremont Elementary,'K-5,7.096899883,5.459337411,'K-5
5354 - 0694,53,5354,CO-1420-5354,Lumberg Elementary,'PK-6,694,CO-1420-0694,Bell Middle,'6-8,7.222233598,6.708395886,'6
5354 - 3628,54,5354,CO-1420-5354,Lumberg Elementary,'PK-6,3628,CO-1420-3628,Green Mountain High,'9-12,7.257636835,5.505347943,'No
5354 - 2194,55,5354,CO-1420-5354,Lumberg Elementary,'PK-6,2194,CO-1420-2194,Devinny Elementary,'K-5,7.352867657,5.708448366,'K-5
5354 - 9232,56,5354,CO-1420-5354,Lumberg Elementary,'PK-6,9232,CO-1420-9232,Warder Elementary,'PK-5,7.393301696,6.121024006,'PK-5
5354 - 2300,57,5354,CO-1420-5354,Lumberg Elementary,'PK-6,2300,CO-1420-2300,Dunstan Middle,'6-8,7.476621237,5.759555504,'6
5354 - 4798,58,5354,CO-1420-5354,Lumberg Elementary,'PK-6,4798,CO-1420-4798,Connections Learning Center,'6-8,7.716618465,6.886164742,'6
5354 - 9328,59,5354,CO-1420-5354,Lumberg Elementary,'PK-6,9328,CO-1420-9328,Weber Elementary,'PK-5,7.790920036,6.794442694,'PK-5
5354 - 0660,60,5354,CO-1420-5354,Lumberg Elementary,'PK-6,660,CO-1420-0660,Bear Creek K-8,'K-8,7.865209701,6.409724899,'K-6
5354 - 7114,61,5354,CO-1420-5354,Lumberg Elementary,'PK-6,7114,CO-1420-7114,Pomona Junior/Senior High,'6-12,7.868984044,6.979685157,'6
5354 - 8300,62,5354,CO-1420-5354,Lumberg Elementary,'PK-6,8300,CO-1420-8300,Stott Elementary,'PK-5,7.966863216,5.978374105,'PK-5
5354 - 6470,63,5354,CO-1420-5354,Lumberg Elementary,'PK-6,6470,CO-1420-6470,Oberon Middle,'6-8,7.973347914,6.207398825,'6
5354 - 4190,64,5354,CO-1420-5354,Lumberg Elementary,'PK-6,4190,CO-1420-4190,Hutchinson Elementary,'PK-5,8.095197007,6.166788717,'PK-5
5354 - 3502,65,5354,CO-1420-5354,Lumberg Elementary,'PK-6,3502,CO-1420-3502,Golden High,'9-12,8.127093131,7.459703647,'No
5354 - 0664,66,5354,CO-1420-5354,Lumberg Elementary,'PK-6,664,CO-1420-0664,Bear Creek High,'9-12,8.14536591,6.63967359,'No
5354 - 7870,67,5354,CO-1420-5354,Lumberg Elementary,'PK-6,7870,CO-1420-7870,Sierra Elementary,'PK-5,8.148401763,6.666973909,'PK-5
5354 - 2866,68,5354,CO-1420-5354,Lumberg Elementary,'PK-6,2866,CO-1420-2866,Fairmount Elementary,'K-5,8.227539322,6.263561769,'K-5
5354 - 5222,69,5354,CO-1420-5354,Lumberg Elementary,'PK-6,5222,CO-1420-5222,Little Elementary,'K-5,8.370850268,7.146252355,'K-5
5354 - 7483,70,5354,CO-1420-5354,Lumberg Elementary,'PK-6,7483,CO-1420-7483,Rooney Ranch Elementary,'K-5,8.602208617,6.548096263,'K-5
5354 - 7833,71,5354,CO-1420-5354,Lumberg Elementary,'PK-6,7833,CO-1420-7833,Shelton Elementary,'PK-5,8.847604081,7.870244065,'PK-5
5354 - 7753,72,5354,CO-1420-5354,Lumberg Elementary,'PK-6,7753,CO-1420-7753,Semper Elementary,'PK-5,9.147086011,8.433221968,'PK-5
5354 - 9052,73,5354,CO-1420-5354,Lumberg Elementary,'PK-6,9052,CO-1420-9052,Van Arsdale Elementary,'PK-5,9.372250043,7.101242048,'PK-5
5354 - 5454,74,5354,CO-1420-5354,Lumberg Elementary,'PK-6,5454,CO-1420-5454,Mandalay Middle,'6-8,9.57229219,8.46236851,'6
5354 - 0030,75,5354,CO-1420-5354,Lumberg Elementary,'PK-6,30,CO-1420-0030,Adams Elementary,'PK-5,9.620781869,8.275288658,'PK-5
5354 - 2120,76,5354,CO-1420-5354,Lumberg Elementary,'PK-6,2120,CO-1420-2120,D'Evelyn Junior/Senior,'6-12,9.659237012,7.671033422,'6
5354 - 3536,77,5354,CO-1420-5354,Lumberg Elementary,'PK-6,3536,CO-1420-3536,Governor's Ranch Elementary,'PK-5,9.905524364,9.040800319,'PK-5
,,,CO-1420-,,',,CO-1420-,,',,,#N/A
5454 - 0030,2,5454,CO-1420-5454,Mandalay Middle,'6-8,30,CO-1420-0030,Adams Elementary,'PK-5,0.597591976,0.456208633,'No
5454 - 7753,3,5454,CO-1420-5454,Mandalay Middle,'6-8,7753,CO-1420-7753,Semper Elementary,'PK-5,0.692789352,0.351224821,'No
5454 - 5222,4,5454,CO-1420-5454,Mandalay Middle,'6-8,5222,CO-1420-5222,Little Elementary,'K-5,1.902058927,1.343693928,'No
5454 - 5350,5,5454,CO-1420-5454,Mandalay Middle,'6-8,5350,CO-1420-5350,Lukas Elementary,'K-5,2.423133897,1.541288439,'No
5454 - 8209,6,5454,CO-1420-5454,Mandalay Middle,'6-8,8209,CO-1420-8209,Standley Lake High,'9-12,2.438865958,1.67232317,'No
5454 - 9299,7,5454,CO-1420-5454,Mandalay Middle,'6-8,9299,CO-1420-9299,Wayne Carle Middle,'6-8,2.682076857,2.0604641,'6-8
5454 - 7114,8,5454,CO-1420-5454,Mandalay Middle,'6-8,7114,CO-1420-7114,Pomona Junior/Senior High,'6-12,2.788511575,1.734324968,'6-8
5454 - 7529,9,5454,CO-1420-5454,Mandalay Middle,'6-8,7529,CO-1420-7529,Ryan Elementary,'PK-5,3.147113862,2.371358521,'No
5454 - 9328,10,5454,CO-1420-5454,Mandalay Middle,'6-8,9328,CO-1420-9328,Weber Elementary,'PK-5,3.258065719,2.065335788,'No
5454 - 3726,11,5454,CO-1420-5454,Mandalay Middle,'6-8,3726,CO-1420-3726,Hackberry Hill Elementary,'K-5,3.286524957,2.634417325,'No
5454 - 9232,12,5454,CO-1420-5454,Mandalay Middle,'6-8,9232,CO-1420-9232,Warder Elementary,'PK-5,3.505752791,2.619095884,'No
5454 - 6330,13,5454,CO-1420-5454,Mandalay Middle,'6-8,6330,CO-1420-6330,North Arvada Middle,'6-8,4.058231777,3.019454017,'6-8
5454 - 0370,14,5454,CO-1420-5454,Mandalay Middle,'6-8,370,CO-1420-0370,Arvada High,'9-12,4.556952655,3.947484113,'No
5454 - 7870,15,5454,CO-1420-5454,Mandalay Middle,'6-8,7870,CO-1420-7870,Sierra Elementary,'PK-5,4.772226482,3.396148446,'No
5454 - 8432,16,5454,CO-1420-5454,Mandalay Middle,'6-8,8432,CO-1420-8432,Swanson Elementary,'K-5,4.986534855,3.615987073,'No
5454 - 7708,17,5454,CO-1420-5454,Mandalay Middle,'6-8,7708,CO-1420-7708,Secrest Elementary,'PK-5,5.074911548,4.060997383,'No
5454 - 5758,18,5454,CO-1420-5454,Mandalay Middle,'6-8,5758,CO-1420-5758,Meiklejohn Elementary,'PK-5,5.787978211,4.407717832,'No
5454 - 5024,19,5454,CO-1420-5454,Mandalay Middle,'6-8,5024,CO-1420-5024,Lawrence Elementary,'K-5,5.826079361,5.134938022,'No
5454 - 6470,20,5454,CO-1420-5454,Mandalay Middle,'6-8,6470,CO-1420-6470,Oberon Middle,'6-8,6.110792556,3.824341691,'6-8
5454 - 3088,21,5454,CO-1420-5454,Mandalay Middle,'6-8,3088,CO-1420-3088,Foster Dual Language PK-8 School,'PK-8,6.195115769,5.460611216,'6-8
5454 - 1244,22,5454,CO-1420-5454,Mandalay Middle,'6-8,1244,CO-1420-1244,Campbell Early Learning Center,'PK,6.24482066,4.557376338,'No
5454 - 7239,23,5454,CO-1420-5454,Mandalay Middle,'6-8,7239,CO-1420-7239,Ralston Valley High,'9-12,6.448093335,4.508785255,'No
5454 - 9052,24,5454,CO-1420-5454,Mandalay Middle,'6-8,9052,CO-1420-9052,Van Arsdale Elementary,'PK-5,6.521576528,4.771490875,'No
5454 - 9245,25,5454,CO-1420-5454,Mandalay Middle,'6-8,9245,CO-1420-9245,Warren Tech North,'11-12,7.101527875,5.182396465,'No
5454 - 3216,26,5454,CO-1420-5454,Mandalay Middle,'6-8,3216,CO-1420-3216,Fremont Elementary,'K-5,7.179563885,5.148658257,'No
5454 - 0378,27,5454,CO-1420-5454,Mandalay Middle,'6-8,378,CO-1420-0378,Arvada West High,'9-12,7.261539514,5.141093678,'No
5454 - 9058,28,5454,CO-1420-5454,Mandalay Middle,'6-8,9058,CO-1420-9058,Vanderhoof Elementary,'K-5,7.519956618,5.515780427,'No
5454 - 8036,29,5454,CO-1420-5454,Mandalay Middle,'6-8,8036,CO-1420-8036,Sobesky Academy,'K-12,7.928147975,6.868961513,'6-8
5454 - 6848,30,5454,CO-1420-5454,Mandalay Middle,'6-8,6848,CO-1420-6848,Peak Expeditionary-Pennington,'PK-5,7.978866422,6.539326579,'No
5454 - 8300,31,5454,CO-1420-5454,Mandalay Middle,'6-8,8300,CO-1420-8300,Stott Elementary,'PK-5,8.04265858,5.326368421,'No
5454 - 8223,32,5454,CO-1420-5454,Mandalay Middle,'6-8,8223,CO-1420-8223,Stevens Elementary,'PK-5,8.066341115,7.003466748,'No
5454 - 6285,33,5454,CO-1420-5454,Mandalay Middle,'6-8,6285,CO-1420-6285,Norma Anderson Early Learning Center,'PK,8.672098418,6.86606432,'No
5454 - 2820,34,5454,CO-1420-5454,Mandalay Middle,'6-8,2820,CO-1420-2820,Everitt Middle,'6-8,8.810847122,7.208177435,'6-8
5454 - 2288,35,5454,CO-1420-5454,Mandalay Middle,'6-8,2288,CO-1420-2288,Drake Middle,'6-8,9.016579994,6.682824499,'6-8
5454 - 9429,36,5454,CO-1420-5454,Mandalay Middle,'6-8,9429,CO-1420-9429,West Woods Elementary,'K-5,9.02721055,6.780272538,'No
5454 - 9510,37,5454,CO-1420-5454,Mandalay Middle,'6-8,9510,CO-1420-9510,Wheat Ridge High,'9-12,9.168378088,7.602276258,'No
5454 - 4422,38,5454,CO-1420-5454,Mandalay Middle,'6-8,4422,CO-1420-4422,Jefferson Junior/Senior High,'7-12,9.371985848,8.371803861,'7-8
5454 - 2496,39,5454,CO-1420-5454,Mandalay Middle,'6-8,2496,CO-1420-2496,Edgewater Elementary,'PK-6,9.413556019,8.430441555,'6
5454 - 5354,40,5454,CO-1420-5454,Mandalay Middle,'6-8,5354,CO-1420-5354,Lumberg Elementary,'PK-6,9.57229219,8.46236851,'6
5454 - 7962,41,5454,CO-1420-5454,Mandalay Middle,'6-8,7962,CO-1420-7962,Slater Elementary,'PK-5,9.611305326,8.383418763,'No
5454 - 8856,42,5454,CO-1420-5454,Mandalay Middle,'6-8,8856,CO-1420-8856,Three Creeks K-8,'K-8,9.778933928,7.870276122,'6-8
,,,CO-1420-,,',,CO-1420-,,',,,#N/A
5472 - 5524,2,5472,CO-1420-5472,Manning,'6-8,5524,CO-1420-5524,Maple Grove Elementary,'PK-5,0.187081505,0.079369839,'No
5472 - 8276,3,5472,CO-1420-5472,Manning,'6-8,8276,CO-1420-8276,Stober Elementary,'K-5,1.535114125,1.017112481,'No
5472 - 7190,4,5472,CO-1420-5472,Manning,'6-8,7190,CO-1420-7190,Prospect Valley Elementary,'K-5,1.582779535,1.342583964,'No
5472 - 9510,5,5472,CO-1420-5472,Manning,'6-8,9510,CO-1420-9510,Wheat Ridge High,'9-12,2.584135811,2.370318713,'No
5472 - 2288,6,5472,CO-1420-5472,Manning,'6-8,2288,CO-1420-2288,Drake Middle,'6-8,2.614700076,2.096457218,'6-8
5472 - 6285,7,5472,CO-1420-5472,Manning,'6-8,6285,CO-1420-6285,Norma Anderson Early Learning Center,'PK,2.719417486,2.023454538,'No
5472 - 2820,8,5472,CO-1420-5472,Manning,'6-8,2820,CO-1420-2820,Everitt Middle,'6-8,2.739510854,2.305484869,'6-8
5472 - 9342,9,5472,CO-1420-5472,Manning,'6-8,9342,CO-1420-9342,Welchester Elementary,'PK-5,2.744636076,1.940461876,'No
5472 - 3201,10,5472,CO-1420-5472,Manning,'6-8,3201,CO-1420-3201,Free Horizon Montessori,'PK-8,3.354904207,2.520586123,'6-8
5472 - 2866,11,5472,CO-1420-5472,Manning,'6-8,2866,CO-1420-2866,Fairmount Elementary,'K-5,3.532324708,2.456562952,'No
5472 - 6848,12,5472,CO-1420-5472,Manning,'6-8,6848,CO-1420-6848,Peak Expeditionary-Pennington,'PK-5,3.635118427,2.610425739,'No
5472 - 7962,13,5472,CO-1420-5472,Manning,'6-8,7962,CO-1420-7962,Slater Elementary,'PK-5,3.668750438,2.938938212,'No
5472 - 2550,14,5472,CO-1420-5472,Manning,'6-8,2550,CO-1420-2550,Eiber Elementary,'PK-5,3.875640716,2.786744944,'No
5472 - 9058,15,5472,CO-1420-5472,Manning,'6-8,9058,CO-1420-9058,Vanderhoof Elementary,'K-5,3.895011064,3.168834753,'No
5472 - 3216,16,5472,CO-1420-5472,Manning,'6-8,3216,CO-1420-3216,Fremont Elementary,'K-5,4.214741797,3.70647626,'No
5472 - 4830,17,5472,CO-1420-5472,Manning,'6-8,4830,CO-1420-4830,Kyffin Elementary,'PK-5,4.219189908,2.945020496,'No
5472 - 0378,18,5472,CO-1420-5472,Manning,'6-8,378,CO-1420-0378,Arvada West High,'9-12,4.231691997,3.595261736,'No
5472 - 9245,19,5472,CO-1420-5472,Manning,'6-8,9245,CO-1420-9245,Warren Tech North,'11-12,4.233952366,3.530004613,'No
5472 - 0694,20,5472,CO-1420-5472,Manning,'6-8,694,CO-1420-0694,Bell Middle,'6-8,4.240862136,3.137465122,'6-8
5472 - 8223,21,5472,CO-1420-5472,Manning,'6-8,8223,CO-1420-8223,Stevens Elementary,'PK-5,4.355308659,3.893262338,'No
5472 - 4942,22,5472,CO-1420-5472,Manning,'6-8,4942,CO-1420-4942,Lakewood High,'9-12,4.439426927,3.164614611,'No
5472 - 8300,23,5472,CO-1420-5472,Manning,'6-8,8300,CO-1420-8300,Stott Elementary,'PK-5,4.464406326,3.854655474,'No
5472 - 8036,24,5472,CO-1420-5472,Manning,'6-8,8036,CO-1420-8036,Sobesky Academy,'K-12,4.605671413,3.980786244,'6-8
5472 - 4422,25,5472,CO-1420-5472,Manning,'6-8,4422,CO-1420-4422,Jefferson Junior/Senior High,'7-12,4.701647517,4.036500369,'7-8
5472 - 4798,26,5472,CO-1420-5472,Manning,'6-8,4798,CO-1420-4798,Connections Learning Center,'6-8,4.735247002,3.209620446,'6-8
5472 - 5892,27,5472,CO-1420-5472,Manning,'6-8,5892,CO-1420-5892,Fletcher Miller Special,'PK-12,4.86811027,3.52576296,'6-8
5472 - 5354,28,5472,CO-1420-5472,Manning,'6-8,5354,CO-1420-5354,Lumberg Elementary,'PK-6,4.918034079,4.169439386,'6
5472 - 9432,29,5472,CO-1420-5472,Manning,'6-8,9432,CO-1420-9432,Dennison Elementary,'K-6,4.948437122,3.499220442,'6
5472 - 1244,30,5472,CO-1420-5472,Manning,'6-8,1244,CO-1420-1244,Campbell Early Learning Center,'PK,5.06052563,4.129092155,'No
5472 - 9234,31,5472,CO-1420-5472,Manning,'6-8,9234,CO-1420-9234,Warren Tech Central,'11-12,5.066823753,3.128014163,'No
5472 - 3502,32,5472,CO-1420-5472,Manning,'6-8,3502,CO-1420-3502,Golden High,'9-12,5.145721669,3.549001028,'No
5472 - 5024,33,5472,CO-1420-5472,Manning,'6-8,5024,CO-1420-5024,Lawrence Elementary,'K-5,5.146977385,4.222082761,'No
5472 - 0033,34,5472,CO-1420-5472,Manning,'6-8,33,CO-1420-0033,McLain Community High School,'9-12,5.226739202,3.167131637,'No
5472 - 1976,35,5472,CO-1420-5472,Manning,'6-8,1976,CO-1420-1976,Creighton Middle,'6-8,5.24718893,3.692921442,'6-8
5472 - 6539,36,5472,CO-1420-5472,Manning,'6-8,6539,CO-1420-6539,JeffCo Open Elementary,'PK-6,5.255268957,3.894637823,'6
5472 - 5623,37,5472,CO-1420-5472,Manning,'6-8,5623,CO-1420-5623,Long View,'10-12,5.302798205,3.290727725,'No
5472 - 2496,38,5472,CO-1420-5472,Manning,'6-8,2496,CO-1420-2496,Edgewater Elementary,'PK-6,5.558876059,4.883687076,'6
5472 - 5944,39,5472,CO-1420-5472,Manning,'6-8,5944,CO-1420-5944,Mitchell Elementary,'K-5,5.625376993,4.481513602,'No
5472 - 8102,40,5472,CO-1420-5472,Manning,'6-8,8102,CO-1420-8102,South Lakewood Elementary,'K-5,5.71611748,4.104756377,'No
5472 - 3025,41,5472,CO-1420-5472,Manning,'6-8,3025,CO-1420-3025,Foothills Elementary,'PK-5,5.765794163,3.981704836,'No
5472 - 3088,42,5472,CO-1420-5472,Manning,'6-8,3088,CO-1420-3088,Foster Dual Language PK-8 School,'PK-8,5.766312343,4.440514876,'6-8
5472 - 7833,43,5472,CO-1420-5472,Manning,'6-8,7833,CO-1420-7833,Shelton Elementary,'PK-5,5.866232618,4.411017256,'No
5472 - 6470,44,5472,CO-1420-5472,Manning,'6-8,6470,CO-1420-6470,Oberon Middle,'6-8,5.955758925,5.044473006,'6-8
5472 - 9052,45,5472,CO-1420-5472,Manning,'6-8,9052,CO-1420-9052,Van Arsdale Elementary,'PK-5,6.053288452,5.038274087,'No
5472 - 3628,46,5472,CO-1420-5472,Manning,'6-8,3628,CO-1420-3628,Green Mountain High,'9-12,6.346632116,4.60058405,'No
5472 - 0370,47,5472,CO-1420-5472,Manning,'6-8,370,CO-1420-0370,Arvada High,'9-12,6.491632897,5.096922517,'No
5472 - 2194,48,5472,CO-1420-5472,Manning,'6-8,2194,CO-1420-2194,Devinny Elementary,'K-5,6.553197892,5.151136776,'No
5472 - 0724,49,5472,CO-1420-5472,Manning,'6-8,724,CO-1420-0724,Belmar School of Integrated Arts,'K-5,6.563295861,4.761351821,'No
5472 - 2300,50,5472,CO-1420-5472,Manning,'6-8,2300,CO-1420-2300,Dunstan Middle,'6-8,6.676951473,5.255838606,'6-8
5472 - 7708,51,5472,CO-1420-5472,Manning,'6-8,7708,CO-1420-7708,Secrest Elementary,'PK-5,6.867084159,5.414944767,'No
5472 - 7870,52,5472,CO-1420-5472,Manning,'6-8,7870,CO-1420-7870,Sierra Elementary,'PK-5,6.881891914,5.575184945,'No
5472 - 4550,53,5472,CO-1420-5472,Manning,'6-8,4550,CO-1420-4550,Kendrick Lakes Elementary,'PK-5,6.890778595,5.253401143,'No
5472 - 7468,54,5472,CO-1420-5472,Manning,'6-8,7468,CO-1420-7468,Rose Stein International Elementary,'PK-6,6.915786304,4.944432154,'6
5472 - 9429,55,5472,CO-1420-5472,Manning,'6-8,9429,CO-1420-9429,West Woods Elementary,'K-5,7.019989033,5.001766837,'No
5472 - 7239,56,5472,CO-1420-5472,Manning,'6-8,7239,CO-1420-7239,Ralston Valley High,'9-12,7.054456102,5.732806008,'No
5472 - 6808,57,5472,CO-1420-5472,Manning,'6-8,6808,CO-1420-6808,Patterson Elementary,'PK-6,7.302416909,5.364688462,'6
5472 - 4190,58,5472,CO-1420-5472,Manning,'6-8,4190,CO-1420-4190,Hutchinson Elementary,'PK-5,7.350339588,5.469072886,'No
5472 - 7483,59,5472,CO-1420-5472,Manning,'6-8,7483,CO-1420-7483,Rooney Ranch Elementary,'K-5,7.691203899,5.709471664,'No
5472 - 8432,60,5472,CO-1420-5472,Manning,'6-8,8432,CO-1420-8432,Swanson Elementary,'K-5,7.693900344,6.09517762,'No
5472 - 1318,61,5472,CO-1420-5472,Manning,'6-8,1318,CO-1420-1318,Carmody Middle,'6-8,7.739572131,5.96002907,'6-8
5472 - 0108,62,5472,CO-1420-5472,Manning,'6-8,108,CO-1420-0108,Alameda Intl Junior/Senior High,'7-12,7.986321192,5.75926876,'7-8
5472 - 5758,63,5472,CO-1420-5472,Manning,'6-8,5758,CO-1420-5758,Meiklejohn Elementary,'PK-5,7.988152704,6.010577999,'No
5472 - 8090,64,5472,CO-1420-5472,Manning,'6-8,8090,CO-1420-8090,Deane Elementary,'PK-6,8.002541648,5.891710585,'6
5472 - 9232,65,5472,CO-1420-5472,Manning,'6-8,9232,CO-1420-9232,Warder Elementary,'PK-5,8.005870805,6.059604728,'No
5472 - 6330,66,5472,CO-1420-5472,Manning,'6-8,6330,CO-1420-6330,North Arvada Middle,'6-8,8.014444895,6.127115631,'6-8
5472 - 3726,67,5472,CO-1420-5472,Manning,'6-8,3726,CO-1420-3726,Hackberry Hill Elementary,'K-5,8.048927746,6.279792437,'No
5472 - 3622,68,5472,CO-1420-5472,Manning,'6-8,3622,CO-1420-3622,Green Gables Elementary,'PK-5,8.263564191,6.30997971,'No
5472 - 9328,69,5472,CO-1420-5472,Manning,'6-8,9328,CO-1420-9328,Weber Elementary,'PK-5,8.420281478,6.599394865,'No
5472 - 5004,70,5472,CO-1420-5472,Manning,'6-8,5004,CO-1420-5004,Lasley Elementary,'K-6,8.635925883,6.44056049,'6
5472 - 0965,71,5472,CO-1420-5472,Manning,'6-8,965,CO-1420-0965,Brady Exploration School,'10-12,8.766038483,6.428818068,'No
5472 - 7114,72,5472,CO-1420-5472,Manning,'6-8,7114,CO-1420-7114,Pomona Junior/Senior High,'6-12,8.952880931,6.924978012,'6-8
5472 - 9412,73,5472,CO-1420-5472,Manning,'6-8,9412,CO-1420-9412,Westgate Elementary,'PK-5,9.038846911,6.959816482,'No
5472 - 0660,74,5472,CO-1420-5472,Manning,'6-8,660,CO-1420-0660,Bear Creek K-8,'K-8,9.134775997,7.302968333,'6-8
5472 - 0664,75,5472,CO-1420-5472,Manning,'6-8,664,CO-1420-0664,Bear Creek High,'9-12,9.159625273,7.330550773,'No
5472 - 7282,76,5472,CO-1420-5472,Manning,'6-8,7282,CO-1420-7282,Red Rocks Elementary,'K-5,9.5368143,7.601994209,'No
5472 - 5222,77,5472,CO-1420-5472,Manning,'6-8,5222,CO-1420-5222,Little Elementary,'K-5,9.763278659,7.659044573,'No
,,,CO-1420-,,',,CO-1420-,,',,,#N/A
5524 - 5472,2,5524,CO-1420-5524,Maple Grove Elementary,'PK-5,5472,CO-1420-5472,Manning,'6-8,0.187081505,0.079369839,'No
5524 - 8276,3,5524,CO-1420-5524,Maple Grove Elementary,'PK-5,8276,CO-1420-8276,Stober Elementary,'K-5,1.625604302,0.964052768,'K-5
5524 - 7190,4,5524,CO-1420-5524,Maple Grove Elementary,'PK-5,7190,CO-1420-7190,Prospect Valley Elementary,'K-5,1.673269712,1.352845068,'K-5
5524 - 9510,5,5524,CO-1420-5524,Maple Grove Elementary,'PK-5,9510,CO-1420-9510,Wheat Ridge High,'9-12,2.674625988,2.371279557,'No
5524 - 2288,6,5524,CO-1420-5524,Maple Grove Elementary,'PK-5,2288,CO-1420-2288,Drake Middle,'6-8,2.705190253,2.172482174,'No
5524 - 6285,7,5524,CO-1420-5524,Maple Grove Elementary,'PK-5,6285,CO-1420-6285,Norma Anderson Early Learning Center,'PK,2.809907662,2.066228649,'PK
5524 - 2820,8,5524,CO-1420-5524,Maple Grove Elementary,'PK-5,2820,CO-1420-2820,Everitt Middle,'6-8,2.830001031,2.322209725,'No
5524 - 9342,9,5524,CO-1420-5524,Maple Grove Elementary,'PK-5,9342,CO-1420-9342,Welchester Elementary,'PK-5,2.835126253,1.861111253,'PK-5
5524 - 3201,10,5524,CO-1420-5524,Maple Grove Elementary,'PK-5,3201,CO-1420-3201,Free Horizon Montessori,'PK-8,3.391447964,2.466484526,'PK-5
5524 - 2866,11,5524,CO-1420-5524,Maple Grove Elementary,'PK-5,2866,CO-1420-2866,Fairmount Elementary,'K-5,3.660939838,2.523338493,'K-5
5524 - 6848,12,5524,CO-1420-5524,Maple Grove Elementary,'PK-5,6848,CO-1420-6848,Peak Expeditionary-Pennington,'PK-5,3.725608603,2.645796873,'PK-5
5524 - 7962,13,5524,CO-1420-5524,Maple Grove Elementary,'PK-5,7962,CO-1420-7962,Slater Elementary,'PK-5,3.759240615,2.914297441,'PK-5
5524 - 2550,14,5524,CO-1420-5524,Maple Grove Elementary,'PK-5,2550,CO-1420-2550,Eiber Elementary,'PK-5,3.966130893,2.734715102,'PK-5
5524 - 9058,15,5524,CO-1420-5524,Maple Grove Elementary,'PK-5,9058,CO-1420-9058,Vanderhoof Elementary,'K-5,3.985501241,3.238974679,'K-5
5524 - 0694,16,5524,CO-1420-5524,Maple Grove Elementary,'PK-5,694,CO-1420-0694,Bell Middle,'6-8,4.277405893,3.098673098,'No
5524 - 4830,17,5524,CO-1420-5524,Maple Grove Elementary,'PK-5,4830,CO-1420-4830,Kyffin Elementary,'PK-5,4.298667966,2.869910081,'PK-5
5524 - 3216,18,5524,CO-1420-5524,Maple Grove Elementary,'PK-5,3216,CO-1420-3216,Fremont Elementary,'K-5,4.305231974,3.781269843,'K-5
5524 - 0378,19,5524,CO-1420-5524,Maple Grove Elementary,'PK-5,378,CO-1420-0378,Arvada West High,'9-12,4.322182174,3.667405237,'No
5524 - 9245,20,5524,CO-1420-5524,Maple Grove Elementary,'PK-5,9245,CO-1420-9245,Warren Tech North,'11-12,4.324442542,3.601304671,'No
5524 - 8223,21,5524,CO-1420-5524,Maple Grove Elementary,'PK-5,8223,CO-1420-8223,Stevens Elementary,'PK-5,4.445798835,3.89895773,'PK-5
5524 - 4942,22,5524,CO-1420-5524,Maple Grove Elementary,'PK-5,4942,CO-1420-4942,Lakewood High,'9-12,4.529917104,3.102043797,'No
5524 - 8300,23,5524,CO-1420-5524,Maple Grove Elementary,'PK-5,8300,CO-1420-8300,Stott Elementary,'PK-5,4.554896503,3.932579697,'PK-5
5524 - 8036,24,5524,CO-1420-5524,Maple Grove Elementary,'PK-5,8036,CO-1420-8036,Sobesky Academy,'K-12,4.69616159,3.98884967,'K-5
5524 - 4798,25,5524,CO-1420-5524,Maple Grove Elementary,'PK-5,4798,CO-1420-4798,Connections Learning Center,'6-8,4.77179076,3.17665496,'No
5524 - 4422,26,5524,CO-1420-5524,Maple Grove Elementary,'PK-5,4422,CO-1420-4422,Jefferson Junior/Senior High,'7-12,4.792137693,4.014850386,'No
5524 - 5892,27,5524,CO-1420-5524,Maple Grove Elementary,'PK-5,5892,CO-1420-5892,Fletcher Miller Special,'PK-12,4.958600447,3.457120352,'PK-5
5524 - 5354,28,5524,CO-1420-5524,Maple Grove Elementary,'PK-5,5354,CO-1420-5354,Lumberg Elementary,'PK-6,5.008524256,4.146513566,'PK-5
5524 - 9432,29,5524,CO-1420-5524,Maple Grove Elementary,'PK-5,9432,CO-1420-9432,Dennison Elementary,'K-6,5.038927299,3.432506914,'K-5
5524 - 3502,30,5524,CO-1420-5524,Maple Grove Elementary,'PK-5,3502,CO-1420-3502,Golden High,'9-12,5.085869021,3.5326158,'No
5524 - 1244,31,5524,CO-1420-5524,Maple Grove Elementary,'PK-5,1244,CO-1420-1244,Campbell Early Learning Center,'PK,5.151015807,4.198518291,'PK
5524 - 9234,32,5524,CO-1420-5524,Maple Grove Elementary,'PK-5,9234,CO-1420-9234,Warren Tech Central,'11-12,5.15731393,3.049417495,'No
5524 - 5024,33,5524,CO-1420-5524,Maple Grove Elementary,'PK-5,5024,CO-1420-5024,Lawrence Elementary,'K-5,5.237467562,4.263861263,'K-5
5524 - 0033,34,5524,CO-1420-5524,Maple Grove Elementary,'PK-5,33,CO-1420-0033,McLain Community High School,'9-12,5.30621726,3.089116463,'No
5524 - 1976,35,5524,CO-1420-5524,Maple Grove Elementary,'PK-5,1976,CO-1420-1976,Creighton Middle,'6-8,5.337679107,3.624159976,'No
5524 - 6539,36,5524,CO-1420-5524,Maple Grove Elementary,'PK-5,6539,CO-1420-6539,JeffCo Open Elementary,'PK-6,5.345759134,3.849507438,'PK-5
5524 - 5623,37,5524,CO-1420-5524,Maple Grove Elementary,'PK-5,5623,CO-1420-5623,Long View,'10-12,5.382276264,3.212768851,'No
5524 - 2496,38,5524,CO-1420-5524,Maple Grove Elementary,'PK-5,2496,CO-1420-2496,Edgewater Elementary,'PK-6,5.649366236,4.863943453,'PK-5
5524 - 5944,39,5524,CO-1420-5524,Maple Grove Elementary,'PK-5,5944,CO-1420-5944,Mitchell Elementary,'K-5,5.753992122,4.493098966,'K-5
5524 - 8102,40,5524,CO-1420-5524,Maple Grove Elementary,'PK-5,8102,CO-1420-8102,South Lakewood Elementary,'K-5,5.806607656,4.043164523,'K-5
5524 - 3025,41,5524,CO-1420-5524,Maple Grove Elementary,'PK-5,3025,CO-1420-3025,Foothills Elementary,'PK-5,5.856284339,3.902703382,'PK-5
5524 - 3088,42,5524,CO-1420-5524,Maple Grove Elementary,'PK-5,3088,CO-1420-3088,Foster Dual Language PK-8 School,'PK-8,5.85680252,4.472775899,'PK-5
5524 - 7833,43,5524,CO-1420-5524,Maple Grove Elementary,'PK-5,7833,CO-1420-7833,Shelton Elementary,'PK-5,5.902776376,4.37228576,'PK-5
5524 - 6470,44,5524,CO-1420-5524,Maple Grove Elementary,'PK-5,6470,CO-1420-6470,Oberon Middle,'6-8,6.046249101,5.117532094,'No
5524 - 9052,45,5524,CO-1420-5524,Maple Grove Elementary,'PK-5,9052,CO-1420-9052,Van Arsdale Elementary,'PK-5,6.143778629,5.117092956,'PK-5
5524 - 3628,46,5524,CO-1420-5524,Maple Grove Elementary,'PK-5,3628,CO-1420-3628,Green Mountain High,'9-12,6.437122293,4.521510295,'No
5524 - 0370,47,5524,CO-1420-5524,Maple Grove Elementary,'PK-5,370,CO-1420-0370,Arvada High,'9-12,6.582123074,5.14962732,'No
5524 - 2194,48,5524,CO-1420-5524,Maple Grove Elementary,'PK-5,2194,CO-1420-2194,Devinny Elementary,'K-5,6.643688069,5.071816799,'K-5
5524 - 0724,49,5524,CO-1420-5524,Maple Grove Elementary,'PK-5,724,CO-1420-0724,Belmar School of Integrated Arts,'K-5,6.653786038,4.689288566,'K-5
5524 - 2300,50,5524,CO-1420-5524,Maple Grove Elementary,'PK-5,2300,CO-1420-2300,Dunstan Middle,'6-8,6.767441649,5.176501968,'No
5524 - 7708,51,5524,CO-1420-5524,Maple Grove Elementary,'PK-5,7708,CO-1420-7708,Secrest Elementary,'PK-5,6.957574336,5.461345818,'PK-5
5524 - 7870,52,5524,CO-1420-5524,Maple Grove Elementary,'PK-5,7870,CO-1420-7870,Sierra Elementary,'PK-5,6.972382091,5.64871438,'PK-5
5524 - 4550,53,5524,CO-1420-5524,Maple Grove Elementary,'PK-5,4550,CO-1420-4550,Kendrick Lakes Elementary,'PK-5,6.981268771,5.178672972,'PK-5
5524 - 7468,54,5524,CO-1420-5524,Maple Grove Elementary,'PK-5,7468,CO-1420-7468,Rose Stein International Elementary,'PK-6,7.006276481,4.888000451,'PK-5
5524 - 7239,55,5524,CO-1420-5524,Maple Grove Elementary,'PK-5,7239,CO-1420-7239,Ralston Valley High,'9-12,7.144946279,5.811769362,'No
5524 - 9429,56,5524,CO-1420-5524,Maple Grove Elementary,'PK-5,9429,CO-1420-9429,West Woods Elementary,'K-5,7.148604163,5.077562366,'K-5
5524 - 6808,57,5524,CO-1420-5524,Maple Grove Elementary,'PK-5,6808,CO-1420-6808,Patterson Elementary,'PK-6,7.392907086,5.292554441,'PK-5
5524 - 4190,58,5524,CO-1420-5524,Maple Grove Elementary,'PK-5,4190,CO-1420-4190,Hutchinson Elementary,'PK-5,7.440829765,5.390085975,'PK-5
5524 - 7483,59,5524,CO-1420-5524,Maple Grove Elementary,'PK-5,7483,CO-1420-7483,Rooney Ranch Elementary,'K-5,7.781694076,5.631034196,'K-5
5524 - 8432,60,5524,CO-1420-5524,Maple Grove Elementary,'PK-5,8432,CO-1420-8432,Swanson Elementary,'K-5,7.784390521,6.141910246,'K-5
5524 - 1318,61,5524,CO-1420-5524,Maple Grove Elementary,'PK-5,1318,CO-1420-1318,Carmody Middle,'6-8,7.830062308,5.882968093,'No
5524 - 0108,62,5524,CO-1420-5524,Maple Grove Elementary,'PK-5,108,CO-1420-0108,Alameda Intl Junior/Senior High,'7-12,8.076811369,5.690296366,'No
5524 - 5758,63,5524,CO-1420-5524,Maple Grove Elementary,'PK-5,5758,CO-1420-5758,Meiklejohn Elementary,'PK-5,8.078642881,6.089553542,'PK-5
5524 - 8090,64,5524,CO-1420-5524,Maple Grove Elementary,'PK-5,8090,CO-1420-8090,Deane Elementary,'PK-6,8.093031825,5.835050007,'PK-5
5524 - 9232,65,5524,CO-1420-5524,Maple Grove Elementary,'PK-5,9232,CO-1420-9232,Warder Elementary,'PK-5,8.096360981,6.123561076,'PK-5
5524 - 6330,66,5524,CO-1420-5524,Maple Grove Elementary,'PK-5,6330,CO-1420-6330,North Arvada Middle,'6-8,8.104935072,6.181536434,'No
5524 - 3726,67,5524,CO-1420-5524,Maple Grove Elementary,'PK-5,3726,CO-1420-3726,Hackberry Hill Elementary,'K-5,8.139417922,6.338249079,'K-5
5524 - 3622,68,5524,CO-1420-5524,Maple Grove Elementary,'PK-5,3622,CO-1420-3622,Green Gables Elementary,'PK-5,8.354054368,6.235497953,'PK-5
5524 - 9328,69,5524,CO-1420-5524,Maple Grove Elementary,'PK-5,9328,CO-1420-9328,Weber Elementary,'PK-5,8.510771655,6.666187926,'PK-5
5524 - 5004,70,5524,CO-1420-5524,Maple Grove Elementary,'PK-5,5004,CO-1420-5004,Lasley Elementary,'K-6,8.72641606,6.376119489,'K-5
5524 - 0965,71,5524,CO-1420-5524,Maple Grove Elementary,'PK-5,965,CO-1420-0965,Brady Exploration School,'10-12,8.85652866,6.372009869,'No
5524 - 7114,72,5524,CO-1420-5524,Maple Grove Elementary,'PK-5,7114,CO-1420-7114,Pomona Junior/Senior High,'6-12,9.043371108,6.990886967,'No
5524 - 9412,73,5524,CO-1420-5524,Maple Grove Elementary,'PK-5,9412,CO-1420-9412,Westgate Elementary,'PK-5,9.129337088,6.884485993,'PK-5
5524 - 0660,74,5524,CO-1420-5524,Maple Grove Elementary,'PK-5,660,CO-1420-0660,Bear Creek K-8,'K-8,9.225266173,7.225295524,'K-5
5524 - 0664,75,5524,CO-1420-5524,Maple Grove Elementary,'PK-5,664,CO-1420-0664,Bear Creek High,'9-12,9.25011545,7.252155117,'No
5524 - 7282,76,5524,CO-1420-5524,Maple Grove Elementary,'PK-5,7282,CO-1420-7282,Red Rocks Elementary,'K-5,9.586286626,7.531334295,'K-5
5524 - 5222,77,5524,CO-1420-5524,Maple Grove Elementary,'PK-5,5222,CO-1420-5222,Little Elementary,'K-5,9.853768836,7.719719313,'K-5
,,,CO-1420-,,',,CO-1420-,,',,,#N/A
5580 - 9428,2,5580,CO-1420-5580,Marshdale Elementary,'PK-5,9428,CO-1420-9428,West Jefferson Middle,'6-8,3.851987973,2.955225466,'No
5580 - 2836,3,5580,CO-1420-5580,Marshdale Elementary,'PK-5,2836,CO-1420-2836,Evergreen High,'9-12,4.272226937,2.677131593,'No
5580 - 9648,4,5580,CO-1420-5580,Marshdale Elementary,'PK-5,9648,CO-1420-9648,Wilmot Elementary,'PK-5,4.583616423,2.869592165,'PK-5
5580 - 9424,5,5580,CO-1420-5580,Marshdale Elementary,'PK-5,9424,CO-1420-9424,West Jefferson Elementary,'PK-5,4.736285925,3.401648356,'PK-5
5580 - 1886,6,5580,CO-1420-5580,Marshdale Elementary,'PK-5,1886,CO-1420-1886,Conifer High,'9-12,5.409926304,4.228964108,'No
5580 - 2832,7,5580,CO-1420-5580,Marshdale Elementary,'PK-5,2832,CO-1420-2832,Evergreen Middle,'6-8,8.69133737,6.816074502,'No
5580 - 6804,8,5580,CO-1420-5580,Marshdale Elementary,'PK-5,6804,CO-1420-6804,Parmalee Elementary,'K-5,9.314729976,3.870061788,'K-5
,,,CO-1420-,,',,CO-1420-,,',,,#N/A
5623 - 0033,2,5623,CO-1420-5623,Long View,'10-12,33,CO-1420-0033,McLain Community High School,'9-12,0.285249842,0.124222375,'10-12
5623 - 9234,3,5623,CO-1420-5623,Long View,'10-12,9234,CO-1420-9234,Warren Tech Central,'11-12,0.461115157,0.225451792,'11-12
5623 - 4830,4,5623,CO-1420-5623,Long View,'10-12,4830,CO-1420-4830,Kyffin Elementary,'PK-5,1.96545166,0.551533122,'No
5623 - 3025,5,5623,CO-1420-5623,Long View,'10-12,3025,CO-1420-3025,Foothills Elementary,'PK-5,2.820936763,0.76564595,'No
5623 - 5892,6,5623,CO-1420-5623,Long View,'10-12,5892,CO-1420-5892,Fletcher Miller Special,'PK-12,2.997156489,2.369519589,'10-12
5623 - 9432,7,5623,CO-1420-5623,Long View,'10-12,9432,CO-1420-9432,Dennison Elementary,'K-6,3.077483341,2.503664057,'No
5623 - 1976,8,5623,CO-1420-5623,Long View,'10-12,1976,CO-1420-1976,Creighton Middle,'6-8,3.080591373,2.437641323,'No
5623 - 3201,9,5623,CO-1420-5623,Long View,'10-12,3201,CO-1420-3201,Free Horizon Montessori,'PK-8,3.204553785,1.925180047,'No
5623 - 9342,10,5623,CO-1420-5623,Long View,'10-12,9342,CO-1420-9342,Welchester Elementary,'PK-5,3.281262072,1.413043635,'No
5623 - 4942,11,5623,CO-1420-5623,Long View,'10-12,4942,CO-1420-4942,Lakewood High,'9-12,3.464717867,2.639134421,'10-12
5623 - 3628,12,5623,CO-1420-5623,Long View,'10-12,3628,CO-1420-3628,Green Mountain High,'9-12,3.546849267,1.367384544,'10-12
5623 - 2194,13,5623,CO-1420-5623,Long View,'10-12,2194,CO-1420-2194,Devinny Elementary,'K-5,3.848101217,1.961852192,'No
5623 - 8102,14,5623,CO-1420-5623,Long View,'10-12,8102,CO-1420-8102,South Lakewood Elementary,'K-5,3.854974052,3.179938249,'No
5623 - 2300,15,5623,CO-1420-5623,Long View,'10-12,2300,CO-1420-2300,Dunstan Middle,'6-8,3.971854797,2.071651841,'No
5623 - 2550,16,5623,CO-1420-5623,Long View,'10-12,2550,CO-1420-2550,Eiber Elementary,'PK-5,4.007268324,3.029642934,'No
5623 - 8276,17,5623,CO-1420-5623,Long View,'10-12,8276,CO-1420-8276,Stober Elementary,'K-5,4.10556625,2.867511405,'No
5623 - 0694,18,5623,CO-1420-5623,Long View,'10-12,694,CO-1420-0694,Bell Middle,'6-8,4.13381605,2.690658033,'No
5623 - 0724,19,5623,CO-1420-5623,Long View,'10-12,724,CO-1420-0724,Belmar School of Integrated Arts,'K-5,4.179195155,2.81309994,'No
5623 - 4550,20,5623,CO-1420-5623,Long View,'10-12,4550,CO-1420-4550,Kendrick Lakes Elementary,'PK-5,4.458839745,2.924946959,'No
5623 - 4190,21,5623,CO-1420-5623,Long View,'10-12,4190,CO-1420-4190,Hutchinson Elementary,'PK-5,4.550556739,2.210807275,'No
5623 - 4798,22,5623,CO-1420-5623,Long View,'10-12,4798,CO-1420-4798,Connections Learning Center,'6-8,4.611602908,2.95824249,'No
5623 - 6539,23,5623,CO-1420-5623,Long View,'10-12,6539,CO-1420-6539,JeffCo Open Elementary,'PK-6,4.737576925,3.922958532,'No
5623 - 7190,24,5623,CO-1420-5623,Long View,'10-12,7190,CO-1420-7190,Prospect Valley Elementary,'K-5,4.84802296,3.89002322,'No
5623 - 6808,25,5623,CO-1420-5623,Long View,'10-12,6808,CO-1420-6808,Patterson Elementary,'PK-6,4.87047806,3.278072072,'No
5623 - 7483,26,5623,CO-1420-5623,Long View,'10-12,7483,CO-1420-7483,Rooney Ranch Elementary,'K-5,4.89142105,2.423281514,'No
5623 - 1318,27,5623,CO-1420-5623,Long View,'10-12,1318,CO-1420-1318,Carmody Middle,'6-8,5.034475456,3.262388623,'No
5623 - 7833,28,5623,CO-1420-5623,Long View,'10-12,7833,CO-1420-7833,Shelton Elementary,'PK-5,5.101775025,3.389738536,'No
5623 - 7468,29,5623,CO-1420-5623,Long View,'10-12,7468,CO-1420-7468,Rose Stein International Elementary,'PK-6,5.148022562,4.078471983,'No
5623 - 5472,30,5623,CO-1420-5623,Long View,'10-12,5472,CO-1420-5472,Manning,'6-8,5.302798205,3.290727725,'No
5623 - 7962,31,5623,CO-1420-5623,Long View,'10-12,7962,CO-1420-7962,Slater Elementary,'PK-5,5.376989077,4.090151208,'No
5623 - 5524,32,5623,CO-1420-5623,Long View,'10-12,5524,CO-1420-5524,Maple Grove Elementary,'PK-5,5.382276264,3.212768851,'No
5623 - 3502,33,5623,CO-1420-5623,Long View,'10-12,3502,CO-1420-3502,Golden High,'9-12,5.394099906,3.769783122,'10-12
5623 - 0108,34,5623,CO-1420-5623,Long View,'10-12,108,CO-1420-0108,Alameda Intl Junior/Senior High,'7-12,5.554382343,3.876308617,'10-12
5623 - 9510,35,5623,CO-1420-5623,Long View,'10-12,9510,CO-1420-9510,Wheat Ridge High,'9-12,5.718510725,4.389733613,'10-12
5623 - 8090,36,5623,CO-1420-5623,Long View,'10-12,8090,CO-1420-8090,Deane Elementary,'PK-6,5.815495679,4.819368267,'No
5623 - 3622,37,5623,CO-1420-5623,Long View,'10-12,3622,CO-1420-3622,Green Gables Elementary,'PK-5,5.830705001,3.868429078,'No
5623 - 2820,38,5623,CO-1420-5623,Long View,'10-12,2820,CO-1420-2820,Everitt Middle,'6-8,6.024024373,4.669211309,'No
5623 - 4422,39,5623,CO-1420-5623,Long View,'10-12,4422,CO-1420-4422,Jefferson Junior/Senior High,'7-12,6.400713879,4.948898134,'10-12
5623 - 5004,40,5623,CO-1420-5623,Long View,'10-12,5004,CO-1420-5004,Lasley Elementary,'K-6,6.417147293,4.792791759,'No
5623 - 0660,41,5623,CO-1420-5623,Long View,'10-12,660,CO-1420-0660,Bear Creek K-8,'K-8,6.429679321,4.444654752,'No
5623 - 5354,42,5623,CO-1420-5623,Long View,'10-12,5354,CO-1420-5354,Lumberg Elementary,'PK-6,6.43849154,5.00483261,'No
5623 - 0664,43,5623,CO-1420-5623,Long View,'10-12,664,CO-1420-0664,Bear Creek High,'9-12,6.454528598,4.373010224,'10-12
5623 - 0965,44,5623,CO-1420-5623,Long View,'10-12,965,CO-1420-0965,Brady Exploration School,'10-12,6.577264125,5.266080503,'10-12
5623 - 9412,45,5623,CO-1420-5623,Long View,'10-12,9412,CO-1420-9412,Westgate Elementary,'PK-5,6.605987721,4.379914831,'No
5623 - 6285,46,5623,CO-1420-5623,Long View,'10-12,6285,CO-1420-6285,Norma Anderson Early Learning Center,'PK,6.870085586,4.888340926,'No
5623 - 6848,47,5623,CO-1420-5623,Long View,'10-12,6848,CO-1420-6848,Peak Expeditionary-Pennington,'PK-5,6.919631945,5.275681447,'No
5623 - 2496,48,5623,CO-1420-5623,Long View,'10-12,2496,CO-1420-2496,Edgewater Elementary,'PK-6,7.295194957,5.687201849,'No
5623 - 5944,49,5623,CO-1420-5623,Long View,'10-12,5944,CO-1420-5944,Mitchell Elementary,'K-5,7.2991585,5.428932591,'No
5623 - 2288,50,5623,CO-1420-5623,Long View,'10-12,2288,CO-1420-2288,Drake Middle,'6-8,7.310361085,5.379414486,'No
5623 - 8223,51,5623,CO-1420-5623,Long View,'10-12,8223,CO-1420-8223,Stevens Elementary,'PK-5,7.515108442,5.681674432,'No
5623 - 2120,52,5623,CO-1420-5623,Long View,'10-12,2120,CO-1420-2120,D'Evelyn Junior/Senior,'6-12,7.695659005,5.171416264,'10-12
5623 - 8036,53,5623,CO-1420-5623,Long View,'10-12,8036,CO-1420-8036,Sobesky Academy,'K-12,7.765471197,5.820311895,'10-12
5623 - 2866,54,5623,CO-1420-5623,Long View,'10-12,2866,CO-1420-2866,Fairmount Elementary,'K-5,7.93563705,5.339669417,'No
5623 - 7282,55,5623,CO-1420-5623,Long View,'10-12,7282,CO-1420-7282,Red Rocks Elementary,'K-5,8.569765501,4.537648026,'No
5623 - 9058,56,5623,CO-1420-5623,Long View,'10-12,9058,CO-1420-9058,Vanderhoof Elementary,'K-5,8.590672074,6.383966657,'No
5623 - 5024,57,5623,CO-1420-5623,Long View,'10-12,5024,CO-1420-5024,Lawrence Elementary,'K-5,8.730550862,6.873567871,'No
5623 - 3216,58,5623,CO-1420-5623,Long View,'10-12,3216,CO-1420-3216,Fremont Elementary,'K-5,8.910402807,6.975392404,'No
5623 - 0378,59,5623,CO-1420-5623,Long View,'10-12,378,CO-1420-0378,Arvada West High,'9-12,8.927353007,6.833201697,'10-12
5623 - 9245,60,5623,CO-1420-5623,Long View,'10-12,9245,CO-1420-9245,Warren Tech North,'11-12,8.929613375,6.757272369,'11-12
5623 - 8300,61,5623,CO-1420-5623,Long View,'10-12,8300,CO-1420-8300,Stott Elementary,'PK-5,9.160067335,7.145345289,'No
5623 - 3088,62,5623,CO-1420-5623,Long View,'10-12,3088,CO-1420-3088,Foster Dual Language PK-8 School,'PK-8,9.202978866,6.853913481,'No
5623 - 3536,63,5623,CO-1420-5623,Long View,'10-12,3536,CO-1420-3536,Governor's Ranch Elementary,'PK-5,9.24797002,6.981527721,'No
5623 - 1244,64,5623,CO-1420-5623,Long View,'10-12,1244,CO-1420-1244,Campbell Early Learning Center,'PK,9.397360867,7.323905042,'No
5623 - 9490,65,5623,CO-1420-5623,Long View,'10-12,9490,CO-1420-9490,Westridge Elementary,'K-5,9.742827069,7.080136869,'No
5623 - 4549,66,5623,CO-1420-5623,Long View,'10-12,4549,CO-1420-4549,Kendallvue Elementary,'PK-5,9.795887543,5.664995668,'No
,,,CO-1420-,,',,CO-1420-,,',,,#N/A
5758 - 7239,2,5758,CO-1420-5758,Meiklejohn Elementary,'PK-5,7239,CO-1420-7239,Ralston Valley High,'9-12,2.238185733,0.277925429,'No
5758 - 7870,3,5758,CO-1420-5758,Meiklejohn Elementary,'PK-5,7870,CO-1420-7870,Sierra Elementary,'PK-5,2.399307854,1.7192682,'PK-5
5758 - 9052,4,5758,CO-1420-5758,Meiklejohn Elementary,'PK-5,9052,CO-1420-9052,Van Arsdale Elementary,'PK-5,2.812055591,0.977587909,'PK-5
5758 - 6470,5,5758,CO-1420-5758,Meiklejohn Elementary,'PK-5,6470,CO-1420-6470,Oberon Middle,'6-8,2.96448701,1.927879637,'No
5758 - 9429,6,5758,CO-1420-5758,Meiklejohn Elementary,'PK-5,9429,CO-1420-9429,West Woods Elementary,'K-5,3.565423075,2.420215989,'K-5
5758 - 9328,7,5758,CO-1420-5758,Meiklejohn Elementary,'PK-5,9328,CO-1420-9328,Weber Elementary,'PK-5,3.739471455,3.012663176,'PK-5
5758 - 9232,8,5758,CO-1420-5758,Meiklejohn Elementary,'PK-5,9232,CO-1420-9232,Warder Elementary,'PK-5,3.829106797,3.20391864,'PK-5
5758 - 3216,9,5758,CO-1420-5758,Meiklejohn Elementary,'PK-5,3216,CO-1420-3216,Fremont Elementary,'K-5,3.881175912,2.575506766,'K-5
5758 - 1244,10,5758,CO-1420-5758,Meiklejohn Elementary,'PK-5,1244,CO-1420-1244,Campbell Early Learning Center,'PK,3.896348583,2.767301699,'PK
5758 - 0378,11,5758,CO-1420-5758,Meiklejohn Elementary,'PK-5,378,CO-1420-0378,Arvada West High,'9-12,4.012240878,2.867999253,'No
5758 - 9245,12,5758,CO-1420-5758,Meiklejohn Elementary,'PK-5,9245,CO-1420-9245,Warren Tech North,'11-12,4.048094669,2.977303781,'No
5758 - 8300,13,5758,CO-1420-5758,Meiklejohn Elementary,'PK-5,8300,CO-1420-8300,Stott Elementary,'PK-5,4.174354153,2.201601795,'PK-5
5758 - 7114,14,5758,CO-1420-5758,Meiklejohn Elementary,'PK-5,7114,CO-1420-7114,Pomona Junior/Senior High,'6-12,4.272070908,3.283285475,'No
5758 - 9299,15,5758,CO-1420-5758,Meiklejohn Elementary,'PK-5,9299,CO-1420-9299,Wayne Carle Middle,'6-8,4.279881788,2.904884503,'No
5758 - 8856,16,5758,CO-1420-5758,Meiklejohn Elementary,'PK-5,8856,CO-1420-8856,Three Creeks K-8,'K-8,4.420829595,4.002412702,'K-5
5758 - 9058,17,5758,CO-1420-5758,Meiklejohn Elementary,'PK-5,9058,CO-1420-9058,Vanderhoof Elementary,'K-5,4.426362302,3.312486389,'K-5
5758 - 3726,18,5758,CO-1420-5758,Meiklejohn Elementary,'PK-5,3726,CO-1420-3726,Hackberry Hill Elementary,'K-5,4.671648314,3.914064372,'K-5
5758 - 5350,19,5758,CO-1420-5758,Meiklejohn Elementary,'PK-5,5350,CO-1420-5350,Lukas Elementary,'K-5,4.969174492,3.067030519,'K-5
5758 - 7753,20,5758,CO-1420-5758,Meiklejohn Elementary,'PK-5,7753,CO-1420-7753,Semper Elementary,'PK-5,5.187860141,4.070655584,'PK-5
5758 - 5222,21,5758,CO-1420-5758,Meiklejohn Elementary,'PK-5,5222,CO-1420-5222,Little Elementary,'K-5,5.208419014,4.357108036,'K-5
5758 - 8209,22,5758,CO-1420-5758,Meiklejohn Elementary,'PK-5,8209,CO-1420-8209,Standley Lake High,'9-12,5.497655551,3.686791037,'No
5758 - 6330,23,5758,CO-1420-5758,Meiklejohn Elementary,'PK-5,6330,CO-1420-6330,North Arvada Middle,'6-8,5.507529126,4.27500145,'No
5758 - 0370,24,5758,CO-1420-5758,Meiklejohn Elementary,'PK-5,370,CO-1420-0370,Arvada High,'9-12,5.586406411,4.156345657,'No
5758 - 2288,25,5758,CO-1420-5758,Meiklejohn Elementary,'PK-5,2288,CO-1420-2288,Drake Middle,'6-8,5.729980123,3.975507751,'No
5758 - 2866,26,5758,CO-1420-5758,Meiklejohn Elementary,'PK-5,2866,CO-1420-2866,Fairmount Elementary,'K-5,5.735214747,4.381975854,'K-5
5758 - 5454,27,5758,CO-1420-5758,Meiklejohn Elementary,'PK-5,5454,CO-1420-5454,Mandalay Middle,'6-8,5.787978211,4.407717832,'No
5758 - 0030,28,5758,CO-1420-5758,Meiklejohn Elementary,'PK-5,30,CO-1420-0030,Adams Elementary,'PK-5,5.886574019,4.729304692,'PK-5
5758 - 5024,29,5758,CO-1420-5758,Meiklejohn Elementary,'PK-5,5024,CO-1420-5024,Lawrence Elementary,'K-5,6.223887468,4.834173357,'K-5
5758 - 7708,30,5758,CO-1420-5758,Meiklejohn Elementary,'PK-5,7708,CO-1420-7708,Secrest Elementary,'PK-5,6.225322351,4.752162157,'PK-5
5758 - 8432,31,5758,CO-1420-5758,Meiklejohn Elementary,'PK-5,8432,CO-1420-8432,Swanson Elementary,'K-5,6.283885124,4.970573319,'K-5
5758 - 6848,32,5758,CO-1420-5758,Meiklejohn Elementary,'PK-5,6848,CO-1420-6848,Peak Expeditionary-Pennington,'PK-5,7.113993995,5.154977593,'PK-5
5758 - 3088,33,5758,CO-1420-5758,Meiklejohn Elementary,'PK-5,3088,CO-1420-3088,Foster Dual Language PK-8 School,'PK-8,7.133373068,5.454244241,'PK-5
5758 - 6285,34,5758,CO-1420-5758,Meiklejohn Elementary,'PK-5,6285,CO-1420-6285,Norma Anderson Early Learning Center,'PK,7.373419216,5.043890579,'PK
5758 - 2820,35,5758,CO-1420-5758,Meiklejohn Elementary,'PK-5,2820,CO-1420-2820,Everitt Middle,'6-8,7.51216792,5.77589796,'No
5758 - 5472,36,5758,CO-1420-5758,Meiklejohn Elementary,'PK-5,5472,CO-1420-5472,Manning,'6-8,7.988152704,6.010577999,'No
5758 - 5524,37,5758,CO-1420-5758,Meiklejohn Elementary,'PK-5,5524,CO-1420-5524,Maple Grove Elementary,'PK-5,8.078642881,6.089553542,'PK-5
5758 - 9510,38,5758,CO-1420-5758,Meiklejohn Elementary,'PK-5,9510,CO-1420-9510,Wheat Ridge High,'9-12,8.304196226,6.24672765,'No
5758 - 7529,39,5758,CO-1420-5758,Meiklejohn Elementary,'PK-5,7529,CO-1420-7529,Ryan Elementary,'PK-5,8.323302509,6.173907535,'PK-5
5758 - 8036,40,5758,CO-1420-5758,Meiklejohn Elementary,'PK-5,8036,CO-1420-8036,Sobesky Academy,'K-12,8.656014032,6.544565436,'K-5
5758 - 8223,41,5758,CO-1420-5758,Meiklejohn Elementary,'PK-5,8223,CO-1420-8223,Stevens Elementary,'PK-5,8.793454993,6.613200284,'PK-5
5758 - 8276,42,5758,CO-1420-5758,Meiklejohn Elementary,'PK-5,8276,CO-1420-8276,Stober Elementary,'K-5,8.848851794,6.683566366,'K-5
5758 - 7190,43,5758,CO-1420-5758,Meiklejohn Elementary,'PK-5,7190,CO-1420-7190,Prospect Valley Elementary,'K-5,8.874460881,5.891616667,'K-5
5758 - 7962,44,5758,CO-1420-5758,Meiklejohn Elementary,'PK-5,7962,CO-1420-7962,Slater Elementary,'PK-5,9.605933327,7.263294116,'PK-5
5758 - 5944,45,5758,CO-1420-5758,Meiklejohn Elementary,'PK-5,5944,CO-1420-5944,Mitchell Elementary,'K-5,9.819769352,7.361978618,'K-5
5758 - 2550,46,5758,CO-1420-5758,Meiklejohn Elementary,'PK-5,2550,CO-1420-2550,Eiber Elementary,'PK-5,9.932612781,7.968844677,'PK-5
,,,CO-1420-,,',,CO-1420-,,',,,#N/A
5892 - 9432,2,5892,CO-1420-5892,Fletcher Miller Special,'PK-12,9432,CO-1420-9432,Dennison Elementary,'K-6,0.285850594,0.163957915,'K-6
5892 - 1976,3,5892,CO-1420-5892,Fletcher Miller Special,'PK-12,1976,CO-1420-1976,Creighton Middle,'6-8,0.491519244,0.167443085,'6-8
5892 - 4942,4,5892,CO-1420-5892,Fletcher Miller Special,'PK-12,4942,CO-1420-4942,Lakewood High,'9-12,0.997727092,0.576562909,'9-12
5892 - 8102,5,5892,CO-1420-5892,Fletcher Miller Special,'PK-12,8102,CO-1420-8102,South Lakewood Elementary,'K-5,1.265901924,0.828911163,'K-5
5892 - 2550,6,5892,CO-1420-5892,Fletcher Miller Special,'PK-12,2550,CO-1420-2550,Eiber Elementary,'PK-5,1.542090366,1.254486978,'PK-5
5892 - 0724,7,5892,CO-1420-5892,Fletcher Miller Special,'PK-12,724,CO-1420-0724,Belmar School of Integrated Arts,'K-5,1.807626175,1.290977641,'K-5
5892 - 4550,8,5892,CO-1420-5892,Fletcher Miller Special,'PK-12,4550,CO-1420-4550,Kendrick Lakes Elementary,'PK-5,2.137435767,1.891445643,'PK-5
5892 - 6539,9,5892,CO-1420-5892,Fletcher Miller Special,'PK-12,6539,CO-1420-6539,JeffCo Open Elementary,'PK-6,2.241800491,1.649361598,'PK-6
5892 - 6808,10,5892,CO-1420-5892,Fletcher Miller Special,'PK-12,6808,CO-1420-6808,Patterson Elementary,'PK-6,2.549074082,1.882902491,'PK-6
5892 - 7468,11,5892,CO-1420-5892,Fletcher Miller Special,'PK-12,7468,CO-1420-7468,Rose Stein International Elementary,'PK-6,2.558950434,1.769409315,'PK-6
5892 - 9234,12,5892,CO-1420-5892,Fletcher Miller Special,'PK-12,9234,CO-1420-9234,Warren Tech Central,'11-12,2.645826208,2.183114424,'11-12
5892 - 9342,13,5892,CO-1420-5892,Fletcher Miller Special,'PK-12,9342,CO-1420-9342,Welchester Elementary,'PK-5,2.825423847,2.114959488,'PK-5
5892 - 7962,14,5892,CO-1420-5892,Fletcher Miller Special,'PK-12,7962,CO-1420-7962,Slater Elementary,'PK-5,2.881212643,2.348424675,'PK-5
5892 - 5623,15,5892,CO-1420-5892,Fletcher Miller Special,'PK-12,5623,CO-1420-5623,Long View,'10-12,2.997156489,2.369519589,'10-12
5892 - 3025,16,5892,CO-1420-5892,Fletcher Miller Special,'PK-12,3025,CO-1420-3025,Foothills Elementary,'PK-5,3.011391909,2.315953908,'PK-5
5892 - 0033,17,5892,CO-1420-5892,Fletcher Miller Special,'PK-12,33,CO-1420-0033,McLain Community High School,'9-12,3.143564387,2.328808705,'9-12
5892 - 0108,18,5892,CO-1420-5892,Fletcher Miller Special,'PK-12,108,CO-1420-0108,Alameda Intl Junior/Senior High,'7-12,3.232978365,2.233673696,'7-12
5892 - 1318,19,5892,CO-1420-5892,Fletcher Miller Special,'PK-12,1318,CO-1420-1318,Carmody Middle,'6-8,3.246170381,2.750152799,'6-8
5892 - 9510,20,5892,CO-1420-5892,Fletcher Miller Special,'PK-12,9510,CO-1420-9510,Wheat Ridge High,'9-12,3.438699527,3.110185954,'9-12
5892 - 8090,21,5892,CO-1420-5892,Fletcher Miller Special,'PK-12,8090,CO-1420-8090,Deane Elementary,'PK-6,3.4439267,2.626245009,'PK-6
5892 - 3622,22,5892,CO-1420-5892,Fletcher Miller Special,'PK-12,3622,CO-1420-3622,Green Gables Elementary,'PK-5,3.510221364,2.896685358,'PK-5
5892 - 4830,23,5892,CO-1420-5892,Fletcher Miller Special,'PK-12,4830,CO-1420-4830,Kyffin Elementary,'PK-5,3.540497113,2.705617417,'PK-5
5892 - 8276,24,5892,CO-1420-5892,Fletcher Miller Special,'PK-12,8276,CO-1420-8276,Stober Elementary,'K-5,3.555522486,2.567209675,'K-5
5892 - 2194,25,5892,CO-1420-5892,Fletcher Miller Special,'PK-12,2194,CO-1420-2194,Devinny Elementary,'K-5,3.561967957,2.846504232,'K-5
5892 - 3628,26,5892,CO-1420-5892,Fletcher Miller Special,'PK-12,3628,CO-1420-3628,Green Mountain High,'9-12,3.575769377,2.632617887,'9-12
5892 - 2300,27,5892,CO-1420-5892,Fletcher Miller Special,'PK-12,2300,CO-1420-2300,Dunstan Middle,'6-8,3.685721538,2.905021853,'6-8
5892 - 2820,28,5892,CO-1420-5892,Fletcher Miller Special,'PK-12,2820,CO-1420-2820,Everitt Middle,'6-8,3.744213174,3.543851009,'6-8
5892 - 7190,29,5892,CO-1420-5892,Fletcher Miller Special,'PK-12,7190,CO-1420-7190,Prospect Valley Elementary,'K-5,3.868222058,3.220886526,'K-5
5892 - 4422,30,5892,CO-1420-5892,Fletcher Miller Special,'PK-12,4422,CO-1420-4422,Jefferson Junior/Senior High,'7-12,3.904937445,2.861263353,'7-12
5892 - 5354,31,5892,CO-1420-5892,Fletcher Miller Special,'PK-12,5354,CO-1420-5354,Lumberg Elementary,'PK-6,3.942715106,2.875814429,'PK-6
5892 - 5004,32,5892,CO-1420-5892,Fletcher Miller Special,'PK-12,5004,CO-1420-5004,Lasley Elementary,'K-6,4.045578314,2.953079381,'K-6
5892 - 0965,33,5892,CO-1420-5892,Fletcher Miller Special,'PK-12,965,CO-1420-0965,Brady Exploration School,'10-12,4.205695146,3.133755654,'10-12
5892 - 4190,34,5892,CO-1420-5892,Fletcher Miller Special,'PK-12,4190,CO-1420-4190,Hutchinson Elementary,'PK-5,4.26707019,3.302388569,'PK-5
5892 - 9412,35,5892,CO-1420-5892,Fletcher Miller Special,'PK-12,9412,CO-1420-9412,Westgate Elementary,'PK-5,4.285504084,3.575940385,'PK-5
5892 - 3201,36,5892,CO-1420-5892,Fletcher Miller Special,'PK-12,3201,CO-1420-3201,Free Horizon Montessori,'PK-8,4.479290779,3.812725159,'PK-8
5892 - 6285,37,5892,CO-1420-5892,Fletcher Miller Special,'PK-12,6285,CO-1420-6285,Norma Anderson Early Learning Center,'PK,4.590274387,4.121678264,'PK
5892 - 6848,38,5892,CO-1420-5892,Fletcher Miller Special,'PK-12,6848,CO-1420-6848,Peak Expeditionary-Pennington,'PK-5,4.639820747,4.23346508,'PK-5
5892 - 7483,39,5892,CO-1420-5892,Fletcher Miller Special,'PK-12,7483,CO-1420-7483,Rooney Ranch Elementary,'K-5,4.787536689,3.679419076,'K-5
5892 - 2496,40,5892,CO-1420-5892,Fletcher Miller Special,'PK-12,2496,CO-1420-2496,Edgewater Elementary,'PK-6,4.799418523,3.474664997,'PK-6
5892 - 0660,41,5892,CO-1420-5892,Fletcher Miller Special,'PK-12,660,CO-1420-0660,Bear Creek K-8,'K-8,4.851141314,4.097430789,'K-8
5892 - 5472,42,5892,CO-1420-5892,Fletcher Miller Special,'PK-12,5472,CO-1420-5472,Manning,'6-8,4.86811027,3.52576296,'6-8
5892 - 0664,43,5892,CO-1420-5892,Fletcher Miller Special,'PK-12,664,CO-1420-0664,Bear Creek High,'9-12,4.875990591,4.227113146,'9-12
5892 - 5524,44,5892,CO-1420-5892,Fletcher Miller Special,'PK-12,5524,CO-1420-5524,Maple Grove Elementary,'PK-5,4.958600447,3.457120352,'PK-5
5892 - 8223,45,5892,CO-1420-5892,Fletcher Miller Special,'PK-12,8223,CO-1420-8223,Stevens Elementary,'PK-5,5.019332008,3.928682585,'PK-5
5892 - 8036,46,5892,CO-1420-5892,Fletcher Miller Special,'PK-12,8036,CO-1420-8036,Sobesky Academy,'K-12,5.269694763,4.076293214,'K-12
5892 - 0694,47,5892,CO-1420-5892,Fletcher Miller Special,'PK-12,694,CO-1420-0694,Bell Middle,'6-8,5.408553043,4.716207308,'6-8
5892 - 4798,48,5892,CO-1420-5892,Fletcher Miller Special,'PK-12,4798,CO-1420-4798,Connections Learning Center,'6-8,5.90293791,4.95547737,'6-8
5892 - 2120,49,5892,CO-1420-5892,Fletcher Miller Special,'PK-12,2120,CO-1420-2120,D'Evelyn Junior/Senior,'6-12,6.16280998,5.244818192,'6-12
5892 - 5024,50,5892,CO-1420-5892,Fletcher Miller Special,'PK-12,5024,CO-1420-5024,Lawrence Elementary,'K-5,6.450739664,5.570775276,'K-5
5892 - 7833,51,5892,CO-1420-5892,Fletcher Miller Special,'PK-12,7833,CO-1420-7833,Shelton Elementary,'PK-5,6.452651687,5.65417294,'PK-5
5892 - 9058,52,5892,CO-1420-5892,Fletcher Miller Special,'PK-12,9058,CO-1420-9058,Vanderhoof Elementary,'K-5,6.584580124,5.8563593,'K-5
5892 - 2288,53,5892,CO-1420-5892,Fletcher Miller Special,'PK-12,2288,CO-1420-2288,Drake Middle,'6-8,6.633511486,5.190740166,'6-8
5892 - 3502,54,5892,CO-1420-5892,Fletcher Miller Special,'PK-12,3502,CO-1420-3502,Golden High,'9-12,6.668836899,5.696944822,'9-12
5892 - 3088,55,5892,CO-1420-5892,Fletcher Miller Special,'PK-12,3088,CO-1420-3088,Foster Dual Language PK-8 School,'PK-8,6.878649183,5.358782899,'PK-8
5892 - 9245,56,5892,CO-1420-5892,Fletcher Miller Special,'PK-12,9245,CO-1420-9245,Warren Tech North,'11-12,6.940204361,6.22546836,'11-12
5892 - 0378,57,5892,CO-1420-5892,Fletcher Miller Special,'PK-12,378,CO-1420-0378,Arvada West High,'9-12,7.081720629,6.324783868,'9-12
5892 - 1244,58,5892,CO-1420-5892,Fletcher Miller Special,'PK-12,1244,CO-1420-1244,Campbell Early Learning Center,'PK,7.117549669,6.666979364,'PK
5892 - 3216,59,5892,CO-1420-5892,Fletcher Miller Special,'PK-12,3216,CO-1420-3216,Fremont Elementary,'K-5,7.524253619,6.566623615,'K-5
5892 - 3536,60,5892,CO-1420-5892,Fletcher Miller Special,'PK-12,3536,CO-1420-3536,Governor's Ranch Elementary,'PK-5,7.706128266,6.861010142,'PK-5
5892 - 0370,61,5892,CO-1420-5892,Fletcher Miller Special,'PK-12,370,CO-1420-0370,Arvada High,'9-12,7.82252079,6.74940711,'9-12
5892 - 7708,62,5892,CO-1420-5892,Fletcher Miller Special,'PK-12,7708,CO-1420-7708,Secrest Elementary,'PK-5,7.996059364,6.745089896,'PK-5
5892 - 2866,63,5892,CO-1420-5892,Fletcher Miller Special,'PK-12,2866,CO-1420-2866,Fairmount Elementary,'K-5,8.20101707,5.979765839,'K-5
5892 - 9490,64,5892,CO-1420-5892,Fletcher Miller Special,'PK-12,9490,CO-1420-9490,Westridge Elementary,'K-5,8.209978043,7.326016987,'K-5
5892 - 4549,65,5892,CO-1420-5892,Fletcher Miller Special,'PK-12,4549,CO-1420-4549,Kendallvue Elementary,'PK-5,8.263038518,6.537213852,'PK-5
5892 - 8300,66,5892,CO-1420-5892,Fletcher Miller Special,'PK-12,8300,CO-1420-8300,Stott Elementary,'PK-5,8.284280737,6.916840844,'PK-5
5892 - 7282,67,5892,CO-1420-5892,Fletcher Miller Special,'PK-12,7282,CO-1420-7282,Red Rocks Elementary,'K-5,8.319832485,6.390850323,'K-5
5892 - 6470,68,5892,CO-1420-5892,Fletcher Miller Special,'PK-12,6470,CO-1420-6470,Oberon Middle,'6-8,8.490993539,7.700081468,'6-8
5892 - 5944,69,5892,CO-1420-5892,Fletcher Miller Special,'PK-12,5944,CO-1420-5944,Mitchell Elementary,'K-5,8.573895494,7.200048992,'K-5
5892 - 8432,70,5892,CO-1420-5892,Fletcher Miller Special,'PK-12,8432,CO-1420-8432,Swanson Elementary,'K-5,8.822875549,7.351583321,'K-5
5892 - 7870,71,5892,CO-1420-5892,Fletcher Miller Special,'PK-12,7870,CO-1420-7870,Sierra Elementary,'PK-5,9.175229348,8.226438876,'PK-5
5892 - 6330,72,5892,CO-1420-5892,Fletcher Miller Special,'PK-12,6330,CO-1420-6330,North Arvada Middle,'6-8,9.251442645,7.735940126,'6-8
5892 - 6135,73,5892,CO-1420-5892,Fletcher Miller Special,'PK-12,6135,CO-1420-6135,Mt. Carbon Elementary,'PK-5,9.337102795,7.519834883,'PK-5
5892 - 8381,74,5892,CO-1420-5892,Fletcher Miller Special,'PK-12,8381,CO-1420-8381,Summit Ridge Middle,'6-8,9.346965672,8.131499791,'6-8
5892 - 3726,75,5892,CO-1420-5892,Fletcher Miller Special,'PK-12,3726,CO-1420-3726,Hackberry Hill Elementary,'K-5,9.352690024,8.068141072,'K-5
5892 - 9232,76,5892,CO-1420-5892,Fletcher Miller Special,'PK-12,9232,CO-1420-9232,Warder Elementary,'PK-5,9.356865636,8.142180903,'PK-5
5892 - 7128,77,5892,CO-1420-5892,Fletcher Miller Special,'PK-12,7128,CO-1420-7128,Powderhorn Elementary,'PK-5,9.521101066,8.157781253,'PK-5
5892 - 9052,78,5892,CO-1420-5892,Fletcher Miller Special,'PK-12,9052,CO-1420-9052,Van Arsdale Elementary,'PK-5,9.837193813,8.144375371,'PK-5
5892 - 0951,79,5892,CO-1420-5892,Fletcher Miller Special,'PK-12,951,CO-1420-0951,Blue Heron Elementary,'PK-5,9.91358991,7.770584169,'PK-5
5892 - 2093,80,5892,CO-1420-5892,Fletcher Miller Special,'PK-12,2093,CO-1420-2093,Dakota Ridge High,'9-12,9.935487828,8.231835362,'9-12
,,,CO-1420-,,',,CO-1420-,,',,,#N/A
5944 - 3502,2,5944,CO-1420-5944,Mitchell Elementary,'K-5,3502,CO-1420-3502,Golden High,'9-12,2.252348602,1.694417376,'No
5944 - 4798,3,5944,CO-1420-5944,Mitchell Elementary,'K-5,4798,CO-1420-4798,Connections Learning Center,'6-8,3.231251418,2.506055516,'No
5944 - 0694,4,5944,CO-1420-5944,Mitchell Elementary,'K-5,694,CO-1420-0694,Bell Middle,'6-8,3.609562116,2.775401404,'No
5944 - 3201,5,5944,CO-1420-5944,Mitchell Elementary,'K-5,3201,CO-1420-3201,Free Horizon Montessori,'PK-8,4.198540451,3.518778381,'K-5
5944 - 2866,6,5944,CO-1420-5944,Mitchell Elementary,'K-5,2866,CO-1420-2866,Fairmount Elementary,'K-5,4.367183894,3.41202273,'K-5
5944 - 7833,7,5944,CO-1420-5944,Mitchell Elementary,'K-5,7833,CO-1420-7833,Shelton Elementary,'PK-5,4.465669983,2.862934542,'K-5
5944 - 5472,8,5944,CO-1420-5944,Mitchell Elementary,'K-5,5472,CO-1420-5472,Manning,'6-8,5.625376993,4.481513602,'No
5944 - 5524,9,5944,CO-1420-5944,Mitchell Elementary,'K-5,5524,CO-1420-5524,Maple Grove Elementary,'PK-5,5.753992122,4.493098966,'K-5
5944 - 4830,10,5944,CO-1420-5944,Mitchell Elementary,'K-5,4830,CO-1420-4830,Kyffin Elementary,'PK-5,6.215550203,4.883673906,'K-5
5944 - 9342,11,5944,CO-1420-5944,Mitchell Elementary,'K-5,9342,CO-1420-9342,Welchester Elementary,'PK-5,6.354639611,5.085818098,'K-5
5944 - 2288,12,5944,CO-1420-5944,Mitchell Elementary,'K-5,2288,CO-1420-2288,Drake Middle,'6-8,6.480330804,5.239684743,'No
5944 - 9429,13,5944,CO-1420-5944,Mitchell Elementary,'K-5,9429,CO-1420-9429,West Woods Elementary,'K-5,6.713745331,5.094350495,'K-5
5944 - 6285,14,5944,CO-1420-5944,Mitchell Elementary,'K-5,6285,CO-1420-6285,Norma Anderson Early Learning Center,'PK,6.749983424,6.177426054,'No
5944 - 8276,15,5944,CO-1420-5944,Mitchell Elementary,'K-5,8276,CO-1420-8276,Stober Elementary,'K-5,6.879527835,5.340179192,'K-5
5944 - 7190,16,5944,CO-1420-5944,Mitchell Elementary,'K-5,7190,CO-1420-7190,Prospect Valley Elementary,'K-5,7.01888441,5.79487338,'K-5
5944 - 9234,17,5944,CO-1420-5944,Mitchell Elementary,'K-5,9234,CO-1420-9234,Warren Tech Central,'11-12,7.083924276,5.464737805,'No
5944 - 0033,18,5944,CO-1420-5944,Mitchell Elementary,'K-5,33,CO-1420-0033,McLain Community High School,'9-12,7.223099497,5.370161626,'No
5944 - 5623,19,5944,CO-1420-5944,Mitchell Elementary,'K-5,5623,CO-1420-5623,Long View,'10-12,7.2991585,5.428932591,'No
5944 - 6848,20,5944,CO-1420-5944,Mitchell Elementary,'K-5,6848,CO-1420-6848,Peak Expeditionary-Pennington,'PK-5,7.707902269,6.811098531,'K-5
5944 - 2820,21,5944,CO-1420-5944,Mitchell Elementary,'K-5,2820,CO-1420-2820,Everitt Middle,'6-8,7.787886575,6.702722868,'No
5944 - 9058,22,5944,CO-1420-5944,Mitchell Elementary,'K-5,9058,CO-1420-9058,Vanderhoof Elementary,'K-5,7.908723776,6.324722375,'K-5
5944 - 8300,23,5944,CO-1420-5944,Mitchell Elementary,'K-5,8300,CO-1420-8300,Stott Elementary,'PK-5,7.986815325,6.07075389,'K-5
5944 - 9510,24,5944,CO-1420-5944,Mitchell Elementary,'K-5,9510,CO-1420-9510,Wheat Ridge High,'9-12,8.020240686,6.838106034,'No
5944 - 3216,25,5944,CO-1420-5944,Mitchell Elementary,'K-5,3216,CO-1420-3216,Fremont Elementary,'K-5,8.180535744,6.375874723,'K-5
5944 - 0378,26,5944,CO-1420-5944,Mitchell Elementary,'K-5,378,CO-1420-0378,Arvada West High,'9-12,8.245404709,6.514332018,'No
5944 - 2550,27,5944,CO-1420-5944,Mitchell Elementary,'K-5,2550,CO-1420-2550,Eiber Elementary,'PK-5,8.246999607,6.973746743,'K-5
5944 - 9245,28,5944,CO-1420-5944,Mitchell Elementary,'K-5,9245,CO-1420-9245,Warren Tech North,'11-12,8.247665077,6.523691932,'No
5944 - 5892,29,5944,CO-1420-5944,Mitchell Elementary,'K-5,5892,CO-1420-5892,Fletcher Miller Special,'PK-12,8.573895494,7.200048992,'K-5
5944 - 9432,30,5944,CO-1420-5944,Mitchell Elementary,'K-5,9432,CO-1420-9432,Dennison Elementary,'K-6,8.654222346,7.254734416,'K-5
5944 - 4942,31,5944,CO-1420-5944,Mitchell Elementary,'K-5,4942,CO-1420-4942,Lakewood High,'9-12,8.674388158,7.092297958,'No
5944 - 9052,32,5944,CO-1420-5944,Mitchell Elementary,'K-5,9052,CO-1420-9052,Van Arsdale Elementary,'PK-5,8.717341841,6.679373846,'K-5
5944 - 7483,33,5944,CO-1420-5944,Mitchell Elementary,'K-5,7483,CO-1420-7483,Rooney Ranch Elementary,'K-5,8.883581943,7.206489538,'K-5
5944 - 1976,34,5944,CO-1420-5944,Mitchell Elementary,'K-5,1976,CO-1420-1976,Creighton Middle,'6-8,8.951759558,7.341165778,'No
5944 - 7962,35,5944,CO-1420-5944,Mitchell Elementary,'K-5,7962,CO-1420-7962,Slater Elementary,'PK-5,8.9653485,7.38817148,'K-5
5944 - 8856,36,5944,CO-1420-5944,Mitchell Elementary,'K-5,8856,CO-1420-8856,Three Creeks K-8,'K-8,8.979827733,7.235569833,'K-5
5944 - 3025,37,5944,CO-1420-5944,Mitchell Elementary,'K-5,3025,CO-1420-3025,Foothills Elementary,'PK-5,9.000435485,6.119446555,'K-5
5944 - 1244,38,5944,CO-1420-5944,Mitchell Elementary,'K-5,1244,CO-1420-1244,Campbell Early Learning Center,'PK,9.074238342,7.114398942,'No
5944 - 5024,39,5944,CO-1420-5944,Mitchell Elementary,'K-5,5024,CO-1420-5024,Lawrence Elementary,'K-5,9.161025446,8.19985391,'K-5
5944 - 7282,40,5944,CO-1420-5944,Mitchell Elementary,'K-5,7282,CO-1420-7282,Red Rocks Elementary,'K-5,9.291399908,7.457697469,'K-5
5944 - 4190,41,5944,CO-1420-5944,Mitchell Elementary,'K-5,4190,CO-1420-4190,Hutchinson Elementary,'PK-5,9.319380081,7.208591768,'K-5
5944 - 8036,42,5944,CO-1420-5944,Mitchell Elementary,'K-5,8036,CO-1420-8036,Sobesky Academy,'K-12,9.392163914,8.406798436,'K-5
5944 - 8223,43,5944,CO-1420-5944,Mitchell Elementary,'K-5,8223,CO-1420-8223,Stevens Elementary,'PK-5,9.498391112,8.333396711,'K-5
5944 - 8102,44,5944,CO-1420-5944,Mitchell Elementary,'K-5,8102,CO-1420-8102,South Lakewood Elementary,'K-5,9.511811344,7.98022023,'K-5
5944 - 7239,45,5944,CO-1420-5944,Mitchell Elementary,'K-5,7239,CO-1420-7239,Ralston Valley High,'9-12,9.53278497,7.149161919,'No
5944 - 3628,46,5944,CO-1420-5944,Mitchell Elementary,'K-5,3628,CO-1420-3628,Green Mountain High,'9-12,9.581669977,6.587555385,'No
5944 - 6539,47,5944,CO-1420-5944,Mitchell Elementary,'K-5,6539,CO-1420-6539,JeffCo Open Elementary,'PK-6,9.664101414,8.141721383,'K-5
5944 - 2194,48,5944,CO-1420-5944,Mitchell Elementary,'K-5,2194,CO-1420-2194,Devinny Elementary,'K-5,9.743725202,7.165549588,'K-5
5944 - 3088,49,5944,CO-1420-5944,Mitchell Elementary,'K-5,3088,CO-1420-3088,Foster Dual Language PK-8 School,'PK-8,9.787539882,8.589010571,'K-5
5944 - 5758,50,5944,CO-1420-5944,Mitchell Elementary,'K-5,5758,CO-1420-5758,Meiklejohn Elementary,'PK-5,9.819769352,7.361978618,'K-5
5944 - 6470,51,5944,CO-1420-5944,Mitchell Elementary,'K-5,6470,CO-1420-6470,Oberon Middle,'6-8,9.961514411,7.57963094,'No
5944 - 4422,52,5944,CO-1420-5944,Mitchell Elementary,'K-5,4422,CO-1420-4422,Jefferson Junior/Senior High,'7-12,9.990967237,8.494762605,'No
,,,CO-1420-,,',,CO-1420-,,',,,#N/A
6133 - 7780,2,6133,CO-1420-6133,Mortensen Elementary,'PK-5,7780,CO-1420-7780,Shaffer Elementary,'PK-5,0.584705459,0.322170687,'PK-5
6133 - 2963,3,6133,CO-1420-6133,Mortensen Elementary,'PK-5,2963,CO-1420-2963,Falcon Bluffs Middle,'6-8,0.794511824,0.616201686,'No
6133 - 1876,4,6133,CO-1420-6133,Mortensen Elementary,'PK-5,1876,CO-1420-1876,Coronado Elementary,'PK-5,1.222461787,0.931792145,'PK-5
6133 - 8280,5,6133,CO-1420-6133,Mortensen Elementary,'PK-5,8280,CO-1420-8280,Stony Creek Elementary,'PK-5,1.628047453,1.110585528,'PK-5
6133 - 2130,6,6133,CO-1420-6133,Mortensen Elementary,'PK-5,2130,CO-1420-2130,Deer Creek Middle,'6-8,1.763381411,1.116133875,'No
6133 - 9008,7,6133,CO-1420-6133,Mortensen Elementary,'PK-5,9008,CO-1420-9008,Ute Meadows Elementary,'PK-5,2.37135537,1.218655828,'PK-5
6133 - 1522,8,6133,CO-1420-6133,Mortensen Elementary,'PK-5,1522,CO-1420-1522,Chatfield High,'9-12,2.408660681,1.684794927,'No
6133 - 4548,9,6133,CO-1420-6133,Mortensen Elementary,'PK-5,4548,CO-1420-4548,Ken Caryl Middle,'6-8,2.818544916,2.139281923,'No
6133 - 2322,10,6133,CO-1420-6133,Mortensen Elementary,'PK-5,2322,CO-1420-2322,Dutch Creek Elementary,'PK-5,2.853710016,1.935423247,'PK-5
6133 - 1861,11,6133,CO-1420-6133,Mortensen Elementary,'PK-5,1861,CO-1420-1861,Columbine Hills Elementary,'PK-5,3.217679724,2.488016741,'PK-5
6133 - 8381,12,6133,CO-1420-6133,Mortensen Elementary,'PK-5,8381,CO-1420-8381,Summit Ridge Middle,'6-8,3.660896903,2.526440569,'No
6133 - 0950,13,6133,CO-1420-6133,Mortensen Elementary,'PK-5,950,CO-1420-0950,Bradford K8 South,'K-4,3.694191024,2.887090662,'K-4
6133 - 6286,14,6133,CO-1420-6133,Mortensen Elementary,'PK-5,6286,CO-1420-6286,Normandy Elementary,'PK-5,3.729680195,2.726209724,'PK-5
6133 - 7128,15,6133,CO-1420-6133,Mortensen Elementary,'PK-5,7128,CO-1420-7128,Powderhorn Elementary,'PK-5,3.828783536,2.616585045,'PK-5
6133 - 9490,16,6133,CO-1420-6133,Mortensen Elementary,'PK-5,9490,CO-1420-9490,Westridge Elementary,'K-5,3.871064069,2.981353975,'K-5
6133 - 0952,17,6133,CO-1420-6133,Mortensen Elementary,'PK-5,952,CO-1420-0952,Bradford K8 North,'5-8,4.106205205,3.285721262,'5
6133 - 1864,18,6133,CO-1420-6133,Mortensen Elementary,'PK-5,1864,CO-1420-1864,Columbine High,'9-12,4.221359536,2.883120008,'No
6133 - 3536,19,6133,CO-1420-6133,Mortensen Elementary,'PK-5,3536,CO-1420-3536,Governor's Ranch Elementary,'PK-5,4.431535506,3.416304497,'PK-5
6133 - 1001,20,6133,CO-1420-6133,Mortensen Elementary,'PK-5,1001,CO-1420-1001,Warren Tech South,'11-12,4.552591936,3.034763546,'No
6133 - 5036,21,6133,CO-1420-6133,Mortensen Elementary,'PK-5,5036,CO-1420-5036,Leawood Elementary,'PK-5,4.565241402,3.306562282,'PK-5
6133 - 2093,22,6133,CO-1420-6133,Mortensen Elementary,'PK-5,2093,CO-1420-2093,Dakota Ridge High,'9-12,4.819145661,3.220782259,'No
6133 - 6135,23,6133,CO-1420-6133,Mortensen Elementary,'PK-5,6135,CO-1420-6135,Mt. Carbon Elementary,'PK-5,5.264482526,3.443190064,'PK-5
6133 - 0951,24,6133,CO-1420-6133,Mortensen Elementary,'PK-5,951,CO-1420-0951,Blue Heron Elementary,'PK-5,5.64017129,3.76229312,'PK-5
6133 - 2120,25,6133,CO-1420-6133,Mortensen Elementary,'PK-5,2120,CO-1420-2120,D'Evelyn Junior/Senior,'6-12,5.952270225,5.012130518,'No
6133 - 4549,26,6133,CO-1420-6133,Mortensen Elementary,'PK-5,4549,CO-1420-4549,Kendallvue Elementary,'PK-5,6.4888096,4.729913767,'PK-5
6133 - 0664,27,6133,CO-1420-6133,Mortensen Elementary,'PK-5,664,CO-1420-0664,Bear Creek High,'9-12,6.711383486,6.006505751,'No
6133 - 0660,28,6133,CO-1420-6133,Mortensen Elementary,'PK-5,660,CO-1420-0660,Bear Creek K-8,'K-8,7.240876299,6.142208103,'K-5
6133 - 9412,29,6133,CO-1420-6133,Mortensen Elementary,'PK-5,9412,CO-1420-9412,Westgate Elementary,'PK-5,8.168801684,6.804094449,'PK-5
6133 - 1318,30,6133,CO-1420-6133,Mortensen Elementary,'PK-5,1318,CO-1420-1318,Carmody Middle,'6-8,8.263490489,7.48024257,'No
6133 - 3622,31,6133,CO-1420-6133,Mortensen Elementary,'PK-5,3622,CO-1420-3622,Green Gables Elementary,'PK-5,9.029428687,7.467221386,'PK-5
6133 - 7282,32,6133,CO-1420-6133,Mortensen Elementary,'PK-5,7282,CO-1420-7282,Red Rocks Elementary,'K-5,9.101412566,7.596691145,'K-5
6133 - 2300,33,6133,CO-1420-6133,Mortensen Elementary,'PK-5,2300,CO-1420-2300,Dunstan Middle,'6-8,9.501584469,8.00074346,'No
6133 - 4550,34,6133,CO-1420-6133,Mortensen Elementary,'PK-5,4550,CO-1420-4550,Kendrick Lakes Elementary,'PK-5,9.519434246,8.354982675,'PK-5
6133 - 0108,35,6133,CO-1420-6133,Mortensen Elementary,'PK-5,108,CO-1420-0108,Alameda Intl Junior/Senior High,'7-12,9.57694391,8.511955868,'No
6133 - 2194,36,6133,CO-1420-6133,Mortensen Elementary,'PK-5,2194,CO-1420-2194,Devinny Elementary,'K-5,9.637498119,8.108803447,'K-5
6133 - 4190,37,6133,CO-1420-6133,Mortensen Elementary,'PK-5,4190,CO-1420-4190,Hutchinson Elementary,'PK-5,9.780865923,7.856801588,'PK-5
6133 - 7483,38,6133,CO-1420-6133,Mortensen Elementary,'PK-5,7483,CO-1420-7483,Rooney Ranch Elementary,'K-5,9.985724902,7.713932766,'K-5
,,,CO-1420-,,',,CO-1420-,,',,,#N/A
6135 - 2093,2,6135,CO-1420-6135,Mt. Carbon Elementary,'PK-5,2093,CO-1420-2093,Dakota Ridge High,'9-12,1.31729478,0.758997084,'No
6135 - 1001,3,6135,CO-1420-6135,Mt. Carbon Elementary,'PK-5,1001,CO-1420-1001,Warren Tech South,'11-12,1.500548124,0.892864325,'No
6135 - 9490,4,6135,CO-1420-6135,Mt. Carbon Elementary,'PK-5,9490,CO-1420-9490,Westridge Elementary,'K-5,1.598673361,1.237666188,'K-5
6135 - 4549,5,6135,CO-1420-6135,Mt. Carbon Elementary,'PK-5,4549,CO-1420-4549,Kendallvue Elementary,'PK-5,1.843187066,1.296331003,'PK-5
6135 - 8381,6,6135,CO-1420-6135,Mt. Carbon Elementary,'PK-5,8381,CO-1420-8381,Summit Ridge Middle,'6-8,1.934192492,0.922513602,'No
6135 - 7128,7,6135,CO-1420-6135,Mt. Carbon Elementary,'PK-5,7128,CO-1420-7128,Powderhorn Elementary,'PK-5,2.108327886,0.829117662,'PK-5
6135 - 3536,8,6135,CO-1420-6135,Mt. Carbon Elementary,'PK-5,3536,CO-1420-3536,Governor's Ranch Elementary,'PK-5,3.100699861,2.314329654,'PK-5
6135 - 1522,9,6135,CO-1420-6135,Mt. Carbon Elementary,'PK-5,1522,CO-1420-1522,Chatfield High,'9-12,3.288402565,1.93299431,'No
6135 - 9008,10,6135,CO-1420-6135,Mt. Carbon Elementary,'PK-5,9008,CO-1420-9008,Ute Meadows Elementary,'PK-5,3.633490518,2.234693584,'PK-5
6135 - 2120,11,6135,CO-1420-6135,Mt. Carbon Elementary,'PK-5,2120,CO-1420-2120,D'Evelyn Junior/Senior,'6-12,3.692811202,2.51846762,'No
6135 - 2130,12,6135,CO-1420-6135,Mt. Carbon Elementary,'PK-5,2130,CO-1420-2130,Deer Creek Middle,'6-8,4.361457026,2.802275527,'No
6135 - 0950,13,6135,CO-1420-6135,Mt. Carbon Elementary,'PK-5,950,CO-1420-0950,Bradford K8 South,'K-4,4.649465161,3.144323095,'K-4
6135 - 1864,14,6135,CO-1420-6135,Mt. Carbon Elementary,'PK-5,1864,CO-1420-1864,Columbine High,'9-12,4.707240623,3.650395537,'No
6135 - 5036,15,6135,CO-1420-6135,Mt. Carbon Elementary,'PK-5,5036,CO-1420-5036,Leawood Elementary,'PK-5,4.71148604,4.075160866,'PK-5
6135 - 8280,16,6135,CO-1420-6135,Mt. Carbon Elementary,'PK-5,8280,CO-1420-8280,Stony Creek Elementary,'PK-5,4.821778153,3.047869232,'PK-5
6135 - 7282,17,6135,CO-1420-6135,Mt. Carbon Elementary,'PK-5,7282,CO-1420-7282,Red Rocks Elementary,'K-5,4.90244902,4.199018645,'K-5
6135 - 0664,18,6135,CO-1420-6135,Mt. Carbon Elementary,'PK-5,664,CO-1420-0664,Bear Creek High,'9-12,4.926220224,3.502924701,'No
6135 - 7780,19,6135,CO-1420-6135,Mt. Carbon Elementary,'PK-5,7780,CO-1420-7780,Shaffer Elementary,'PK-5,4.998573183,3.279239065,'PK-5
6135 - 0952,20,6135,CO-1420-6135,Mt. Carbon Elementary,'PK-5,952,CO-1420-0952,Bradford K8 North,'5-8,5.051376117,2.492351206,'5
6135 - 6133,21,6135,CO-1420-6135,Mt. Carbon Elementary,'PK-5,6133,CO-1420-6133,Mortensen Elementary,'PK-5,5.264482526,3.443190064,'PK-5
6135 - 2322,22,6135,CO-1420-6135,Mt. Carbon Elementary,'PK-5,2322,CO-1420-2322,Dutch Creek Elementary,'PK-5,5.403398103,3.846151915,'PK-5
6135 - 0951,23,6135,CO-1420-6135,Mt. Carbon Elementary,'PK-5,951,CO-1420-0951,Blue Heron Elementary,'PK-5,5.404130198,4.257083537,'PK-5
6135 - 0660,24,6135,CO-1420-6135,Mt. Carbon Elementary,'PK-5,660,CO-1420-0660,Bear Creek K-8,'K-8,5.455713037,3.79131735,'K-5
6135 - 1876,25,6135,CO-1420-6135,Mt. Carbon Elementary,'PK-5,1876,CO-1420-1876,Coronado Elementary,'PK-5,5.482684606,3.914685449,'PK-5
6135 - 6286,26,6135,CO-1420-6135,Mt. Carbon Elementary,'PK-5,6286,CO-1420-6286,Normandy Elementary,'PK-5,5.588129643,4.358274781,'PK-5
6135 - 2963,27,6135,CO-1420-6135,Mt. Carbon Elementary,'PK-5,2963,CO-1420-2963,Falcon Bluffs Middle,'6-8,5.646334732,4.058398234,'No
6135 - 4548,28,6135,CO-1420-6135,Mt. Carbon Elementary,'PK-5,4548,CO-1420-4548,Ken Caryl Middle,'6-8,6.046480085,4.407347038,'No
6135 - 9412,29,6135,CO-1420-6135,Mt. Carbon Elementary,'PK-5,9412,CO-1420-9412,Westgate Elementary,'PK-5,6.409776355,4.645472196,'PK-5
6135 - 1318,30,6135,CO-1420-6135,Mt. Carbon Elementary,'PK-5,1318,CO-1420-1318,Carmody Middle,'6-8,6.476867978,4.888437139,'No
6135 - 1861,31,6135,CO-1420-6135,Mt. Carbon Elementary,'PK-5,1861,CO-1420-1861,Columbine Hills Elementary,'PK-5,6.606472863,5.011476284,'PK-5
6135 - 7483,32,6135,CO-1420-6135,Mt. Carbon Elementary,'PK-5,7483,CO-1420-7483,Rooney Ranch Elementary,'K-5,7.029589725,4.458697954,'K-5
6135 - 4190,33,6135,CO-1420-6135,Mt. Carbon Elementary,'PK-5,4190,CO-1420-4190,Hutchinson Elementary,'PK-5,7.459141652,4.672084948,'PK-5
6135 - 3622,34,6135,CO-1420-6135,Mt. Carbon Elementary,'PK-5,3622,CO-1420-3622,Green Gables Elementary,'PK-5,7.519682811,5.171336006,'PK-5
6135 - 2300,35,6135,CO-1420-6135,Mt. Carbon Elementary,'PK-5,2300,CO-1420-2300,Dunstan Middle,'6-8,7.701418761,4.903304806,'No
6135 - 4550,36,6135,CO-1420-6135,Mt. Carbon Elementary,'PK-5,4550,CO-1420-4550,Kendrick Lakes Elementary,'PK-5,7.732811735,5.78869855,'PK-5
6135 - 2194,37,6135,CO-1420-6135,Mt. Carbon Elementary,'PK-5,2194,CO-1420-2194,Devinny Elementary,'K-5,7.837332412,5.003526861,'K-5
6135 - 6808,38,6135,CO-1420-6135,Mt. Carbon Elementary,'PK-5,6808,CO-1420-6808,Patterson Elementary,'PK-6,8.29424487,6.073678619,'PK-5
6135 - 0724,39,6135,CO-1420-6135,Mt. Carbon Elementary,'PK-5,724,CO-1420-0724,Belmar School of Integrated Arts,'K-5,8.44157068,6.443198011,'K-5
6135 - 3628,40,6135,CO-1420-6135,Mt. Carbon Elementary,'PK-5,3628,CO-1420-3628,Green Mountain High,'9-12,8.513749406,5.539946743,'No
6135 - 0108,41,6135,CO-1420-6135,Mt. Carbon Elementary,'PK-5,108,CO-1420-0108,Alameda Intl Junior/Senior High,'7-12,8.605092306,6.299913193,'No
6135 - 3025,42,6135,CO-1420-6135,Mt. Carbon Elementary,'PK-5,3025,CO-1420-3025,Foothills Elementary,'PK-5,8.917322963,6.159037716,'PK-5
6135 - 5004,43,6135,CO-1420-6135,Mt. Carbon Elementary,'PK-5,5004,CO-1420-5004,Lasley Elementary,'K-6,9.108778221,6.707868065,'K-5
6135 - 1976,44,6135,CO-1420-6135,Mt. Carbon Elementary,'PK-5,1976,CO-1420-1976,Creighton Middle,'6-8,9.288036526,7.406454093,'No
6135 - 5892,45,6135,CO-1420-6135,Mt. Carbon Elementary,'PK-5,5892,CO-1420-5892,Fletcher Miller Special,'PK-12,9.337102795,7.519834883,'PK-5
6135 - 9432,46,6135,CO-1420-6135,Mt. Carbon Elementary,'PK-5,9432,CO-1420-9432,Dennison Elementary,'K-6,9.56707258,7.66359629,'K-5
6135 - 6804,47,6135,CO-1420-6135,Mt. Carbon Elementary,'PK-5,6804,CO-1420-6804,Parmalee Elementary,'K-5,9.692709519,7.023259372,'K-5
6135 - 7833,48,6135,CO-1420-6135,Mt. Carbon Elementary,'PK-5,7833,CO-1420-7833,Shelton Elementary,'PK-5,9.694954281,8.450852912,'PK-5
6135 - 8102,49,6135,CO-1420-6135,Mt. Carbon Elementary,'PK-5,8102,CO-1420-8102,South Lakewood Elementary,'K-5,9.957889639,7.71633086,'K-5
,,,CO-1420-,,',,CO-1420-,,',,,#N/A
6286 - 4548,2,6286,CO-1420-6286,Normandy Elementary,'PK-5,4548,CO-1420-4548,Ken Caryl Middle,'6-8,1.015027996,0.791255652,'No
6286 - 2322,3,6286,CO-1420-6286,Normandy Elementary,'PK-5,2322,CO-1420-2322,Dutch Creek Elementary,'PK-5,1.26319752,0.797536963,'PK-5
6286 - 1864,4,6286,CO-1420-6286,Normandy Elementary,'PK-5,1864,CO-1420-1864,Columbine High,'9-12,1.390267688,0.951253633,'No
6286 - 1861,5,6286,CO-1420-6286,Normandy Elementary,'PK-5,1861,CO-1420-1861,Columbine Hills Elementary,'PK-5,1.562691411,1.163678714,'PK-5
6286 - 5036,6,6286,CO-1420-6286,Normandy Elementary,'PK-5,5036,CO-1420-5036,Leawood Elementary,'PK-5,1.734149555,0.969346981,'PK-5
6286 - 8280,7,6286,CO-1420-6286,Normandy Elementary,'PK-5,8280,CO-1420-8280,Stony Creek Elementary,'PK-5,2.634751358,1.83412371,'PK-5
6286 - 1876,8,6286,CO-1420-6286,Normandy Elementary,'PK-5,1876,CO-1420-1876,Coronado Elementary,'PK-5,2.719312528,1.920614019,'PK-5
6286 - 0951,9,6286,CO-1420-6286,Normandy Elementary,'PK-5,951,CO-1420-0951,Blue Heron Elementary,'PK-5,2.809079442,1.397165253,'PK-5
6286 - 2130,10,6286,CO-1420-6286,Normandy Elementary,'PK-5,2130,CO-1420-2130,Deer Creek Middle,'6-8,2.870678438,2.041512437,'No
6286 - 6133,11,6286,CO-1420-6286,Normandy Elementary,'PK-5,6133,CO-1420-6133,Mortensen Elementary,'PK-5,3.729680195,2.726209724,'PK-5
6286 - 3536,12,6286,CO-1420-6286,Normandy Elementary,'PK-5,3536,CO-1420-3536,Governor's Ranch Elementary,'PK-5,3.782836583,2.654896768,'PK-5
6286 - 2963,13,6286,CO-1420-6286,Normandy Elementary,'PK-5,2963,CO-1420-2963,Falcon Bluffs Middle,'6-8,3.843723902,2.841007141,'No
6286 - 9008,14,6286,CO-1420-6286,Normandy Elementary,'PK-5,9008,CO-1420-9008,Ute Meadows Elementary,'PK-5,3.879383796,3.082778574,'PK-5
6286 - 8381,15,6286,CO-1420-6286,Normandy Elementary,'PK-5,8381,CO-1420-8381,Summit Ridge Middle,'6-8,3.98454402,3.622062873,'No
6286 - 7780,16,6286,CO-1420-6286,Normandy Elementary,'PK-5,7780,CO-1420-7780,Shaffer Elementary,'PK-5,4.058063043,2.999227133,'PK-5
6286 - 7128,17,6286,CO-1420-6286,Normandy Elementary,'PK-5,7128,CO-1420-7128,Powderhorn Elementary,'PK-5,4.158679414,3.789786501,'PK-5
6286 - 9490,18,6286,CO-1420-6286,Normandy Elementary,'PK-5,9490,CO-1420-9490,Westridge Elementary,'K-5,4.172913117,3.217491439,'K-5
6286 - 1522,19,6286,CO-1420-6286,Normandy Elementary,'PK-5,1522,CO-1420-1522,Chatfield High,'9-12,4.520308212,3.626845508,'No
6286 - 1001,20,6286,CO-1420-6286,Normandy Elementary,'PK-5,1001,CO-1420-1001,Warren Tech South,'11-12,5.0488353,4.519328738,'No
6286 - 2093,21,6286,CO-1420-6286,Normandy Elementary,'PK-5,2093,CO-1420-2093,Dakota Ridge High,'9-12,5.315389025,4.619679025,'No
6286 - 6135,22,6286,CO-1420-6286,Normandy Elementary,'PK-5,6135,CO-1420-6135,Mt. Carbon Elementary,'PK-5,5.588129643,4.358274781,'PK-5
6286 - 2120,23,6286,CO-1420-6286,Normandy Elementary,'PK-5,2120,CO-1420-2120,D'Evelyn Junior/Senior,'6-12,5.93999506,4.425627826,'No
6286 - 0950,24,6286,CO-1420-6286,Normandy Elementary,'PK-5,950,CO-1420-0950,Bradford K8 South,'K-4,6.293353285,5.394528291,'K-4
6286 - 0664,25,6286,CO-1420-6286,Normandy Elementary,'PK-5,664,CO-1420-0664,Bear Creek High,'9-12,6.696771468,5.145984234,'No
6286 - 0952,26,6286,CO-1420-6286,Normandy Elementary,'PK-5,952,CO-1420-0952,Bradford K8 North,'5-8,6.700192247,5.507530875,'5
6286 - 4549,27,6286,CO-1420-6286,Normandy Elementary,'PK-5,4549,CO-1420-4549,Kendallvue Elementary,'PK-5,6.961723453,5.32873573,'PK-5
6286 - 0660,28,6286,CO-1420-6286,Normandy Elementary,'PK-5,660,CO-1420-0660,Bear Creek K-8,'K-8,7.154176837,5.115287243,'K-5
6286 - 9412,29,6286,CO-1420-6286,Normandy Elementary,'PK-5,9412,CO-1420-9412,Westgate Elementary,'PK-5,7.317331746,5.485075679,'PK-5
6286 - 3622,30,6286,CO-1420-6286,Normandy Elementary,'PK-5,3622,CO-1420-3622,Green Gables Elementary,'PK-5,7.897760448,6.163016582,'PK-5
6286 - 1318,31,6286,CO-1420-6286,Normandy Elementary,'PK-5,1318,CO-1420-1318,Carmody Middle,'6-8,8.248878472,6.443975916,'No
6286 - 0108,32,6286,CO-1420-6286,Normandy Elementary,'PK-5,108,CO-1420-0108,Alameda Intl Junior/Senior High,'7-12,8.445275671,7.017147893,'No
6286 - 5004,33,6286,CO-1420-6286,Normandy Elementary,'PK-5,5004,CO-1420-5004,Lasley Elementary,'K-6,8.943691707,6.823897715,'K-5
6286 - 6808,34,6286,CO-1420-6286,Normandy Elementary,'PK-5,6808,CO-1420-6808,Patterson Elementary,'PK-6,9.020471493,7.191481583,'PK-5
6286 - 4550,35,6286,CO-1420-6286,Normandy Elementary,'PK-5,4550,CO-1420-4550,Kendrick Lakes Elementary,'PK-5,9.395907241,7.19108425,'PK-5
6286 - 2300,36,6286,CO-1420-6286,Normandy Elementary,'PK-5,2300,CO-1420-2300,Dunstan Middle,'6-8,9.488839662,7.483160065,'No
6286 - 2194,37,6286,CO-1420-6286,Normandy Elementary,'PK-5,2194,CO-1420-2194,Devinny Elementary,'K-5,9.624753313,7.591764357,'K-5
6286 - 0965,38,6286,CO-1420-6286,Normandy Elementary,'PK-5,965,CO-1420-0965,Brady Exploration School,'10-12,9.629543011,7.547648048,'No
6286 - 4190,39,6286,CO-1420-6286,Normandy Elementary,'PK-5,4190,CO-1420-4190,Hutchinson Elementary,'PK-5,9.768121116,7.485921793,'PK-5
6286 - 0724,40,6286,CO-1420-6286,Normandy Elementary,'PK-5,724,CO-1420-0724,Belmar School of Integrated Arts,'K-5,9.799820499,7.769695325,'K-5
6286 - 7483,41,6286,CO-1420-6286,Normandy Elementary,'PK-5,7483,CO-1420-7483,Rooney Ranch Elementary,'K-5,9.972980095,7.478571218,'K-5
,,,CO-1420-,,',,CO-1420-,,',,,#N/A
6330 - 3726,2,6330,CO-1420-6330,North Arvada Middle,'6-8,3726,CO-1420-3726,Hackberry Hill Elementary,'K-5,0.91270443,0.476733676,'No
6330 - 8432,3,6330,CO-1420-6330,North Arvada Middle,'6-8,8432,CO-1420-8432,Swanson Elementary,'K-5,1.174527641,0.773150208,'No
6330 - 7708,4,6330,CO-1420-6330,North Arvada Middle,'6-8,7708,CO-1420-7708,Secrest Elementary,'PK-5,1.346813324,1.042753986,'No
6330 - 0370,5,6330,CO-1420-6330,North Arvada Middle,'6-8,370,CO-1420-0370,Arvada High,'9-12,1.606676969,1.044108991,'No
6330 - 9232,6,6330,CO-1420-6330,North Arvada Middle,'6-8,9232,CO-1420-9232,Warder Elementary,'PK-5,2.195047021,1.11163705,'No
6330 - 9328,7,6330,CO-1420-6330,North Arvada Middle,'6-8,9328,CO-1420-9328,Weber Elementary,'PK-5,2.341033616,1.630758563,'No
6330 - 7114,8,6330,CO-1420-6330,North Arvada Middle,'6-8,7114,CO-1420-7114,Pomona Junior/Senior High,'6-12,2.354923631,1.67076695,'6-8
6330 - 5222,9,6330,CO-1420-6330,North Arvada Middle,'6-8,5222,CO-1420-5222,Little Elementary,'K-5,2.683960061,1.725737094,'No
6330 - 5024,10,6330,CO-1420-6330,North Arvada Middle,'6-8,5024,CO-1420-5024,Lawrence Elementary,'K-5,2.875803674,2.16948419,'No
6330 - 3088,11,6330,CO-1420-6330,North Arvada Middle,'6-8,3088,CO-1420-3088,Foster Dual Language PK-8 School,'PK-8,3.050190726,2.442636237,'6-8
6330 - 6470,12,6330,CO-1420-6330,North Arvada Middle,'6-8,6470,CO-1420-6470,Oberon Middle,'6-8,3.328641803,2.535898657,'6-8
6330 - 7870,13,6330,CO-1420-6330,North Arvada Middle,'6-8,7870,CO-1420-7870,Sierra Elementary,'PK-5,3.395040064,2.561465531,'No
6330 - 1244,14,6330,CO-1420-6330,North Arvada Middle,'6-8,1244,CO-1420-1244,Campbell Early Learning Center,'PK,3.462669908,2.528794197,'No
6330 - 7753,15,6330,CO-1420-6330,North Arvada Middle,'6-8,7753,CO-1420-7753,Semper Elementary,'PK-5,3.633025598,2.996857408,'No
6330 - 5454,16,6330,CO-1420-6330,North Arvada Middle,'6-8,5454,CO-1420-5454,Mandalay Middle,'6-8,4.058231777,3.019454017,'6-8
6330 - 0030,17,6330,CO-1420-6330,North Arvada Middle,'6-8,30,CO-1420-0030,Adams Elementary,'PK-5,4.106721456,2.860167684,'No
6330 - 9245,18,6330,CO-1420-6330,North Arvada Middle,'6-8,9245,CO-1420-9245,Warren Tech North,'11-12,4.22783686,3.085669137,'No
6330 - 3216,19,6330,CO-1420-6330,North Arvada Middle,'6-8,3216,CO-1420-3216,Fremont Elementary,'K-5,4.311482612,3.300270192,'No
6330 - 0378,20,6330,CO-1420-6330,North Arvada Middle,'6-8,378,CO-1420-0378,Arvada West High,'9-12,4.3878485,3.105100263,'No
6330 - 9058,21,6330,CO-1420-6330,North Arvada Middle,'6-8,9058,CO-1420-9058,Vanderhoof Elementary,'K-5,4.579144371,3.287899287,'No
6330 - 9052,22,6330,CO-1420-6330,North Arvada Middle,'6-8,9052,CO-1420-9052,Van Arsdale Elementary,'PK-5,4.727543933,3.968727992,'No
6330 - 5350,23,6330,CO-1420-6330,North Arvada Middle,'6-8,5350,CO-1420-5350,Lukas Elementary,'K-5,4.737471968,3.425049526,'No
6330 - 8036,24,6330,CO-1420-6330,North Arvada Middle,'6-8,8036,CO-1420-8036,Sobesky Academy,'K-12,4.783505052,3.849658283,'6-8
6330 - 8223,25,6330,CO-1420-6330,North Arvada Middle,'6-8,8223,CO-1420-8223,Stevens Elementary,'PK-5,4.921698191,3.984713879,'No
6330 - 6848,26,6330,CO-1420-6330,North Arvada Middle,'6-8,6848,CO-1420-6848,Peak Expeditionary-Pennington,'PK-5,4.947715179,3.717431085,'No
6330 - 8209,27,6330,CO-1420-6330,North Arvada Middle,'6-8,8209,CO-1420-8209,Standley Lake High,'9-12,5.036889148,4.145499055,'No
6330 - 9299,28,6330,CO-1420-6330,North Arvada Middle,'6-8,9299,CO-1420-9299,Wayne Carle Middle,'6-8,5.045436298,3.947999919,'6-8
6330 - 8300,29,6330,CO-1420-6330,North Arvada Middle,'6-8,8300,CO-1420-8300,Stott Elementary,'PK-5,5.181445944,3.761086054,'No
6330 - 7239,30,6330,CO-1420-6330,North Arvada Middle,'6-8,7239,CO-1420-7239,Ralston Valley High,'9-12,5.386790623,4.183396447,'No
6330 - 5758,31,6330,CO-1420-6330,North Arvada Middle,'6-8,5758,CO-1420-5758,Meiklejohn Elementary,'PK-5,5.507529126,4.27500145,'No
6330 - 6285,32,6330,CO-1420-6330,North Arvada Middle,'6-8,6285,CO-1420-6285,Norma Anderson Early Learning Center,'PK,5.695219139,4.162321021,'No
6330 - 2820,33,6330,CO-1420-6330,North Arvada Middle,'6-8,2820,CO-1420-2820,Everitt Middle,'6-8,5.824749804,4.341637657,'6-8
6330 - 9510,34,6330,CO-1420-6330,North Arvada Middle,'6-8,9510,CO-1420-9510,Wheat Ridge High,'9-12,6.024641372,4.692019761,'No
6330 - 2288,35,6330,CO-1420-6330,North Arvada Middle,'6-8,2288,CO-1420-2288,Drake Middle,'6-8,6.128630507,4.436620735,'6-8
6330 - 4422,36,6330,CO-1420-6330,North Arvada Middle,'6-8,4422,CO-1420-4422,Jefferson Junior/Senior High,'7-12,6.227342924,5.352402564,'7-8
6330 - 2496,37,6330,CO-1420-6330,North Arvada Middle,'6-8,2496,CO-1420-2496,Edgewater Elementary,'PK-6,6.27927424,5.437495455,'6
6330 - 9429,38,6330,CO-1420-6330,North Arvada Middle,'6-8,9429,CO-1420-9429,West Woods Elementary,'K-5,6.362810403,6.00440986,'No
6330 - 5354,39,6330,CO-1420-6330,North Arvada Middle,'6-8,5354,CO-1420-5354,Lumberg Elementary,'PK-6,6.427649266,5.443742422,'6
6330 - 7962,40,6330,CO-1420-6330,North Arvada Middle,'6-8,7962,CO-1420-7962,Slater Elementary,'PK-5,6.466662402,5.402165289,'No
6330 - 7529,41,6330,CO-1420-6330,North Arvada Middle,'6-8,7529,CO-1420-7529,Ryan Elementary,'PK-5,6.666578805,5.339177698,'No
6330 - 7190,42,6330,CO-1420-6330,North Arvada Middle,'6-8,7190,CO-1420-7190,Prospect Valley Elementary,'K-5,7.208326542,5.123556725,'No
6330 - 6539,43,6330,CO-1420-6330,North Arvada Middle,'6-8,6539,CO-1420-6539,JeffCo Open Elementary,'PK-6,7.374168811,6.550702189,'6
6330 - 2550,44,6330,CO-1420-6330,North Arvada Middle,'6-8,2550,CO-1420-2550,Eiber Elementary,'PK-5,7.817887281,6.487855606,'No
6330 - 5472,45,6330,CO-1420-6330,North Arvada Middle,'6-8,5472,CO-1420-5472,Manning,'6-8,8.014444895,6.127115631,'6-8
6330 - 5524,46,6330,CO-1420-6330,North Arvada Middle,'6-8,5524,CO-1420-5524,Maple Grove Elementary,'PK-5,8.104935072,6.181536434,'No
6330 - 8276,47,6330,CO-1420-6330,North Arvada Middle,'6-8,8276,CO-1420-8276,Stober Elementary,'K-5,8.187508956,6.152148042,'No
6330 - 2866,48,6330,CO-1420-6330,North Arvada Middle,'6-8,2866,CO-1420-2866,Fairmount Elementary,'K-5,8.34505341,6.200955567,'No
6330 - 4942,49,6330,CO-1420-6330,North Arvada Middle,'6-8,4942,CO-1420-4942,Lakewood High,'9-12,8.591884705,7.160224057,'No
6330 - 8102,50,6330,CO-1420-6330,North Arvada Middle,'6-8,8102,CO-1420-8102,South Lakewood Elementary,'K-5,8.742926649,7.624426899,'No
6330 - 7468,51,6330,CO-1420-6330,North Arvada Middle,'6-8,7468,CO-1420-7468,Rose Stein International Elementary,'PK-6,8.815745742,7.782699217,'6
6330 - 9432,52,6330,CO-1420-6330,North Arvada Middle,'6-8,9432,CO-1420-9432,Dennison Elementary,'K-6,9.105770212,7.592836039,'6
6330 - 1976,53,6330,CO-1420-6330,North Arvada Middle,'6-8,1976,CO-1420-1976,Creighton Middle,'6-8,9.228667635,7.851024843,'6-8
6330 - 5892,54,6330,CO-1420-6330,North Arvada Middle,'6-8,5892,CO-1420-5892,Fletcher Miller Special,'PK-12,9.251442645,7.735940126,'6-8
6330 - 0965,55,6330,CO-1420-6330,North Arvada Middle,'6-8,965,CO-1420-0965,Brady Exploration School,'10-12,9.808167476,8.800821842,'No
6330 - 8856,56,6330,CO-1420-6330,North Arvada Middle,'6-8,8856,CO-1420-8856,Three Creeks K-8,'K-8,9.826031695,8.277273753,'6-8
6330 - 9342,57,6330,CO-1420-6330,North Arvada Middle,'6-8,9342,CO-1420-9342,Welchester Elementary,'PK-5,9.828677944,7.609234463,'No
6330 - 8090,58,6330,CO-1420-6330,North Arvada Middle,'6-8,8090,CO-1420-8090,Deane Elementary,'PK-6,9.84650936,8.413847269,'6
,,,CO-1420-,,',,CO-1420-,,',,,#N/A
6470 - 1244,2,6470,CO-1420-6470,Oberon Middle,'6-8,1244,CO-1420-1244,Campbell Early Learning Center,'PK,1.404037587,1.035364948,'No
6470 - 3216,3,6470,CO-1420-6470,Oberon Middle,'6-8,3216,CO-1420-3216,Fremont Elementary,'K-5,1.848782133,1.362688979,'No
6470 - 7870,4,6470,CO-1420-6470,Oberon Middle,'6-8,7870,CO-1420-7870,Sierra Elementary,'PK-5,1.85822622,0.537317604,'No
6470 - 9052,5,6470,CO-1420-6470,Oberon Middle,'6-8,9052,CO-1420-9052,Van Arsdale Elementary,'PK-5,1.871078143,1.435483565,'No
6470 - 0378,6,6470,CO-1420-6470,Oberon Middle,'6-8,378,CO-1420-0378,Arvada West High,'9-12,1.979847099,1.454861229,'No
6470 - 9245,7,6470,CO-1420-6470,Oberon Middle,'6-8,9245,CO-1420-9245,Warren Tech North,'11-12,2.01570089,1.532295627,'No
6470 - 9058,8,6470,CO-1420-6470,Oberon Middle,'6-8,9058,CO-1420-9058,Vanderhoof Elementary,'K-5,2.393968523,1.908601326,'No
6470 - 8300,9,6470,CO-1420-6470,Oberon Middle,'6-8,8300,CO-1420-8300,Stott Elementary,'PK-5,2.709526831,1.510522835,'No
6470 - 7239,10,6470,CO-1420-6470,Oberon Middle,'6-8,7239,CO-1420-7239,Ralston Valley High,'9-12,2.805233264,1.761066097,'No
6470 - 9232,11,6470,CO-1420-6470,Oberon Middle,'6-8,9232,CO-1420-9232,Warder Elementary,'PK-5,2.841910786,1.638291957,'No
6470 - 5758,12,6470,CO-1420-6470,Oberon Middle,'6-8,5758,CO-1420-5758,Meiklejohn Elementary,'PK-5,2.96448701,1.927879637,'No
6470 - 9328,13,6470,CO-1420-6470,Oberon Middle,'6-8,9328,CO-1420-9328,Weber Elementary,'PK-5,3.25632146,1.835905356,'No
6470 - 3726,14,6470,CO-1420-6470,Oberon Middle,'6-8,3726,CO-1420-3726,Hackberry Hill Elementary,'K-5,3.323779313,2.282279168,'No
6470 - 6330,15,6470,CO-1420-6470,Oberon Middle,'6-8,6330,CO-1420-6330,North Arvada Middle,'6-8,3.328641803,2.535898657,'6-8
6470 - 0370,16,6470,CO-1420-6470,Oberon Middle,'6-8,370,CO-1420-0370,Arvada High,'9-12,3.359847029,2.242745938,'No
6470 - 2288,17,6470,CO-1420-6470,Oberon Middle,'6-8,2288,CO-1420-2288,Drake Middle,'6-8,3.697586344,2.968762581,'6-8
6470 - 7114,18,6470,CO-1420-6470,Oberon Middle,'6-8,7114,CO-1420-7114,Pomona Junior/Senior High,'6-12,3.788920913,2.188288994,'6-8
6470 - 9429,19,6470,CO-1420-6470,Oberon Middle,'6-8,9429,CO-1420-9429,West Woods Elementary,'K-5,3.811829406,3.483368214,'No
6470 - 5024,20,6470,CO-1420-6470,Oberon Middle,'6-8,5024,CO-1420-5024,Lawrence Elementary,'K-5,3.975993941,2.932931376,'No
6470 - 7708,21,6470,CO-1420-6470,Oberon Middle,'6-8,7708,CO-1420-7708,Secrest Elementary,'PK-5,3.977428824,2.851498959,'No
6470 - 8432,22,6470,CO-1420-6470,Oberon Middle,'6-8,8432,CO-1420-8432,Swanson Elementary,'K-5,4.059541719,3.148944157,'No
6470 - 6848,23,6470,CO-1420-6470,Oberon Middle,'6-8,6848,CO-1420-6848,Peak Expeditionary-Pennington,'PK-5,4.624247223,3.524949558,'No
6470 - 3088,24,6470,CO-1420-6470,Oberon Middle,'6-8,3088,CO-1420-3088,Foster Dual Language PK-8 School,'PK-8,4.885479541,3.544566022,'6-8
6470 - 6285,25,6470,CO-1420-6470,Oberon Middle,'6-8,6285,CO-1420-6285,Norma Anderson Early Learning Center,'PK,4.894609097,3.584680287,'No
6470 - 5222,26,6470,CO-1420-6470,Oberon Middle,'6-8,5222,CO-1420-5222,Little Elementary,'K-5,5.01473148,3.20524965,'No
6470 - 2820,27,6470,CO-1420-6470,Oberon Middle,'6-8,2820,CO-1420-2820,Everitt Middle,'6-8,5.033357801,4.198523388,'6-8
6470 - 7753,28,6470,CO-1420-6470,Oberon Middle,'6-8,7753,CO-1420-7753,Semper Elementary,'PK-5,5.53044195,3.569031764,'No
6470 - 9510,29,6470,CO-1420-6470,Oberon Middle,'6-8,9510,CO-1420-9510,Wheat Ridge High,'9-12,5.825386107,4.664213137,'No
6470 - 2866,30,6470,CO-1420-6470,Oberon Middle,'6-8,2866,CO-1420-2866,Fairmount Elementary,'K-5,5.876959807,4.214762139,'No
6470 - 5350,31,6470,CO-1420-6470,Oberon Middle,'6-8,5350,CO-1420-5350,Lukas Elementary,'K-5,5.933698525,3.070348962,'No
6470 - 5472,32,6470,CO-1420-6470,Oberon Middle,'6-8,5472,CO-1420-5472,Manning,'6-8,5.955758925,5.044473006,'6-8
6470 - 5524,33,6470,CO-1420-6470,Oberon Middle,'6-8,5524,CO-1420-5524,Maple Grove Elementary,'PK-5,6.046249101,5.117532094,'No
6470 - 5454,34,6470,CO-1420-6470,Oberon Middle,'6-8,5454,CO-1420-5454,Mandalay Middle,'6-8,6.110792556,3.824341691,'6-8
6470 - 0030,35,6470,CO-1420-6470,Oberon Middle,'6-8,30,CO-1420-0030,Adams Elementary,'PK-5,6.159282235,3.980923405,'No
6470 - 8209,36,6470,CO-1420-6470,Oberon Middle,'6-8,8209,CO-1420-8209,Standley Lake High,'9-12,6.233115705,3.899434623,'No
6470 - 9299,37,6470,CO-1420-6470,Oberon Middle,'6-8,9299,CO-1420-9299,Wayne Carle Middle,'6-8,6.241662856,3.274048694,'6-8
6470 - 8036,38,6470,CO-1420-6470,Oberon Middle,'6-8,8036,CO-1420-8036,Sobesky Academy,'K-12,6.368667825,4.708105731,'6-8
6470 - 7190,39,6470,CO-1420-6470,Oberon Middle,'6-8,7190,CO-1420-7190,Prospect Valley Elementary,'K-5,6.41693454,4.549390503,'No
6470 - 8223,40,6470,CO-1420-6470,Oberon Middle,'6-8,8223,CO-1420-8223,Stevens Elementary,'PK-5,6.480034328,4.790517964,'No
6470 - 8276,41,6470,CO-1420-6470,Oberon Middle,'6-8,8276,CO-1420-8276,Stober Elementary,'K-5,6.816458015,5.483442301,'No
6470 - 7962,42,6470,CO-1420-6470,Oberon Middle,'6-8,7962,CO-1420-7962,Slater Elementary,'PK-5,7.127123208,5.642070865,'No
6470 - 8856,43,6470,CO-1420-6470,Oberon Middle,'6-8,8856,CO-1420-8856,Three Creeks K-8,'K-8,7.244474336,5.8620524,'6-8
6470 - 2550,44,6470,CO-1420-6470,Oberon Middle,'6-8,2550,CO-1420-2550,Eiber Elementary,'PK-5,7.453802662,6.487526122,'No
6470 - 4422,45,6470,CO-1420-6470,Oberon Middle,'6-8,4422,CO-1420-4422,Jefferson Junior/Senior High,'7-12,7.756961351,6.075698138,'7-8
6470 - 5354,46,6470,CO-1420-6470,Oberon Middle,'6-8,5354,CO-1420-5354,Lumberg Elementary,'PK-6,7.973347914,6.207398825,'6
6470 - 9342,47,6470,CO-1420-6470,Oberon Middle,'6-8,9342,CO-1420-9342,Welchester Elementary,'PK-5,8.025979966,6.882663851,'No
6470 - 4942,48,6470,CO-1420-6470,Oberon Middle,'6-8,4942,CO-1420-4942,Lakewood High,'9-12,8.057784662,7.147387006,'No
6470 - 5892,49,6470,CO-1420-6470,Oberon Middle,'6-8,5892,CO-1420-5892,Fletcher Miller Special,'PK-12,8.490993539,7.700081468,'6-8
6470 - 2496,50,6470,CO-1420-6470,Oberon Middle,'6-8,2496,CO-1420-2496,Edgewater Elementary,'PK-6,8.550499641,6.49348286,'6
6470 - 9432,51,6470,CO-1420-6470,Oberon Middle,'6-8,9432,CO-1420-9432,Dennison Elementary,'K-6,8.571320392,7.590972995,'6
6470 - 7529,52,6470,CO-1420-6470,Oberon Middle,'6-8,7529,CO-1420-7529,Ryan Elementary,'PK-5,8.665884319,6.051942934,'No
6470 - 6539,53,6470,CO-1420-6470,Oberon Middle,'6-8,6539,CO-1420-6539,JeffCo Open Elementary,'PK-6,8.677480491,6.982520475,'6
6470 - 3201,54,6470,CO-1420-6470,Oberon Middle,'6-8,3201,CO-1420-3201,Free Horizon Montessori,'PK-8,8.709664159,7.428058353,'6-8
6470 - 1976,55,6470,CO-1420-6470,Oberon Middle,'6-8,1976,CO-1420-1976,Creighton Middle,'6-8,8.8700722,7.848154087,'6-8
6470 - 8102,56,6470,CO-1420-6470,Oberon Middle,'6-8,8102,CO-1420-8102,South Lakewood Elementary,'K-5,9.308546798,7.860169139,'No
6470 - 4830,57,6470,CO-1420-6470,Oberon Middle,'6-8,4830,CO-1420-4830,Kyffin Elementary,'PK-5,9.567811637,7.983571761,'No
6470 - 0694,58,6470,CO-1420-6470,Oberon Middle,'6-8,694,CO-1420-0694,Bell Middle,'6-8,9.595622088,7.784188835,'6-8
6470 - 5944,59,6470,CO-1420-6470,Oberon Middle,'6-8,5944,CO-1420-5944,Mitchell Elementary,'K-5,9.961514411,7.57963094,'No
,,,CO-1420-,,',,CO-1420-,,',,,#N/A
6804 - 2836,2,6804,CO-1420-6804,Parmalee Elementary,'K-5,2836,CO-1420-2836,Evergreen High,'9-12,6.420652176,3.504282436,'No
6804 - 9648,3,6804,CO-1420-6804,Parmalee Elementary,'K-5,9648,CO-1420-9648,Wilmot Elementary,'PK-5,6.732041661,3.815568754,'K-5
6804 - 7282,4,6804,CO-1420-6804,Parmalee Elementary,'K-5,7282,CO-1420-7282,Red Rocks Elementary,'K-5,8.088078845,4.092625913,'K-5
6804 - 4549,5,6804,CO-1420-6804,Parmalee Elementary,'K-5,4549,CO-1420-4549,Kendallvue Elementary,'PK-5,8.487628467,6.316639354,'K-5
6804 - 2832,6,6804,CO-1420-6804,Parmalee Elementary,'K-5,2832,CO-1420-2832,Evergreen Middle,'6-8,9.282850636,5.575214006,'No
6804 - 5580,7,6804,CO-1420-6804,Parmalee Elementary,'K-5,5580,CO-1420-5580,Marshdale Elementary,'PK-5,9.314729976,3.870061788,'K-5
6804 - 0779,8,6804,CO-1420-6804,Parmalee Elementary,'K-5,779,CO-1420-0779,Bergen Elementary,'PK-5,9.438581103,5.671505507,'K-5
6804 - 6135,9,6804,CO-1420-6804,Parmalee Elementary,'K-5,6135,CO-1420-6135,Mt. Carbon Elementary,'PK-5,9.692709519,7.023259372,'K-5
6804 - 2093,10,6804,CO-1420-6804,Parmalee Elementary,'K-5,2093,CO-1420-2093,Dakota Ridge High,'9-12,9.938012634,6.787874549,'No
,,,CO-1420-,,',,CO-1420-,,',,,#N/A
6808 - 0724,2,6808,CO-1420-6808,Patterson Elementary,'PK-6,724,CO-1420-0724,Belmar School of Integrated Arts,'K-5,0.926268494,0.603399429,'K-5
6808 - 0108,3,6808,CO-1420-6808,Patterson Elementary,'PK-6,108,CO-1420-0108,Alameda Intl Junior/Senior High,'7-12,0.965273658,0.62393314,'No
6808 - 4550,4,6808,CO-1420-6808,Patterson Elementary,'PK-6,4550,CO-1420-4550,Kendrick Lakes Elementary,'PK-5,1.043453138,0.470228055,'PK-5
6808 - 3622,5,6808,CO-1420-6808,Patterson Elementary,'PK-6,3622,CO-1420-3622,Green Gables Elementary,'PK-5,1.421236053,1.045068819,'PK-5
6808 - 1318,6,6808,CO-1420-6808,Patterson Elementary,'PK-6,1318,CO-1420-1318,Carmody Middle,'6-8,1.974056353,1.212255691,'6
6808 - 5004,7,6808,CO-1420-6808,Patterson Elementary,'PK-6,5004,CO-1420-5004,Lasley Elementary,'K-6,2.004355158,1.56034343,'K-6
6808 - 1976,8,6808,CO-1420-6808,Patterson Elementary,'PK-6,1976,CO-1420-1976,Creighton Middle,'6-8,2.404056122,1.719426278,'6
6808 - 8102,9,6808,CO-1420-6808,Patterson Elementary,'PK-6,8102,CO-1420-8102,South Lakewood Elementary,'K-5,2.435963676,1.716746144,'K-5
6808 - 9412,10,6808,CO-1420-6808,Patterson Elementary,'PK-6,9412,CO-1420-9412,Westgate Elementary,'PK-5,2.544448879,1.727558417,'PK-5
6808 - 5892,11,6808,CO-1420-6808,Patterson Elementary,'PK-6,5892,CO-1420-5892,Fletcher Miller Special,'PK-12,2.549074082,1.882902491,'PK-6
6808 - 7468,12,6808,CO-1420-6808,Patterson Elementary,'PK-6,7468,CO-1420-7468,Rose Stein International Elementary,'PK-6,2.59633024,1.827190329,'PK-6
6808 - 8090,13,6808,CO-1420-6808,Patterson Elementary,'PK-6,8090,CO-1420-8090,Deane Elementary,'PK-6,2.674780377,1.994379009,'PK-6
6808 - 9432,14,6808,CO-1420-6808,Patterson Elementary,'PK-6,9432,CO-1420-9432,Dennison Elementary,'K-6,2.767640037,1.960288669,'K-6
6808 - 0965,15,6808,CO-1420-6808,Patterson Elementary,'PK-6,965,CO-1420-0965,Brady Exploration School,'10-12,2.786578863,2.262135144,'No
6808 - 4942,16,6808,CO-1420-6808,Patterson Elementary,'PK-6,4942,CO-1420-4942,Lakewood High,'9-12,3.01501,2.390986917,'No
6808 - 2194,17,6808,CO-1420-6808,Patterson Elementary,'PK-6,2194,CO-1420-2194,Devinny Elementary,'K-5,3.238719711,2.418572671,'K-5
6808 - 2300,18,6808,CO-1420-6808,Patterson Elementary,'PK-6,2300,CO-1420-2300,Dunstan Middle,'6-8,3.257149419,2.402509573,'6
6808 - 3025,19,6808,CO-1420-6808,Patterson Elementary,'PK-6,3025,CO-1420-3025,Foothills Elementary,'PK-5,3.428364971,2.759661329,'PK-5
6808 - 2550,20,6808,CO-1420-6808,Patterson Elementary,'PK-6,2550,CO-1420-2550,Eiber Elementary,'PK-5,3.542691966,3.036221415,'PK-5
6808 - 0660,21,6808,CO-1420-6808,Patterson Elementary,'PK-6,660,CO-1420-0660,Bear Creek K-8,'K-8,3.579027286,2.380277454,'K-6
6808 - 0664,22,6808,CO-1420-6808,Patterson Elementary,'PK-6,664,CO-1420-0664,Bear Creek High,'9-12,3.603876562,2.596140626,'No
6808 - 3628,23,6808,CO-1420-6808,Patterson Elementary,'PK-6,3628,CO-1420-3628,Green Mountain High,'9-12,3.628398717,2.633403889,'No
6808 - 6539,24,6808,CO-1420-6808,Patterson Elementary,'PK-6,6539,CO-1420-6539,JeffCo Open Elementary,'PK-6,3.671862746,2.810956604,'PK-6
6808 - 4190,25,6808,CO-1420-6808,Patterson Elementary,'PK-6,4190,CO-1420-4190,Hutchinson Elementary,'PK-5,3.731660766,2.811942859,'PK-5
6808 - 7483,26,6808,CO-1420-6808,Patterson Elementary,'PK-6,7483,CO-1420-7483,Rooney Ranch Elementary,'K-5,4.252127264,3.181667177,'K-5
6808 - 9234,27,6808,CO-1420-6808,Patterson Elementary,'PK-6,9234,CO-1420-9234,Warren Tech Central,'11-12,4.519147779,3.197031709,'No
6808 - 7962,28,6808,CO-1420-6808,Patterson Elementary,'PK-6,7962,CO-1420-7962,Slater Elementary,'PK-5,4.532759431,3.973755617,'PK-5
6808 - 5623,29,6808,CO-1420-6808,Patterson Elementary,'PK-6,5623,CO-1420-5623,Long View,'10-12,4.87047806,3.278072072,'No
6808 - 4422,30,6808,CO-1420-6808,Patterson Elementary,'PK-6,4422,CO-1420-4422,Jefferson Junior/Senior High,'7-12,5.003893124,4.092137686,'No
6808 - 0033,31,6808,CO-1420-6808,Patterson Elementary,'PK-6,33,CO-1420-0033,McLain Community High School,'9-12,5.016885958,3.310035045,'No
6808 - 5354,32,6808,CO-1420-6808,Patterson Elementary,'PK-6,5354,CO-1420-5354,Lumberg Elementary,'PK-6,5.041670785,4.04381716,'PK-6
6808 - 2120,33,6808,CO-1420-6808,Patterson Elementary,'PK-6,2120,CO-1420-2120,D'Evelyn Junior/Senior,'6-12,5.117747665,3.628886482,'6
6808 - 9342,34,6808,CO-1420-6808,Patterson Elementary,'PK-6,9342,CO-1420-9342,Welchester Elementary,'PK-5,5.25792623,3.713069842,'PK-5
6808 - 4830,35,6808,CO-1420-6808,Patterson Elementary,'PK-6,4830,CO-1420-4830,Kyffin Elementary,'PK-5,5.62062287,3.791389647,'PK-5
6808 - 9510,36,6808,CO-1420-6808,Patterson Elementary,'PK-6,9510,CO-1420-9510,Wheat Ridge High,'9-12,5.875333025,4.873765729,'No
6808 - 2496,37,6808,CO-1420-6808,Patterson Elementary,'PK-6,2496,CO-1420-2496,Edgewater Elementary,'PK-6,5.898374203,4.406629606,'PK-6
6808 - 8276,38,6808,CO-1420-6808,Patterson Elementary,'PK-6,8276,CO-1420-8276,Stober Elementary,'K-5,5.989829125,4.437099662,'K-5
6808 - 2820,39,6808,CO-1420-6808,Patterson Elementary,'PK-6,2820,CO-1420-2820,Everitt Middle,'6-8,6.180846672,5.330549177,'6
6808 - 3536,40,6808,CO-1420-6808,Patterson Elementary,'PK-6,3536,CO-1420-3536,Governor's Ranch Elementary,'PK-5,6.25084438,5.092949227,'PK-5
6808 - 8223,41,6808,CO-1420-6808,Patterson Elementary,'PK-6,8223,CO-1420-8223,Stevens Elementary,'PK-5,6.271510723,5.385611506,'PK-5
6808 - 7190,42,6808,CO-1420-6808,Patterson Elementary,'PK-6,7190,CO-1420-7190,Prospect Valley Elementary,'K-5,6.304855556,5.094872549,'K-5
6808 - 8036,43,6808,CO-1420-6808,Patterson Elementary,'PK-6,8036,CO-1420-8036,Sobesky Academy,'K-12,6.521873478,5.528988406,'K-6
6808 - 3201,44,6808,CO-1420-6808,Patterson Elementary,'PK-6,3201,CO-1420-3201,Free Horizon Montessori,'PK-8,6.781767422,5.124269792,'PK-6
6808 - 6285,45,6808,CO-1420-6808,Patterson Elementary,'PK-6,6285,CO-1420-6285,Norma Anderson Early Learning Center,'PK,7.026907885,5.965886583,'PK
6808 - 6848,46,6808,CO-1420-6808,Patterson Elementary,'PK-6,6848,CO-1420-6848,Peak Expeditionary-Pennington,'PK-5,7.076454244,6.015446568,'PK-5
6808 - 9490,47,6808,CO-1420-6808,Patterson Elementary,'PK-6,9490,CO-1420-9490,Westridge Elementary,'K-5,7.164915728,5.685164821,'K-5
6808 - 4549,48,6808,CO-1420-6808,Patterson Elementary,'PK-6,4549,CO-1420-4549,Kendallvue Elementary,'PK-5,7.220180592,5.287179746,'PK-5
6808 - 5472,49,6808,CO-1420-6808,Patterson Elementary,'PK-6,5472,CO-1420-5472,Manning,'6-8,7.302416909,5.364688462,'6
6808 - 5524,50,6808,CO-1420-6808,Patterson Elementary,'PK-6,5524,CO-1420-5524,Maple Grove Elementary,'PK-5,7.392907086,5.292554441,'PK-5
6808 - 0694,51,6808,CO-1420-6808,Patterson Elementary,'PK-6,694,CO-1420-0694,Bell Middle,'6-8,7.711029687,5.953730799,'6
6808 - 0951,52,6808,CO-1420-6808,Patterson Elementary,'PK-6,951,CO-1420-0951,Blue Heron Elementary,'PK-5,7.72354082,5.890436074,'PK-5
6808 - 7282,53,6808,CO-1420-6808,Patterson Elementary,'PK-6,7282,CO-1420-7282,Red Rocks Elementary,'K-5,7.78442306,5.976857434,'K-5
6808 - 1864,54,6808,CO-1420-6808,Patterson Elementary,'PK-6,1864,CO-1420-1864,Columbine High,'9-12,7.910152247,6.304698952,'No
6808 - 5036,55,6808,CO-1420-6808,Patterson Elementary,'PK-6,5036,CO-1420-5036,Leawood Elementary,'PK-5,7.910674452,6.237363239,'PK-5
6808 - 3088,56,6808,CO-1420-6808,Patterson Elementary,'PK-6,3088,CO-1420-3088,Foster Dual Language PK-8 School,'PK-8,8.130827898,6.906388788,'PK-6
6808 - 5024,57,6808,CO-1420-6808,Patterson Elementary,'PK-6,5024,CO-1420-5024,Lawrence Elementary,'K-5,8.198427571,7.210431473,'K-5
6808 - 4798,58,6808,CO-1420-6808,Patterson Elementary,'PK-6,4798,CO-1420-4798,Connections Learning Center,'6-8,8.205414553,6.217348399,'6
6808 - 6135,59,6808,CO-1420-6808,Patterson Elementary,'PK-6,6135,CO-1420-6135,Mt. Carbon Elementary,'PK-5,8.29424487,6.073678619,'PK-5
6808 - 8381,60,6808,CO-1420-6808,Patterson Elementary,'PK-6,8381,CO-1420-8381,Summit Ridge Middle,'6-8,8.304107747,6.56694121,'6
6808 - 7128,61,6808,CO-1420-6808,Patterson Elementary,'PK-6,7128,CO-1420-7128,Powderhorn Elementary,'PK-5,8.478243141,6.617406261,'PK-5
6808 - 8280,62,6808,CO-1420-6808,Patterson Elementary,'PK-6,8280,CO-1420-8280,Stony Creek Elementary,'PK-5,8.686906283,7.499234964,'PK-5
6808 - 7833,63,6808,CO-1420-6808,Patterson Elementary,'PK-6,7833,CO-1420-7833,Shelton Elementary,'PK-5,8.71530597,6.630444048,'PK-5
6808 - 2093,64,6808,CO-1420-6808,Patterson Elementary,'PK-6,2093,CO-1420-2093,Dakota Ridge High,'9-12,8.892629903,6.820243764,'No
6808 - 2130,65,6808,CO-1420-6808,Patterson Elementary,'PK-6,2130,CO-1420-2130,Deer Creek Middle,'6-8,8.922833362,7.406510704,'6
6808 - 9008,66,6808,CO-1420-6808,Patterson Elementary,'PK-6,9008,CO-1420-9008,Ute Meadows Elementary,'PK-5,8.965662091,7.641200429,'PK-5
6808 - 3502,67,6808,CO-1420-6808,Patterson Elementary,'PK-6,3502,CO-1420-3502,Golden High,'9-12,8.971313543,7.017897442,'No
6808 - 2322,68,6808,CO-1420-6808,Patterson Elementary,'PK-6,2322,CO-1420-2322,Dutch Creek Elementary,'PK-5,9.008669667,7.414989175,'PK-5
6808 - 6286,69,6808,CO-1420-6808,Patterson Elementary,'PK-6,6286,CO-1420-6286,Normandy Elementary,'PK-5,9.020471493,7.191481583,'PK-5
6808 - 9058,70,6808,CO-1420-6808,Patterson Elementary,'PK-6,9058,CO-1420-9058,Vanderhoof Elementary,'K-5,9.021213621,7.70817511,'K-5
6808 - 2288,71,6808,CO-1420-6808,Patterson Elementary,'PK-6,2288,CO-1420-2288,Drake Middle,'6-8,9.070144983,7.072980518,'6
6808 - 1001,72,6808,CO-1420-6808,Patterson Elementary,'PK-6,1001,CO-1420-1001,Warren Tech South,'11-12,9.075883246,6.966540348,'No
6808 - 7708,73,6808,CO-1420-6808,Patterson Elementary,'PK-6,7708,CO-1420-7708,Secrest Elementary,'PK-5,9.248238079,8.315390588,'PK-5
6808 - 1876,74,6808,CO-1420-6808,Patterson Elementary,'PK-6,1876,CO-1420-1876,Coronado Elementary,'PK-5,9.277579757,8.351376317,'PK-5
6808 - 0370,75,6808,CO-1420-6808,Patterson Elementary,'PK-6,370,CO-1420-0370,Arvada High,'9-12,9.361976347,8.400184351,'No
6808 - 9245,76,6808,CO-1420-6808,Patterson Elementary,'PK-6,9245,CO-1420-9245,Warren Tech North,'11-12,9.376837859,8.072688685,'No
6808 - 4548,77,6808,CO-1420-6808,Patterson Elementary,'PK-6,4548,CO-1420-4548,Ken Caryl Middle,'6-8,9.495080379,7.857927801,'6
6808 - 0378,78,6808,CO-1420-6808,Patterson Elementary,'PK-6,378,CO-1420-0378,Arvada West High,'9-12,9.518354127,8.174353212,'No
6808 - 1244,79,6808,CO-1420-6808,Patterson Elementary,'PK-6,1244,CO-1420-1244,Campbell Early Learning Center,'PK,9.554183166,8.487459432,'PK
6808 - 1522,80,6808,CO-1420-6808,Patterson Elementary,'PK-6,1522,CO-1420-1522,Chatfield High,'9-12,9.606586507,7.670366616,'No
6808 - 3216,81,6808,CO-1420-6808,Patterson Elementary,'PK-6,3216,CO-1420-3216,Fremont Elementary,'K-5,9.960887117,8.426857763,'K-5
,,,CO-1420-,,',,CO-1420-,,',,,#N/A
6848 - 6285,2,6848,CO-1420-6848,Peak Expeditionary-Pennington,'PK-5,6285,CO-1420-6285,Norma Anderson Early Learning Center,'PK,1.052654343,0.634064818,'PK
6848 - 2820,3,6848,CO-1420-6848,Peak Expeditionary-Pennington,'PK-5,2820,CO-1420-2820,Everitt Middle,'6-8,1.182185008,0.689655118,'No
6848 - 9510,4,6848,CO-1420-6848,Peak Expeditionary-Pennington,'PK-5,9510,CO-1420-9510,Wheat Ridge High,'9-12,1.974213314,1.142655498,'No
6848 - 5024,5,6848,CO-1420-6848,Peak Expeditionary-Pennington,'PK-5,5024,CO-1420-5024,Lawrence Elementary,'K-5,2.161123226,1.64415957,'K-5
6848 - 8036,6,6848,CO-1420-6848,Peak Expeditionary-Pennington,'PK-5,8036,CO-1420-8036,Sobesky Academy,'K-12,2.284047425,1.784516171,'K-5
6848 - 8223,7,6848,CO-1420-6848,Peak Expeditionary-Pennington,'PK-5,8223,CO-1420-8223,Stevens Elementary,'PK-5,2.395413928,1.773816496,'PK-5
6848 - 7190,8,6848,CO-1420-6848,Peak Expeditionary-Pennington,'PK-5,7190,CO-1420-7190,Prospect Valley Elementary,'K-5,2.565761747,1.423893019,'K-5
6848 - 3088,9,6848,CO-1420-6848,Peak Expeditionary-Pennington,'PK-5,3088,CO-1420-3088,Foster Dual Language PK-8 School,'PK-8,2.588497304,1.834633285,'PK-5
6848 - 9058,10,6848,CO-1420-6848,Peak Expeditionary-Pennington,'PK-5,9058,CO-1420-9058,Vanderhoof Elementary,'K-5,2.72877046,1.866436156,'K-5
6848 - 2288,11,6848,CO-1420-6848,Peak Expeditionary-Pennington,'PK-5,2288,CO-1420-2288,Drake Middle,'6-8,2.940994736,1.946344184,'No
6848 - 9245,12,6848,CO-1420-6848,Peak Expeditionary-Pennington,'PK-5,9245,CO-1420-9245,Warren Tech North,'11-12,3.084394698,2.178648213,'No
6848 - 7962,13,6848,CO-1420-6848,Peak Expeditionary-Pennington,'PK-5,7962,CO-1420-7962,Slater Elementary,'PK-5,3.151683585,2.123647808,'PK-5
6848 - 0378,14,6848,CO-1420-6848,Peak Expeditionary-Pennington,'PK-5,378,CO-1420-0378,Arvada West High,'9-12,3.225910965,2.288681779,'No
6848 - 1244,15,6848,CO-1420-6848,Peak Expeditionary-Pennington,'PK-5,1244,CO-1420-1244,Campbell Early Learning Center,'PK,3.250803352,2.49348662,'PK
6848 - 0370,16,6848,CO-1420-6848,Peak Expeditionary-Pennington,'PK-5,370,CO-1420-0370,Arvada High,'9-12,3.532904352,2.67609107,'No
6848 - 8276,17,6848,CO-1420-6848,Peak Expeditionary-Pennington,'PK-5,8276,CO-1420-8276,Stober Elementary,'K-5,3.54494416,2.444177336,'K-5
6848 - 2550,18,6848,CO-1420-6848,Peak Expeditionary-Pennington,'PK-5,2550,CO-1420-2550,Eiber Elementary,'PK-5,3.602629869,2.992985876,'PK-5
6848 - 5472,19,6848,CO-1420-6848,Peak Expeditionary-Pennington,'PK-5,5472,CO-1420-5472,Manning,'6-8,3.635118427,2.610425739,'No
6848 - 3216,20,6848,CO-1420-6848,Peak Expeditionary-Pennington,'PK-5,3216,CO-1420-3216,Fremont Elementary,'K-5,3.668443956,2.600701422,'K-5
6848 - 4422,21,6848,CO-1420-6848,Peak Expeditionary-Pennington,'PK-5,4422,CO-1420-4422,Jefferson Junior/Senior High,'7-12,3.672340951,2.731551122,'No
6848 - 7708,22,6848,CO-1420-6848,Peak Expeditionary-Pennington,'PK-5,7708,CO-1420-7708,Secrest Elementary,'PK-5,3.692331898,2.876373809,'PK-5
6848 - 5524,23,6848,CO-1420-6848,Peak Expeditionary-Pennington,'PK-5,5524,CO-1420-5524,Maple Grove Elementary,'PK-5,3.725608603,2.645796873,'PK-5
6848 - 5354,24,6848,CO-1420-6848,Peak Expeditionary-Pennington,'PK-5,5354,CO-1420-5354,Lumberg Elementary,'PK-6,3.888727513,2.877205527,'PK-5
6848 - 4942,25,6848,CO-1420-6848,Peak Expeditionary-Pennington,'PK-5,4942,CO-1420-4942,Lakewood High,'9-12,4.206611869,3.666062988,'No
6848 - 8300,26,6848,CO-1420-6848,Peak Expeditionary-Pennington,'PK-5,8300,CO-1420-8300,Stott Elementary,'PK-5,4.428471074,3.103429374,'PK-5
6848 - 2496,27,6848,CO-1420-6848,Peak Expeditionary-Pennington,'PK-5,2496,CO-1420-2496,Edgewater Elementary,'PK-6,4.492629724,3.35992238,'PK-5
6848 - 8432,28,6848,CO-1420-6848,Peak Expeditionary-Pennington,'PK-5,8432,CO-1420-8432,Swanson Elementary,'K-5,4.519148083,3.554570553,'K-5
6848 - 6539,29,6848,CO-1420-6848,Peak Expeditionary-Pennington,'PK-5,6539,CO-1420-6539,JeffCo Open Elementary,'PK-6,4.59286009,3.474153414,'PK-5
6848 - 6470,30,6848,CO-1420-6848,Peak Expeditionary-Pennington,'PK-5,6470,CO-1420-6470,Oberon Middle,'6-8,4.624247223,3.524949558,'No
6848 - 5892,31,6848,CO-1420-6848,Peak Expeditionary-Pennington,'PK-5,5892,CO-1420-5892,Fletcher Miller Special,'PK-12,4.639820747,4.23346508,'PK-5
6848 - 9432,32,6848,CO-1420-6848,Peak Expeditionary-Pennington,'PK-5,9432,CO-1420-9432,Dennison Elementary,'K-6,4.720147599,4.111933311,'K-5
6848 - 2866,33,6848,CO-1420-6848,Peak Expeditionary-Pennington,'PK-5,2866,CO-1420-2866,Fairmount Elementary,'K-5,4.938597588,3.811767515,'K-5
6848 - 6330,34,6848,CO-1420-6848,Peak Expeditionary-Pennington,'PK-5,6330,CO-1420-6330,North Arvada Middle,'6-8,4.947715179,3.717431085,'No
6848 - 1976,35,6848,CO-1420-6848,Peak Expeditionary-Pennington,'PK-5,1976,CO-1420-1976,Creighton Middle,'6-8,5.018899407,4.372433374,'No
6848 - 3726,36,6848,CO-1420-6848,Peak Expeditionary-Pennington,'PK-5,3726,CO-1420-3726,Hackberry Hill Elementary,'K-5,5.063073587,3.968143682,'K-5
6848 - 9232,37,6848,CO-1420-6848,Peak Expeditionary-Pennington,'PK-5,9232,CO-1420-9232,Warder Elementary,'PK-5,5.067249198,3.942423025,'PK-5
6848 - 7870,38,6848,CO-1420-6848,Peak Expeditionary-Pennington,'PK-5,7870,CO-1420-7870,Sierra Elementary,'PK-5,5.179258431,4.034898126,'PK-5
6848 - 9342,39,6848,CO-1420-6848,Peak Expeditionary-Pennington,'PK-5,9342,CO-1420-9342,Welchester Elementary,'PK-5,5.186113149,3.89445983,'PK-5
6848 - 8102,40,6848,CO-1420-6848,Peak Expeditionary-Pennington,'PK-5,8102,CO-1420-8102,South Lakewood Elementary,'K-5,5.457374005,4.33808324,'K-5
6848 - 9328,41,6848,CO-1420-6848,Peak Expeditionary-Pennington,'PK-5,9328,CO-1420-9328,Weber Elementary,'PK-5,5.948187481,4.578982713,'PK-5
6848 - 9052,42,6848,CO-1420-6848,Peak Expeditionary-Pennington,'PK-5,9052,CO-1420-9052,Van Arsdale Elementary,'PK-5,5.98138415,4.250535253,'PK-5
6848 - 7468,43,6848,CO-1420-6848,Peak Expeditionary-Pennington,'PK-5,7468,CO-1420-7468,Rose Stein International Elementary,'PK-6,6.195683317,4.795558993,'PK-5
6848 - 7114,44,6848,CO-1420-6848,Peak Expeditionary-Pennington,'PK-5,7114,CO-1420-7114,Pomona Junior/Senior High,'6-12,6.275558276,4.852279977,'No
6848 - 0724,45,6848,CO-1420-6848,Peak Expeditionary-Pennington,'PK-5,724,CO-1420-0724,Belmar School of Integrated Arts,'K-5,6.305792987,5.474200479,'K-5
6848 - 3201,46,6848,CO-1420-6848,Peak Expeditionary-Pennington,'PK-5,3201,CO-1420-3201,Free Horizon Montessori,'PK-8,6.343375201,5.068225314,'PK-5
6848 - 9234,47,6848,CO-1420-6848,Peak Expeditionary-Pennington,'PK-5,9234,CO-1420-9234,Warren Tech Central,'11-12,6.568301664,5.062978193,'No
6848 - 4550,48,6848,CO-1420-6848,Peak Expeditionary-Pennington,'PK-5,4550,CO-1420-4550,Kendrick Lakes Elementary,'PK-5,6.66481593,6.111234809,'PK-5
6848 - 5222,49,6848,CO-1420-6848,Peak Expeditionary-Pennington,'PK-5,5222,CO-1420-5222,Little Elementary,'K-5,6.7774245,5.379578983,'K-5
6848 - 5623,50,6848,CO-1420-6848,Peak Expeditionary-Pennington,'PK-5,5623,CO-1420-5623,Long View,'10-12,6.919631945,5.275681447,'No
6848 - 7239,51,6848,CO-1420-6848,Peak Expeditionary-Pennington,'PK-5,7239,CO-1420-7239,Ralston Valley High,'9-12,6.95474025,4.901843419,'No
6848 - 0033,52,6848,CO-1420-6848,Peak Expeditionary-Pennington,'PK-5,33,CO-1420-0033,McLain Community High School,'9-12,7.066039843,5.157566355,'No
6848 - 6808,53,6848,CO-1420-6848,Peak Expeditionary-Pennington,'PK-5,6808,CO-1420-6808,Patterson Elementary,'PK-6,7.076454244,6.015446568,'PK-5
6848 - 5758,54,6848,CO-1420-6848,Peak Expeditionary-Pennington,'PK-5,5758,CO-1420-5758,Meiklejohn Elementary,'PK-5,7.113993995,5.154977593,'PK-5
6848 - 4830,55,6848,CO-1420-6848,Peak Expeditionary-Pennington,'PK-5,4830,CO-1420-4830,Kyffin Elementary,'PK-5,7.197901017,5.12098827,'PK-5
6848 - 0694,56,6848,CO-1420-6848,Peak Expeditionary-Pennington,'PK-5,694,CO-1420-0694,Bell Middle,'6-8,7.22933313,5.744053956,'No
6848 - 3025,57,6848,CO-1420-6848,Peak Expeditionary-Pennington,'PK-5,3025,CO-1420-3025,Foothills Elementary,'PK-5,7.267272074,5.781262418,'PK-5
6848 - 8090,58,6848,CO-1420-6848,Peak Expeditionary-Pennington,'PK-5,8090,CO-1420-8090,Deane Elementary,'PK-6,7.282438661,5.636625544,'PK-5
6848 - 9429,59,6848,CO-1420-6848,Peak Expeditionary-Pennington,'PK-5,9429,CO-1420-9429,West Woods Elementary,'K-5,7.354891553,5.297687855,'K-5
6848 - 0108,60,6848,CO-1420-6848,Peak Expeditionary-Pennington,'PK-5,108,CO-1420-0108,Alameda Intl Junior/Senior High,'7-12,7.531980613,6.164782764,'No
6848 - 7753,61,6848,CO-1420-6848,Peak Expeditionary-Pennington,'PK-5,7753,CO-1420-7753,Semper Elementary,'PK-5,7.553660243,6.41320682,'PK-5
6848 - 5944,62,6848,CO-1420-6848,Peak Expeditionary-Pennington,'PK-5,5944,CO-1420-5944,Mitchell Elementary,'K-5,7.707902269,6.811098531,'K-5
6848 - 4798,63,6848,CO-1420-6848,Peak Expeditionary-Pennington,'PK-5,4798,CO-1420-4798,Connections Learning Center,'6-8,7.723717997,5.819991174,'No
6848 - 1318,64,6848,CO-1420-6848,Peak Expeditionary-Pennington,'PK-5,1318,CO-1420-1318,Carmody Middle,'6-8,7.769892456,6.983282329,'No
6848 - 3628,65,6848,CO-1420-6848,Peak Expeditionary-Pennington,'PK-5,3628,CO-1420-3628,Green Mountain High,'9-12,7.848110028,6.340717737,'No
6848 - 3502,66,6848,CO-1420-6848,Peak Expeditionary-Pennington,'PK-5,3502,CO-1420-3502,Golden High,'9-12,7.962633843,6.119881481,'No
6848 - 5454,67,6848,CO-1420-6848,Peak Expeditionary-Pennington,'PK-5,5454,CO-1420-5454,Mandalay Middle,'6-8,7.978866422,6.539326579,'No
6848 - 5004,68,6848,CO-1420-6848,Peak Expeditionary-Pennington,'PK-5,5004,CO-1420-5004,Lasley Elementary,'K-6,7.989027371,6.523694038,'K-5
6848 - 2194,69,6848,CO-1420-6848,Peak Expeditionary-Pennington,'PK-5,2194,CO-1420-2194,Devinny Elementary,'K-5,8.015219673,6.771333589,'K-5
6848 - 0030,70,6848,CO-1420-6848,Peak Expeditionary-Pennington,'PK-5,30,CO-1420-0030,Adams Elementary,'PK-5,8.027356102,6.482960916,'PK-5
6848 - 3622,71,6848,CO-1420-6848,Peak Expeditionary-Pennington,'PK-5,3622,CO-1420-3622,Green Gables Elementary,'PK-5,8.037601526,7.060070247,'PK-5
6848 - 0965,72,6848,CO-1420-6848,Peak Expeditionary-Pennington,'PK-5,965,CO-1420-0965,Brady Exploration School,'10-12,8.045935495,6.129551832,'No
6848 - 2300,73,6848,CO-1420-6848,Peak Expeditionary-Pennington,'PK-5,2300,CO-1420-2300,Dunstan Middle,'6-8,8.138973253,6.858374887,'No
6848 - 5350,74,6848,CO-1420-6848,Peak Expeditionary-Pennington,'PK-5,5350,CO-1420-5350,Lukas Elementary,'K-5,8.658106613,6.34526816,'K-5
6848 - 4190,75,6848,CO-1420-6848,Peak Expeditionary-Pennington,'PK-5,4190,CO-1420-4190,Hutchinson Elementary,'PK-5,8.790340314,7.179786595,'PK-5
6848 - 9412,76,6848,CO-1420-6848,Peak Expeditionary-Pennington,'PK-5,9412,CO-1420-9412,Westgate Elementary,'PK-5,8.812884246,7.742998252,'PK-5
6848 - 7833,77,6848,CO-1420-6848,Peak Expeditionary-Pennington,'PK-5,7833,CO-1420-7833,Shelton Elementary,'PK-5,8.854703613,7.017503653,'PK-5
6848 - 8209,78,6848,CO-1420-6848,Peak Expeditionary-Pennington,'PK-5,8209,CO-1420-8209,Standley Lake High,'9-12,8.957523794,7.182479497,'No
6848 - 9299,79,6848,CO-1420-6848,Peak Expeditionary-Pennington,'PK-5,9299,CO-1420-9299,Wayne Carle Middle,'6-8,8.966070944,6.676881497,'No
6848 - 7483,80,6848,CO-1420-6848,Peak Expeditionary-Pennington,'PK-5,7483,CO-1420-7483,Rooney Ranch Elementary,'K-5,9.19268181,7.500707519,'K-5
6848 - 0660,81,6848,CO-1420-6848,Peak Expeditionary-Pennington,'PK-5,660,CO-1420-0660,Bear Creek K-8,'K-8,9.374863389,8.324403803,'K-5
6848 - 0664,82,6848,CO-1420-6848,Peak Expeditionary-Pennington,'PK-5,664,CO-1420-0664,Bear Creek High,'9-12,9.399712665,8.460564538,'No
,,,CO-1420-,,',,CO-1420-,,',,,#N/A
7114 - 9328,2,7114,CO-1420-7114,Pomona Junior/Senior High,'6-12,9328,CO-1420-9328,Weber Elementary,'PK-5,0.748733259,0.353180851,'No
7114 - 9232,3,7114,CO-1420-7114,Pomona Junior/Senior High,'6-12,9232,CO-1420-9232,Warder Elementary,'PK-5,1.498236466,0.910059924,'No
7114 - 3726,4,7114,CO-1420-7114,Pomona Junior/Senior High,'6-12,3726,CO-1420-3726,Hackberry Hill Elementary,'K-5,1.583216811,1.196858034,'No
7114 - 5222,5,7114,CO-1420-7114,Pomona Junior/Senior High,'6-12,5222,CO-1420-5222,Little Elementary,'K-5,1.91830077,1.085099621,'No
7114 - 6330,6,7114,CO-1420-7114,Pomona Junior/Senior High,'6-12,6330,CO-1420-6330,North Arvada Middle,'6-8,2.354923631,1.67076695,'6-8
7114 - 7753,7,7114,CO-1420-7114,Pomona Junior/Senior High,'6-12,7753,CO-1420-7753,Semper Elementary,'PK-5,2.363305396,1.565229501,'No
7114 - 7870,8,7114,CO-1420-7114,Pomona Junior/Senior High,'6-12,7870,CO-1420-7870,Sierra Elementary,'PK-5,2.473712731,1.856346942,'No
7114 - 5454,9,7114,CO-1420-7114,Pomona Junior/Senior High,'6-12,5454,CO-1420-5454,Mandalay Middle,'6-8,2.788511575,1.734324968,'6-8
7114 - 0030,10,7114,CO-1420-7114,Pomona Junior/Senior High,'6-12,30,CO-1420-0030,Adams Elementary,'PK-5,2.837001254,1.811935735,'No
7114 - 0370,11,7114,CO-1420-7114,Pomona Junior/Senior High,'6-12,370,CO-1420-0370,Arvada High,'9-12,2.853644509,2.376272404,'9-12
7114 - 8432,12,7114,CO-1420-7114,Pomona Junior/Senior High,'6-12,8432,CO-1420-8432,Swanson Elementary,'K-5,3.283226709,2.42368564,'No
7114 - 7708,13,7114,CO-1420-7114,Pomona Junior/Senior High,'6-12,7708,CO-1420-7708,Secrest Elementary,'PK-5,3.371603402,2.653201495,'No
7114 - 5350,14,7114,CO-1420-7114,Pomona Junior/Senior High,'6-12,5350,CO-1420-5350,Lukas Elementary,'K-5,3.467751766,1.755202643,'No
7114 - 8209,15,7114,CO-1420-7114,Pomona Junior/Senior High,'6-12,8209,CO-1420-8209,Standley Lake High,'9-12,3.767168946,2.501614679,'9-12
7114 - 9299,16,7114,CO-1420-7114,Pomona Junior/Senior High,'6-12,9299,CO-1420-9299,Wayne Carle Middle,'6-8,3.775716096,2.280691935,'6-8
7114 - 6470,17,7114,CO-1420-7114,Pomona Junior/Senior High,'6-12,6470,CO-1420-6470,Oberon Middle,'6-8,3.788920913,2.188288994,'6-8
7114 - 1244,18,7114,CO-1420-7114,Pomona Junior/Senior High,'6-12,1244,CO-1420-1244,Campbell Early Learning Center,'PK,3.922949017,2.831350879,'No
7114 - 5024,19,7114,CO-1420-7114,Pomona Junior/Senior High,'6-12,5024,CO-1420-5024,Lawrence Elementary,'K-5,4.122771214,3.554691604,'No
7114 - 7239,20,7114,CO-1420-7114,Pomona Junior/Senior High,'6-12,7239,CO-1420-7239,Ralston Valley High,'9-12,4.161766507,3.29339598,'9-12
7114 - 9052,21,7114,CO-1420-7114,Pomona Junior/Senior High,'6-12,9052,CO-1420-9052,Van Arsdale Elementary,'PK-5,4.2352497,3.360857377,'No
7114 - 5758,22,7114,CO-1420-7114,Pomona Junior/Senior High,'6-12,5758,CO-1420-5758,Meiklejohn Elementary,'PK-5,4.272070908,3.283285475,'No
7114 - 3088,23,7114,CO-1420-7114,Pomona Junior/Senior High,'6-12,3088,CO-1420-3088,Foster Dual Language PK-8 School,'PK-8,4.491807623,3.971214741,'6-8
7114 - 9245,24,7114,CO-1420-7114,Pomona Junior/Senior High,'6-12,9245,CO-1420-9245,Warren Tech North,'11-12,4.779656231,3.459285247,'11-12
7114 - 3216,25,7114,CO-1420-7114,Pomona Junior/Senior High,'6-12,3216,CO-1420-3216,Fremont Elementary,'K-5,4.857692241,3.456357429,'No
7114 - 0378,26,7114,CO-1420-7114,Pomona Junior/Senior High,'6-12,378,CO-1420-0378,Arvada West High,'9-12,4.939667871,3.423360523,'9-12
7114 - 9058,27,7114,CO-1420-7114,Pomona Junior/Senior High,'6-12,9058,CO-1420-9058,Vanderhoof Elementary,'K-5,5.198084974,3.785948812,'No
7114 - 7529,28,7114,CO-1420-7114,Pomona Junior/Senior High,'6-12,7529,CO-1420-7529,Ryan Elementary,'PK-5,5.498747764,4.087269219,'No
7114 - 8300,29,7114,CO-1420-7114,Pomona Junior/Senior High,'6-12,8300,CO-1420-8300,Stott Elementary,'PK-5,5.720786937,3.696367354,'No
7114 - 8036,30,7114,CO-1420-7114,Pomona Junior/Senior High,'6-12,8036,CO-1420-8036,Sobesky Academy,'K-12,6.224839829,5.373768526,'6-12
7114 - 6848,31,7114,CO-1420-7114,Pomona Junior/Senior High,'6-12,6848,CO-1420-6848,Peak Expeditionary-Pennington,'PK-5,6.275558276,4.852279977,'No
7114 - 8223,32,7114,CO-1420-7114,Pomona Junior/Senior High,'6-12,8223,CO-1420-8223,Stevens Elementary,'PK-5,6.363032969,5.49832036,'No
7114 - 2288,33,7114,CO-1420-7114,Pomona Junior/Senior High,'6-12,2288,CO-1420-2288,Drake Middle,'6-8,6.69470835,4.958764262,'6-8
7114 - 9429,34,7114,CO-1420-7114,Pomona Junior/Senior High,'6-12,9429,CO-1420-9429,West Woods Elementary,'K-5,6.74798315,5.457951516,'No
7114 - 6285,35,7114,CO-1420-7114,Pomona Junior/Senior High,'6-12,6285,CO-1420-6285,Norma Anderson Early Learning Center,'PK,6.968790271,5.148362113,'No
7114 - 2820,36,7114,CO-1420-7114,Pomona Junior/Senior High,'6-12,2820,CO-1420-2820,Everitt Middle,'6-8,7.107538976,5.53135581,'6-8
7114 - 9510,37,7114,CO-1420-7114,Pomona Junior/Senior High,'6-12,9510,CO-1420-9510,Wheat Ridge High,'9-12,7.465069942,5.943251653,'9-12
7114 - 4422,38,7114,CO-1420-7114,Pomona Junior/Senior High,'6-12,4422,CO-1420-4422,Jefferson Junior/Senior High,'7-12,7.668677702,6.875986587,'7-12
7114 - 5354,39,7114,CO-1420-7114,Pomona Junior/Senior High,'6-12,5354,CO-1420-5354,Lumberg Elementary,'PK-6,7.868984044,6.979685157,'6
7114 - 7962,40,7114,CO-1420-7114,Pomona Junior/Senior High,'6-12,7962,CO-1420-7962,Slater Elementary,'PK-5,7.90799718,6.775520946,'No
7114 - 2496,41,7114,CO-1420-7114,Pomona Junior/Senior High,'6-12,2496,CO-1420-2496,Edgewater Elementary,'PK-6,8.167592026,7.04101847,'6
7114 - 8856,42,7114,CO-1420-7114,Pomona Junior/Senior High,'6-12,8856,CO-1420-8856,Three Creeks K-8,'K-8,8.275862947,7.160928517,'6-8
7114 - 7190,43,7114,CO-1420-7114,Pomona Junior/Senior High,'6-12,7190,CO-1420-7190,Prospect Valley Elementary,'K-5,8.491115714,6.152777435,'No
7114 - 2866,44,7114,CO-1420-7114,Pomona Junior/Senior High,'6-12,2866,CO-1420-2866,Fairmount Elementary,'K-5,8.81311355,6.390460833,'No
7114 - 6539,45,7114,CO-1420-7114,Pomona Junior/Senior High,'6-12,6539,CO-1420-6539,JeffCo Open Elementary,'PK-6,8.815503588,8.00949826,'6
7114 - 5472,46,7114,CO-1420-7114,Pomona Junior/Senior High,'6-12,5472,CO-1420-5472,Manning,'6-8,8.952880931,6.924978012,'6-8
7114 - 5524,47,7114,CO-1420-7114,Pomona Junior/Senior High,'6-12,5524,CO-1420-5524,Maple Grove Elementary,'PK-5,9.043371108,6.990886967,'No
7114 - 2550,48,7114,CO-1420-7114,Pomona Junior/Senior High,'6-12,2550,CO-1420-2550,Eiber Elementary,'PK-5,9.259222059,7.796400522,'No
7114 - 8276,49,7114,CO-1420-7114,Pomona Junior/Senior High,'6-12,8276,CO-1420-8276,Stober Elementary,'K-5,9.470298127,7.165047782,'No
,,,CO-1420-,,',,CO-1420-,,',,,#N/A
7128 - 8381,2,7128,CO-1420-7128,Powderhorn Elementary,'PK-5,8381,CO-1420-8381,Summit Ridge Middle,'6-8,0.181552214,0.170732373,'No
7128 - 1001,3,7128,CO-1420-7128,Powderhorn Elementary,'PK-5,1001,CO-1420-1001,Warren Tech South,'11-12,1.062628038,0.757826829,'No
7128 - 2093,4,7128,CO-1420-7128,Powderhorn Elementary,'PK-5,2093,CO-1420-2093,Dakota Ridge High,'9-12,1.329181763,0.83101719,'No
7128 - 9490,5,7128,CO-1420-7128,Powderhorn Elementary,'PK-5,9490,CO-1420-9490,Westridge Elementary,'K-5,1.578278567,1.120990266,'K-5
7128 - 1522,6,7128,CO-1420-7128,Powderhorn Elementary,'PK-5,1522,CO-1420-1522,Chatfield High,'9-12,1.814703889,1.139155813,'No
7128 - 6135,7,7128,CO-1420-7128,Powderhorn Elementary,'PK-5,6135,CO-1420-6135,Mt. Carbon Elementary,'PK-5,2.108327886,0.829117662,'PK-5
7128 - 9008,8,7128,CO-1420-7128,Powderhorn Elementary,'PK-5,9008,CO-1420-9008,Ute Meadows Elementary,'PK-5,2.159791842,1.405659282,'PK-5
7128 - 2130,9,7128,CO-1420-7128,Powderhorn Elementary,'PK-5,2130,CO-1420-2130,Deer Creek Middle,'6-8,2.932006797,2.04849641,'No
7128 - 3536,10,7128,CO-1420-7128,Powderhorn Elementary,'PK-5,3536,CO-1420-3536,Governor's Ranch Elementary,'PK-5,2.938156271,2.226315171,'PK-5
7128 - 4549,11,7128,CO-1420-7128,Powderhorn Elementary,'PK-5,4549,CO-1420-4549,Kendallvue Elementary,'PK-5,3.336994312,2.12402572,'PK-5
7128 - 8280,12,7128,CO-1420-7128,Powderhorn Elementary,'PK-5,8280,CO-1420-8280,Stony Creek Elementary,'PK-5,3.392327924,2.302530622,'PK-5
7128 - 7780,13,7128,CO-1420-7128,Powderhorn Elementary,'PK-5,7780,CO-1420-7780,Shaffer Elementary,'PK-5,3.524874506,2.450241199,'PK-5
7128 - 6133,14,7128,CO-1420-7128,Powderhorn Elementary,'PK-5,6133,CO-1420-6133,Mortensen Elementary,'PK-5,3.828783536,2.616585045,'PK-5
7128 - 2120,15,7128,CO-1420-7128,Powderhorn Elementary,'PK-5,2120,CO-1420-2120,D'Evelyn Junior/Senior,'6-12,3.876809473,2.992162519,'No
7128 - 2322,16,7128,CO-1420-7128,Powderhorn Elementary,'PK-5,2322,CO-1420-2322,Dutch Creek Elementary,'PK-5,3.973947874,3.19301177,'PK-5
7128 - 1876,17,7128,CO-1420-7128,Powderhorn Elementary,'PK-5,1876,CO-1420-1876,Coronado Elementary,'PK-5,4.053234377,3.128360024,'PK-5
7128 - 0950,18,7128,CO-1420-7128,Powderhorn Elementary,'PK-5,950,CO-1420-0950,Bradford K8 South,'K-4,4.076489634,2.659997761,'K-4
7128 - 6286,19,7128,CO-1420-7128,Powderhorn Elementary,'PK-5,6286,CO-1420-6286,Normandy Elementary,'PK-5,4.158679414,3.789786501,'PK-5
7128 - 1864,20,7128,CO-1420-7128,Powderhorn Elementary,'PK-5,1864,CO-1420-1864,Columbine High,'9-12,4.207987717,3.20383742,'No
7128 - 5036,21,7128,CO-1420-7128,Powderhorn Elementary,'PK-5,5036,CO-1420-5036,Leawood Elementary,'PK-5,4.213156643,3.666188035,'PK-5
7128 - 2963,22,7128,CO-1420-7128,Powderhorn Elementary,'PK-5,2963,CO-1420-2963,Falcon Bluffs Middle,'6-8,4.216884503,3.231062974,'No
7128 - 0952,23,7128,CO-1420-7128,Powderhorn Elementary,'PK-5,952,CO-1420-0952,Bradford K8 North,'5-8,4.47840059,2.213247929,'5
7128 - 4548,24,7128,CO-1420-7128,Powderhorn Elementary,'PK-5,4548,CO-1420-4548,Ken Caryl Middle,'6-8,4.617029856,3.732592492,'No
7128 - 0951,25,7128,CO-1420-7128,Powderhorn Elementary,'PK-5,951,CO-1420-0951,Blue Heron Elementary,'PK-5,5.006717824,3.925769578,'PK-5
7128 - 0664,26,7128,CO-1420-7128,Powderhorn Elementary,'PK-5,664,CO-1420-0664,Bear Creek High,'9-12,5.110218495,4.021379125,'No
7128 - 1861,27,7128,CO-1420-7128,Powderhorn Elementary,'PK-5,1861,CO-1420-1861,Columbine Hills Elementary,'PK-5,5.177022634,4.319998245,'PK-5
7128 - 0660,28,7128,CO-1420-7128,Powderhorn Elementary,'PK-5,660,CO-1420-0660,Bear Creek K-8,'K-8,5.639711308,4.266896108,'K-5
7128 - 7282,29,7128,CO-1420-7128,Powderhorn Elementary,'PK-5,7282,CO-1420-7282,Red Rocks Elementary,'K-5,6.283825036,4.999668445,'K-5
7128 - 9412,30,7128,CO-1420-7128,Powderhorn Elementary,'PK-5,9412,CO-1420-9412,Westgate Elementary,'PK-5,6.593774626,5.082877423,'PK-5
7128 - 1318,31,7128,CO-1420-7128,Powderhorn Elementary,'PK-5,1318,CO-1420-1318,Carmody Middle,'6-8,6.660866249,5.466014313,'No
7128 - 3622,32,7128,CO-1420-7128,Powderhorn Elementary,'PK-5,3622,CO-1420-3622,Green Gables Elementary,'PK-5,7.703681082,5.662380918,'PK-5
7128 - 2300,33,7128,CO-1420-7128,Powderhorn Elementary,'PK-5,2300,CO-1420-2300,Dunstan Middle,'6-8,7.885417032,5.638213041,'No
7128 - 4550,34,7128,CO-1420-7128,Powderhorn Elementary,'PK-5,4550,CO-1420-4550,Kendrick Lakes Elementary,'PK-5,7.916810006,6.370443652,'PK-5
7128 - 2194,35,7128,CO-1420-7128,Powderhorn Elementary,'PK-5,2194,CO-1420-2194,Devinny Elementary,'K-5,8.021330683,5.741424738,'K-5
7128 - 4190,36,7128,CO-1420-7128,Powderhorn Elementary,'PK-5,4190,CO-1420-4190,Hutchinson Elementary,'PK-5,8.164698486,5.432406761,'PK-5
7128 - 7483,37,7128,CO-1420-7128,Powderhorn Elementary,'PK-5,7483,CO-1420-7483,Rooney Ranch Elementary,'K-5,8.369557465,5.239537839,'K-5
7128 - 6808,38,7128,CO-1420-7128,Powderhorn Elementary,'PK-5,6808,CO-1420-6808,Patterson Elementary,'PK-6,8.478243141,6.617406261,'PK-5
7128 - 0108,39,7128,CO-1420-7128,Powderhorn Elementary,'PK-5,108,CO-1420-0108,Alameda Intl Junior/Senior High,'7-12,8.593017707,6.783827463,'No
7128 - 0724,40,7128,CO-1420-7128,Powderhorn Elementary,'PK-5,724,CO-1420-0724,Belmar School of Integrated Arts,'K-5,8.625568951,7.029572293,'K-5
7128 - 3628,41,7128,CO-1420-7128,Powderhorn Elementary,'PK-5,3628,CO-1420-3628,Green Mountain High,'9-12,8.697747677,6.294393811,'No
7128 - 5004,42,7128,CO-1420-7128,Powderhorn Elementary,'PK-5,5004,CO-1420-5004,Lasley Elementary,'K-6,9.09443202,7.101439394,'K-5
7128 - 3025,43,7128,CO-1420-7128,Powderhorn Elementary,'PK-5,3025,CO-1420-3025,Foothills Elementary,'PK-5,9.101321234,6.914667542,'PK-5
7128 - 1976,44,7128,CO-1420-7128,Powderhorn Elementary,'PK-5,1976,CO-1420-1976,Creighton Middle,'6-8,9.472034797,8.036201748,'No
7128 - 5892,45,7128,CO-1420-7128,Powderhorn Elementary,'PK-5,5892,CO-1420-5892,Fletcher Miller Special,'PK-12,9.521101066,8.157781253,'PK-5
7128 - 9432,46,7128,CO-1420-7128,Powderhorn Elementary,'PK-5,9432,CO-1420-9432,Dennison Elementary,'K-6,9.751070851,8.295902133,'K-5
,,,CO-1420-,,',,CO-1420-,,',,,#N/A
7190 - 9510,2,7190,CO-1420-7190,Prospect Valley Elementary,'K-5,9510,CO-1420-9510,Wheat Ridge High,'9-12,1.400228146,1.044655636,'No
7190 - 8276,3,7190,CO-1420-7190,Prospect Valley Elementary,'K-5,8276,CO-1420-8276,Stober Elementary,'K-5,1.421182521,1.029230205,'K-5
7190 - 5472,4,7190,CO-1420-7190,Prospect Valley Elementary,'K-5,5472,CO-1420-5472,Manning,'6-8,1.582779535,1.342583964,'No
7190 - 2820,5,7190,CO-1420-7190,Prospect Valley Elementary,'K-5,2820,CO-1420-2820,Everitt Middle,'6-8,1.670154174,0.977326943,'No
7190 - 5524,6,7190,CO-1420-7190,Prospect Valley Elementary,'K-5,5524,CO-1420-5524,Maple Grove Elementary,'PK-5,1.673269712,1.352845068,'K-5
7190 - 7962,7,7190,CO-1420-7190,Prospect Valley Elementary,'K-5,7962,CO-1420-7962,Slater Elementary,'PK-5,2.504351726,1.806433669,'K-5
7190 - 6285,8,7190,CO-1420-7190,Prospect Valley Elementary,'K-5,6285,CO-1420-6285,Norma Anderson Early Learning Center,'PK,2.516215388,1.004996971,'No
7190 - 6848,9,7190,CO-1420-7190,Prospect Valley Elementary,'K-5,6848,CO-1420-6848,Peak Expeditionary-Pennington,'PK-5,2.565761747,1.423893019,'K-5
7190 - 2550,10,7190,CO-1420-7190,Prospect Valley Elementary,'K-5,2550,CO-1420-2550,Eiber Elementary,'PK-5,2.83103118,2.120585203,'K-5
7190 - 9342,11,7190,CO-1420-7190,Prospect Valley Elementary,'K-5,9342,CO-1420-9342,Welchester Elementary,'PK-5,3.114504164,2.490320837,'K-5
7190 - 8223,12,7190,CO-1420-7190,Prospect Valley Elementary,'K-5,8223,CO-1420-8223,Stevens Elementary,'PK-5,3.206400468,2.552214699,'K-5
7190 - 4942,13,7190,CO-1420-7190,Prospect Valley Elementary,'K-5,4942,CO-1420-4942,Lakewood High,'9-12,3.435013181,2.709780788,'No
7190 - 8036,14,7190,CO-1420-7190,Prospect Valley Elementary,'K-5,8036,CO-1420-8036,Sobesky Academy,'K-12,3.456763223,2.638275982,'K-5
7190 - 2288,15,7190,CO-1420-7190,Prospect Valley Elementary,'K-5,2288,CO-1420-2288,Drake Middle,'6-8,3.501008253,2.00509657,'No
7190 - 4422,16,7190,CO-1420-7190,Prospect Valley Elementary,'K-5,4422,CO-1420-4422,Jefferson Junior/Senior High,'7-12,3.517739852,2.838170089,'No
7190 - 5354,17,7190,CO-1420-7190,Prospect Valley Elementary,'K-5,5354,CO-1420-5354,Lumberg Elementary,'PK-6,3.734126414,2.980934005,'K-5
7190 - 5892,18,7190,CO-1420-7190,Prospect Valley Elementary,'K-5,5892,CO-1420-5892,Fletcher Miller Special,'PK-12,3.868222058,3.220886526,'K-5
7190 - 9432,19,7190,CO-1420-7190,Prospect Valley Elementary,'K-5,9432,CO-1420-9432,Dennison Elementary,'K-6,3.948548911,3.134590833,'K-5
7190 - 6539,20,7190,CO-1420-7190,Prospect Valley Elementary,'K-5,6539,CO-1420-6539,JeffCo Open Elementary,'PK-6,4.15565003,3.010748444,'K-5
7190 - 1976,21,7190,CO-1420-7190,Prospect Valley Elementary,'K-5,1976,CO-1420-1976,Creighton Middle,'6-8,4.247300718,3.37968921,'No
7190 - 3201,22,7190,CO-1420-7190,Prospect Valley Elementary,'K-5,3201,CO-1420-3201,Free Horizon Montessori,'PK-8,4.291036309,3.673926661,'K-5
7190 - 2496,23,7190,CO-1420-7190,Prospect Valley Elementary,'K-5,2496,CO-1420-2496,Edgewater Elementary,'PK-6,4.374968394,3.657657095,'K-5
7190 - 5024,24,7190,CO-1420-7190,Prospect Valley Elementary,'K-5,5024,CO-1420-5024,Lawrence Elementary,'K-5,4.376680664,3.066004706,'K-5
7190 - 9234,25,7190,CO-1420-7190,Prospect Valley Elementary,'K-5,9234,CO-1420-9234,Warren Tech Central,'11-12,4.496692679,3.683703965,'No
7190 - 9058,26,7190,CO-1420-7190,Prospect Valley Elementary,'K-5,9058,CO-1420-9058,Vanderhoof Elementary,'K-5,4.510521124,2.662119105,'K-5
7190 - 8102,27,7190,CO-1420-7190,Prospect Valley Elementary,'K-5,8102,CO-1420-8102,South Lakewood Elementary,'K-5,4.685775316,3.556463534,'K-5
7190 - 5623,28,7190,CO-1420-7190,Prospect Valley Elementary,'K-5,5623,CO-1420-5623,Long View,'10-12,4.84802296,3.89002322,'No
7190 - 3088,29,7190,CO-1420-7190,Prospect Valley Elementary,'K-5,3088,CO-1420-3088,Foster Dual Language PK-8 School,'PK-8,4.849108668,3.188367774,'K-5
7190 - 9245,30,7190,CO-1420-7190,Prospect Valley Elementary,'K-5,9245,CO-1420-9245,Warren Tech North,'11-12,4.866145361,3.037651063,'No
7190 - 2866,31,7190,CO-1420-7190,Prospect Valley Elementary,'K-5,2866,CO-1420-2866,Fairmount Elementary,'K-5,4.893630013,3.298411632,'K-5
7190 - 0033,32,7190,CO-1420-7190,Prospect Valley Elementary,'K-5,33,CO-1420-0033,McLain Community High School,'9-12,4.994430858,3.769441729,'No
7190 - 0378,33,7190,CO-1420-7190,Prospect Valley Elementary,'K-5,378,CO-1420-0378,Arvada West High,'9-12,5.007661629,3.131539866,'No
7190 - 1244,34,7190,CO-1420-7190,Prospect Valley Elementary,'K-5,1244,CO-1420-1244,Campbell Early Learning Center,'PK,5.043490669,3.534341304,'No
7190 - 3216,35,7190,CO-1420-7190,Prospect Valley Elementary,'K-5,3216,CO-1420-3216,Fremont Elementary,'K-5,5.101049975,3.354802878,'K-5
7190 - 4830,36,7190,CO-1420-7190,Prospect Valley Elementary,'K-5,4830,CO-1420-4830,Kyffin Elementary,'PK-5,5.126292032,3.706343262,'K-5
7190 - 0694,37,7190,CO-1420-7190,Prospect Valley Elementary,'K-5,694,CO-1420-0694,Bell Middle,'6-8,5.176994239,4.397048629,'No
7190 - 3025,38,7190,CO-1420-7190,Prospect Valley Elementary,'K-5,3025,CO-1420-3025,Foothills Elementary,'PK-5,5.195663089,4.442592497,'K-5
7190 - 8300,39,7190,CO-1420-7190,Prospect Valley Elementary,'K-5,8300,CO-1420-8300,Stott Elementary,'PK-5,5.350714503,3.696844261,'K-5
7190 - 0724,40,7190,CO-1420-7190,Prospect Valley Elementary,'K-5,724,CO-1420-0724,Belmar School of Integrated Arts,'K-5,5.534194299,4.510829201,'K-5
7190 - 4798,41,7190,CO-1420-7190,Prospect Valley Elementary,'K-5,4798,CO-1420-4798,Connections Learning Center,'6-8,5.671379105,4.497941645,'No
7190 - 0370,42,7190,CO-1420-7190,Prospect Valley Elementary,'K-5,370,CO-1420-0370,Arvada High,'9-12,5.74846179,4.079518642,'No
7190 - 3628,43,7190,CO-1420-7190,Prospect Valley Elementary,'K-5,3628,CO-1420-3628,Green Mountain High,'9-12,5.776501043,5.025227003,'No
7190 - 7468,44,7190,CO-1420-7190,Prospect Valley Elementary,'K-5,7468,CO-1420-7468,Rose Stein International Elementary,'PK-6,5.885444141,4.23857149,'K-5
7190 - 4550,45,7190,CO-1420-7190,Prospect Valley Elementary,'K-5,4550,CO-1420-4550,Kendrick Lakes Elementary,'PK-5,5.893217241,5.102688114,'K-5
7190 - 7708,46,7190,CO-1420-7190,Prospect Valley Elementary,'K-5,7708,CO-1420-7708,Secrest Elementary,'PK-5,5.952943262,4.300262832,'K-5
7190 - 2194,47,7190,CO-1420-7190,Prospect Valley Elementary,'K-5,2194,CO-1420-2194,Devinny Elementary,'K-5,5.983066819,5.496001243,'K-5
7190 - 3502,48,7190,CO-1420-7190,Prospect Valley Elementary,'K-5,3502,CO-1420-3502,Golden High,'9-12,6.081853771,4.884748493,'No
7190 - 2300,49,7190,CO-1420-7190,Prospect Valley Elementary,'K-5,2300,CO-1420-2300,Dunstan Middle,'6-8,6.106820399,5.589558902,'No
7190 - 6808,50,7190,CO-1420-7190,Prospect Valley Elementary,'K-5,6808,CO-1420-6808,Patterson Elementary,'PK-6,6.304855556,5.094872549,'K-5
7190 - 6470,51,7190,CO-1420-7190,Prospect Valley Elementary,'K-5,6470,CO-1420-6470,Oberon Middle,'6-8,6.41693454,4.549390503,'No
7190 - 8432,52,7190,CO-1420-7190,Prospect Valley Elementary,'K-5,8432,CO-1420-8432,Swanson Elementary,'K-5,6.779759447,4.978208387,'K-5
7190 - 4190,53,7190,CO-1420-7190,Prospect Valley Elementary,'K-5,4190,CO-1420-4190,Hutchinson Elementary,'PK-5,6.780208515,5.882277591,'K-5
7190 - 7833,54,7190,CO-1420-7190,Prospect Valley Elementary,'K-5,7833,CO-1420-7833,Shelton Elementary,'PK-5,6.802364721,5.664599213,'K-5
7190 - 9052,55,7190,CO-1420-7190,Prospect Valley Elementary,'K-5,9052,CO-1420-9052,Van Arsdale Elementary,'PK-5,6.93959663,4.923908715,'K-5
7190 - 8090,56,7190,CO-1420-7190,Prospect Valley Elementary,'K-5,8090,CO-1420-8090,Deane Elementary,'PK-6,6.972199485,5.165509338,'K-5
7190 - 0108,57,7190,CO-1420-7190,Prospect Valley Elementary,'K-5,108,CO-1420-0108,Alameda Intl Junior/Senior High,'7-12,6.988759839,5.362214595,'No
7190 - 1318,58,7190,CO-1420-7190,Prospect Valley Elementary,'K-5,1318,CO-1420-1318,Carmody Middle,'6-8,6.998293767,5.924045827,'No
7190 - 5944,59,7190,CO-1420-7190,Prospect Valley Elementary,'K-5,5944,CO-1420-5944,Mitchell Elementary,'K-5,7.01888441,5.79487338,'K-5
7190 - 7870,60,7190,CO-1420-7190,Prospect Valley Elementary,'K-5,7870,CO-1420-7870,Sierra Elementary,'PK-5,7.101170348,5.084487227,'K-5
7190 - 7483,61,7190,CO-1420-7190,Prospect Valley Elementary,'K-5,7483,CO-1420-7483,Rooney Ranch Elementary,'K-5,7.121072826,6.18339269,'K-5
7190 - 6330,62,7190,CO-1420-7190,Prospect Valley Elementary,'K-5,6330,CO-1420-6330,North Arvada Middle,'6-8,7.208326542,5.123556725,'No
7190 - 3622,63,7190,CO-1420-7190,Prospect Valley Elementary,'K-5,3622,CO-1420-3622,Green Gables Elementary,'PK-5,7.266002837,6.117426623,'K-5
7190 - 3726,64,7190,CO-1420-7190,Prospect Valley Elementary,'K-5,3726,CO-1420-3726,Hackberry Hill Elementary,'K-5,7.278631024,5.347644037,'K-5
7190 - 9232,65,7190,CO-1420-7190,Prospect Valley Elementary,'K-5,9232,CO-1420-9232,Warder Elementary,'PK-5,7.282806636,5.251070932,'K-5
7190 - 5004,66,7190,CO-1420-7190,Prospect Valley Elementary,'K-5,5004,CO-1420-5004,Lasley Elementary,'K-6,7.60558372,5.890624097,'K-5
7190 - 0965,67,7190,CO-1420-7190,Prospect Valley Elementary,'K-5,965,CO-1420-0965,Brady Exploration School,'10-12,7.73569632,5.69509197,'No
7190 - 7239,68,7190,CO-1420-7190,Prospect Valley Elementary,'K-5,7239,CO-1420-7239,Ralston Valley High,'9-12,7.94076428,5.619090248,'No
7190 - 9328,69,7190,CO-1420-7190,Prospect Valley Elementary,'K-5,9328,CO-1420-9328,Weber Elementary,'PK-5,8.02191208,5.855840926,'K-5
7190 - 9412,70,7190,CO-1420-7190,Prospect Valley Elementary,'K-5,9412,CO-1420-9412,Westgate Elementary,'PK-5,8.041285557,6.796742243,'K-5
7190 - 9429,71,7190,CO-1420-7190,Prospect Valley Elementary,'K-5,9429,CO-1420-9429,West Woods Elementary,'K-5,8.277134982,5.43421334,'K-5
7190 - 7114,72,7190,CO-1420-7190,Prospect Valley Elementary,'K-5,7114,CO-1420-7114,Pomona Junior/Senior High,'6-12,8.491115714,6.152777435,'No
7190 - 0660,73,7190,CO-1420-7190,Prospect Valley Elementary,'K-5,660,CO-1420-0660,Bear Creek K-8,'K-8,8.564644923,7.284770137,'K-5
7190 - 0664,74,7190,CO-1420-7190,Prospect Valley Elementary,'K-5,664,CO-1420-0664,Bear Creek High,'9-12,8.5894942,7.378723715,'No
7190 - 5758,75,7190,CO-1420-7190,Prospect Valley Elementary,'K-5,5758,CO-1420-5758,Meiklejohn Elementary,'PK-5,8.874460881,5.891616667,'K-5
7190 - 5222,76,7190,CO-1420-7190,Prospect Valley Elementary,'K-5,5222,CO-1420-5222,Little Elementary,'K-5,8.992981938,6.756384223,'K-5
7190 - 7753,77,7190,CO-1420-7190,Prospect Valley Elementary,'K-5,7753,CO-1420-7753,Semper Elementary,'PK-5,9.769217681,7.7177349,'K-5
7190 - 2120,78,7190,CO-1420-7190,Prospect Valley Elementary,'K-5,2120,CO-1420-2120,D'Evelyn Junior/Senior,'6-12,9.830624607,8.36650903,'No
,,,CO-1420-,,',,CO-1420-,,',,,#N/A
7238 - 0779,2,7238,CO-1420-7238,Ralston Elementary,'K-5,779,CO-1420-0779,Bergen Elementary,'PK-5,5.711576798,3.511606526,'K-5
7238 - 2832,3,7238,CO-1420-7238,Ralston Elementary,'K-5,2832,CO-1420-2832,Evergreen Middle,'6-8,6.175598514,4.570179904,'No
7238 - 7833,4,7238,CO-1420-7238,Ralston Elementary,'K-5,7833,CO-1420-7833,Shelton Elementary,'PK-5,7.616448967,4.162982044,'K-5
7238 - 0694,5,7238,CO-1420-7238,Ralston Elementary,'K-5,694,CO-1420-0694,Bell Middle,'6-8,8.422959321,5.296659091,'No
7238 - 4798,6,7238,CO-1420-7238,Ralston Elementary,'K-5,4798,CO-1420-4798,Connections Learning Center,'6-8,8.449536522,5.135765344,'No
7238 - 3201,7,7238,CO-1420-7238,Ralston Elementary,'K-5,3201,CO-1420-3201,Free Horizon Montessori,'PK-8,8.675065304,6.177766889,'K-5
7238 - 7282,8,7238,CO-1420-7238,Ralston Elementary,'K-5,7282,CO-1420-7282,Red Rocks Elementary,'K-5,9.328300766,6.556640867,'K-5
7238 - 4830,9,7238,CO-1420-7238,Ralston Elementary,'K-5,4830,CO-1420-4830,Kyffin Elementary,'PK-5,9.57603365,7.092993267,'K-5
7238 - 3502,10,7238,CO-1420-7238,Ralston Elementary,'K-5,3502,CO-1420-3502,Golden High,'9-12,9.589705838,4.707763939,'No
,,,CO-1420-,,',,CO-1420-,,',,,#N/A
7239 - 9052,2,7239,CO-1420-7239,Ralston Valley High,'9-12,9052,CO-1420-9052,Van Arsdale Elementary,'PK-5,1.056091037,0.700426334,'No
7239 - 5758,3,7239,CO-1420-7239,Ralston Valley High,'9-12,5758,CO-1420-5758,Meiklejohn Elementary,'PK-5,2.238185733,0.277925429,'No
7239 - 7870,4,7239,CO-1420-7239,Ralston Valley High,'9-12,7870,CO-1420-7870,Sierra Elementary,'PK-5,2.289003453,1.623207539,'No
7239 - 6470,5,7239,CO-1420-7239,Ralston Valley High,'9-12,6470,CO-1420-6470,Oberon Middle,'6-8,2.805233264,1.761066097,'No
7239 - 8300,6,7239,CO-1420-7239,Ralston Valley High,'9-12,8300,CO-1420-8300,Stott Elementary,'PK-5,3.010541057,1.926373933,'No
7239 - 9429,7,7239,CO-1420-7239,Ralston Valley High,'9-12,9429,CO-1420-9429,West Woods Elementary,'K-5,3.278438693,2.277284674,'No
7239 - 3216,8,7239,CO-1420-7239,Ralston Valley High,'9-12,3216,CO-1420-3216,Fremont Elementary,'K-5,3.349602801,2.313662164,'No
7239 - 9328,9,7239,CO-1420-7239,Ralston Valley High,'9-12,9328,CO-1420-9328,Weber Elementary,'PK-5,3.629167054,3.0037964,'No
7239 - 9232,10,7239,CO-1420-7239,Ralston Valley High,'9-12,9232,CO-1420-9232,Warder Elementary,'PK-5,3.718802397,3.136773818,'No
7239 - 1244,11,7239,CO-1420-7239,Ralston Valley High,'9-12,1244,CO-1420-1244,Campbell Early Learning Center,'PK,3.737094837,2.543602673,'No
7239 - 0378,12,7239,CO-1420-7239,Ralston Valley High,'9-12,378,CO-1420-0378,Arvada West High,'9-12,3.852987133,2.613237593,'9-12
7239 - 9245,13,7239,CO-1420-7239,Ralston Valley High,'9-12,9245,CO-1420-9245,Warren Tech North,'11-12,3.888840924,2.723195224,'11-12
7239 - 7114,14,7239,CO-1420-7239,Ralston Valley High,'9-12,7114,CO-1420-7114,Pomona Junior/Senior High,'6-12,4.161766507,3.29339598,'9-12
7239 - 9058,15,7239,CO-1420-7239,Ralston Valley High,'9-12,9058,CO-1420-9058,Vanderhoof Elementary,'K-5,4.258177106,3.052098453,'No
7239 - 3726,16,7239,CO-1420-7239,Ralston Valley High,'9-12,3726,CO-1420-3726,Hackberry Hill Elementary,'K-5,4.561343914,3.843668969,'No
7239 - 2288,17,7239,CO-1420-7239,Ralston Valley High,'9-12,2288,CO-1420-2288,Drake Middle,'6-8,4.796283521,3.698326986,'No
7239 - 8856,18,7239,CO-1420-7239,Ralston Valley High,'9-12,8856,CO-1420-8856,Three Creeks K-8,'K-8,4.921462251,4.113203546,'No
7239 - 6330,19,7239,CO-1420-7239,Ralston Valley High,'9-12,6330,CO-1420-6330,North Arvada Middle,'6-8,5.386790623,4.183396447,'No
7239 - 0370,20,7239,CO-1420-7239,Ralston Valley High,'9-12,370,CO-1420-0370,Arvada High,'9-12,5.427152666,4.002799538,'9-12
7239 - 2866,21,7239,CO-1420-7239,Ralston Valley High,'9-12,2866,CO-1420-2866,Fairmount Elementary,'K-5,5.448230365,4.126583588,'No
7239 - 5222,22,7239,CO-1420-7239,Ralston Valley High,'9-12,5222,CO-1420-5222,Little Elementary,'K-5,5.466612649,4.37575937,'No
7239 - 7753,23,7239,CO-1420-7239,Ralston Valley High,'9-12,7753,CO-1420-7753,Semper Elementary,'PK-5,5.847975265,4.178260008,'No
7239 - 5024,24,7239,CO-1420-7239,Ralston Valley High,'9-12,5024,CO-1420-5024,Lawrence Elementary,'K-5,6.064633723,4.63248407,'No
7239 - 7708,25,7239,CO-1420-7239,Ralston Valley High,'9-12,7708,CO-1420-7708,Secrest Elementary,'PK-5,6.066068606,4.607450505,'No
7239 - 8432,26,7239,CO-1420-7239,Ralston Valley High,'9-12,8432,CO-1420-8432,Swanson Elementary,'K-5,6.124631378,4.858708542,'No
7239 - 9299,27,7239,CO-1420-7239,Ralston Valley High,'9-12,9299,CO-1420-9299,Wayne Carle Middle,'6-8,6.187956733,3.098994949,'No
7239 - 5350,28,7239,CO-1420-7239,Ralston Valley High,'9-12,5350,CO-1420-5350,Lukas Elementary,'K-5,6.25123184,3.221057542,'No
7239 - 5454,29,7239,CO-1420-7239,Ralston Valley High,'9-12,5454,CO-1420-5454,Mandalay Middle,'6-8,6.448093335,4.508785255,'No
7239 - 0030,30,7239,CO-1420-7239,Ralston Valley High,'9-12,30,CO-1420-0030,Adams Elementary,'PK-5,6.546689143,4.811448191,'No
7239 - 8209,31,7239,CO-1420-7239,Ralston Valley High,'9-12,8209,CO-1420-8209,Standley Lake High,'9-12,6.55064902,3.875591277,'9-12
7239 - 6285,32,7239,CO-1420-7239,Ralston Valley High,'9-12,6285,CO-1420-6285,Norma Anderson Early Learning Center,'PK,6.577728623,4.778383573,'No
7239 - 6848,33,7239,CO-1420-7239,Ralston Valley High,'9-12,6848,CO-1420-6848,Peak Expeditionary-Pennington,'PK-5,6.95474025,4.901843419,'No
7239 - 3088,34,7239,CO-1420-7239,Ralston Valley High,'9-12,3088,CO-1420-3088,Foster Dual Language PK-8 School,'PK-8,6.974119323,5.255756744,'No
7239 - 5472,35,7239,CO-1420-7239,Ralston Valley High,'9-12,5472,CO-1420-5472,Manning,'6-8,7.054456102,5.732806008,'No
7239 - 5524,36,7239,CO-1420-7239,Ralston Valley High,'9-12,5524,CO-1420-5524,Maple Grove Elementary,'PK-5,7.144946279,5.811769362,'No
7239 - 2820,37,7239,CO-1420-7239,Ralston Valley High,'9-12,2820,CO-1420-2820,Everitt Middle,'6-8,7.352914175,5.516585661,'No
7239 - 8276,38,7239,CO-1420-7239,Ralston Valley High,'9-12,8276,CO-1420-8276,Stober Elementary,'K-5,7.915155192,6.406761485,'No
7239 - 7190,39,7239,CO-1420-7239,Ralston Valley High,'9-12,7190,CO-1420-7190,Prospect Valley Elementary,'K-5,7.94076428,5.619090248,'No
7239 - 9510,40,7239,CO-1420-7239,Ralston Valley High,'9-12,9510,CO-1420-9510,Wheat Ridge High,'9-12,8.144942481,5.986898254,'9-12
7239 - 8036,41,7239,CO-1420-7239,Ralston Valley High,'9-12,8036,CO-1420-8036,Sobesky Academy,'K-12,8.496760286,6.318337865,'9-12
7239 - 8223,42,7239,CO-1420-7239,Ralston Valley High,'9-12,8223,CO-1420-8223,Stevens Elementary,'PK-5,8.634201247,6.383734381,'No
7239 - 7529,43,7239,CO-1420-7239,Ralston Valley High,'9-12,7529,CO-1420-7529,Ryan Elementary,'PK-5,8.983417634,6.345420818,'No
7239 - 9342,44,7239,CO-1420-7239,Ralston Valley High,'9-12,9342,CO-1420-9342,Welchester Elementary,'PK-5,9.124677143,7.668583665,'No
7239 - 7962,45,7239,CO-1420-7239,Ralston Valley High,'9-12,7962,CO-1420-7962,Slater Elementary,'PK-5,9.446679581,7.005178023,'No
7239 - 5944,46,7239,CO-1420-7239,Ralston Valley High,'9-12,5944,CO-1420-5944,Mitchell Elementary,'K-5,9.53278497,7.149161919,'No
7239 - 2550,47,7239,CO-1420-7239,Ralston Valley High,'9-12,2550,CO-1420-2550,Eiber Elementary,'PK-5,9.773359035,7.70022714,'No
7239 - 3201,48,7239,CO-1420-7239,Ralston Valley High,'9-12,3201,CO-1420-3201,Free Horizon Montessori,'PK-8,9.808361336,7.82218338,'No
7239 - 3502,49,7239,CO-1420-7239,Ralston Valley High,'9-12,3502,CO-1420-3502,Golden High,'9-12,9.86826595,7.634986202,'9-12
7239 - 4422,50,7239,CO-1420-7239,Ralston Valley High,'9-12,4422,CO-1420-4422,Jefferson Junior/Senior High,'7-12,9.93984598,7.590584338,'9-12
,,,CO-1420-,,',,CO-1420-,,',,,#N/A
7282 - 4549,2,7282,CO-1420-7282,Red Rocks Elementary,'K-5,4549,CO-1420-4549,Kendallvue Elementary,'PK-5,3.550815989,3.022010834,'K-5
7282 - 7483,3,7282,CO-1420-7282,Red Rocks Elementary,'K-5,7483,CO-1420-7483,Rooney Ranch Elementary,'K-5,4.041789642,2.817349187,'K-5
7282 - 4190,4,7282,CO-1420-7282,Red Rocks Elementary,'K-5,4190,CO-1420-4190,Hutchinson Elementary,'PK-5,4.471341569,3.203927642,'K-5
7282 - 6135,5,7282,CO-1420-7282,Red Rocks Elementary,'K-5,6135,CO-1420-6135,Mt. Carbon Elementary,'PK-5,4.90244902,4.199018645,'K-5
7282 - 2300,6,7282,CO-1420-7282,Red Rocks Elementary,'K-5,2300,CO-1420-2300,Dunstan Middle,'6-8,5.087251532,3.62997064,'No
7282 - 2093,7,7282,CO-1420-7282,Red Rocks Elementary,'K-5,2093,CO-1420-2093,Dakota Ridge High,'9-12,5.147781198,4.402499608,'No
7282 - 2194,8,7282,CO-1420-7282,Red Rocks Elementary,'K-5,2194,CO-1420-2194,Devinny Elementary,'K-5,5.200685436,3.648424156,'K-5
7282 - 1001,9,7282,CO-1420-7282,Red Rocks Elementary,'K-5,1001,CO-1420-1001,Warren Tech South,'11-12,5.385425439,4.601569002,'No
7282 - 3628,10,7282,CO-1420-7282,Red Rocks Elementary,'K-5,3628,CO-1420-3628,Green Mountain High,'9-12,5.598232559,3.75825356,'No
7282 - 7833,11,7282,CO-1420-7282,Red Rocks Elementary,'K-5,7833,CO-1420-7833,Shelton Elementary,'PK-5,5.696362011,4.609505603,'K-5
7282 - 2120,12,7282,CO-1420-7282,Red Rocks Elementary,'K-5,2120,CO-1420-2120,D'Evelyn Junior/Senior,'6-12,5.748101994,4.467208704,'No
7282 - 0660,13,7282,CO-1420-7282,Red Rocks Elementary,'K-5,660,CO-1420-0660,Bear Creek K-8,'K-8,6.0512236,4.954296134,'K-5
7282 - 0664,14,7282,CO-1420-7282,Red Rocks Elementary,'K-5,664,CO-1420-0664,Bear Creek High,'9-12,6.076072876,4.608627436,'No
7282 - 9490,15,7282,CO-1420-7282,Red Rocks Elementary,'K-5,9490,CO-1420-9490,Westridge Elementary,'K-5,6.08243892,5.142026766,'K-5
7282 - 3025,16,7282,CO-1420-7282,Red Rocks Elementary,'K-5,3025,CO-1420-3025,Foothills Elementary,'PK-5,6.097009034,4.161134933,'K-5
7282 - 1318,17,7282,CO-1420-7282,Red Rocks Elementary,'K-5,1318,CO-1420-1318,Carmody Middle,'6-8,6.167366422,4.963168668,'No
7282 - 7128,18,7282,CO-1420-7282,Red Rocks Elementary,'K-5,7128,CO-1420-7128,Powderhorn Elementary,'PK-5,6.283825036,4.999668445,'K-5
7282 - 8381,19,7282,CO-1420-7282,Red Rocks Elementary,'K-5,8381,CO-1420-8381,Summit Ridge Middle,'6-8,6.353771084,5.115746315,'No
7282 - 9412,20,7282,CO-1420-7282,Red Rocks Elementary,'K-5,9412,CO-1420-9412,Westgate Elementary,'PK-5,6.40107607,5.628765865,'K-5
7282 - 0694,21,7282,CO-1420-7282,Red Rocks Elementary,'K-5,694,CO-1420-0694,Bell Middle,'6-8,6.499588975,5.262688556,'No
7282 - 4798,22,7282,CO-1420-7282,Red Rocks Elementary,'K-5,4798,CO-1420-4798,Connections Learning Center,'6-8,6.526166176,5.437125869,'No
7282 - 3536,23,7282,CO-1420-7282,Red Rocks Elementary,'K-5,3536,CO-1420-3536,Governor's Ranch Elementary,'PK-5,6.596618915,5.792247998,'K-5
7282 - 3201,24,7282,CO-1420-7282,Red Rocks Elementary,'K-5,3201,CO-1420-3201,Free Horizon Montessori,'PK-8,6.732410678,5.291330211,'K-5
7282 - 4550,25,7282,CO-1420-7282,Red Rocks Elementary,'K-5,4550,CO-1420-4550,Kendrick Lakes Elementary,'PK-5,7.057215175,5.514587528,'K-5
7282 - 3622,26,7282,CO-1420-7282,Red Rocks Elementary,'K-5,3622,CO-1420-3622,Green Gables Elementary,'PK-5,7.106915462,5.677431083,'K-5
7282 - 0952,27,7282,CO-1420-7282,Red Rocks Elementary,'K-5,952,CO-1420-0952,Bradford K8 North,'5-8,7.249611443,5.326407588,'5
7282 - 0724,28,7282,CO-1420-7282,Red Rocks Elementary,'K-5,724,CO-1420-0724,Belmar School of Integrated Arts,'K-5,7.580402692,5.952267584,'K-5
7282 - 4830,29,7282,CO-1420-7282,Red Rocks Elementary,'K-5,4830,CO-1420-4830,Kyffin Elementary,'PK-5,7.602968144,4.707690333,'K-5
7282 - 3502,30,7282,CO-1420-7282,Red Rocks Elementary,'K-5,3502,CO-1420-3502,Golden High,'9-12,7.666335492,6.005367659,'No
7282 - 1522,31,7282,CO-1420-7282,Red Rocks Elementary,'K-5,1522,CO-1420-1522,Chatfield High,'9-12,7.743612096,5.961189198,'No
7282 - 6808,32,7282,CO-1420-7282,Red Rocks Elementary,'K-5,6808,CO-1420-6808,Patterson Elementary,'PK-6,7.78442306,5.976857434,'K-5
7282 - 9008,33,7282,CO-1420-7282,Red Rocks Elementary,'K-5,9008,CO-1420-9008,Ute Meadows Elementary,'PK-5,8.068673283,6.378237247,'K-5
7282 - 6804,34,7282,CO-1420-7282,Red Rocks Elementary,'K-5,6804,CO-1420-6804,Parmalee Elementary,'K-5,8.088078845,4.092625913,'K-5
7282 - 0950,35,7282,CO-1420-7282,Red Rocks Elementary,'K-5,950,CO-1420-0950,Bradford K8 South,'K-4,8.191006168,6.241949011,'K-4
7282 - 0108,36,7282,CO-1420-7282,Red Rocks Elementary,'K-5,108,CO-1420-0108,Alameda Intl Junior/Senior High,'7-12,8.198966357,6.52121532,'No
7282 - 9234,37,7282,CO-1420-7282,Red Rocks Elementary,'K-5,9234,CO-1420-9234,Warren Tech Central,'11-12,8.218435221,4.756312136,'No
7282 - 9342,38,7282,CO-1420-7282,Red Rocks Elementary,'K-5,9342,CO-1420-9342,Welchester Elementary,'PK-5,8.229271935,5.914092537,'K-5
7282 - 1976,39,7282,CO-1420-7282,Red Rocks Elementary,'K-5,1976,CO-1420-1976,Creighton Middle,'6-8,8.270766216,6.36630895,'No
7282 - 5892,40,7282,CO-1420-7282,Red Rocks Elementary,'K-5,5892,CO-1420-5892,Fletcher Miller Special,'PK-12,8.319832485,6.390850323,'K-5
7282 - 9432,41,7282,CO-1420-7282,Red Rocks Elementary,'K-5,9432,CO-1420-9432,Dennison Elementary,'K-6,8.54980227,6.554228286,'K-5
7282 - 5623,42,7282,CO-1420-7282,Red Rocks Elementary,'K-5,5623,CO-1420-5623,Long View,'10-12,8.569765501,4.537648026,'No
7282 - 0033,43,7282,CO-1420-7282,Red Rocks Elementary,'K-5,33,CO-1420-0033,McLain Community High School,'9-12,8.610517437,4.652783784,'No
7282 - 5004,44,7282,CO-1420-7282,Red Rocks Elementary,'K-5,5004,CO-1420-5004,Lasley Elementary,'K-6,8.801319482,7.348952811,'K-5
7282 - 7780,45,7282,CO-1420-7282,Red Rocks Elementary,'K-5,7780,CO-1420-7780,Shaffer Elementary,'PK-5,8.809817571,7.39444031,'K-5
7282 - 2130,46,7282,CO-1420-7282,Red Rocks Elementary,'K-5,2130,CO-1420-2130,Deer Creek Middle,'6-8,8.816666557,6.996470414,'No
7282 - 0951,47,7282,CO-1420-7282,Red Rocks Elementary,'K-5,951,CO-1420-0951,Blue Heron Elementary,'PK-5,8.966957748,7.819269669,'K-5
7282 - 8102,48,7282,CO-1420-7282,Red Rocks Elementary,'K-5,8102,CO-1420-8102,South Lakewood Elementary,'K-5,9.045148895,6.997647016,'K-5
7282 - 1864,49,7282,CO-1420-7282,Red Rocks Elementary,'K-5,1864,CO-1420-1864,Columbine High,'9-12,9.058579559,7.482222212,'No
7282 - 5036,50,7282,CO-1420-7282,Red Rocks Elementary,'K-5,5036,CO-1420-5036,Leawood Elementary,'PK-5,9.059101765,7.805226049,'K-5
7282 - 6133,51,7282,CO-1420-7282,Red Rocks Elementary,'K-5,6133,CO-1420-6133,Mortensen Elementary,'PK-5,9.101412566,7.596691145,'K-5
7282 - 4942,52,7282,CO-1420-7282,Red Rocks Elementary,'K-5,4942,CO-1420-4942,Lakewood High,'9-12,9.205118992,6.861303465,'No
7282 - 8280,53,7282,CO-1420-7282,Red Rocks Elementary,'K-5,8280,CO-1420-8280,Stony Creek Elementary,'PK-5,9.276987683,7.2376522,'K-5
7282 - 5944,54,7282,CO-1420-7282,Red Rocks Elementary,'K-5,5944,CO-1420-5944,Mitchell Elementary,'K-5,9.291399908,7.457697469,'K-5
7282 - 7238,55,7282,CO-1420-7282,Red Rocks Elementary,'K-5,7238,CO-1420-7238,Ralston Elementary,'K-5,9.328300766,6.556640867,'K-5
7282 - 8276,56,7282,CO-1420-7282,Red Rocks Elementary,'K-5,8276,CO-1420-8276,Stober Elementary,'K-5,9.35641651,7.374699219,'K-5
7282 - 5472,57,7282,CO-1420-7282,Red Rocks Elementary,'K-5,5472,CO-1420-5472,Manning,'6-8,9.5368143,7.601994209,'No
7282 - 5524,58,7282,CO-1420-7282,Red Rocks Elementary,'K-5,5524,CO-1420-5524,Maple Grove Elementary,'PK-5,9.586286626,7.531334295,'K-5
7282 - 2963,59,7282,CO-1420-7282,Red Rocks Elementary,'K-5,2963,CO-1420-2963,Falcon Bluffs Middle,'6-8,9.605937425,8.203442831,'No
7282 - 2550,60,7282,CO-1420-7282,Red Rocks Elementary,'K-5,2550,CO-1420-2550,Eiber Elementary,'PK-5,9.749482266,7.4067779,'K-5
7282 - 7468,61,7282,CO-1420-7282,Red Rocks Elementary,'K-5,7468,CO-1420-7468,Rose Stein International Elementary,'PK-6,9.858462366,7.62605236,'K-5
7282 - 2322,62,7282,CO-1420-7282,Red Rocks Elementary,'K-5,2322,CO-1420-2322,Dutch Creek Elementary,'PK-5,9.858607633,7.950903765,'K-5
7282 - 1876,63,7282,CO-1420-7282,Red Rocks Elementary,'K-5,1876,CO-1420-1876,Coronado Elementary,'PK-5,9.937894136,8.113704077,'K-5
7282 - 8090,64,7282,CO-1420-7282,Red Rocks Elementary,'K-5,8090,CO-1420-8090,Deane Elementary,'PK-6,9.976520186,7.971102531,'K-5
,,,CO-1420-,,',,CO-1420-,,',,,#N/A
7468 - 8090,2,7468,CO-1420-7468,Rose Stein International Elementary,'PK-6,8090,CO-1420-8090,Deane Elementary,'PK-6,1.301587565,0.947433653,'PK-6
7468 - 8102,3,7468,CO-1420-7468,Rose Stein International Elementary,'PK-6,8102,CO-1420-8102,South Lakewood Elementary,'K-5,1.367241449,0.94829958,'K-5
7468 - 6539,4,7468,CO-1420-7468,Rose Stein International Elementary,'PK-6,6539,CO-1420-6539,JeffCo Open Elementary,'PK-6,1.986009791,1.321986839,'PK-6
7468 - 0965,5,7468,CO-1420-7468,Rose Stein International Elementary,'PK-6,965,CO-1420-0965,Brady Exploration School,'10-12,2.064531804,1.484701502,'No
7468 - 1976,6,7468,CO-1420-7468,Rose Stein International Elementary,'PK-6,1976,CO-1420-1976,Creighton Middle,'6-8,2.107892237,1.662053135,'6
7468 - 5004,7,7468,CO-1420-7468,Rose Stein International Elementary,'PK-6,5004,CO-1420-5004,Lasley Elementary,'K-6,2.109846265,1.731036655,'K-6
7468 - 0108,8,7468,CO-1420-7468,Rose Stein International Elementary,'PK-6,108,CO-1420-0108,Alameda Intl Junior/Senior High,'7-12,2.244579143,1.605761826,'No
7468 - 0724,9,7468,CO-1420-7468,Rose Stein International Elementary,'PK-6,724,CO-1420-0724,Belmar School of Integrated Arts,'K-5,2.394641736,1.677021572,'K-5
7468 - 9432,10,7468,CO-1420-7468,Rose Stein International Elementary,'PK-6,9432,CO-1420-9432,Dennison Elementary,'K-6,2.471432348,1.683332869,'K-6
7468 - 5892,11,7468,CO-1420-7468,Rose Stein International Elementary,'PK-6,5892,CO-1420-5892,Fletcher Miller Special,'PK-12,2.558950434,1.769409315,'PK-6
7468 - 4942,12,7468,CO-1420-7468,Rose Stein International Elementary,'PK-6,4942,CO-1420-4942,Lakewood High,'9-12,2.563197187,1.841238614,'No
7468 - 6808,13,7468,CO-1420-7468,Rose Stein International Elementary,'PK-6,6808,CO-1420-6808,Patterson Elementary,'PK-6,2.59633024,1.827190329,'PK-6
7468 - 2550,14,7468,CO-1420-7468,Rose Stein International Elementary,'PK-6,2550,CO-1420-2550,Eiber Elementary,'PK-5,3.090879153,2.173661407,'PK-5
7468 - 4550,15,7468,CO-1420-7468,Rose Stein International Elementary,'PK-6,4550,CO-1420-4550,Kendrick Lakes Elementary,'PK-5,3.216119832,2.211744811,'PK-5
7468 - 4422,16,7468,CO-1420-7468,Rose Stein International Elementary,'PK-6,4422,CO-1420-4422,Jefferson Junior/Senior High,'7-12,3.308060352,2.433122204,'No
7468 - 5354,17,7468,CO-1420-7468,Rose Stein International Elementary,'PK-6,5354,CO-1420-5354,Lumberg Elementary,'PK-6,3.345838013,2.353380783,'PK-6
7468 - 3622,18,7468,CO-1420-7468,Rose Stein International Elementary,'PK-6,3622,CO-1420-3622,Green Gables Elementary,'PK-5,3.558321872,2.716651808,'PK-5
7468 - 7962,19,7468,CO-1420-7468,Rose Stein International Elementary,'PK-6,7962,CO-1420-7962,Slater Elementary,'PK-5,3.671351002,2.67349611,'PK-5
7468 - 2496,20,7468,CO-1420-7468,Rose Stein International Elementary,'PK-6,2496,CO-1420-2496,Edgewater Elementary,'PK-6,3.966042628,2.609345266,'PK-6
7468 - 1318,21,7468,CO-1420-7468,Rose Stein International Elementary,'PK-6,1318,CO-1420-1318,Carmody Middle,'6-8,4.300554463,3.039360205,'6
7468 - 9412,22,7468,CO-1420-7468,Rose Stein International Elementary,'PK-6,9412,CO-1420-9412,Westgate Elementary,'PK-5,4.32195037,3.32904446,'PK-5
7468 - 8223,23,7468,CO-1420-7468,Rose Stein International Elementary,'PK-6,8223,CO-1420-8223,Stevens Elementary,'PK-5,4.576235928,3.799278555,'PK-5
7468 - 3025,24,7468,CO-1420-7468,Rose Stein International Elementary,'PK-6,3025,CO-1420-3025,Foothills Elementary,'PK-5,4.600225373,3.860162858,'PK-5
7468 - 9234,25,7468,CO-1420-7468,Rose Stein International Elementary,'PK-6,9234,CO-1420-9234,Warren Tech Central,'11-12,4.796692281,3.91144969,'No
7468 - 8036,26,7468,CO-1420-7468,Rose Stein International Elementary,'PK-6,8036,CO-1420-8036,Sobesky Academy,'K-12,4.826598683,3.933066234,'K-6
7468 - 9342,27,7468,CO-1420-7468,Rose Stein International Elementary,'PK-6,9342,CO-1420-9342,Welchester Elementary,'PK-5,4.895912603,3.845210202,'PK-5
7468 - 9510,28,7468,CO-1420-7468,Rose Stein International Elementary,'PK-6,9510,CO-1420-9510,Wheat Ridge High,'9-12,4.968180089,3.687845153,'No
7468 - 2194,29,7468,CO-1420-7468,Rose Stein International Elementary,'PK-6,2194,CO-1420-2194,Devinny Elementary,'K-5,5.111655296,3.979577945,'K-5
7468 - 5623,30,7468,CO-1420-7468,Rose Stein International Elementary,'PK-6,5623,CO-1420-5623,Long View,'10-12,5.148022562,4.078471983,'No
7468 - 3628,31,7468,CO-1420-7468,Rose Stein International Elementary,'PK-6,3628,CO-1420-3628,Green Mountain High,'9-12,5.164602841,3.990763052,'No
7468 - 2300,32,7468,CO-1420-7468,Rose Stein International Elementary,'PK-6,2300,CO-1420-2300,Dunstan Middle,'6-8,5.235408876,3.99621395,'6
7468 - 0033,33,7468,CO-1420-7468,Rose Stein International Elementary,'PK-6,33,CO-1420-0033,McLain Community High School,'9-12,5.29443046,4.054260123,'No
7468 - 0660,34,7468,CO-1420-7468,Rose Stein International Elementary,'PK-6,660,CO-1420-0660,Bear Creek K-8,'K-8,5.419869156,4.112115963,'K-6
7468 - 2820,35,7468,CO-1420-7468,Rose Stein International Elementary,'PK-6,2820,CO-1420-2820,Everitt Middle,'6-8,5.559160707,4.158503779,'6
7468 - 8276,36,7468,CO-1420-7468,Rose Stein International Elementary,'PK-6,8276,CO-1420-8276,Stober Elementary,'K-5,5.60319852,3.928101968,'K-5
7468 - 0664,37,7468,CO-1420-7468,Rose Stein International Elementary,'PK-6,664,CO-1420-0664,Bear Creek High,'9-12,5.700025364,4.371640082,'No
7468 - 4830,38,7468,CO-1420-7468,Rose Stein International Elementary,'PK-6,4830,CO-1420-4830,Kyffin Elementary,'PK-5,5.760368126,4.459024055,'PK-5
7468 - 4190,39,7468,CO-1420-7468,Rose Stein International Elementary,'PK-6,4190,CO-1420-4190,Hutchinson Elementary,'PK-5,5.805700072,4.422393424,'PK-5
7468 - 7190,40,7468,CO-1420-7468,Rose Stein International Elementary,'PK-6,7190,CO-1420-7190,Prospect Valley Elementary,'K-5,5.885444141,4.23857149,'K-5
7468 - 6848,41,7468,CO-1420-7468,Rose Stein International Elementary,'PK-6,6848,CO-1420-6848,Peak Expeditionary-Pennington,'PK-5,6.195683317,4.795558993,'PK-5
7468 - 7483,42,7468,CO-1420-7468,Rose Stein International Elementary,'PK-6,7483,CO-1420-7483,Rooney Ranch Elementary,'K-5,6.32616657,4.810121627,'K-5
7468 - 3088,43,7468,CO-1420-7468,Rose Stein International Elementary,'PK-6,3088,CO-1420-3088,Foster Dual Language PK-8 School,'PK-8,6.442952281,5.34237336,'PK-6
7468 - 5024,44,7468,CO-1420-7468,Rose Stein International Elementary,'PK-6,5024,CO-1420-5024,Lawrence Elementary,'K-5,6.510551954,5.730795507,'K-5
7468 - 6285,45,7468,CO-1420-7468,Rose Stein International Elementary,'PK-6,6285,CO-1420-6285,Norma Anderson Early Learning Center,'PK,6.60749647,4.913836161,'PK
7468 - 3201,46,7468,CO-1420-7468,Rose Stein International Elementary,'PK-6,3201,CO-1420-3201,Free Horizon Montessori,'PK-8,6.616875454,5.578150909,'PK-6
7468 - 5472,47,7468,CO-1420-7468,Rose Stein International Elementary,'PK-6,5472,CO-1420-5472,Manning,'6-8,6.915786304,4.944432154,'6
7468 - 5524,48,7468,CO-1420-7468,Rose Stein International Elementary,'PK-6,5524,CO-1420-5524,Maple Grove Elementary,'PK-5,7.006276481,4.888000451,'PK-5
7468 - 2120,49,7468,CO-1420-7468,Rose Stein International Elementary,'PK-6,2120,CO-1420-2120,D'Evelyn Junior/Senior,'6-12,7.213896467,5.388637819,'6
7468 - 3536,50,7468,CO-1420-7468,Rose Stein International Elementary,'PK-6,3536,CO-1420-3536,Governor's Ranch Elementary,'PK-5,7.460183819,6.693605194,'PK-5
7468 - 0694,51,7468,CO-1420-7468,Rose Stein International Elementary,'PK-6,694,CO-1420-0694,Bell Middle,'6-8,7.546137718,6.483982463,'6
7468 - 7708,52,7468,CO-1420-7468,Rose Stein International Elementary,'PK-6,7708,CO-1420-7708,Secrest Elementary,'PK-5,7.560362462,6.742619473,'PK-5
7468 - 0370,53,7468,CO-1420-7468,Rose Stein International Elementary,'PK-6,370,CO-1420-0370,Arvada High,'9-12,7.674100729,6.907587319,'No
7468 - 4798,54,7468,CO-1420-7468,Rose Stein International Elementary,'PK-6,4798,CO-1420-4798,Connections Learning Center,'6-8,8.040522585,6.721077865,'6
7468 - 8432,55,7468,CO-1420-7468,Rose Stein International Elementary,'PK-6,8432,CO-1420-8432,Swanson Elementary,'K-5,8.387178647,7.252373512,'K-5
7468 - 9058,56,7468,CO-1420-7468,Rose Stein International Elementary,'PK-6,9058,CO-1420-9058,Vanderhoof Elementary,'K-5,8.594689626,6.622650466,'K-5
7468 - 7833,57,7468,CO-1420-7468,Rose Stein International Elementary,'PK-6,7833,CO-1420-7833,Shelton Elementary,'PK-5,8.602707474,7.414418709,'PK-5
7468 - 2288,58,7468,CO-1420-7468,Rose Stein International Elementary,'PK-6,2288,CO-1420-2288,Drake Middle,'6-8,8.650733569,6.227263323,'6
7468 - 3502,59,7468,CO-1420-7468,Rose Stein International Elementary,'PK-6,3502,CO-1420-3502,Golden High,'9-12,8.806421574,7.452923293,'No
7468 - 6330,60,7468,CO-1420-7468,Rose Stein International Elementary,'PK-6,6330,CO-1420-6330,North Arvada Middle,'6-8,8.815745742,7.782699217,'6
7468 - 1244,61,7468,CO-1420-7468,Rose Stein International Elementary,'PK-6,1244,CO-1420-1244,Campbell Early Learning Center,'PK,8.906859846,7.281200795,'PK
7468 - 9245,62,7468,CO-1420-7468,Rose Stein International Elementary,'PK-6,9245,CO-1420-9245,Warren Tech North,'11-12,8.907817366,6.960215197,'No
7468 - 0951,63,7468,CO-1420-7468,Rose Stein International Elementary,'PK-6,951,CO-1420-0951,Blue Heron Elementary,'PK-5,8.929881982,7.132660845,'PK-5
7468 - 9490,64,7468,CO-1420-7468,Rose Stein International Elementary,'PK-6,9490,CO-1420-9490,Westridge Elementary,'K-5,8.996945968,7.399604565,'K-5
7468 - 3726,65,7468,CO-1420-7468,Rose Stein International Elementary,'PK-6,3726,CO-1420-3726,Hackberry Hill Elementary,'K-5,9.04459583,8.182315064,'K-5
7468 - 0378,66,7468,CO-1420-7468,Rose Stein International Elementary,'PK-6,378,CO-1420-0378,Arvada West High,'9-12,9.067829005,7.068462529,'No
7468 - 1864,67,7468,CO-1420-7468,Rose Stein International Elementary,'PK-6,1864,CO-1420-1864,Columbine High,'9-12,9.116493409,7.687725503,'No
7468 - 5036,68,7468,CO-1420-7468,Rose Stein International Elementary,'PK-6,5036,CO-1420-5036,Leawood Elementary,'PK-5,9.117015614,7.535484687,'PK-5
7468 - 4549,69,7468,CO-1420-7468,Rose Stein International Elementary,'PK-6,4549,CO-1420-4549,Kendallvue Elementary,'PK-5,9.316329394,7.11402122,'PK-5
7468 - 3216,70,7468,CO-1420-7468,Rose Stein International Elementary,'PK-6,3216,CO-1420-3216,Fremont Elementary,'K-5,9.403855687,7.36116164,'K-5
7468 - 9232,71,7468,CO-1420-7468,Rose Stein International Elementary,'PK-6,9232,CO-1420-9232,Warder Elementary,'PK-5,9.778960919,8.405366021,'PK-5
7468 - 7282,72,7468,CO-1420-7468,Rose Stein International Elementary,'PK-6,7282,CO-1420-7282,Red Rocks Elementary,'K-5,9.858462366,7.62605236,'K-5
7468 - 8280,73,7468,CO-1420-7468,Rose Stein International Elementary,'PK-6,8280,CO-1420-8280,Stony Creek Elementary,'PK-5,9.896245722,9.060488434,'PK-5
,,,CO-1420-,,',,CO-1420-,,',,,#N/A
7483 - 4190,2,7483,CO-1420-7483,Rooney Ranch Elementary,'K-5,4190,CO-1420-4190,Hutchinson Elementary,'PK-5,0.939045773,0.389315318,'K-5
7483 - 2300,3,7483,CO-1420-7483,Rooney Ranch Elementary,'K-5,2300,CO-1420-2300,Dunstan Middle,'6-8,1.554955736,0.814895021,'No
7483 - 2194,4,7483,CO-1420-7483,Rooney Ranch Elementary,'K-5,2194,CO-1420-2194,Devinny Elementary,'K-5,1.66838964,0.84567975,'K-5
7483 - 3628,5,7483,CO-1420-7483,Rooney Ranch Elementary,'K-5,3628,CO-1420-3628,Green Mountain High,'9-12,1.919888107,1.160376515,'No
7483 - 3025,6,7483,CO-1420-7483,Rooney Ranch Elementary,'K-5,3025,CO-1420-3025,Foothills Elementary,'PK-5,2.418664582,1.74896278,'K-5
7483 - 1318,7,7483,CO-1420-7483,Rooney Ranch Elementary,'K-5,1318,CO-1420-1318,Carmody Middle,'6-8,2.778390121,2.289024306,'No
7483 - 4550,8,7483,CO-1420-7483,Rooney Ranch Elementary,'K-5,4550,CO-1420-4550,Kendrick Lakes Elementary,'PK-5,3.524919379,2.713978284,'K-5
7483 - 3622,9,7483,CO-1420-7483,Rooney Ranch Elementary,'K-5,3622,CO-1420-3622,Green Gables Elementary,'PK-5,3.574619666,3.046973038,'K-5
7483 - 0660,10,7483,CO-1420-7483,Rooney Ranch Elementary,'K-5,660,CO-1420-0660,Bear Creek K-8,'K-8,3.749590086,2.799668754,'K-5
7483 - 0664,11,7483,CO-1420-7483,Rooney Ranch Elementary,'K-5,664,CO-1420-0664,Bear Creek High,'9-12,3.774439362,2.564369256,'No
7483 - 7282,12,7483,CO-1420-7483,Rooney Ranch Elementary,'K-5,7282,CO-1420-7282,Red Rocks Elementary,'K-5,4.041789642,2.817349187,'K-5
7483 - 0724,13,7483,CO-1420-7483,Rooney Ranch Elementary,'K-5,724,CO-1420-0724,Belmar School of Integrated Arts,'K-5,4.048106896,3.135172269,'K-5
7483 - 9412,14,7483,CO-1420-7483,Rooney Ranch Elementary,'K-5,9412,CO-1420-9412,Westgate Elementary,'PK-5,4.099442556,3.196211641,'K-5
7483 - 6808,15,7483,CO-1420-7483,Rooney Ranch Elementary,'K-5,6808,CO-1420-6808,Patterson Elementary,'PK-6,4.252127264,3.181667177,'K-5
7483 - 9234,16,7483,CO-1420-7483,Rooney Ranch Elementary,'K-5,9234,CO-1420-9234,Warren Tech Central,'11-12,4.540090769,2.582179339,'No
7483 - 0108,17,7483,CO-1420-7483,Rooney Ranch Elementary,'K-5,108,CO-1420-0108,Alameda Intl Junior/Senior High,'7-12,4.666670561,3.752237736,'No
7483 - 1976,18,7483,CO-1420-7483,Rooney Ranch Elementary,'K-5,1976,CO-1420-1976,Creighton Middle,'6-8,4.738470419,3.630544155,'No
7483 - 5892,19,7483,CO-1420-7483,Rooney Ranch Elementary,'K-5,5892,CO-1420-5892,Fletcher Miller Special,'PK-12,4.787536689,3.679419076,'K-5
7483 - 5623,20,7483,CO-1420-7483,Rooney Ranch Elementary,'K-5,5623,CO-1420-5623,Long View,'10-12,4.89142105,2.423281514,'No
7483 - 2120,21,7483,CO-1420-7483,Rooney Ranch Elementary,'K-5,2120,CO-1420-2120,D'Evelyn Junior/Senior,'6-12,5.011266379,3.054334979,'No
7483 - 9432,22,7483,CO-1420-7483,Rooney Ranch Elementary,'K-5,9432,CO-1420-9432,Dennison Elementary,'K-6,5.017506474,3.842961584,'K-5
7483 - 0033,23,7483,CO-1420-7483,Rooney Ranch Elementary,'K-5,33,CO-1420-0033,McLain Community High School,'9-12,5.037828948,2.545611118,'No
7483 - 5004,24,7483,CO-1420-7483,Rooney Ranch Elementary,'K-5,5004,CO-1420-5004,Lasley Elementary,'K-6,5.480773176,4.62496292,'K-5
7483 - 8102,25,7483,CO-1420-7483,Rooney Ranch Elementary,'K-5,8102,CO-1420-8102,South Lakewood Elementary,'K-5,5.512853099,4.215467246,'K-5
7483 - 9342,26,7483,CO-1420-7483,Rooney Ranch Elementary,'K-5,9342,CO-1420-9342,Welchester Elementary,'PK-5,5.554311937,3.794041083,'K-5
7483 - 4942,27,7483,CO-1420-7483,Rooney Ranch Elementary,'K-5,4942,CO-1420-4942,Lakewood High,'9-12,5.628434944,4.198327587,'No
7483 - 4549,28,7483,CO-1420-7483,Rooney Ranch Elementary,'K-5,4549,CO-1420-4549,Kendallvue Elementary,'PK-5,5.671925669,3.241879417,'K-5
7483 - 4830,29,7483,CO-1420-7483,Rooney Ranch Elementary,'K-5,4830,CO-1420-4830,Kyffin Elementary,'PK-5,5.737212931,2.853143466,'K-5
7483 - 0694,30,7483,CO-1420-7483,Rooney Ranch Elementary,'K-5,694,CO-1420-0694,Bell Middle,'6-8,5.810339927,4.480996281,'No
7483 - 4798,31,7483,CO-1420-7483,Rooney Ranch Elementary,'K-5,4798,CO-1420-4798,Connections Learning Center,'6-8,5.836917128,4.73806773,'No
7483 - 3201,32,7483,CO-1420-7483,Rooney Ranch Elementary,'K-5,3201,CO-1420-3201,Free Horizon Montessori,'PK-8,5.93918202,4.019707284,'K-5
7483 - 7833,33,7483,CO-1420-7483,Rooney Ranch Elementary,'K-5,7833,CO-1420-7833,Shelton Elementary,'PK-5,5.958512177,4.5580659,'K-5
7483 - 2550,34,7483,CO-1420-7483,Rooney Ranch Elementary,'K-5,2550,CO-1420-2550,Eiber Elementary,'PK-5,6.170985402,4.806533876,'K-5
7483 - 7468,35,7483,CO-1420-7483,Rooney Ranch Elementary,'K-5,7468,CO-1420-7468,Rose Stein International Elementary,'PK-6,6.32616657,4.810121627,'K-5
7483 - 8276,36,7483,CO-1420-7483,Rooney Ranch Elementary,'K-5,8276,CO-1420-8276,Stober Elementary,'K-5,6.378616115,5.19482523,'K-5
7483 - 8090,37,7483,CO-1420-7483,Rooney Ranch Elementary,'K-5,8090,CO-1420-8090,Deane Elementary,'PK-6,6.503244096,5.170599428,'K-5
7483 - 3536,38,7483,CO-1420-7483,Rooney Ranch Elementary,'K-5,3536,CO-1420-3536,Governor's Ranch Elementary,'PK-5,6.563577394,4.844444902,'K-5
7483 - 0965,39,7483,CO-1420-7483,Rooney Ranch Elementary,'K-5,965,CO-1420-0965,Brady Exploration School,'10-12,6.615042582,5.433398783,'No
7483 - 6539,40,7483,CO-1420-7483,Rooney Ranch Elementary,'K-5,6539,CO-1420-6539,JeffCo Open Elementary,'PK-6,6.901294002,5.290423112,'K-5
7483 - 3502,41,7483,CO-1420-7483,Rooney Ranch Elementary,'K-5,3502,CO-1420-3502,Golden High,'9-12,6.978523349,5.521896556,'No
7483 - 6135,42,7483,CO-1420-7483,Rooney Ranch Elementary,'K-5,6135,CO-1420-6135,Mt. Carbon Elementary,'PK-5,7.029589725,4.458697954,'K-5
7483 - 9490,43,7483,CO-1420-7483,Rooney Ranch Elementary,'K-5,9490,CO-1420-9490,Westridge Elementary,'K-5,7.058434443,4.762471229,'K-5
7483 - 7190,44,7483,CO-1420-7483,Rooney Ranch Elementary,'K-5,7190,CO-1420-7190,Prospect Valley Elementary,'K-5,7.121072826,6.18339269,'K-5
7483 - 2093,45,7483,CO-1420-7483,Rooney Ranch Elementary,'K-5,2093,CO-1420-2093,Dakota Ridge High,'9-12,7.281552101,5.05183131,'No
7483 - 1001,46,7483,CO-1420-7483,Rooney Ranch Elementary,'K-5,1001,CO-1420-1001,Warren Tech South,'11-12,7.519196342,5.246334238,'No
7483 - 7962,47,7483,CO-1420-7483,Rooney Ranch Elementary,'K-5,7962,CO-1420-7962,Slater Elementary,'PK-5,7.540706155,5.945898304,'K-5
7483 - 5472,48,7483,CO-1420-7483,Rooney Ranch Elementary,'K-5,5472,CO-1420-5472,Manning,'6-8,7.691203899,5.709471664,'No
7483 - 5524,49,7483,CO-1420-7483,Rooney Ranch Elementary,'K-5,5524,CO-1420-5524,Maple Grove Elementary,'PK-5,7.781694076,5.631034196,'K-5
7483 - 9510,50,7483,CO-1420-7483,Rooney Ranch Elementary,'K-5,9510,CO-1420-9510,Wheat Ridge High,'9-12,7.991560591,6.496188355,'No
7483 - 8381,51,7483,CO-1420-7483,Rooney Ranch Elementary,'K-5,8381,CO-1420-8381,Summit Ridge Middle,'6-8,8.195422071,5.272709439,'No
7483 - 2820,52,7483,CO-1420-7483,Rooney Ranch Elementary,'K-5,2820,CO-1420-2820,Everitt Middle,'6-8,8.297074238,6.847483217,'No
7483 - 7128,53,7483,CO-1420-7483,Rooney Ranch Elementary,'K-5,7128,CO-1420-7128,Powderhorn Elementary,'PK-5,8.369557465,5.239537839,'K-5
7483 - 4422,54,7483,CO-1420-7483,Rooney Ranch Elementary,'K-5,4422,CO-1420-4422,Jefferson Junior/Senior High,'7-12,8.564430956,6.539239249,'No
7483 - 5354,55,7483,CO-1420-7483,Rooney Ranch Elementary,'K-5,5354,CO-1420-5354,Lumberg Elementary,'PK-6,8.602208617,6.548096263,'K-5
7483 - 0951,56,7483,CO-1420-7483,Rooney Ranch Elementary,'K-5,951,CO-1420-0951,Blue Heron Elementary,'PK-5,8.771039038,6.549748986,'K-5
7483 - 9008,57,7483,CO-1420-7483,Rooney Ranch Elementary,'K-5,9008,CO-1420-9008,Ute Meadows Elementary,'PK-5,8.859180805,6.583982509,'K-5
7483 - 1864,58,7483,CO-1420-7483,Rooney Ranch Elementary,'K-5,1864,CO-1420-1864,Columbine High,'9-12,8.862660849,6.531722426,'No
7483 - 5036,59,7483,CO-1420-7483,Rooney Ranch Elementary,'K-5,5036,CO-1420-5036,Leawood Elementary,'PK-5,8.863183055,6.701339924,'K-5
7483 - 5944,60,7483,CO-1420-7483,Rooney Ranch Elementary,'K-5,5944,CO-1420-5944,Mitchell Elementary,'K-5,8.883581943,7.206489538,'K-5
7483 - 2130,61,7483,CO-1420-7483,Rooney Ranch Elementary,'K-5,2130,CO-1420-2130,Deer Creek Middle,'6-8,9.082699402,6.800936916,'No
7483 - 6285,62,7483,CO-1420-7483,Rooney Ranch Elementary,'K-5,6285,CO-1420-6285,Norma Anderson Early Learning Center,'PK,9.143135451,7.187990186,'No
7483 - 6848,63,7483,CO-1420-7483,Rooney Ranch Elementary,'K-5,6848,CO-1420-6848,Peak Expeditionary-Pennington,'PK-5,9.19268181,7.500707519,'K-5
7483 - 0952,64,7483,CO-1420-7483,Rooney Ranch Elementary,'K-5,952,CO-1420-0952,Bradford K8 North,'5-8,9.393444413,6.572475076,'5
7483 - 2496,65,7483,CO-1420-7483,Rooney Ranch Elementary,'K-5,2496,CO-1420-2496,Edgewater Elementary,'PK-6,9.458912035,7.106182121,'K-5
7483 - 1522,66,7483,CO-1420-7483,Rooney Ranch Elementary,'K-5,1522,CO-1420-1522,Chatfield High,'9-12,9.500105221,6.37647705,'No
7483 - 8280,67,7483,CO-1420-7483,Rooney Ranch Elementary,'K-5,8280,CO-1420-8280,Stony Creek Elementary,'PK-5,9.543020529,6.987259707,'K-5
7483 - 2288,68,7483,CO-1420-7483,Rooney Ranch Elementary,'K-5,2288,CO-1420-2288,Drake Middle,'6-8,9.63148894,7.78995885,'No
7483 - 8223,69,7483,CO-1420-7483,Rooney Ranch Elementary,'K-5,8223,CO-1420-8223,Stevens Elementary,'PK-5,9.67882552,7.562917675,'K-5
7483 - 8036,70,7483,CO-1420-7483,Rooney Ranch Elementary,'K-5,8036,CO-1420-8036,Sobesky Academy,'K-12,9.929188274,7.709475798,'K-5
7483 - 2322,71,7483,CO-1420-7483,Rooney Ranch Elementary,'K-5,2322,CO-1420-2322,Dutch Creek Elementary,'PK-5,9.961014004,7.358321536,'K-5
7483 - 6286,72,7483,CO-1420-7483,Rooney Ranch Elementary,'K-5,6286,CO-1420-6286,Normandy Elementary,'PK-5,9.972980095,7.478571218,'K-5
7483 - 6133,73,7483,CO-1420-7483,Rooney Ranch Elementary,'K-5,6133,CO-1420-6133,Mortensen Elementary,'PK-5,9.985724902,7.713932766,'K-5
,,,CO-1420-,,',,CO-1420-,,',,,#N/A
7529 - 5454,2,7529,CO-1420-7529,Ryan Elementary,'PK-5,5454,CO-1420-5454,Mandalay Middle,'6-8,3.147113862,2.371358521,'No
7529 - 7753,3,7529,CO-1420-7529,Ryan Elementary,'PK-5,7753,CO-1420-7753,Semper Elementary,'PK-5,3.277326546,2.529404502,'PK-5
7529 - 0030,4,7529,CO-1420-7529,Ryan Elementary,'PK-5,30,CO-1420-0030,Adams Elementary,'PK-5,3.670084305,2.480631044,'PK-5
7529 - 8209,5,7529,CO-1420-7529,Ryan Elementary,'PK-5,8209,CO-1420-8209,Standley Lake High,'9-12,3.879928793,2.51073608,'No
7529 - 5350,6,7529,CO-1420-7529,Ryan Elementary,'PK-5,5350,CO-1420-5350,Lukas Elementary,'K-5,4.118311079,3.135596841,'K-5
7529 - 9299,7,7529,CO-1420-7529,Ryan Elementary,'PK-5,9299,CO-1420-9299,Wayne Carle Middle,'6-8,4.377254039,3.292152779,'No
7529 - 5222,8,7529,CO-1420-7529,Ryan Elementary,'PK-5,5222,CO-1420-5222,Little Elementary,'K-5,4.72461325,3.615144251,'K-5
7529 - 7114,9,7529,CO-1420-7529,Ryan Elementary,'PK-5,7114,CO-1420-7114,Pomona Junior/Senior High,'6-12,5.498747764,4.087269219,'No
7529 - 9328,10,7529,CO-1420-7529,Ryan Elementary,'PK-5,9328,CO-1420-9328,Weber Elementary,'PK-5,5.968301908,4.400315374,'PK-5
7529 - 3726,11,7529,CO-1420-7529,Ryan Elementary,'PK-5,3726,CO-1420-3726,Hackberry Hill Elementary,'K-5,5.996761147,4.985715159,'K-5
7529 - 9232,12,7529,CO-1420-7529,Ryan Elementary,'PK-5,9232,CO-1420-9232,Warder Elementary,'PK-5,6.215988981,4.985209207,'PK-5
7529 - 6330,13,7529,CO-1420-7529,Ryan Elementary,'PK-5,6330,CO-1420-6330,North Arvada Middle,'6-8,6.666578805,5.339177698,'No
7529 - 8432,14,7529,CO-1420-7529,Ryan Elementary,'PK-5,8432,CO-1420-8432,Swanson Elementary,'K-5,6.943099821,5.856700217,'K-5
7529 - 0370,15,7529,CO-1420-7529,Ryan Elementary,'PK-5,370,CO-1420-0370,Arvada High,'9-12,7.267188845,6.304253728,'No
7529 - 7870,16,7529,CO-1420-7529,Ryan Elementary,'PK-5,7870,CO-1420-7870,Sierra Elementary,'PK-5,7.307550781,5.569445227,'PK-5
7529 - 7708,17,7529,CO-1420-7529,Ryan Elementary,'PK-5,7708,CO-1420-7708,Secrest Elementary,'PK-5,7.767167566,6.368048113,'PK-5
7529 - 5758,18,7529,CO-1420-7529,Ryan Elementary,'PK-5,5758,CO-1420-5758,Meiklejohn Elementary,'PK-5,8.323302509,6.173907535,'PK-5
7529 - 5024,19,7529,CO-1420-7529,Ryan Elementary,'PK-5,5024,CO-1420-5024,Lawrence Elementary,'K-5,8.53631555,7.486360181,'K-5
7529 - 6470,20,7529,CO-1420-7529,Ryan Elementary,'PK-5,6470,CO-1420-6470,Oberon Middle,'6-8,8.665884319,6.051942934,'No
7529 - 1244,21,7529,CO-1420-7529,Ryan Elementary,'PK-5,1244,CO-1420-1244,Campbell Early Learning Center,'PK,8.799912423,6.872455956,'PK
7529 - 3088,22,7529,CO-1420-7529,Ryan Elementary,'PK-5,3088,CO-1420-3088,Foster Dual Language PK-8 School,'PK-8,8.905351959,7.776994144,'PK-5
7529 - 7239,23,7529,CO-1420-7529,Ryan Elementary,'PK-5,7239,CO-1420-7239,Ralston Valley High,'9-12,8.983417634,6.345420818,'No
7529 - 9052,24,7529,CO-1420-7529,Ryan Elementary,'PK-5,9052,CO-1420-9052,Van Arsdale Elementary,'PK-5,9.056900827,6.762825112,'PK-5
7529 - 9245,25,7529,CO-1420-7529,Ryan Elementary,'PK-5,9245,CO-1420-9245,Warren Tech North,'11-12,9.656619638,7.487983939,'No
7529 - 3216,26,7529,CO-1420-7529,Ryan Elementary,'PK-5,3216,CO-1420-3216,Fremont Elementary,'K-5,9.734655648,7.408204213,'K-5
7529 - 0378,27,7529,CO-1420-7529,Ryan Elementary,'PK-5,378,CO-1420-0378,Arvada West High,'9-12,9.816631277,7.437363884,'No
,,,CO-1420-,,',,CO-1420-,,',,,#N/A
7708 - 0370,2,7708,CO-1420-7708,Secrest Elementary,'PK-5,370,CO-1420-0370,Arvada High,'9-12,0.918749318,0.622596621,'No
7708 - 8432,3,7708,CO-1420-7708,Secrest Elementary,'PK-5,8432,CO-1420-8432,Swanson Elementary,'K-5,0.943211869,0.6810596,'K-5
7708 - 6330,4,7708,CO-1420-7708,Secrest Elementary,'PK-5,6330,CO-1420-6330,North Arvada Middle,'6-8,1.346813324,1.042753986,'No
7708 - 5024,5,7708,CO-1420-7708,Secrest Elementary,'PK-5,5024,CO-1420-5024,Lawrence Elementary,'K-5,1.728442938,1.241677026,'K-5
7708 - 3088,6,7708,CO-1420-7708,Secrest Elementary,'PK-5,3088,CO-1420-3088,Foster Dual Language PK-8 School,'PK-8,1.794807446,1.409436632,'PK-5
7708 - 3726,7,7708,CO-1420-7708,Secrest Elementary,'PK-5,3726,CO-1420-3726,Hackberry Hill Elementary,'K-5,2.013293192,1.474501601,'K-5
7708 - 9232,8,7708,CO-1420-7708,Secrest Elementary,'PK-5,9232,CO-1420-9232,Warder Elementary,'PK-5,3.002904596,1.907390733,'PK-5
7708 - 1244,9,7708,CO-1420-7708,Secrest Elementary,'PK-5,1244,CO-1420-1244,Campbell Early Learning Center,'PK,3.050760562,2.438408304,'PK
7708 - 9328,10,7708,CO-1420-7708,Secrest Elementary,'PK-5,9328,CO-1420-9328,Weber Elementary,'PK-5,3.293539395,2.54153195,'PK-5
7708 - 7114,11,7708,CO-1420-7708,Secrest Elementary,'PK-5,7114,CO-1420-7114,Pomona Junior/Senior High,'6-12,3.371603402,2.653201495,'No
7708 - 8036,12,7708,CO-1420-7708,Secrest Elementary,'PK-5,8036,CO-1420-8036,Sobesky Academy,'K-12,3.528121771,2.810329414,'K-5
7708 - 9245,13,7708,CO-1420-7708,Secrest Elementary,'PK-5,9245,CO-1420-9245,Warren Tech North,'11-12,3.573864178,2.845602617,'No
7708 - 8223,14,7708,CO-1420-7708,Secrest Elementary,'PK-5,8223,CO-1420-8223,Stevens Elementary,'PK-5,3.666314911,2.946990857,'PK-5
7708 - 6848,15,7708,CO-1420-7708,Secrest Elementary,'PK-5,6848,CO-1420-6848,Peak Expeditionary-Pennington,'PK-5,3.692331898,2.876373809,'PK-5
7708 - 0378,16,7708,CO-1420-7708,Secrest Elementary,'PK-5,378,CO-1420-0378,Arvada West High,'9-12,3.733875818,2.900638285,'No
7708 - 9058,17,7708,CO-1420-7708,Secrest Elementary,'PK-5,9058,CO-1420-9058,Vanderhoof Elementary,'K-5,3.749112571,2.933179571,'K-5
7708 - 3216,18,7708,CO-1420-7708,Secrest Elementary,'PK-5,3216,CO-1420-3216,Fremont Elementary,'K-5,3.773477278,3.178275538,'K-5
7708 - 5222,19,7708,CO-1420-7708,Secrest Elementary,'PK-5,5222,CO-1420-5222,Little Elementary,'K-5,3.784548823,2.753469932,'K-5
7708 - 6470,20,7708,CO-1420-7708,Secrest Elementary,'PK-5,6470,CO-1420-6470,Oberon Middle,'6-8,3.977428824,2.851498959,'No
7708 - 7870,21,7708,CO-1420-7708,Secrest Elementary,'PK-5,7870,CO-1420-7870,Sierra Elementary,'PK-5,4.074318046,3.060223769,'PK-5
7708 - 6285,22,7708,CO-1420-7708,Secrest Elementary,'PK-5,6285,CO-1420-6285,Norma Anderson Early Learning Center,'PK,4.439835858,3.398464847,'PK
7708 - 2820,23,7708,CO-1420-7708,Secrest Elementary,'PK-5,2820,CO-1420-2820,Everitt Middle,'6-8,4.569366524,3.445141142,'No
7708 - 8300,24,7708,CO-1420-7708,Secrest Elementary,'PK-5,8300,CO-1420-8300,Stott Elementary,'PK-5,4.643440611,3.728141679,'PK-5
7708 - 7753,25,7708,CO-1420-7708,Secrest Elementary,'PK-5,7753,CO-1420-7753,Semper Elementary,'PK-5,4.64970537,4.038187012,'PK-5
7708 - 9510,26,7708,CO-1420-7708,Secrest Elementary,'PK-5,9510,CO-1420-9510,Wheat Ridge High,'9-12,4.769258091,3.754201997,'No
7708 - 4422,27,7708,CO-1420-7708,Secrest Elementary,'PK-5,4422,CO-1420-4422,Jefferson Junior/Senior High,'7-12,4.971959644,4.311171407,'No
7708 - 5454,28,7708,CO-1420-7708,Secrest Elementary,'PK-5,5454,CO-1420-5454,Mandalay Middle,'6-8,5.074911548,4.060997383,'No
7708 - 2288,29,7708,CO-1420-7708,Secrest Elementary,'PK-5,2288,CO-1420-2288,Drake Middle,'6-8,5.08597434,3.9647352,'No
7708 - 2496,30,7708,CO-1420-7708,Secrest Elementary,'PK-5,2496,CO-1420-2496,Edgewater Elementary,'PK-6,5.12034943,4.402449859,'PK-5
7708 - 0030,31,7708,CO-1420-7708,Secrest Elementary,'PK-5,30,CO-1420-0030,Adams Elementary,'PK-5,5.123401228,3.887431111,'PK-5
7708 - 5354,32,7708,CO-1420-7708,Secrest Elementary,'PK-5,5354,CO-1420-5354,Lumberg Elementary,'PK-6,5.172265986,4.401447974,'PK-5
7708 - 7962,33,7708,CO-1420-7708,Secrest Elementary,'PK-5,7962,CO-1420-7962,Slater Elementary,'PK-5,5.211279121,4.400870296,'PK-5
7708 - 9052,34,7708,CO-1420-7708,Secrest Elementary,'PK-5,9052,CO-1420-9052,Van Arsdale Elementary,'PK-5,5.376330953,4.245362972,'PK-5
7708 - 5350,35,7708,CO-1420-7708,Secrest Elementary,'PK-5,5350,CO-1420-5350,Lukas Elementary,'K-5,5.75415174,4.40082254,'K-5
7708 - 7190,36,7708,CO-1420-7708,Secrest Elementary,'PK-5,7190,CO-1420-7190,Prospect Valley Elementary,'K-5,5.952943262,4.300262832,'K-5
7708 - 8209,37,7708,CO-1420-7708,Secrest Elementary,'PK-5,8209,CO-1420-8209,Standley Lake High,'9-12,6.05356892,5.152044039,'No
7708 - 9299,38,7708,CO-1420-7708,Secrest Elementary,'PK-5,9299,CO-1420-9299,Wayne Carle Middle,'6-8,6.06211607,4.895342018,'No
7708 - 7239,39,7708,CO-1420-7708,Secrest Elementary,'PK-5,7239,CO-1420-7239,Ralston Valley High,'9-12,6.066068606,4.607450505,'No
7708 - 6539,40,7708,CO-1420-7708,Secrest Elementary,'PK-5,6539,CO-1420-6539,JeffCo Open Elementary,'PK-6,6.11878553,5.519025153,'PK-5
7708 - 5758,41,7708,CO-1420-7708,Secrest Elementary,'PK-5,5758,CO-1420-5758,Meiklejohn Elementary,'PK-5,6.225322351,4.752162157,'PK-5
7708 - 2550,42,7708,CO-1420-7708,Secrest Elementary,'PK-5,2550,CO-1420-2550,Eiber Elementary,'PK-5,6.562504001,5.505131824,'PK-5
7708 - 5472,43,7708,CO-1420-7708,Secrest Elementary,'PK-5,5472,CO-1420-5472,Manning,'6-8,6.867084159,5.414944767,'No
7708 - 8276,44,7708,CO-1420-7708,Secrest Elementary,'PK-5,8276,CO-1420-8276,Stober Elementary,'K-5,6.932125675,5.316786049,'K-5
7708 - 5524,45,7708,CO-1420-7708,Secrest Elementary,'PK-5,5524,CO-1420-5524,Maple Grove Elementary,'PK-5,6.957574336,5.461345818,'PK-5
7708 - 9429,46,7708,CO-1420-7708,Secrest Elementary,'PK-5,9429,CO-1420-9429,West Woods Elementary,'K-5,7.011597424,6.128875064,'K-5
7708 - 4942,47,7708,CO-1420-7708,Secrest Elementary,'PK-5,4942,CO-1420-4942,Lakewood High,'9-12,7.336501425,6.171497717,'No
7708 - 2866,48,7708,CO-1420-7708,Secrest Elementary,'PK-5,2866,CO-1420-2866,Fairmount Elementary,'K-5,7.367056661,5.85885841,'K-5
7708 - 8102,49,7708,CO-1420-7708,Secrest Elementary,'PK-5,8102,CO-1420-8102,South Lakewood Elementary,'K-5,7.487543368,6.602949954,'K-5
7708 - 7468,50,7708,CO-1420-7708,Secrest Elementary,'PK-5,7468,CO-1420-7468,Rose Stein International Elementary,'PK-6,7.560362462,6.742619473,'PK-5
7708 - 7529,51,7708,CO-1420-7708,Secrest Elementary,'PK-5,7529,CO-1420-7529,Ryan Elementary,'PK-5,7.767167566,6.368048113,'PK-5
7708 - 9432,52,7708,CO-1420-7708,Secrest Elementary,'PK-5,9432,CO-1420-9432,Dennison Elementary,'K-6,7.850386932,6.598553412,'K-5
7708 - 1976,53,7708,CO-1420-7708,Secrest Elementary,'PK-5,1976,CO-1420-1976,Creighton Middle,'6-8,7.973284354,6.854780302,'No
7708 - 5892,54,7708,CO-1420-7708,Secrest Elementary,'PK-5,5892,CO-1420-5892,Fletcher Miller Special,'PK-12,7.996059364,6.745089896,'PK-5
7708 - 9342,55,7708,CO-1420-7708,Secrest Elementary,'PK-5,9342,CO-1420-9342,Welchester Elementary,'PK-5,8.573294664,6.755555099,'PK-5
7708 - 8090,56,7708,CO-1420-7708,Secrest Elementary,'PK-5,8090,CO-1420-8090,Deane Elementary,'PK-6,8.647117806,7.37134779,'PK-5
7708 - 0965,57,7708,CO-1420-7708,Secrest Elementary,'PK-5,965,CO-1420-0965,Brady Exploration School,'10-12,8.649242666,7.760489114,'No
7708 - 0724,58,7708,CO-1420-7708,Secrest Elementary,'PK-5,724,CO-1420-0724,Belmar School of Integrated Arts,'K-5,8.844543497,7.855381784,'K-5
7708 - 0108,59,7708,CO-1420-7708,Secrest Elementary,'PK-5,108,CO-1420-0108,Alameda Intl Junior/Senior High,'7-12,8.896659758,8.305603171,'No
7708 - 6808,60,7708,CO-1420-7708,Secrest Elementary,'PK-5,6808,CO-1420-6808,Patterson Elementary,'PK-6,9.248238079,8.315390588,'PK-5
7708 - 5004,61,7708,CO-1420-7708,Secrest Elementary,'PK-5,5004,CO-1420-5004,Lasley Elementary,'K-6,9.353706516,8.409024467,'K-5
7708 - 3201,62,7708,CO-1420-7708,Secrest Elementary,'PK-5,3201,CO-1420-3201,Free Horizon Montessori,'PK-8,9.620989393,7.917929239,'PK-5
7708 - 4550,63,7708,CO-1420-7708,Secrest Elementary,'PK-5,4550,CO-1420-4550,Kendrick Lakes Elementary,'PK-5,9.669529268,8.514542344,'PK-5
7708 - 9234,64,7708,CO-1420-7708,Secrest Elementary,'PK-5,9234,CO-1420-9234,Warren Tech Central,'11-12,9.955483179,7.896537487,'No
,,,CO-1420-,,',,CO-1420-,,',,,#N/A
7753 - 5454,2,7753,CO-1420-7753,Semper Elementary,'PK-5,5454,CO-1420-5454,Mandalay Middle,'6-8,0.692789352,0.351224821,'No
7753 - 0030,3,7753,CO-1420-7753,Semper Elementary,'PK-5,30,CO-1420-0030,Adams Elementary,'PK-5,0.900573573,0.777504731,'PK-5
7753 - 5222,4,7753,CO-1420-7753,Semper Elementary,'PK-5,5222,CO-1420-5222,Little Elementary,'K-5,2.116161623,1.416560961,'K-5
7753 - 5350,5,7753,CO-1420-7753,Semper Elementary,'PK-5,5350,CO-1420-5350,Lukas Elementary,'K-5,2.157352747,1.195037226,'K-5
7753 - 8209,6,7753,CO-1420-7753,Semper Elementary,'PK-5,8209,CO-1420-8209,Standley Lake High,'9-12,2.173218596,1.414393595,'No
7753 - 7114,7,7753,CO-1420-7753,Semper Elementary,'PK-5,7114,CO-1420-7114,Pomona Junior/Senior High,'6-12,2.363305396,1.565229501,'No
7753 - 9299,8,7753,CO-1420-7753,Semper Elementary,'PK-5,9299,CO-1420-9299,Wayne Carle Middle,'6-8,2.416295707,1.728328302,'No
7753 - 9328,9,7753,CO-1420-7753,Semper Elementary,'PK-5,9328,CO-1420-9328,Weber Elementary,'PK-5,2.83285954,1.871131473,'PK-5
7753 - 3726,10,7753,CO-1420-7753,Semper Elementary,'PK-5,3726,CO-1420-3726,Hackberry Hill Elementary,'K-5,2.861318778,2.579837757,'K-5
7753 - 9232,11,7753,CO-1420-7753,Semper Elementary,'PK-5,9232,CO-1420-9232,Warder Elementary,'PK-5,3.080546613,2.472158929,'PK-5
7753 - 7529,12,7753,CO-1420-7753,Semper Elementary,'PK-5,7529,CO-1420-7529,Ryan Elementary,'PK-5,3.277326546,2.529404502,'PK-5
7753 - 6330,13,7753,CO-1420-7753,Semper Elementary,'PK-5,6330,CO-1420-6330,North Arvada Middle,'6-8,3.633025598,2.996857408,'No
7753 - 0370,14,7753,CO-1420-7753,Semper Elementary,'PK-5,370,CO-1420-0370,Arvada High,'9-12,4.131746476,3.871660065,'No
7753 - 7870,15,7753,CO-1420-7753,Semper Elementary,'PK-5,7870,CO-1420-7870,Sierra Elementary,'PK-5,4.172108412,3.12030432,'PK-5
7753 - 8432,16,7753,CO-1420-7753,Semper Elementary,'PK-5,8432,CO-1420-8432,Swanson Elementary,'K-5,4.561328676,3.642229303,'K-5
7753 - 7708,17,7753,CO-1420-7753,Semper Elementary,'PK-5,7708,CO-1420-7708,Secrest Elementary,'PK-5,4.64970537,4.038187012,'PK-5
7753 - 5758,18,7753,CO-1420-7753,Semper Elementary,'PK-5,5758,CO-1420-5758,Meiklejohn Elementary,'PK-5,5.187860141,4.070655584,'PK-5
7753 - 5024,19,7753,CO-1420-7753,Semper Elementary,'PK-5,5024,CO-1420-5024,Lawrence Elementary,'K-5,5.400873182,5.061297409,'K-5
7753 - 6470,20,7753,CO-1420-7753,Semper Elementary,'PK-5,6470,CO-1420-6470,Oberon Middle,'6-8,5.53044195,3.569031764,'No
7753 - 1244,21,7753,CO-1420-7753,Semper Elementary,'PK-5,1244,CO-1420-1244,Campbell Early Learning Center,'PK,5.664470055,4.347841242,'PK
7753 - 3088,22,7753,CO-1420-7753,Semper Elementary,'PK-5,3088,CO-1420-3088,Foster Dual Language PK-8 School,'PK-8,5.769909591,5.421540947,'PK-5
7753 - 7239,23,7753,CO-1420-7753,Semper Elementary,'PK-5,7239,CO-1420-7239,Ralston Valley High,'9-12,5.847975265,4.178260008,'No
7753 - 9052,24,7753,CO-1420-7753,Semper Elementary,'PK-5,9052,CO-1420-9052,Van Arsdale Elementary,'PK-5,5.921458458,4.461477666,'PK-5
7753 - 9245,25,7753,CO-1420-7753,Semper Elementary,'PK-5,9245,CO-1420-9245,Warren Tech North,'11-12,6.521177269,4.967262187,'No
7753 - 3216,26,7753,CO-1420-7753,Semper Elementary,'PK-5,3216,CO-1420-3216,Fremont Elementary,'K-5,6.599213279,4.909706598,'K-5
7753 - 0378,27,7753,CO-1420-7753,Semper Elementary,'PK-5,378,CO-1420-0378,Arvada West High,'9-12,6.681188909,4.920413305,'No
7753 - 9058,28,7753,CO-1420-7753,Semper Elementary,'PK-5,9058,CO-1420-9058,Vanderhoof Elementary,'K-5,6.939606012,5.309694068,'K-5
7753 - 8300,29,7753,CO-1420-7753,Semper Elementary,'PK-5,8300,CO-1420-8300,Stott Elementary,'PK-5,7.452064624,5.06029842,'PK-5
7753 - 8036,30,7753,CO-1420-7753,Semper Elementary,'PK-5,8036,CO-1420-8036,Sobesky Academy,'K-12,7.502941797,6.832296911,'K-5
7753 - 6848,31,7753,CO-1420-7753,Semper Elementary,'PK-5,6848,CO-1420-6848,Peak Expeditionary-Pennington,'PK-5,7.553660243,6.41320682,'PK-5
7753 - 8223,32,7753,CO-1420-7753,Semper Elementary,'PK-5,8223,CO-1420-8223,Stevens Elementary,'PK-5,7.641134936,6.963560268,'PK-5
7753 - 6285,33,7753,CO-1420-7753,Semper Elementary,'PK-5,6285,CO-1420-6285,Norma Anderson Early Learning Center,'PK,8.246892239,6.713155549,'PK
7753 - 2820,34,7753,CO-1420-7753,Semper Elementary,'PK-5,2820,CO-1420-2820,Everitt Middle,'6-8,8.385640943,7.089406188,'No
7753 - 9429,35,7753,CO-1420-7753,Semper Elementary,'PK-5,9429,CO-1420-9429,West Woods Elementary,'K-5,8.42709248,6.452876073,'K-5
7753 - 2288,36,7753,CO-1420-7753,Semper Elementary,'PK-5,2288,CO-1420-2288,Drake Middle,'6-8,8.436229388,6.465729241,'No
7753 - 9510,37,7753,CO-1420-7753,Semper Elementary,'PK-5,9510,CO-1420-9510,Wheat Ridge High,'9-12,8.743171909,7.494821427,'No
7753 - 4422,38,7753,CO-1420-7753,Semper Elementary,'PK-5,4422,CO-1420-4422,Jefferson Junior/Senior High,'7-12,8.946779669,8.337810539,'No
7753 - 5354,39,7753,CO-1420-7753,Semper Elementary,'PK-5,5354,CO-1420-5354,Lumberg Elementary,'PK-6,9.147086011,8.433221968,'PK-5
7753 - 8856,40,7753,CO-1420-7753,Semper Elementary,'PK-5,8856,CO-1420-8856,Three Creeks K-8,'K-8,9.178815858,7.519925739,'K-5
7753 - 7962,41,7753,CO-1420-7753,Semper Elementary,'PK-5,7962,CO-1420-7962,Slater Elementary,'PK-5,9.186099147,8.303461607,'PK-5
7753 - 2496,42,7753,CO-1420-7753,Semper Elementary,'PK-5,2496,CO-1420-2496,Edgewater Elementary,'PK-6,9.445693994,8.432059297,'PK-5
7753 - 7190,43,7753,CO-1420-7753,Semper Elementary,'PK-5,7190,CO-1420-7190,Prospect Valley Elementary,'K-5,9.769217681,7.7177349,'K-5
,,,CO-1420-,,',,CO-1420-,,',,,#N/A
7780 - 6133,2,7780,CO-1420-7780,Shaffer Elementary,'PK-5,6133,CO-1420-6133,Mortensen Elementary,'PK-5,0.584705459,0.322170687,'PK-5
7780 - 2963,3,7780,CO-1420-7780,Shaffer Elementary,'PK-5,2963,CO-1420-2963,Falcon Bluffs Middle,'6-8,1.11740499,0.823631696,'No
7780 - 1876,4,7780,CO-1420-7780,Shaffer Elementary,'PK-5,1876,CO-1420-1876,Coronado Elementary,'PK-5,1.758945984,1.251002958,'PK-5
7780 - 9008,5,7780,CO-1420-7780,Shaffer Elementary,'PK-5,9008,CO-1420-9008,Ute Meadows Elementary,'PK-5,1.861650311,1.046903129,'PK-5
7780 - 8280,6,7780,CO-1420-7780,Shaffer Elementary,'PK-5,8280,CO-1420-8280,Stony Creek Elementary,'PK-5,1.933555497,1.290441185,'PK-5
7780 - 2130,7,7780,CO-1420-7780,Shaffer Elementary,'PK-5,2130,CO-1420-2130,Deer Creek Middle,'6-8,1.976348399,1.234342815,'No
7780 - 1522,8,7780,CO-1420-7780,Shaffer Elementary,'PK-5,1522,CO-1420-1522,Chatfield High,'9-12,2.104751651,1.444143297,'No
7780 - 4548,9,7780,CO-1420-7780,Shaffer Elementary,'PK-5,4548,CO-1420-4548,Ken Caryl Middle,'6-8,3.146927764,2.442418996,'No
7780 - 2322,10,7780,CO-1420-7780,Shaffer Elementary,'PK-5,2322,CO-1420-2322,Dutch Creek Elementary,'PK-5,3.182092864,2.203034549,'PK-5
7780 - 8381,11,7780,CO-1420-7780,Shaffer Elementary,'PK-5,8381,CO-1420-8381,Summit Ridge Middle,'6-8,3.39498756,2.376987299,'No
7780 - 0950,12,7780,CO-1420-7780,Shaffer Elementary,'PK-5,950,CO-1420-0950,Bradford K8 South,'K-4,3.402596029,2.565081479,'K-4
7780 - 7128,13,7780,CO-1420-7780,Shaffer Elementary,'PK-5,7128,CO-1420-7128,Powderhorn Elementary,'PK-5,3.524874506,2.450241199,'PK-5
7780 - 1861,14,7780,CO-1420-7780,Shaffer Elementary,'PK-5,1861,CO-1420-1861,Columbine Hills Elementary,'PK-5,3.558636897,2.807009172,'PK-5
7780 - 0952,15,7780,CO-1420-7780,Shaffer Elementary,'PK-5,952,CO-1420-0952,Bradford K8 North,'5-8,3.814610211,2.97365512,'5
7780 - 9490,16,7780,CO-1420-7780,Shaffer Elementary,'PK-5,9490,CO-1420-9490,Westridge Elementary,'K-5,3.92450399,2.929789079,'K-5
7780 - 6286,17,7780,CO-1420-7780,Shaffer Elementary,'PK-5,6286,CO-1420-6286,Normandy Elementary,'PK-5,4.058063043,2.999227133,'PK-5
7780 - 1001,18,7780,CO-1420-7780,Shaffer Elementary,'PK-5,1001,CO-1420-1001,Warren Tech South,'11-12,4.248682906,2.807607646,'No
7780 - 3536,19,7780,CO-1420-7780,Shaffer Elementary,'PK-5,3536,CO-1420-3536,Governor's Ranch Elementary,'PK-5,4.499667252,3.467619931,'PK-5
7780 - 2093,20,7780,CO-1420-7780,Shaffer Elementary,'PK-5,2093,CO-1420-2093,Dakota Ridge High,'9-12,4.515236631,2.999773231,'No
7780 - 1864,21,7780,CO-1420-7780,Shaffer Elementary,'PK-5,1864,CO-1420-1864,Columbine High,'9-12,4.52686758,3.087383981,'No
7780 - 5036,22,7780,CO-1420-7780,Shaffer Elementary,'PK-5,5036,CO-1420-5036,Leawood Elementary,'PK-5,4.870749447,3.527589218,'PK-5
7780 - 6135,23,7780,CO-1420-7780,Shaffer Elementary,'PK-5,6135,CO-1420-6135,Mt. Carbon Elementary,'PK-5,4.998573183,3.279239065,'PK-5
7780 - 0951,24,7780,CO-1420-7780,Shaffer Elementary,'PK-5,951,CO-1420-0951,Blue Heron Elementary,'PK-5,5.945679334,3.974378883,'PK-5
7780 - 2120,25,7780,CO-1420-7780,Shaffer Elementary,'PK-5,2120,CO-1420-2120,D'Evelyn Junior/Senior,'6-12,6.012555222,4.991597375,'No
7780 - 4549,26,7780,CO-1420-7780,Shaffer Elementary,'PK-5,4549,CO-1420-4549,Kendallvue Elementary,'PK-5,6.197214605,4.573879551,'PK-5
7780 - 0664,27,7780,CO-1420-7780,Shaffer Elementary,'PK-5,664,CO-1420-0664,Bear Creek High,'9-12,6.779515232,6.001142046,'No
7780 - 0660,28,7780,CO-1420-7780,Shaffer Elementary,'PK-5,660,CO-1420-0660,Bear Creek K-8,'K-8,7.309008046,6.154739025,'K-5
7780 - 9412,29,7780,CO-1420-7780,Shaffer Elementary,'PK-5,9412,CO-1420-9412,Westgate Elementary,'PK-5,8.236933431,6.843977564,'PK-5
7780 - 1318,30,7780,CO-1420-7780,Shaffer Elementary,'PK-5,1318,CO-1420-1318,Carmody Middle,'6-8,8.331622236,7.479258812,'No
7780 - 7282,31,7780,CO-1420-7780,Shaffer Elementary,'PK-5,7282,CO-1420-7282,Red Rocks Elementary,'K-5,8.809817571,7.39444031,'K-5
7780 - 3622,32,7780,CO-1420-7780,Shaffer Elementary,'PK-5,3622,CO-1420-3622,Green Gables Elementary,'PK-5,9.334936731,7.499008566,'PK-5
7780 - 2300,33,7780,CO-1420-7780,Shaffer Elementary,'PK-5,2300,CO-1420-2300,Dunstan Middle,'6-8,9.561869467,7.934019009,'No
7780 - 4550,34,7780,CO-1420-7780,Shaffer Elementary,'PK-5,4550,CO-1420-4550,Kendrick Lakes Elementary,'PK-5,9.587565993,8.362641184,'PK-5
7780 - 2194,35,7780,CO-1420-7780,Shaffer Elementary,'PK-5,2194,CO-1420-2194,Devinny Elementary,'K-5,9.697783117,8.041192447,'K-5
7780 - 4190,36,7780,CO-1420-7780,Shaffer Elementary,'PK-5,4190,CO-1420-4190,Hutchinson Elementary,'PK-5,9.84115092,7.774260143,'PK-5
7780 - 0108,37,7780,CO-1420-7780,Shaffer Elementary,'PK-5,108,CO-1420-0108,Alameda Intl Junior/Senior High,'7-12,9.882451954,8.5599786,'No
,,,CO-1420-,,',,CO-1420-,,',,,#N/A
7833 - 0694,2,7833,CO-1420-7833,Shelton Elementary,'PK-5,694,CO-1420-0694,Bell Middle,'6-8,2.00606519,1.273642279,'No
7833 - 4798,3,7833,CO-1420-7833,Shelton Elementary,'PK-5,4798,CO-1420-4798,Connections Learning Center,'6-8,2.032642391,1.236760785,'No
7833 - 3201,4,7833,CO-1420-7833,Shelton Elementary,'PK-5,3201,CO-1420-3201,Free Horizon Montessori,'PK-8,2.841974189,2.057187532,'PK-5
7833 - 3502,5,7833,CO-1420-7833,Shelton Elementary,'PK-5,3502,CO-1420-3502,Golden High,'9-12,3.170034952,1.459462373,'No
7833 - 4830,6,7833,CO-1420-7833,Shelton Elementary,'PK-5,4830,CO-1420-4830,Kyffin Elementary,'PK-5,4.018166728,2.956788555,'PK-5
7833 - 5944,7,7833,CO-1420-7833,Shelton Elementary,'PK-5,5944,CO-1420-5944,Mitchell Elementary,'K-5,4.465669983,2.862934542,'K-5
7833 - 9342,8,7833,CO-1420-7833,Shelton Elementary,'PK-5,9342,CO-1420-9342,Welchester Elementary,'PK-5,4.629153645,3.799047267,'PK-5
7833 - 9234,9,7833,CO-1420-7833,Shelton Elementary,'PK-5,9234,CO-1420-9234,Warren Tech Central,'11-12,4.886540801,3.524069432,'No
7833 - 0033,10,7833,CO-1420-7833,Shelton Elementary,'PK-5,33,CO-1420-0033,McLain Community High School,'9-12,5.025716022,3.388275772,'No
7833 - 5623,11,7833,CO-1420-7833,Shelton Elementary,'PK-5,5623,CO-1420-5623,Long View,'10-12,5.101775025,3.389738536,'No
7833 - 8276,12,7833,CO-1420-7833,Shelton Elementary,'PK-5,8276,CO-1420-8276,Stober Elementary,'K-5,5.694980191,4.803182765,'K-5
7833 - 7282,13,7833,CO-1420-7833,Shelton Elementary,'PK-5,7282,CO-1420-7282,Red Rocks Elementary,'K-5,5.696362011,4.609505603,'K-5
7833 - 5472,14,7833,CO-1420-7833,Shelton Elementary,'PK-5,5472,CO-1420-5472,Manning,'6-8,5.866232618,4.411017256,'No
7833 - 5524,15,7833,CO-1420-7833,Shelton Elementary,'PK-5,5524,CO-1420-5524,Maple Grove Elementary,'PK-5,5.902776376,4.37228576,'PK-5
7833 - 7483,16,7833,CO-1420-7833,Shelton Elementary,'PK-5,7483,CO-1420-7483,Rooney Ranch Elementary,'K-5,5.958512177,4.5580659,'K-5
7833 - 4190,17,7833,CO-1420-7833,Shelton Elementary,'PK-5,4190,CO-1420-4190,Hutchinson Elementary,'PK-5,6.394310315,4.639216433,'PK-5
7833 - 5892,18,7833,CO-1420-7833,Shelton Elementary,'PK-5,5892,CO-1420-5892,Fletcher Miller Special,'PK-12,6.452651687,5.65417294,'PK-5
7833 - 9432,19,7833,CO-1420-7833,Shelton Elementary,'PK-5,9432,CO-1420-9432,Dennison Elementary,'K-6,6.532978539,5.76230065,'K-5
7833 - 4942,20,7833,CO-1420-7833,Shelton Elementary,'PK-5,4942,CO-1420-4942,Lakewood High,'9-12,6.578229153,5.769950928,'No
7833 - 3628,21,7833,CO-1420-7833,Shelton Elementary,'PK-5,3628,CO-1420-3628,Green Mountain High,'9-12,6.656600212,4.194625001,'No
7833 - 2550,22,7833,CO-1420-7833,Shelton Elementary,'PK-5,2550,CO-1420-2550,Eiber Elementary,'PK-5,6.78773962,5.927065035,'PK-5
7833 - 7190,23,7833,CO-1420-7833,Shelton Elementary,'PK-5,7190,CO-1420-7190,Prospect Valley Elementary,'K-5,6.802364721,5.664599213,'K-5
7833 - 3025,24,7833,CO-1420-7833,Shelton Elementary,'PK-5,3025,CO-1420-3025,Foothills Elementary,'PK-5,6.80305201,3.885831895,'PK-5
7833 - 2194,25,7833,CO-1420-7833,Shelton Elementary,'PK-5,2194,CO-1420-2194,Devinny Elementary,'K-5,6.818655437,4.704158688,'K-5
7833 - 1976,26,7833,CO-1420-7833,Shelton Elementary,'PK-5,1976,CO-1420-1976,Creighton Middle,'6-8,6.830515751,5.752573105,'No
7833 - 2300,27,7833,CO-1420-7833,Shelton Elementary,'PK-5,2300,CO-1420-2300,Dunstan Middle,'6-8,7.076194359,4.794732523,'No
7833 - 2866,28,7833,CO-1420-7833,Shelton Elementary,'PK-5,2866,CO-1420-2866,Fairmount Elementary,'K-5,7.146924119,4.913954244,'K-5
7833 - 8102,29,7833,CO-1420-7833,Shelton Elementary,'PK-5,8102,CO-1420-8102,South Lakewood Elementary,'K-5,7.403038649,6.482987241,'K-5
7833 - 7238,30,7833,CO-1420-7833,Shelton Elementary,'PK-5,7238,CO-1420-7238,Ralston Elementary,'K-5,7.616448967,4.162982044,'K-5
7833 - 7962,31,7833,CO-1420-7833,Shelton Elementary,'PK-5,7962,CO-1420-7962,Slater Elementary,'PK-5,7.780800856,6.729057607,'PK-5
7833 - 9510,32,7833,CO-1420-7833,Shelton Elementary,'PK-5,9510,CO-1420-9510,Wheat Ridge High,'9-12,7.803720997,6.572569486,'No
7833 - 2288,33,7833,CO-1420-7833,Shelton Elementary,'PK-5,2288,CO-1420-2288,Drake Middle,'6-8,7.879933721,6.107682612,'No
7833 - 6539,34,7833,CO-1420-7833,Shelton Elementary,'PK-5,6539,CO-1420-6539,JeffCo Open Elementary,'PK-6,7.954448658,7.018374869,'PK-5
7833 - 2820,35,7833,CO-1420-7833,Shelton Elementary,'PK-5,2820,CO-1420-2820,Everitt Middle,'6-8,7.95909604,6.638160366,'No
7833 - 6285,36,7833,CO-1420-7833,Shelton Elementary,'PK-5,6285,CO-1420-6285,Norma Anderson Early Learning Center,'PK,7.984651131,6.433618886,'PK
7833 - 0724,37,7833,CO-1420-7833,Shelton Elementary,'PK-5,724,CO-1420-0724,Belmar School of Integrated Arts,'K-5,8.020872302,6.197267457,'K-5
7833 - 4550,38,7833,CO-1420-7833,Shelton Elementary,'PK-5,4550,CO-1420-4550,Kendrick Lakes Elementary,'PK-5,8.303667656,6.238331448,'PK-5
7833 - 1318,39,7833,CO-1420-7833,Shelton Elementary,'PK-5,1318,CO-1420-1318,Carmody Middle,'6-8,8.322333017,6.369992785,'No
7833 - 4549,40,7833,CO-1420-7833,Shelton Elementary,'PK-5,4549,CO-1420-4549,Kendallvue Elementary,'PK-5,8.34332125,7.157499345,'PK-5
7833 - 7468,41,7833,CO-1420-7833,Shelton Elementary,'PK-5,7468,CO-1420-7468,Rose Stein International Elementary,'PK-6,8.602707474,7.414418709,'PK-5
7833 - 6808,42,7833,CO-1420-7833,Shelton Elementary,'PK-5,6808,CO-1420-6808,Patterson Elementary,'PK-6,8.71530597,6.630444048,'PK-5
7833 - 4422,43,7833,CO-1420-7833,Shelton Elementary,'PK-5,4422,CO-1420-4422,Jefferson Junior/Senior High,'7-12,8.806419593,7.776455636,'No
7833 - 5354,44,7833,CO-1420-7833,Shelton Elementary,'PK-5,5354,CO-1420-5354,Lumberg Elementary,'PK-6,8.847604081,7.870244065,'PK-5
7833 - 6848,45,7833,CO-1420-7833,Shelton Elementary,'PK-5,6848,CO-1420-6848,Peak Expeditionary-Pennington,'PK-5,8.854703613,7.017503653,'PK-5
7833 - 3622,46,7833,CO-1420-7833,Shelton Elementary,'PK-5,3622,CO-1420-3622,Green Gables Elementary,'PK-5,9.118562562,7.0722797,'PK-5
7833 - 9058,47,7833,CO-1420-7833,Shelton Elementary,'PK-5,9058,CO-1420-9058,Vanderhoof Elementary,'K-5,9.16024471,7.292489046,'K-5
7833 - 0108,48,7833,CO-1420-7833,Shelton Elementary,'PK-5,108,CO-1420-0108,Alameda Intl Junior/Senior High,'7-12,9.399210253,7.242288445,'No
7833 - 3216,49,7833,CO-1420-7833,Shelton Elementary,'PK-5,3216,CO-1420-3216,Fremont Elementary,'K-5,9.479975443,7.617591616,'K-5
7833 - 0378,50,7833,CO-1420-7833,Shelton Elementary,'PK-5,378,CO-1420-0378,Arvada West High,'9-12,9.496925643,7.63047535,'No
7833 - 9245,51,7833,CO-1420-7833,Shelton Elementary,'PK-5,9245,CO-1420-9245,Warren Tech North,'11-12,9.499186011,7.59844211,'No
7833 - 8223,52,7833,CO-1420-7833,Shelton Elementary,'PK-5,8223,CO-1420-8223,Stevens Elementary,'PK-5,9.574893844,8.09021746,'PK-5
7833 - 0660,53,7833,CO-1420-7833,Shelton Elementary,'PK-5,660,CO-1420-0660,Bear Creek K-8,'K-8,9.60483711,7.282685012,'K-5
7833 - 0664,54,7833,CO-1420-7833,Shelton Elementary,'PK-5,664,CO-1420-0664,Bear Creek High,'9-12,9.629686386,7.093078635,'No
7833 - 8090,55,7833,CO-1420-7833,Shelton Elementary,'PK-5,8090,CO-1420-8090,Deane Elementary,'PK-6,9.657172827,8.197518831,'PK-5
7833 - 6135,56,7833,CO-1420-7833,Shelton Elementary,'PK-5,6135,CO-1420-6135,Mt. Carbon Elementary,'PK-5,9.694954281,8.450852912,'PK-5
7833 - 2496,57,7833,CO-1420-7833,Shelton Elementary,'PK-5,2496,CO-1420-2496,Edgewater Elementary,'PK-6,9.700900671,8.604040402,'PK-5
7833 - 8300,58,7833,CO-1420-7833,Shelton Elementary,'PK-5,8300,CO-1420-8300,Stott Elementary,'PK-5,9.729639971,7.516712127,'PK-5
7833 - 8036,59,7833,CO-1420-7833,Shelton Elementary,'PK-5,8036,CO-1420-8036,Sobesky Academy,'K-12,9.825256599,8.202842037,'K-5
7833 - 9412,60,7833,CO-1420-7833,Shelton Elementary,'PK-5,9412,CO-1420-9412,Westgate Elementary,'PK-5,9.893845282,7.466944332,'PK-5
7833 - 2093,61,7833,CO-1420-7833,Shelton Elementary,'PK-5,2093,CO-1420-2093,Dakota Ridge High,'9-12,9.940286459,8.830431693,'No
7833 - 9429,62,7833,CO-1420-7833,Shelton Elementary,'PK-5,9429,CO-1420-9429,West Woods Elementary,'K-5,9.981722803,7.338135972,'K-5
,,,CO-1420-,,',,CO-1420-,,',,,#N/A
7870 - 6470,2,7870,CO-1420-7870,Sierra Elementary,'PK-5,6470,CO-1420-6470,Oberon Middle,'6-8,1.85822622,0.537317604,'No
7870 - 9328,3,7870,CO-1420-7870,Sierra Elementary,'PK-5,9328,CO-1420-9328,Weber Elementary,'PK-5,1.941113278,1.519066759,'PK-5
7870 - 9232,4,7870,CO-1420-7870,Sierra Elementary,'PK-5,9232,CO-1420-9232,Warder Elementary,'PK-5,2.021909455,1.522358833,'PK-5
7870 - 7239,5,7870,CO-1420-7870,Sierra Elementary,'PK-5,7239,CO-1420-7239,Ralston Valley High,'9-12,2.289003453,1.623207539,'No
7870 - 9052,6,7870,CO-1420-7870,Sierra Elementary,'PK-5,9052,CO-1420-9052,Van Arsdale Elementary,'PK-5,2.362486647,1.523689185,'PK-5
7870 - 5758,7,7870,CO-1420-7870,Sierra Elementary,'PK-5,5758,CO-1420-5758,Meiklejohn Elementary,'PK-5,2.399307854,1.7192682,'PK-5
7870 - 1244,8,7870,CO-1420-7870,Sierra Elementary,'PK-5,1244,CO-1420-1244,Campbell Early Learning Center,'PK,2.469607832,1.559743342,'PK
7870 - 7114,9,7870,CO-1420-7870,Sierra Elementary,'PK-5,7114,CO-1420-7114,Pomona Junior/Senior High,'6-12,2.473712731,1.856346942,'No
7870 - 3216,10,7870,CO-1420-7870,Sierra Elementary,'PK-5,3216,CO-1420-3216,Fremont Elementary,'K-5,2.774915122,1.879328274,'K-5
7870 - 3726,11,7870,CO-1420-7870,Sierra Elementary,'PK-5,3726,CO-1420-3726,Hackberry Hill Elementary,'K-5,2.864450972,2.224314633,'K-5
7870 - 0378,12,7870,CO-1420-7870,Sierra Elementary,'PK-5,378,CO-1420-0378,Arvada West High,'9-12,2.905980088,1.990565523,'No
7870 - 9245,13,7870,CO-1420-7870,Sierra Elementary,'PK-5,9245,CO-1420-9245,Warren Tech North,'11-12,2.94183388,2.069332737,'No
7870 - 9058,14,7870,CO-1420-7870,Sierra Elementary,'PK-5,9058,CO-1420-9058,Vanderhoof Elementary,'K-5,3.320101512,2.445850779,'K-5
7870 - 6330,15,7870,CO-1420-7870,Sierra Elementary,'PK-5,6330,CO-1420-6330,North Arvada Middle,'6-8,3.395040064,2.561465531,'No
7870 - 0370,16,7870,CO-1420-7870,Sierra Elementary,'PK-5,370,CO-1420-0370,Arvada High,'9-12,3.435402106,2.485835287,'No
7870 - 8300,17,7870,CO-1420-7870,Sierra Elementary,'PK-5,8300,CO-1420-8300,Stott Elementary,'PK-5,3.620336306,1.944160142,'PK-5
7870 - 5222,18,7870,CO-1420-7870,Sierra Elementary,'PK-5,5222,CO-1420-5222,Little Elementary,'K-5,3.778558873,2.924201507,'K-5
7870 - 5024,19,7870,CO-1420-7870,Sierra Elementary,'PK-5,5024,CO-1420-5024,Lawrence Elementary,'K-5,4.072883163,3.320913457,'K-5
7870 - 7708,20,7870,CO-1420-7870,Sierra Elementary,'PK-5,7708,CO-1420-7708,Secrest Elementary,'PK-5,4.074318046,3.060223769,'PK-5
7870 - 8432,21,7870,CO-1420-7870,Sierra Elementary,'PK-5,8432,CO-1420-8432,Swanson Elementary,'K-5,4.132880819,3.251438069,'K-5
7870 - 7753,22,7870,CO-1420-7870,Sierra Elementary,'PK-5,7753,CO-1420-7753,Semper Elementary,'PK-5,4.172108412,3.12030432,'PK-5
7870 - 5350,23,7870,CO-1420-7870,Sierra Elementary,'PK-5,5350,CO-1420-5350,Lukas Elementary,'K-5,4.575364987,2.547308532,'K-5
7870 - 2288,24,7870,CO-1420-7870,Sierra Elementary,'PK-5,2288,CO-1420-2288,Drake Middle,'6-8,4.623719333,3.492892835,'No
7870 - 9429,25,7870,CO-1420-7870,Sierra Elementary,'PK-5,9429,CO-1420-9429,West Woods Elementary,'K-5,4.722638882,3.62877538,'K-5
7870 - 5454,26,7870,CO-1420-7870,Sierra Elementary,'PK-5,5454,CO-1420-5454,Mandalay Middle,'6-8,4.772226482,3.396148446,'No
7870 - 0030,27,7870,CO-1420-7870,Sierra Elementary,'PK-5,30,CO-1420-0030,Adams Elementary,'PK-5,4.87082229,3.592432815,'PK-5
7870 - 8209,28,7870,CO-1420-7870,Sierra Elementary,'PK-5,8209,CO-1420-8209,Standley Lake High,'9-12,4.874782167,3.370969043,'No
7870 - 9299,29,7870,CO-1420-7870,Sierra Elementary,'PK-5,9299,CO-1420-9299,Wayne Carle Middle,'6-8,4.883329317,2.737150846,'No
7870 - 3088,30,7870,CO-1420-7870,Sierra Elementary,'PK-5,3088,CO-1420-3088,Foster Dual Language PK-8 School,'PK-8,4.982368764,3.91311738,'PK-5
7870 - 6848,31,7870,CO-1420-7870,Sierra Elementary,'PK-5,6848,CO-1420-6848,Peak Expeditionary-Pennington,'PK-5,5.179258431,4.034898126,'PK-5
7870 - 6285,32,7870,CO-1420-7870,Sierra Elementary,'PK-5,6285,CO-1420-6285,Norma Anderson Early Learning Center,'PK,5.578844906,4.115574433,'PK
7870 - 2820,33,7870,CO-1420-7870,Sierra Elementary,'PK-5,2820,CO-1420-2820,Everitt Middle,'6-8,5.71759361,4.713766883,'No
7870 - 8036,34,7870,CO-1420-7870,Sierra Elementary,'PK-5,8036,CO-1420-8036,Sobesky Academy,'K-12,6.505009727,5.139138964,'K-5
7870 - 9510,35,7870,CO-1420-7870,Sierra Elementary,'PK-5,9510,CO-1420-9510,Wheat Ridge High,'9-12,6.509621916,5.17670022,'No
7870 - 8223,36,7870,CO-1420-7870,Sierra Elementary,'PK-5,8223,CO-1420-8223,Stevens Elementary,'PK-5,6.642450688,5.229171015,'PK-5
7870 - 8856,37,7870,CO-1420-7870,Sierra Elementary,'PK-5,8856,CO-1420-8856,Three Creeks K-8,'K-8,6.728244525,5.72008432,'K-5
7870 - 2866,38,7870,CO-1420-7870,Sierra Elementary,'PK-5,2866,CO-1420-2866,Fairmount Elementary,'K-5,6.787769282,4.647326116,'K-5
7870 - 5472,39,7870,CO-1420-7870,Sierra Elementary,'PK-5,5472,CO-1420-5472,Manning,'6-8,6.881891914,5.575184945,'No
7870 - 5524,40,7870,CO-1420-7870,Sierra Elementary,'PK-5,5524,CO-1420-5524,Maple Grove Elementary,'PK-5,6.972382091,5.64871438,'PK-5
7870 - 7190,41,7870,CO-1420-7870,Sierra Elementary,'PK-5,7190,CO-1420-7190,Prospect Valley Elementary,'K-5,7.101170348,5.084487227,'K-5
7870 - 7529,42,7870,CO-1420-7870,Sierra Elementary,'PK-5,7529,CO-1420-7529,Ryan Elementary,'PK-5,7.307550781,5.569445227,'PK-5
7870 - 7962,43,7870,CO-1420-7870,Sierra Elementary,'PK-5,7962,CO-1420-7962,Slater Elementary,'PK-5,7.620648954,6.144097939,'PK-5
7870 - 8276,44,7870,CO-1420-7870,Sierra Elementary,'PK-5,8276,CO-1420-8276,Stober Elementary,'K-5,7.742591004,6.020737396,'K-5
7870 - 4422,45,7870,CO-1420-7870,Sierra Elementary,'PK-5,4422,CO-1420-4422,Jefferson Junior/Senior High,'7-12,7.948095421,6.538413756,'No
7870 - 2550,46,7870,CO-1420-7870,Sierra Elementary,'PK-5,2550,CO-1420-2550,Eiber Elementary,'PK-5,8.13803847,7.008813045,'PK-5
7870 - 5354,47,7870,CO-1420-7870,Sierra Elementary,'PK-5,5354,CO-1420-5354,Lumberg Elementary,'PK-6,8.148401763,6.666973909,'PK-5
7870 - 2496,48,7870,CO-1420-7870,Sierra Elementary,'PK-5,2496,CO-1420-2496,Edgewater Elementary,'PK-6,8.647388864,6.921368909,'PK-5
7870 - 4942,49,7870,CO-1420-7870,Sierra Elementary,'PK-5,4942,CO-1420-4942,Lakewood High,'9-12,8.742020471,7.671378511,'No
7870 - 9342,50,7870,CO-1420-7870,Sierra Elementary,'PK-5,9342,CO-1420-9342,Welchester Elementary,'PK-5,8.952112955,7.419098466,'PK-5
7870 - 6539,51,7870,CO-1420-7870,Sierra Elementary,'PK-5,6539,CO-1420-6539,JeffCo Open Elementary,'PK-6,9.061825459,7.477951736,'PK-5
7870 - 5892,52,7870,CO-1420-7870,Sierra Elementary,'PK-5,5892,CO-1420-5892,Fletcher Miller Special,'PK-12,9.175229348,8.226438876,'PK-5
7870 - 9432,53,7870,CO-1420-7870,Sierra Elementary,'PK-5,9432,CO-1420-9432,Dennison Elementary,'K-6,9.255556201,8.115606885,'K-5
7870 - 1976,54,7870,CO-1420-7870,Sierra Elementary,'PK-5,1976,CO-1420-1976,Creighton Middle,'6-8,9.554308008,8.373421379,'No
7870 - 3201,55,7870,CO-1420-7870,Sierra Elementary,'PK-5,3201,CO-1420-3201,Free Horizon Montessori,'PK-8,9.635797148,7.943099952,'PK-5
7870 - 8102,56,7870,CO-1420-7870,Sierra Elementary,'PK-5,8102,CO-1420-8102,South Lakewood Elementary,'K-5,9.992782606,8.372889508,'K-5
,,,CO-1420-,,',,CO-1420-,,',,,#N/A
7962 - 2550,2,7962,CO-1420-7962,Slater Elementary,'PK-5,2550,CO-1420-2550,Eiber Elementary,'PK-5,1.44765728,1.13936767,'PK-5
7962 - 4422,3,7962,CO-1420-7962,Slater Elementary,'PK-5,4422,CO-1420-4422,Jefferson Junior/Senior High,'7-12,1.618229436,1.107411063,'No
7962 - 5354,4,7962,CO-1420-7962,Slater Elementary,'PK-5,5354,CO-1420-5354,Lumberg Elementary,'PK-6,1.659413924,1.233962879,'PK-5
7962 - 6539,5,7962,CO-1420-7962,Slater Elementary,'PK-5,6539,CO-1420-6539,JeffCo Open Elementary,'PK-6,1.903392699,1.354536743,'PK-5
7962 - 9510,6,7962,CO-1420-7962,Slater Elementary,'PK-5,9510,CO-1420-9510,Wheat Ridge High,'9-12,1.924180358,1.023620964,'No
7962 - 4942,7,7962,CO-1420-7962,Slater Elementary,'PK-5,4942,CO-1420-4942,Lakewood High,'9-12,2.221654704,1.779913557,'No
7962 - 8223,8,7962,CO-1420-7962,Slater Elementary,'PK-5,8223,CO-1420-8223,Stevens Elementary,'PK-5,2.234551765,1.621969885,'PK-5
7962 - 2820,9,7962,CO-1420-7962,Slater Elementary,'PK-5,2820,CO-1420-2820,Everitt Middle,'6-8,2.380342842,1.489918928,'No
7962 - 8036,10,7962,CO-1420-7962,Slater Elementary,'PK-5,8036,CO-1420-8036,Sobesky Academy,'K-12,2.48491452,1.76713728,'K-5
7962 - 7190,11,7962,CO-1420-7962,Slater Elementary,'PK-5,7190,CO-1420-7190,Prospect Valley Elementary,'K-5,2.504351726,1.806433669,'K-5
7962 - 2496,12,7962,CO-1420-7962,Slater Elementary,'PK-5,2496,CO-1420-2496,Edgewater Elementary,'PK-6,2.512710515,1.962364545,'PK-5
7962 - 8276,13,7962,CO-1420-7962,Slater Elementary,'PK-5,8276,CO-1420-8276,Stober Elementary,'K-5,2.635719001,2.060428337,'K-5
7962 - 9432,14,7962,CO-1420-7962,Slater Elementary,'PK-5,9432,CO-1420-9432,Dennison Elementary,'K-6,2.735540211,2.199121831,'K-5
7962 - 1976,15,7962,CO-1420-7962,Slater Elementary,'PK-5,1976,CO-1420-1976,Creighton Middle,'6-8,2.858437634,2.454226681,'No
7962 - 5892,16,7962,CO-1420-7962,Slater Elementary,'PK-5,5892,CO-1420-5892,Fletcher Miller Special,'PK-12,2.881212643,2.348424675,'PK-5
7962 - 8102,17,7962,CO-1420-7962,Slater Elementary,'PK-5,8102,CO-1420-8102,South Lakewood Elementary,'K-5,2.881277794,2.262839477,'K-5
7962 - 6848,18,7962,CO-1420-7962,Slater Elementary,'PK-5,6848,CO-1420-6848,Peak Expeditionary-Pennington,'PK-5,3.151683585,2.123647808,'PK-5
7962 - 6285,19,7962,CO-1420-7962,Slater Elementary,'PK-5,6285,CO-1420-6285,Norma Anderson Early Learning Center,'PK,3.226404056,2.272711416,'PK
7962 - 5472,20,7962,CO-1420-7962,Slater Elementary,'PK-5,5472,CO-1420-5472,Manning,'6-8,3.668750438,2.938938212,'No
7962 - 7468,21,7962,CO-1420-7962,Slater Elementary,'PK-5,7468,CO-1420-7468,Rose Stein International Elementary,'PK-6,3.671351002,2.67349611,'PK-5
7962 - 9342,22,7962,CO-1420-7962,Slater Elementary,'PK-5,9342,CO-1420-9342,Welchester Elementary,'PK-5,3.715589097,2.992671889,'PK-5
7962 - 0724,23,7962,CO-1420-7962,Slater Elementary,'PK-5,724,CO-1420-0724,Belmar School of Integrated Arts,'K-5,3.729696776,3.475411484,'K-5
7962 - 5524,24,7962,CO-1420-7962,Slater Elementary,'PK-5,5524,CO-1420-5524,Maple Grove Elementary,'PK-5,3.759240615,2.914297441,'PK-5
7962 - 3088,25,7962,CO-1420-7962,Slater Elementary,'PK-5,3088,CO-1420-3088,Foster Dual Language PK-8 School,'PK-8,4.09386894,3.010434261,'PK-5
7962 - 5024,26,7962,CO-1420-7962,Slater Elementary,'PK-5,5024,CO-1420-5024,Lawrence Elementary,'K-5,4.161468613,3.248667704,'K-5
7962 - 6808,27,7962,CO-1420-7962,Slater Elementary,'PK-5,6808,CO-1420-6808,Patterson Elementary,'PK-6,4.532759431,3.973755617,'PK-5
7962 - 4550,28,7962,CO-1420-7962,Slater Elementary,'PK-5,4550,CO-1420-4550,Kendrick Lakes Elementary,'PK-5,4.554682547,4.131378427,'PK-5
7962 - 8090,29,7962,CO-1420-7962,Slater Elementary,'PK-5,8090,CO-1420-8090,Deane Elementary,'PK-6,4.758106346,3.5345509,'PK-5
7962 - 0108,30,7962,CO-1420-7962,Slater Elementary,'PK-5,108,CO-1420-0108,Alameda Intl Junior/Senior High,'7-12,5.005625637,4.066571157,'No
7962 - 9234,31,7962,CO-1420-7962,Slater Elementary,'PK-5,9234,CO-1420-9234,Warren Tech Central,'11-12,5.025658796,3.865008015,'No
7962 - 7708,32,7962,CO-1420-7962,Slater Elementary,'PK-5,7708,CO-1420-7708,Secrest Elementary,'PK-5,5.211279121,4.400870296,'PK-5
7962 - 9058,33,7962,CO-1420-7962,Slater Elementary,'PK-5,9058,CO-1420-9058,Vanderhoof Elementary,'K-5,5.220709792,3.953639497,'K-5
7962 - 3201,34,7962,CO-1420-7962,Slater Elementary,'PK-5,3201,CO-1420-3201,Free Horizon Montessori,'PK-8,5.269472444,4.673456786,'PK-5
7962 - 2288,35,7962,CO-1420-7962,Slater Elementary,'PK-5,2288,CO-1420-2288,Drake Middle,'6-8,5.269641154,3.663910438,'No
7962 - 0370,36,7962,CO-1420-7962,Slater Elementary,'PK-5,370,CO-1420-0370,Arvada High,'9-12,5.325017389,4.436398077,'No
7962 - 5623,37,7962,CO-1420-7962,Slater Elementary,'PK-5,5623,CO-1420-5623,Long View,'10-12,5.376989077,4.090151208,'No
7962 - 5004,38,7962,CO-1420-7962,Slater Elementary,'PK-5,5004,CO-1420-5004,Lasley Elementary,'K-6,5.464695056,4.40023435,'K-5
7962 - 0965,39,7962,CO-1420-7962,Slater Elementary,'PK-5,965,CO-1420-0965,Brady Exploration School,'10-12,5.521603181,4.041810325,'No
7962 - 0033,40,7962,CO-1420-7962,Slater Elementary,'PK-5,33,CO-1420-0033,McLain Community High School,'9-12,5.523396975,3.995355985,'No
7962 - 3622,41,7962,CO-1420-7962,Slater Elementary,'PK-5,3622,CO-1420-3622,Green Gables Elementary,'PK-5,5.529606684,5.015624946,'PK-5
7962 - 9245,42,7962,CO-1420-7962,Slater Elementary,'PK-5,9245,CO-1420-9245,Warren Tech North,'11-12,5.576334029,4.287566667,'No
7962 - 3025,43,7962,CO-1420-7962,Slater Elementary,'PK-5,3025,CO-1420-3025,Foothills Elementary,'PK-5,5.631756904,4.368615765,'PK-5
7962 - 4830,44,7962,CO-1420-7962,Slater Elementary,'PK-5,4830,CO-1420-4830,Kyffin Elementary,'PK-5,5.672526007,4.152633057,'PK-5
7962 - 0378,45,7962,CO-1420-7962,Slater Elementary,'PK-5,378,CO-1420-0378,Arvada West High,'9-12,5.717850297,4.396120693,'No
7962 - 1318,46,7962,CO-1420-7962,Slater Elementary,'PK-5,1318,CO-1420-1318,Carmody Middle,'6-8,5.734496878,5.029139516,'No
7962 - 1244,47,7962,CO-1420-7962,Slater Elementary,'PK-5,1244,CO-1420-1244,Campbell Early Learning Center,'PK,5.753679337,4.614407367,'PK
7962 - 8432,48,7962,CO-1420-7962,Slater Elementary,'PK-5,8432,CO-1420-8432,Swanson Elementary,'K-5,6.038095306,5.003190935,'K-5
7962 - 0694,49,7962,CO-1420-7962,Slater Elementary,'PK-5,694,CO-1420-0694,Bell Middle,'6-8,6.155430373,5.536117016,'No
7962 - 3216,50,7962,CO-1420-7962,Slater Elementary,'PK-5,3216,CO-1420-3216,Fremont Elementary,'K-5,6.160383287,4.69265593,'K-5
7962 - 3628,51,7962,CO-1420-7962,Slater Elementary,'PK-5,3628,CO-1420-3628,Green Mountain High,'9-12,6.196134372,4.826929497,'No
7962 - 2194,52,7962,CO-1420-7962,Slater Elementary,'PK-5,2194,CO-1420-2194,Devinny Elementary,'K-5,6.291365195,5.139661375,'K-5
7962 - 9412,53,7962,CO-1420-7962,Slater Elementary,'PK-5,9412,CO-1420-9412,Westgate Elementary,'PK-5,6.304889404,5.693159187,'PK-5
7962 - 2300,54,7962,CO-1420-7962,Slater Elementary,'PK-5,2300,CO-1420-2300,Dunstan Middle,'6-8,6.415118775,5.209288751,'No
7962 - 6330,55,7962,CO-1420-7962,Slater Elementary,'PK-5,6330,CO-1420-6330,North Arvada Middle,'6-8,6.466662402,5.402165289,'No
7962 - 4798,56,7962,CO-1420-7962,Slater Elementary,'PK-5,4798,CO-1420-4798,Connections Learning Center,'6-8,6.64981524,5.701534925,'No
7962 - 3726,57,7962,CO-1420-7962,Slater Elementary,'PK-5,3726,CO-1420-3726,Hackberry Hill Elementary,'K-5,6.69551249,5.750489821,'K-5
7962 - 8300,58,7962,CO-1420-7962,Slater Elementary,'PK-5,8300,CO-1420-8300,Stott Elementary,'PK-5,6.920410405,5.153155214,'PK-5
7962 - 2866,59,7962,CO-1420-7962,Slater Elementary,'PK-5,2866,CO-1420-2866,Fairmount Elementary,'K-5,6.979600916,5.104581894,'K-5
7962 - 4190,60,7962,CO-1420-7962,Slater Elementary,'PK-5,4190,CO-1420-4190,Hutchinson Elementary,'PK-5,7.035980507,5.584690338,'PK-5
7962 - 3502,61,7962,CO-1420-7962,Slater Elementary,'PK-5,3502,CO-1420-3502,Golden High,'9-12,7.060289906,6.248595005,'No
7962 - 6470,62,7962,CO-1420-7962,Slater Elementary,'PK-5,6470,CO-1420-6470,Oberon Middle,'6-8,7.127123208,5.642070865,'No
7962 - 0660,63,7962,CO-1420-7962,Slater Elementary,'PK-5,660,CO-1420-0660,Bear Creek K-8,'K-8,7.339467811,6.332532181,'K-5
7962 - 0664,64,7962,CO-1420-7962,Slater Elementary,'PK-5,664,CO-1420-0664,Bear Creek High,'9-12,7.364317087,6.504182893,'No
7962 - 9232,65,7962,CO-1420-7962,Slater Elementary,'PK-5,9232,CO-1420-9232,Warder Elementary,'PK-5,7.429877579,5.875473772,'PK-5
7962 - 7483,66,7962,CO-1420-7962,Slater Elementary,'PK-5,7483,CO-1420-7483,Rooney Ranch Elementary,'K-5,7.540706155,5.945898304,'K-5
7962 - 7870,67,7962,CO-1420-7962,Slater Elementary,'PK-5,7870,CO-1420-7870,Sierra Elementary,'PK-5,7.620648954,6.144097939,'PK-5
7962 - 7833,68,7962,CO-1420-7962,Slater Elementary,'PK-5,7833,CO-1420-7833,Shelton Elementary,'PK-5,7.780800856,6.729057607,'PK-5
7962 - 9328,69,7962,CO-1420-7962,Slater Elementary,'PK-5,9328,CO-1420-9328,Weber Elementary,'PK-5,7.829933172,6.539616879,'PK-5
7962 - 7114,70,7962,CO-1420-7962,Slater Elementary,'PK-5,7114,CO-1420-7114,Pomona Junior/Senior High,'6-12,7.90799718,6.775520946,'No
7962 - 5222,71,7962,CO-1420-7962,Slater Elementary,'PK-5,5222,CO-1420-5222,Little Elementary,'K-5,8.409863404,7.126882277,'K-5
7962 - 9052,72,7962,CO-1420-7962,Slater Elementary,'PK-5,9052,CO-1420-9052,Van Arsdale Elementary,'PK-5,8.473323482,6.33929945,'PK-5
7962 - 2120,73,7962,CO-1420-7962,Slater Elementary,'PK-5,2120,CO-1420-2120,D'Evelyn Junior/Senior,'6-12,8.87818819,7.535255772,'No
7962 - 5944,74,7962,CO-1420-7962,Slater Elementary,'PK-5,5944,CO-1420-5944,Mitchell Elementary,'K-5,8.9653485,7.38817148,'K-5
7962 - 7753,75,7962,CO-1420-7962,Slater Elementary,'PK-5,7753,CO-1420-7753,Semper Elementary,'PK-5,9.186099147,8.303461607,'PK-5
7962 - 7239,76,7962,CO-1420-7962,Slater Elementary,'PK-5,7239,CO-1420-7239,Ralston Valley High,'9-12,9.446679581,7.005178023,'No
7962 - 5758,77,7962,CO-1420-7962,Slater Elementary,'PK-5,5758,CO-1420-5758,Meiklejohn Elementary,'PK-5,9.605933327,7.263294116,'PK-5
7962 - 5454,78,7962,CO-1420-7962,Slater Elementary,'PK-5,5454,CO-1420-5454,Mandalay Middle,'6-8,9.611305326,8.383418763,'No
7962 - 0030,79,7962,CO-1420-7962,Slater Elementary,'PK-5,30,CO-1420-0030,Adams Elementary,'PK-5,9.659795005,8.259695555,'PK-5
7962 - 9429,80,7962,CO-1420-7962,Slater Elementary,'PK-5,9429,CO-1420-9429,West Woods Elementary,'K-5,9.846830884,7.143270491,'K-5
,,,CO-1420-,,',,CO-1420-,,',,,#N/A
8036 - 8223,2,8036,CO-1420-8036,Sobesky Academy,'K-12,8223,CO-1420-8223,Stevens Elementary,'PK-5,0.25107115,0.147629287,'K-5
8036 - 4422,3,8036,CO-1420-8036,Sobesky Academy,'K-12,4422,CO-1420-4422,Jefferson Junior/Senior High,'7-12,1.69540708,1.505690365,'7-12
8036 - 5354,4,8036,CO-1420-8036,Sobesky Academy,'K-12,5354,CO-1420-5354,Lumberg Elementary,'PK-6,1.80080813,1.605938502,'K-6
8036 - 2820,5,8036,CO-1420-8036,Sobesky Academy,'K-12,2820,CO-1420-2820,Everitt Middle,'6-8,2.108707353,1.704453494,'6-8
8036 - 9510,6,8036,CO-1420-8036,Sobesky Academy,'K-12,9510,CO-1420-9510,Wheat Ridge High,'9-12,2.165776161,1.637494224,'9-12
8036 - 6848,7,8036,CO-1420-8036,Sobesky Academy,'K-12,6848,CO-1420-6848,Peak Expeditionary-Pennington,'PK-5,2.284047425,1.784516171,'K-5
8036 - 2496,8,8036,CO-1420-8036,Sobesky Academy,'K-12,2496,CO-1420-2496,Edgewater Elementary,'PK-6,2.390816665,1.785386468,'K-6
8036 - 3088,9,8036,CO-1420-8036,Sobesky Academy,'K-12,3088,CO-1420-3088,Foster Dual Language PK-8 School,'PK-8,2.41071159,1.410757012,'K-8
8036 - 5024,10,8036,CO-1420-8036,Sobesky Academy,'K-12,5024,CO-1420-5024,Lawrence Elementary,'K-5,2.481500694,1.863016525,'K-5
8036 - 7962,11,8036,CO-1420-8036,Sobesky Academy,'K-12,7962,CO-1420-7962,Slater Elementary,'PK-5,2.48491452,1.76713728,'K-5
8036 - 6285,12,8036,CO-1420-8036,Sobesky Academy,'K-12,6285,CO-1420-6285,Norma Anderson Early Learning Center,'PK,2.736915988,2.347748444,'No
8036 - 6539,13,8036,CO-1420-8036,Sobesky Academy,'K-12,6539,CO-1420-6539,JeffCo Open Elementary,'PK-6,3.392420929,2.720435213,'K-6
8036 - 7190,14,8036,CO-1420-8036,Sobesky Academy,'K-12,7190,CO-1420-7190,Prospect Valley Elementary,'K-5,3.456763223,2.638275982,'K-5
8036 - 7708,15,8036,CO-1420-8036,Sobesky Academy,'K-12,7708,CO-1420-7708,Secrest Elementary,'PK-5,3.528121771,2.810329414,'K-5
8036 - 0370,16,8036,CO-1420-8036,Sobesky Academy,'K-12,370,CO-1420-0370,Arvada High,'9-12,3.644010394,3.000203237,'9-12
8036 - 2550,17,8036,CO-1420-8036,Sobesky Academy,'K-12,2550,CO-1420-2550,Eiber Elementary,'PK-5,3.836139399,2.904585619,'K-5
8036 - 8432,18,8036,CO-1420-8036,Sobesky Academy,'K-12,8432,CO-1420-8432,Swanson Elementary,'K-5,4.354937956,3.344952219,'K-5
8036 - 8276,19,8036,CO-1420-8036,Sobesky Academy,'K-12,8276,CO-1420-8276,Stober Elementary,'K-5,4.400358017,3.39969332,'K-5
8036 - 5472,20,8036,CO-1420-8036,Sobesky Academy,'K-12,5472,CO-1420-5472,Manning,'6-8,4.605671413,3.980786244,'6-8
8036 - 4942,21,8036,CO-1420-8036,Sobesky Academy,'K-12,4942,CO-1420-4942,Lakewood High,'9-12,4.610136824,3.523141074,'9-12
8036 - 9058,22,8036,CO-1420-8036,Sobesky Academy,'K-12,9058,CO-1420-9058,Vanderhoof Elementary,'K-5,4.683053735,3.458616002,'K-5
8036 - 5524,23,8036,CO-1420-8036,Sobesky Academy,'K-12,5524,CO-1420-5524,Maple Grove Elementary,'PK-5,4.69616159,3.98884967,'K-5
8036 - 8102,24,8036,CO-1420-8036,Sobesky Academy,'K-12,8102,CO-1420-8102,South Lakewood Elementary,'K-5,4.761178767,3.829251852,'K-5
8036 - 2288,25,8036,CO-1420-8036,Sobesky Academy,'K-12,2288,CO-1420-2288,Drake Middle,'6-8,4.780153086,3.730647264,'6-8
8036 - 6330,26,8036,CO-1420-8036,Sobesky Academy,'K-12,6330,CO-1420-6330,North Arvada Middle,'6-8,4.783505052,3.849658283,'6-8
8036 - 7468,27,8036,CO-1420-8036,Sobesky Academy,'K-12,7468,CO-1420-7468,Rose Stein International Elementary,'PK-6,4.826598683,3.933066234,'K-6
8036 - 1244,28,8036,CO-1420-8036,Sobesky Academy,'K-12,1244,CO-1420-1244,Campbell Early Learning Center,'PK,4.995223954,3.777278656,'No
8036 - 9245,29,8036,CO-1420-8036,Sobesky Academy,'K-12,9245,CO-1420-9245,Warren Tech North,'11-12,4.996181474,3.684966815,'11-12
8036 - 3726,30,8036,CO-1420-8036,Sobesky Academy,'K-12,3726,CO-1420-3726,Hackberry Hill Elementary,'K-5,5.01235514,4.252667992,'K-5
8036 - 9432,31,8036,CO-1420-8036,Sobesky Academy,'K-12,9432,CO-1420-9432,Dennison Elementary,'K-6,5.12402233,3.919537773,'K-6
8036 - 0378,32,8036,CO-1420-8036,Sobesky Academy,'K-12,378,CO-1420-0378,Arvada West High,'9-12,5.156193114,3.79336644,'9-12
8036 - 1976,33,8036,CO-1420-8036,Sobesky Academy,'K-12,1976,CO-1420-1976,Creighton Middle,'6-8,5.246919753,4.164411635,'6-8
8036 - 5892,34,8036,CO-1420-8036,Sobesky Academy,'K-12,5892,CO-1420-5892,Fletcher Miller Special,'PK-12,5.269694763,4.076293214,'K-12
8036 - 3216,35,8036,CO-1420-8036,Sobesky Academy,'K-12,3216,CO-1420-3216,Fremont Elementary,'K-5,5.492219795,4.135795702,'K-5
8036 - 9232,36,8036,CO-1420-8036,Sobesky Academy,'K-12,9232,CO-1420-9232,Warder Elementary,'PK-5,5.74990966,4.517883602,'K-5
8036 - 8090,37,8036,CO-1420-8036,Sobesky Academy,'K-12,8090,CO-1420-8090,Deane Elementary,'PK-6,5.913354027,4.592773318,'K-6
8036 - 0965,38,8036,CO-1420-8036,Sobesky Academy,'K-12,965,CO-1420-0965,Brady Exploration School,'10-12,6.022721631,5.011449326,'10-12
8036 - 9342,39,8036,CO-1420-8036,Sobesky Academy,'K-12,9342,CO-1420-9342,Welchester Elementary,'PK-5,6.041527006,4.621723836,'K-5
8036 - 0724,40,8036,CO-1420-8036,Sobesky Academy,'K-12,724,CO-1420-0724,Belmar School of Integrated Arts,'K-5,6.118178896,5.097014991,'K-5
8036 - 9328,41,8036,CO-1420-8036,Sobesky Academy,'K-12,9328,CO-1420-9328,Weber Elementary,'PK-5,6.146775822,5.190950976,'K-5
8036 - 0108,42,8036,CO-1420-8036,Sobesky Academy,'K-12,108,CO-1420-0108,Alameda Intl Junior/Senior High,'7-12,6.170295157,5.497347769,'7-12
8036 - 7114,43,8036,CO-1420-8036,Sobesky Academy,'K-12,7114,CO-1420-7114,Pomona Junior/Senior High,'6-12,6.224839829,5.373768526,'6-12
8036 - 8300,44,8036,CO-1420-8036,Sobesky Academy,'K-12,8300,CO-1420-8300,Stott Elementary,'PK-5,6.362183127,4.69871803,'K-5
8036 - 6470,45,8036,CO-1420-8036,Sobesky Academy,'K-12,6470,CO-1420-6470,Oberon Middle,'6-8,6.368667825,4.708105731,'6-8
8036 - 7870,46,8036,CO-1420-8036,Sobesky Academy,'K-12,7870,CO-1420-7870,Sierra Elementary,'PK-5,6.505009727,5.139138964,'K-5
8036 - 6808,47,8036,CO-1420-8036,Sobesky Academy,'K-12,6808,CO-1420-6808,Patterson Elementary,'PK-6,6.521873478,5.528988406,'K-6
8036 - 5004,48,8036,CO-1420-8036,Sobesky Academy,'K-12,5004,CO-1420-5004,Lasley Elementary,'K-6,6.619942737,5.612243255,'K-6
8036 - 2866,49,8036,CO-1420-8036,Sobesky Academy,'K-12,2866,CO-1420-2866,Fairmount Elementary,'K-5,6.622859233,5.572207329,'K-5
8036 - 5222,50,8036,CO-1420-8036,Sobesky Academy,'K-12,5222,CO-1420-5222,Little Elementary,'K-5,6.726706054,5.562727245,'K-5
8036 - 4550,51,8036,CO-1420-8036,Sobesky Academy,'K-12,4550,CO-1420-4550,Kendrick Lakes Elementary,'PK-5,6.943164667,5.755556432,'K-5
8036 - 3201,52,8036,CO-1420-8036,Sobesky Academy,'K-12,3201,CO-1420-3201,Free Horizon Montessori,'PK-8,7.313928188,6.158977956,'K-8
8036 - 9234,53,8036,CO-1420-8036,Sobesky Academy,'K-12,9234,CO-1420-9234,Warren Tech Central,'11-12,7.414140916,5.594921348,'11-12
8036 - 3622,54,8036,CO-1420-8036,Sobesky Academy,'K-12,3622,CO-1420-3622,Green Gables Elementary,'PK-5,7.48386511,6.542792745,'K-5
8036 - 7753,55,8036,CO-1420-8036,Sobesky Academy,'K-12,7753,CO-1420-7753,Semper Elementary,'PK-5,7.502941797,6.832296911,'K-5
8036 - 5623,56,8036,CO-1420-8036,Sobesky Academy,'K-12,5623,CO-1420-5623,Long View,'10-12,7.765471197,5.820311895,'10-12
8036 - 9052,57,8036,CO-1420-8036,Sobesky Academy,'K-12,9052,CO-1420-9052,Van Arsdale Elementary,'PK-5,7.767569954,5.730836376,'K-5
8036 - 0033,58,8036,CO-1420-8036,Sobesky Academy,'K-12,33,CO-1420-0033,McLain Community High School,'9-12,7.911879095,5.719598931,'9-12
8036 - 5454,59,8036,CO-1420-8036,Sobesky Academy,'K-12,5454,CO-1420-5454,Mandalay Middle,'6-8,7.928147975,6.868961513,'6-8
8036 - 0030,60,8036,CO-1420-8036,Sobesky Academy,'K-12,30,CO-1420-0030,Adams Elementary,'PK-5,7.976637655,6.695481376,'K-5
8036 - 3025,61,8036,CO-1420-8036,Sobesky Academy,'K-12,3025,CO-1420-3025,Foothills Elementary,'PK-5,8.020239023,6.132109833,'K-5
8036 - 4830,62,8036,CO-1420-8036,Sobesky Academy,'K-12,4830,CO-1420-4830,Kyffin Elementary,'PK-5,8.053314874,5.831558431,'K-5
8036 - 1318,63,8036,CO-1420-8036,Sobesky Academy,'K-12,1318,CO-1420-1318,Carmody Middle,'6-8,8.122978997,6.659997885,'6-8
8036 - 0694,64,8036,CO-1420-8036,Sobesky Academy,'K-12,694,CO-1420-0694,Bell Middle,'6-8,8.199886117,6.95678768,'6-8
8036 - 9412,65,8036,CO-1420-8036,Sobesky Academy,'K-12,9412,CO-1420-9412,Westgate Elementary,'PK-5,8.247777423,7.19920876,'K-5
8036 - 7239,66,8036,CO-1420-8036,Sobesky Academy,'K-12,7239,CO-1420-7239,Ralston Valley High,'9-12,8.496760286,6.318337865,'9-12
8036 - 3628,67,8036,CO-1420-8036,Sobesky Academy,'K-12,3628,CO-1420-3628,Green Mountain High,'9-12,8.584616492,6.593922285,'9-12
8036 - 5350,68,8036,CO-1420-8036,Sobesky Academy,'K-12,5350,CO-1420-5350,Lukas Elementary,'K-5,8.607388167,7.066959345,'K-5
8036 - 5758,69,8036,CO-1420-8036,Sobesky Academy,'K-12,5758,CO-1420-5758,Meiklejohn Elementary,'PK-5,8.656014032,6.544565436,'K-5
8036 - 2194,70,8036,CO-1420-8036,Sobesky Academy,'K-12,2194,CO-1420-2194,Devinny Elementary,'K-5,8.679847314,6.897573745,'K-5
8036 - 4798,71,8036,CO-1420-8036,Sobesky Academy,'K-12,4798,CO-1420-4798,Connections Learning Center,'6-8,8.694270983,7.083252389,'6-8
8036 - 2300,72,8036,CO-1420-8036,Sobesky Academy,'K-12,2300,CO-1420-2300,Dunstan Middle,'6-8,8.803600895,6.964422009,'6-8
8036 - 8209,73,8036,CO-1420-8036,Sobesky Academy,'K-12,8209,CO-1420-8209,Standley Lake High,'9-12,8.906805347,7.862840346,'9-12
8036 - 9299,74,8036,CO-1420-8036,Sobesky Academy,'K-12,9299,CO-1420-9299,Wayne Carle Middle,'6-8,8.915352497,7.501947775,'6-8
8036 - 3502,75,8036,CO-1420-8036,Sobesky Academy,'K-12,3502,CO-1420-3502,Golden High,'9-12,9.104745649,7.514653058,'9-12
8036 - 9429,76,8036,CO-1420-8036,Sobesky Academy,'K-12,9429,CO-1420-9429,West Woods Elementary,'K-5,9.291356082,7.016646573,'K-5
8036 - 0660,77,8036,CO-1420-8036,Sobesky Academy,'K-12,660,CO-1420-0660,Bear Creek K-8,'K-8,9.345696208,7.909195081,'K-8
8036 - 5944,78,8036,CO-1420-8036,Sobesky Academy,'K-12,5944,CO-1420-5944,Mitchell Elementary,'K-5,9.392163914,8.406798436,'K-5
8036 - 4190,79,8036,CO-1420-8036,Sobesky Academy,'K-12,4190,CO-1420-4190,Hutchinson Elementary,'PK-5,9.424462627,7.345448665,'K-5
8036 - 0664,80,8036,CO-1420-8036,Sobesky Academy,'K-12,664,CO-1420-0664,Bear Creek High,'9-12,9.625852417,8.114377677,'9-12
8036 - 7833,81,8036,CO-1420-8036,Sobesky Academy,'K-12,7833,CO-1420-7833,Shelton Elementary,'PK-5,9.825256599,8.202842037,'K-5
8036 - 7483,82,8036,CO-1420-8036,Sobesky Academy,'K-12,7483,CO-1420-7483,Rooney Ranch Elementary,'K-5,9.929188274,7.709475798,'K-5
,,,CO-1420-,,',,CO-1420-,,',,,#N/A
8090 - 0965,2,8090,CO-1420-8090,Deane Elementary,'PK-6,965,CO-1420-0965,Brady Exploration School,'10-12,0.827647353,0.537286269,'No
8090 - 7468,3,8090,CO-1420-8090,Deane Elementary,'PK-6,7468,CO-1420-7468,Rose Stein International Elementary,'PK-6,1.301587565,0.947433653,'PK-6
8090 - 5004,4,8090,CO-1420-8090,Deane Elementary,'PK-6,5004,CO-1420-5004,Lasley Elementary,'K-6,1.371399065,1.080669498,'K-6
8090 - 0108,5,8090,CO-1420-8090,Deane Elementary,'PK-6,108,CO-1420-0108,Alameda Intl Junior/Senior High,'7-12,2.304826597,1.497910916,'No
8090 - 8102,6,8090,CO-1420-8090,Deane Elementary,'PK-6,8102,CO-1420-8102,South Lakewood Elementary,'K-5,2.453996793,1.846580137,'K-5
8090 - 6808,7,8090,CO-1420-8090,Deane Elementary,'PK-6,6808,CO-1420-6808,Patterson Elementary,'PK-6,2.674780377,1.994379009,'PK-6
8090 - 0724,8,8090,CO-1420-8090,Deane Elementary,'PK-6,724,CO-1420-0724,Belmar School of Integrated Arts,'K-5,2.993053744,2.128125048,'K-5
8090 - 6539,9,8090,CO-1420-8090,Deane Elementary,'PK-6,6539,CO-1420-6539,JeffCo Open Elementary,'PK-6,3.072765135,2.187322249,'PK-6
8090 - 1976,10,8090,CO-1420-8090,Deane Elementary,'PK-6,1976,CO-1420-1976,Creighton Middle,'6-8,3.184522726,2.495013666,'6
8090 - 4550,11,8090,CO-1420-8090,Deane Elementary,'PK-6,4550,CO-1420-4550,Kendrick Lakes Elementary,'PK-5,3.294569969,2.457730443,'PK-5
8090 - 5892,12,8090,CO-1420-8090,Deane Elementary,'PK-6,5892,CO-1420-5892,Fletcher Miller Special,'PK-12,3.4439267,2.626245009,'PK-6
8090 - 3622,13,8090,CO-1420-8090,Deane Elementary,'PK-6,3622,CO-1420-3622,Green Gables Elementary,'PK-5,3.533819044,2.57882501,'PK-5
8090 - 9432,14,8090,CO-1420-8090,Deane Elementary,'PK-6,9432,CO-1420-9432,Dennison Elementary,'K-6,3.548062837,2.566100567,'K-6
8090 - 4942,15,8090,CO-1420-8090,Deane Elementary,'PK-6,4942,CO-1420-4942,Lakewood High,'9-12,3.649952531,2.772752763,'No
8090 - 2496,16,8090,CO-1420-8090,Deane Elementary,'PK-6,2496,CO-1420-2496,Edgewater Elementary,'PK-6,3.766085174,3.036226617,'PK-6
8090 - 2550,17,8090,CO-1420-8090,Deane Elementary,'PK-6,2550,CO-1420-2550,Eiber Elementary,'PK-5,4.177634497,3.11942485,'PK-5
8090 - 9412,18,8090,CO-1420-8090,Deane Elementary,'PK-6,9412,CO-1420-9412,Westgate Elementary,'PK-5,4.215535624,3.064702104,'PK-5
8090 - 5354,19,8090,CO-1420-8090,Deane Elementary,'PK-6,5354,CO-1420-5354,Lumberg Elementary,'PK-6,4.278636559,2.987357561,'PK-6
8090 - 1318,20,8090,CO-1420-8090,Deane Elementary,'PK-6,1318,CO-1420-1318,Carmody Middle,'6-8,4.312663889,3.109640153,'6
8090 - 4422,21,8090,CO-1420-8090,Deane Elementary,'PK-6,4422,CO-1420-4422,Jefferson Junior/Senior High,'7-12,4.394815696,3.096435339,'No
8090 - 7962,22,8090,CO-1420-8090,Deane Elementary,'PK-6,7962,CO-1420-7962,Slater Elementary,'PK-5,4.758106346,3.5345509,'PK-5
8090 - 3025,23,8090,CO-1420-8090,Deane Elementary,'PK-6,3025,CO-1420-3025,Foothills Elementary,'PK-5,5.198637381,4.492837511,'PK-5
8090 - 0660,24,8090,CO-1420-8090,Deane Elementary,'PK-6,660,CO-1420-0660,Bear Creek K-8,'K-8,5.31345441,3.91989355,'K-6
8090 - 9234,25,8090,CO-1420-8090,Deane Elementary,'PK-6,9234,CO-1420-9234,Warren Tech Central,'11-12,5.464165398,4.673821963,'No
8090 - 2194,26,8090,CO-1420-8090,Deane Elementary,'PK-6,2194,CO-1420-2194,Devinny Elementary,'K-5,5.489836543,4.385124933,'K-5
8090 - 2300,27,8090,CO-1420-8090,Deane Elementary,'PK-6,2300,CO-1420-2300,Dunstan Middle,'6-8,5.50826625,4.379123113,'6
8090 - 0664,28,8090,CO-1420-8090,Deane Elementary,'PK-6,664,CO-1420-0664,Bear Creek High,'9-12,5.593610619,4.230820319,'No
8090 - 8223,29,8090,CO-1420-8090,Deane Elementary,'PK-6,8223,CO-1420-8223,Stevens Elementary,'PK-5,5.662991272,4.47074344,'PK-5
8090 - 3628,30,8090,CO-1420-8090,Deane Elementary,'PK-6,3628,CO-1420-3628,Green Mountain High,'9-12,5.763014849,4.513666771,'No
8090 - 5623,31,8090,CO-1420-8090,Deane Elementary,'PK-6,5623,CO-1420-5623,Long View,'10-12,5.815495679,4.819368267,'No
8090 - 8036,32,8090,CO-1420-8090,Deane Elementary,'PK-6,8036,CO-1420-8036,Sobesky Academy,'K-12,5.913354027,4.592773318,'K-6
8090 - 0033,33,8090,CO-1420-8090,Deane Elementary,'PK-6,33,CO-1420-0033,McLain Community High School,'9-12,5.961903577,4.811303971,'No
8090 - 9342,34,8090,CO-1420-8090,Deane Elementary,'PK-6,9342,CO-1420-9342,Welchester Elementary,'PK-5,5.982667947,4.735633346,'PK-5
8090 - 4190,35,8090,CO-1420-8090,Deane Elementary,'PK-6,4190,CO-1420-4190,Hutchinson Elementary,'PK-5,5.982777597,4.795686236,'PK-5
8090 - 9510,36,8090,CO-1420-8090,Deane Elementary,'PK-6,9510,CO-1420-9510,Wheat Ridge High,'9-12,6.054935433,4.557822234,'No
8090 - 7483,37,8090,CO-1420-8090,Deane Elementary,'PK-6,7483,CO-1420-7483,Rooney Ranch Elementary,'K-5,6.503244096,5.170599428,'K-5
8090 - 4830,38,8090,CO-1420-8090,Deane Elementary,'PK-6,4830,CO-1420-4830,Kyffin Elementary,'PK-5,6.562489727,5.245328454,'PK-5
8090 - 2820,39,8090,CO-1420-8090,Deane Elementary,'PK-6,2820,CO-1420-2820,Everitt Middle,'6-8,6.645916051,5.024078548,'6
8090 - 8276,40,8090,CO-1420-8090,Deane Elementary,'PK-6,8276,CO-1420-8276,Stober Elementary,'K-5,6.689953865,4.875491843,'K-5
8090 - 7190,41,8090,CO-1420-8090,Deane Elementary,'PK-6,7190,CO-1420-7190,Prospect Valley Elementary,'K-5,6.972199485,5.165509338,'K-5
8090 - 2120,42,8090,CO-1420-8090,Deane Elementary,'PK-6,2120,CO-1420-2120,D'Evelyn Junior/Senior,'6-12,7.107481721,5.190874497,'6
8090 - 6848,43,8090,CO-1420-8090,Deane Elementary,'PK-6,6848,CO-1420-6848,Peak Expeditionary-Pennington,'PK-5,7.282438661,5.636625544,'PK-5
8090 - 3536,44,8090,CO-1420-8090,Deane Elementary,'PK-6,3536,CO-1420-3536,Governor's Ranch Elementary,'PK-5,7.352263576,6.287773794,'PK-5
8090 - 3088,45,8090,CO-1420-8090,Deane Elementary,'PK-6,3088,CO-1420-3088,Foster Dual Language PK-8 School,'PK-8,7.525563429,5.997317948,'PK-6
8090 - 5024,46,8090,CO-1420-8090,Deane Elementary,'PK-6,5024,CO-1420-5024,Lawrence Elementary,'K-5,7.597307298,6.438478048,'K-5
8090 - 6285,47,8090,CO-1420-8090,Deane Elementary,'PK-6,6285,CO-1420-6285,Norma Anderson Early Learning Center,'PK,7.694251815,5.800203353,'PK
8090 - 3201,48,8090,CO-1420-8090,Deane Elementary,'PK-6,3201,CO-1420-3201,Free Horizon Montessori,'PK-8,7.703630798,6.430131874,'PK-6
8090 - 5472,49,8090,CO-1420-8090,Deane Elementary,'PK-6,5472,CO-1420-5472,Manning,'6-8,8.002541648,5.891710585,'6
8090 - 5524,50,8090,CO-1420-8090,Deane Elementary,'PK-6,5524,CO-1420-5524,Maple Grove Elementary,'PK-5,8.093031825,5.835050007,'PK-5
8090 - 0694,51,8090,CO-1420-8090,Deane Elementary,'PK-6,694,CO-1420-0694,Bell Middle,'6-8,8.632893062,7.326530185,'6
8090 - 7708,52,8090,CO-1420-8090,Deane Elementary,'PK-6,7708,CO-1420-7708,Secrest Elementary,'PK-5,8.647117806,7.37134779,'PK-5
8090 - 0951,53,8090,CO-1420-8090,Deane Elementary,'PK-6,951,CO-1420-0951,Blue Heron Elementary,'PK-5,8.731424715,6.487100295,'PK-5
8090 - 0370,54,8090,CO-1420-8090,Deane Elementary,'PK-6,370,CO-1420-0370,Arvada High,'9-12,8.760856074,7.592808424,'No
8090 - 8432,55,8090,CO-1420-8090,Deane Elementary,'PK-6,8432,CO-1420-8432,Swanson Elementary,'K-5,8.81733002,7.833446289,'K-5
8090 - 9490,56,8090,CO-1420-8090,Deane Elementary,'PK-6,9490,CO-1420-9490,Westridge Elementary,'K-5,8.889025725,7.100687277,'K-5
8090 - 1864,57,8090,CO-1420-8090,Deane Elementary,'PK-6,1864,CO-1420-1864,Columbine High,'9-12,9.008573166,7.110151051,'No
8090 - 5036,58,8090,CO-1420-8090,Deane Elementary,'PK-6,5036,CO-1420-5036,Leawood Elementary,'PK-5,9.009095371,6.912493594,'PK-5
8090 - 4798,59,8090,CO-1420-8090,Deane Elementary,'PK-6,4798,CO-1420-4798,Connections Learning Center,'6-8,9.127277929,7.571077258,'6
8090 - 4549,60,8090,CO-1420-8090,Deane Elementary,'PK-6,4549,CO-1420-4549,Kendallvue Elementary,'PK-5,9.209914648,7.090371888,'PK-5
8090 - 7833,61,8090,CO-1420-8090,Deane Elementary,'PK-6,7833,CO-1420-7833,Shelton Elementary,'PK-5,9.657172827,8.197518831,'PK-5
8090 - 9058,62,8090,CO-1420-8090,Deane Elementary,'PK-6,9058,CO-1420-9058,Vanderhoof Elementary,'K-5,9.68144497,7.485503407,'K-5
8090 - 2288,63,8090,CO-1420-8090,Deane Elementary,'PK-6,2288,CO-1420-2288,Drake Middle,'6-8,9.737488913,7.142557022,'6
8090 - 8280,64,8090,CO-1420-8090,Deane Elementary,'PK-6,8280,CO-1420-8280,Stony Creek Elementary,'PK-5,9.788325478,8.589558083,'PK-5
8090 - 6330,65,8090,CO-1420-8090,Deane Elementary,'PK-6,6330,CO-1420-6330,North Arvada Middle,'6-8,9.84650936,8.413847269,'6
8090 - 3502,66,8090,CO-1420-8090,Deane Elementary,'PK-6,3502,CO-1420-3502,Golden High,'9-12,9.893176918,8.321227862,'No
8090 - 7282,67,8090,CO-1420-8090,Deane Elementary,'PK-6,7282,CO-1420-7282,Red Rocks Elementary,'K-5,9.976520186,7.971102531,'K-5
8090 - 1244,68,8090,CO-1420-8090,Deane Elementary,'PK-6,1244,CO-1420-1244,Campbell Early Learning Center,'PK,9.99361519,8.101595871,'PK
8090 - 9245,69,8090,CO-1420-8090,Deane Elementary,'PK-6,9245,CO-1420-9245,Warren Tech North,'11-12,9.99457271,7.813083957,'No
,,,CO-1420-,,',,CO-1420-,,',,,#N/A
8102 - 1976,2,8102,CO-1420-8102,South Lakewood Elementary,'K-5,1976,CO-1420-1976,Creighton Middle,'6-8,0.814843727,0.742297168,'No
8102 - 9432,3,8102,CO-1420-8102,South Lakewood Elementary,'K-5,9432,CO-1420-9432,Dennison Elementary,'K-6,1.178383838,0.735082572,'K-5
8102 - 5892,4,8102,CO-1420-8102,South Lakewood Elementary,'K-5,5892,CO-1420-5892,Fletcher Miller Special,'PK-12,1.265901924,0.828911163,'K-5
8102 - 4942,5,8102,CO-1420-8102,South Lakewood Elementary,'K-5,4942,CO-1420-4942,Lakewood High,'9-12,1.363528362,0.94330929,'No
8102 - 7468,6,8102,CO-1420-8102,South Lakewood Elementary,'K-5,7468,CO-1420-7468,Rose Stein International Elementary,'PK-6,1.367241449,0.94829958,'K-5
8102 - 0724,7,8102,CO-1420-8102,South Lakewood Elementary,'K-5,724,CO-1420-0724,Belmar School of Integrated Arts,'K-5,1.632901021,1.273355707,'K-5
8102 - 2550,8,8102,CO-1420-8102,South Lakewood Elementary,'K-5,2550,CO-1420-2550,Eiber Elementary,'PK-5,1.891210328,1.435994719,'K-5
8102 - 6539,9,8102,CO-1420-8102,South Lakewood Elementary,'K-5,6539,CO-1420-6539,JeffCo Open Elementary,'PK-6,1.911168035,1.140220336,'K-5
8102 - 6808,10,8102,CO-1420-8102,South Lakewood Elementary,'K-5,6808,CO-1420-6808,Patterson Elementary,'PK-6,2.435963676,1.716746144,'K-5
8102 - 8090,11,8102,CO-1420-8102,South Lakewood Elementary,'K-5,8090,CO-1420-8090,Deane Elementary,'PK-6,2.453996793,1.846580137,'K-5
8102 - 4550,12,8102,CO-1420-8102,South Lakewood Elementary,'K-5,4550,CO-1420-4550,Kendrick Lakes Elementary,'PK-5,2.457886792,1.928745256,'K-5
8102 - 0108,13,8102,CO-1420-8102,South Lakewood Elementary,'K-5,108,CO-1420-0108,Alameda Intl Junior/Senior High,'7-12,2.618999804,1.832402702,'No
8102 - 7962,14,8102,CO-1420-8102,South Lakewood Elementary,'K-5,7962,CO-1420-7962,Slater Elementary,'PK-5,2.881277794,2.262839477,'K-5
8102 - 5004,15,8102,CO-1420-8102,South Lakewood Elementary,'K-5,5004,CO-1420-5004,Lasley Elementary,'K-6,3.087381028,2.353847226,'K-5
8102 - 0965,16,8102,CO-1420-8102,South Lakewood Elementary,'K-5,965,CO-1420-0965,Brady Exploration School,'10-12,3.217493628,2.372037698,'No
8102 - 4422,17,8102,CO-1420-8102,South Lakewood Elementary,'K-5,4422,CO-1420-4422,Jefferson Junior/Senior High,'7-12,3.244201965,2.440549372,'No
8102 - 5354,18,8102,CO-1420-8102,South Lakewood Elementary,'K-5,5354,CO-1420-5354,Lumberg Elementary,'PK-6,3.281979626,2.415488852,'K-5
8102 - 3622,19,8102,CO-1420-8102,South Lakewood Elementary,'K-5,3622,CO-1420-3622,Green Gables Elementary,'PK-5,3.432810929,2.754499727,'K-5
8102 - 9234,20,8102,CO-1420-8102,South Lakewood Elementary,'K-5,9234,CO-1420-9234,Warren Tech Central,'11-12,3.503643771,3.001204457,'No
8102 - 1318,21,8102,CO-1420-8102,South Lakewood Elementary,'K-5,1318,CO-1420-1318,Carmody Middle,'6-8,3.637701122,2.832462272,'No
8102 - 9342,22,8102,CO-1420-8102,South Lakewood Elementary,'K-5,9342,CO-1420-9342,Welchester Elementary,'PK-5,3.696243778,2.899805031,'K-5
8102 - 3025,23,8102,CO-1420-8102,South Lakewood Elementary,'K-5,3025,CO-1420-3025,Foothills Elementary,'PK-5,3.736708319,3.0457465,'K-5
8102 - 5623,24,8102,CO-1420-8102,South Lakewood Elementary,'K-5,5623,CO-1420-5623,Long View,'10-12,3.854974052,3.179938249,'No
8102 - 0033,25,8102,CO-1420-8102,South Lakewood Elementary,'K-5,33,CO-1420-0033,McLain Community High School,'9-12,4.00138195,3.146028153,'No
8102 - 2496,26,8102,CO-1420-8102,South Lakewood Elementary,'K-5,2496,CO-1420-2496,Edgewater Elementary,'PK-6,4.138683044,2.902729054,'K-5
8102 - 9412,27,8102,CO-1420-8102,South Lakewood Elementary,'K-5,9412,CO-1420-9412,Westgate Elementary,'PK-5,4.208093649,3.430585391,'K-5
8102 - 9510,28,8102,CO-1420-8102,South Lakewood Elementary,'K-5,9510,CO-1420-9510,Wheat Ridge High,'9-12,4.256252785,3.19634578,'No
8102 - 2194,29,8102,CO-1420-8102,South Lakewood Elementary,'K-5,2194,CO-1420-2194,Devinny Elementary,'K-5,4.287284368,3.369820608,'K-5
8102 - 3628,30,8102,CO-1420-8102,South Lakewood Elementary,'K-5,3628,CO-1420-3628,Green Mountain High,'9-12,4.301085787,3.269689642,'No
8102 - 8276,31,8102,CO-1420-8102,South Lakewood Elementary,'K-5,8276,CO-1420-8276,Stober Elementary,'K-5,4.403529696,3.099530418,'K-5
8102 - 2300,32,8102,CO-1420-8102,South Lakewood Elementary,'K-5,2300,CO-1420-2300,Dunstan Middle,'6-8,4.411037948,3.40775177,'No
8102 - 8223,33,8102,CO-1420-8102,South Lakewood Elementary,'K-5,8223,CO-1420-8223,Stevens Elementary,'PK-5,4.510816012,3.684241743,'K-5
8102 - 4830,34,8102,CO-1420-8102,South Lakewood Elementary,'K-5,4830,CO-1420-4830,Kyffin Elementary,'PK-5,4.560699301,3.532849709,'K-5
8102 - 2820,35,8102,CO-1420-8102,South Lakewood Elementary,'K-5,2820,CO-1420-2820,Everitt Middle,'6-8,4.561766432,3.661975019,'No
8102 - 7190,36,8102,CO-1420-8102,South Lakewood Elementary,'K-5,7190,CO-1420-7190,Prospect Valley Elementary,'K-5,4.685775316,3.556463534,'K-5
8102 - 8036,37,8102,CO-1420-8102,South Lakewood Elementary,'K-5,8036,CO-1420-8036,Sobesky Academy,'K-12,4.761178767,3.829251852,'K-5
8102 - 4190,38,8102,CO-1420-8102,South Lakewood Elementary,'K-5,4190,CO-1420-4190,Hutchinson Elementary,'PK-5,4.9923866,3.827443464,'K-5
8102 - 0660,39,8102,CO-1420-8102,South Lakewood Elementary,'K-5,660,CO-1420-0660,Bear Creek K-8,'K-8,5.242672056,4.091223047,'K-5
8102 - 0664,40,8102,CO-1420-8102,South Lakewood Elementary,'K-5,664,CO-1420-0664,Bear Creek High,'9-12,5.267521332,4.286192929,'No
8102 - 6285,41,8102,CO-1420-8102,South Lakewood Elementary,'K-5,6285,CO-1420-6285,Norma Anderson Early Learning Center,'PK,5.407827646,4.346814813,'No
8102 - 3201,42,8102,CO-1420-8102,South Lakewood Elementary,'K-5,3201,CO-1420-3201,Free Horizon Montessori,'PK-8,5.417206629,4.6304416,'K-5
8102 - 6848,43,8102,CO-1420-8102,South Lakewood Elementary,'K-5,6848,CO-1420-6848,Peak Expeditionary-Pennington,'PK-5,5.457374005,4.33808324,'K-5
8102 - 7483,44,8102,CO-1420-8102,South Lakewood Elementary,'K-5,7483,CO-1420-7483,Rooney Ranch Elementary,'K-5,5.512853099,4.215467246,'K-5
8102 - 5472,45,8102,CO-1420-8102,South Lakewood Elementary,'K-5,5472,CO-1420-5472,Manning,'6-8,5.71611748,4.104756377,'No
8102 - 5524,46,8102,CO-1420-8102,South Lakewood Elementary,'K-5,5524,CO-1420-5524,Maple Grove Elementary,'PK-5,5.806607656,4.043164523,'K-5
8102 - 0694,47,8102,CO-1420-8102,South Lakewood Elementary,'K-5,694,CO-1420-0694,Bell Middle,'6-8,6.346468894,5.537124818,'No
8102 - 3088,48,8102,CO-1420-8102,South Lakewood Elementary,'K-5,3088,CO-1420-3088,Foster Dual Language PK-8 School,'PK-8,6.370133187,5.19487829,'K-5
8102 - 5024,49,8102,CO-1420-8102,South Lakewood Elementary,'K-5,5024,CO-1420-5024,Lawrence Elementary,'K-5,6.43773286,5.493799241,'K-5
8102 - 2120,50,8102,CO-1420-8102,South Lakewood Elementary,'K-5,2120,CO-1420-2120,D'Evelyn Junior/Senior,'6-12,6.781392434,5.321269462,'No
8102 - 4798,51,8102,CO-1420-8102,South Lakewood Elementary,'K-5,4798,CO-1420-4798,Connections Learning Center,'6-8,6.84085376,5.773318322,'No
8102 - 9058,52,8102,CO-1420-8102,South Lakewood Elementary,'K-5,9058,CO-1420-9058,Vanderhoof Elementary,'K-5,7.402133382,6.087531115,'K-5
8102 - 7833,53,8102,CO-1420-8102,South Lakewood Elementary,'K-5,7833,CO-1420-7833,Shelton Elementary,'PK-5,7.403038649,6.482987241,'K-5
8102 - 2288,54,8102,CO-1420-8102,South Lakewood Elementary,'K-5,2288,CO-1420-2288,Drake Middle,'6-8,7.451064744,5.56142392,'No
8102 - 7708,55,8102,CO-1420-8102,South Lakewood Elementary,'K-5,7708,CO-1420-7708,Secrest Elementary,'PK-5,7.487543368,6.602949954,'K-5
8102 - 0370,56,8102,CO-1420-8102,South Lakewood Elementary,'K-5,370,CO-1420-0370,Arvada High,'9-12,7.601281636,6.683561858,'No
8102 - 3502,57,8102,CO-1420-8102,South Lakewood Elementary,'K-5,3502,CO-1420-3502,Golden High,'9-12,7.60675275,6.504843101,'No
8102 - 9245,58,8102,CO-1420-8102,South Lakewood Elementary,'K-5,9245,CO-1420-9245,Warren Tech North,'11-12,7.757757619,6.44310981,'No
8102 - 3536,59,8102,CO-1420-8102,South Lakewood Elementary,'K-5,3536,CO-1420-3536,Governor's Ranch Elementary,'PK-5,7.835481623,6.808355846,'K-5
8102 - 0378,60,8102,CO-1420-8102,South Lakewood Elementary,'K-5,378,CO-1420-0378,Arvada West High,'9-12,7.899273887,6.547800499,'No
8102 - 1244,61,8102,CO-1420-8102,South Lakewood Elementary,'K-5,1244,CO-1420-1244,Campbell Early Learning Center,'PK,7.935102927,6.825909701,'No
8102 - 8432,62,8102,CO-1420-8102,South Lakewood Elementary,'K-5,8432,CO-1420-8432,Swanson Elementary,'K-5,8.314359553,7.169184485,'K-5
8102 - 3216,63,8102,CO-1420-8102,South Lakewood Elementary,'K-5,3216,CO-1420-3216,Fremont Elementary,'K-5,8.341806877,6.817780458,'K-5
8102 - 6330,64,8102,CO-1420-8102,South Lakewood Elementary,'K-5,6330,CO-1420-6330,North Arvada Middle,'6-8,8.742926649,7.624426899,'No
8102 - 9490,65,8102,CO-1420-8102,South Lakewood Elementary,'K-5,9490,CO-1420-9490,Westridge Elementary,'K-5,8.828560498,7.390224963,'K-5
8102 - 4549,66,8102,CO-1420-8102,South Lakewood Elementary,'K-5,4549,CO-1420-4549,Kendallvue Elementary,'PK-5,8.883825362,6.833378142,'K-5
8102 - 3726,67,8102,CO-1420-8102,South Lakewood Elementary,'K-5,3726,CO-1420-3726,Hackberry Hill Elementary,'K-5,8.971776737,7.990609824,'K-5
8102 - 7282,68,8102,CO-1420-8102,South Lakewood Elementary,'K-5,7282,CO-1420-7282,Red Rocks Elementary,'K-5,9.045148895,6.997647016,'K-5
8102 - 2866,69,8102,CO-1420-8102,South Lakewood Elementary,'K-5,2866,CO-1420-2866,Fairmount Elementary,'K-5,9.04902428,6.55414867,'K-5
8102 - 8300,70,8102,CO-1420-8102,South Lakewood Elementary,'K-5,8300,CO-1420-8300,Stott Elementary,'PK-5,9.101833995,7.219832939,'K-5
8102 - 0951,71,8102,CO-1420-8102,South Lakewood Elementary,'K-5,951,CO-1420-0951,Blue Heron Elementary,'PK-5,9.308178063,7.504911142,'K-5
8102 - 6470,72,8102,CO-1420-8102,South Lakewood Elementary,'K-5,6470,CO-1420-6470,Oberon Middle,'6-8,9.308546798,7.860169139,'No
8102 - 1864,73,8102,CO-1420-8102,South Lakewood Elementary,'K-5,1864,CO-1420-1864,Columbine High,'9-12,9.49478949,7.97453062,'No
8102 - 5036,74,8102,CO-1420-8102,South Lakewood Elementary,'K-5,5036,CO-1420-5036,Leawood Elementary,'PK-5,9.495311695,7.876320846,'K-5
8102 - 5944,75,8102,CO-1420-8102,South Lakewood Elementary,'K-5,5944,CO-1420-5944,Mitchell Elementary,'K-5,9.511811344,7.98022023,'K-5
8102 - 9232,76,8102,CO-1420-8102,South Lakewood Elementary,'K-5,9232,CO-1420-9232,Warder Elementary,'PK-5,9.706141825,8.136509808,'K-5
8102 - 6135,77,8102,CO-1420-8102,South Lakewood Elementary,'K-5,6135,CO-1420-6135,Mt. Carbon Elementary,'PK-5,9.957889639,7.71633086,'K-5
8102 - 8381,78,8102,CO-1420-8102,South Lakewood Elementary,'K-5,8381,CO-1420-8381,Summit Ridge Middle,'6-8,9.967752517,8.25374046,'No
8102 - 7870,79,8102,CO-1420-8102,South Lakewood Elementary,'K-5,7870,CO-1420-7870,Sierra Elementary,'PK-5,9.992782606,8.372889508,'K-5
,,,CO-1420-,,',,CO-1420-,,',,,#N/A
8209 - 5350,2,8209,CO-1420-8209,Standley Lake High,'9-12,5350,CO-1420-5350,Lukas Elementary,'K-5,1.283713582,0.841254379,'No
8209 - 9299,3,8209,CO-1420-8209,Standley Lake High,'9-12,9299,CO-1420-9299,Wayne Carle Middle,'6-8,1.298047946,0.784638295,'No
8209 - 7753,4,8209,CO-1420-8209,Standley Lake High,'9-12,7753,CO-1420-7753,Semper Elementary,'PK-5,2.173218596,1.414393595,'No
8209 - 5454,5,8209,CO-1420-8209,Standley Lake High,'9-12,5454,CO-1420-5454,Mandalay Middle,'6-8,2.438865958,1.67232317,'No
8209 - 0030,6,8209,CO-1420-8209,Standley Lake High,'9-12,30,CO-1420-0030,Adams Elementary,'PK-5,2.961836401,2.125923268,'No
8209 - 5222,7,8209,CO-1420-8209,Standley Lake High,'9-12,5222,CO-1420-5222,Little Elementary,'K-5,3.600667685,2.771176066,'No
8209 - 7114,8,8209,CO-1420-8209,Standley Lake High,'9-12,7114,CO-1420-7114,Pomona Junior/Senior High,'6-12,3.767168946,2.501614679,'9-12
8209 - 7529,9,8209,CO-1420-8209,Standley Lake High,'9-12,7529,CO-1420-7529,Ryan Elementary,'PK-5,3.879928793,2.51073608,'No
8209 - 9328,10,8209,CO-1420-8209,Standley Lake High,'9-12,9328,CO-1420-9328,Weber Elementary,'PK-5,3.966623068,2.674567422,'No
8209 - 3726,11,8209,CO-1420-8209,Standley Lake High,'9-12,3726,CO-1420-3726,Hackberry Hill Elementary,'K-5,4.265182329,3.683071192,'No
8209 - 9232,12,8209,CO-1420-8209,Standley Lake High,'9-12,9232,CO-1420-9232,Warder Elementary,'PK-5,4.484410163,3.348088556,'No
8209 - 7870,13,8209,CO-1420-8209,Standley Lake High,'9-12,7870,CO-1420-7870,Sierra Elementary,'PK-5,4.874782167,3.370969043,'No
8209 - 6330,14,8209,CO-1420-8209,Standley Lake High,'9-12,6330,CO-1420-6330,North Arvada Middle,'6-8,5.036889148,4.145499055,'No
8209 - 5758,15,8209,CO-1420-8209,Standley Lake High,'9-12,5758,CO-1420-5758,Meiklejohn Elementary,'PK-5,5.497655551,3.686791037,'No
8209 - 0370,16,8209,CO-1420-8209,Standley Lake High,'9-12,370,CO-1420-0370,Arvada High,'9-12,5.535610027,4.86289198,'9-12
8209 - 8432,17,8209,CO-1420-8209,Standley Lake High,'9-12,8432,CO-1420-8432,Swanson Elementary,'K-5,5.965192226,4.862734311,'No
8209 - 7708,18,8209,CO-1420-8209,Standley Lake High,'9-12,7708,CO-1420-7708,Secrest Elementary,'PK-5,6.05356892,5.152044039,'No
8209 - 6470,19,8209,CO-1420-8209,Standley Lake High,'9-12,6470,CO-1420-6470,Oberon Middle,'6-8,6.233115705,3.899434623,'No
8209 - 1244,20,8209,CO-1420-8209,Standley Lake High,'9-12,1244,CO-1420-1244,Campbell Early Learning Center,'PK,6.36714381,4.856388168,'No
8209 - 7239,21,8209,CO-1420-8209,Standley Lake High,'9-12,7239,CO-1420-7239,Ralston Valley High,'9-12,6.55064902,3.875591277,'9-12
8209 - 9052,22,8209,CO-1420-8209,Standley Lake High,'9-12,9052,CO-1420-9052,Van Arsdale Elementary,'PK-5,6.624132213,4.353070281,'No
8209 - 5024,23,8209,CO-1420-8209,Standley Lake High,'9-12,5024,CO-1420-5024,Lawrence Elementary,'K-5,6.804736732,6.022934071,'No
8209 - 3088,24,8209,CO-1420-8209,Standley Lake High,'9-12,3088,CO-1420-3088,Foster Dual Language PK-8 School,'PK-8,7.173773141,6.466838245,'No
8209 - 9245,25,8209,CO-1420-8209,Standley Lake High,'9-12,9245,CO-1420-9245,Warren Tech North,'11-12,7.223851024,5.422252405,'11-12
8209 - 3216,26,8209,CO-1420-8209,Standley Lake High,'9-12,3216,CO-1420-3216,Fremont Elementary,'K-5,7.301887034,5.249320567,'No
8209 - 0378,27,8209,CO-1420-8209,Standley Lake High,'9-12,378,CO-1420-0378,Arvada West High,'9-12,7.383862664,5.351059497,'9-12
8209 - 9058,28,8209,CO-1420-8209,Standley Lake High,'9-12,9058,CO-1420-9058,Vanderhoof Elementary,'K-5,7.642279767,5.793469413,'No
8209 - 8300,29,8209,CO-1420-8209,Standley Lake High,'9-12,8300,CO-1420-8300,Stott Elementary,'PK-5,8.154738379,5.240200585,'No
8209 - 8856,30,8209,CO-1420-8209,Standley Lake High,'9-12,8856,CO-1420-8856,Three Creeks K-8,'K-8,8.470861879,6.56148669,'No
8209 - 9429,31,8209,CO-1420-8209,Standley Lake High,'9-12,9429,CO-1420-9429,West Woods Elementary,'K-5,8.732967839,6.094791331,'No
8209 - 8036,32,8209,CO-1420-8209,Standley Lake High,'9-12,8036,CO-1420-8036,Sobesky Academy,'K-12,8.906805347,7.862840346,'9-12
8209 - 6848,33,8209,CO-1420-8209,Standley Lake High,'9-12,6848,CO-1420-6848,Peak Expeditionary-Pennington,'PK-5,8.957523794,7.182479497,'No
8209 - 8223,34,8209,CO-1420-8209,Standley Lake High,'9-12,8223,CO-1420-8223,Stevens Elementary,'PK-5,9.044998486,7.984082074,'No
8209 - 2288,35,8209,CO-1420-8209,Standley Lake High,'9-12,2288,CO-1420-2288,Drake Middle,'6-8,9.138903143,6.863796475,'No
8209 - 6285,36,8209,CO-1420-8209,Standley Lake High,'9-12,6285,CO-1420-6285,Norma Anderson Early Learning Center,'PK,9.476380883,7.379685045,'No
8209 - 2820,37,8209,CO-1420-8209,Standley Lake High,'9-12,2820,CO-1420-2820,Everitt Middle,'6-8,9.615129587,7.871790704,'No
,,,CO-1420-,,',,CO-1420-,,',,,#N/A
8223 - 8036,2,8223,CO-1420-8223,Stevens Elementary,'PK-5,8036,CO-1420-8036,Sobesky Academy,'K-12,0.25107115,0.147629287,'K-5
8223 - 4422,3,8223,CO-1420-8223,Stevens Elementary,'PK-5,4422,CO-1420-4422,Jefferson Junior/Senior High,'7-12,1.606547912,1.377734599,'No
8223 - 5354,4,8223,CO-1420-8223,Stevens Elementary,'PK-5,5354,CO-1420-5354,Lumberg Elementary,'PK-6,1.734107129,1.483624082,'PK-5
8223 - 2820,5,8223,CO-1420-8223,Stevens Elementary,'PK-5,2820,CO-1420-2820,Everitt Middle,'6-8,1.858344598,1.637567887,'No
8223 - 9510,6,8223,CO-1420-8223,Stevens Elementary,'PK-5,9510,CO-1420-9510,Wheat Ridge High,'9-12,1.915413407,1.536194932,'No
8223 - 7962,7,8223,CO-1420-8223,Stevens Elementary,'PK-5,7962,CO-1420-7962,Slater Elementary,'PK-5,2.234551765,1.621969885,'PK-5
8223 - 2496,8,8223,CO-1420-8223,Stevens Elementary,'PK-5,2496,CO-1420-2496,Edgewater Elementary,'PK-6,2.32537185,1.70952942,'PK-5
8223 - 6848,9,8223,CO-1420-8223,Stevens Elementary,'PK-5,6848,CO-1420-6848,Peak Expeditionary-Pennington,'PK-5,2.395413928,1.773816496,'PK-5
8223 - 3088,10,8223,CO-1420-8223,Stevens Elementary,'PK-5,3088,CO-1420-3088,Foster Dual Language PK-8 School,'PK-8,2.54890473,1.543126518,'PK-5
8223 - 5024,11,8223,CO-1420-8223,Stevens Elementary,'PK-5,5024,CO-1420-5024,Lawrence Elementary,'K-5,2.618941655,1.973568928,'K-5
8223 - 6285,12,8223,CO-1420-8223,Stevens Elementary,'PK-5,6285,CO-1420-6285,Norma Anderson Early Learning Center,'PK,2.848282491,2.314738381,'PK
8223 - 6539,13,8223,CO-1420-8223,Stevens Elementary,'PK-5,6539,CO-1420-6539,JeffCo Open Elementary,'PK-6,3.142058174,2.578346068,'PK-5
8223 - 7190,14,8223,CO-1420-8223,Stevens Elementary,'PK-5,7190,CO-1420-7190,Prospect Valley Elementary,'K-5,3.206400468,2.552214699,'K-5
8223 - 2550,15,8223,CO-1420-8223,Stevens Elementary,'PK-5,2550,CO-1420-2550,Eiber Elementary,'PK-5,3.585776645,2.758609271,'PK-5
8223 - 7708,16,8223,CO-1420-8223,Stevens Elementary,'PK-5,7708,CO-1420-7708,Secrest Elementary,'PK-5,3.666314911,2.946990857,'PK-5
8223 - 0370,17,8223,CO-1420-8223,Stevens Elementary,'PK-5,370,CO-1420-0370,Arvada High,'9-12,3.782203533,3.122977555,'No
8223 - 8276,18,8223,CO-1420-8223,Stevens Elementary,'PK-5,8276,CO-1420-8276,Stober Elementary,'K-5,4.149995262,3.287545071,'K-5
8223 - 5472,19,8223,CO-1420-8223,Stevens Elementary,'PK-5,5472,CO-1420-5472,Manning,'6-8,4.355308659,3.893262338,'No
8223 - 4942,20,8223,CO-1420-8223,Stevens Elementary,'PK-5,4942,CO-1420-4942,Lakewood High,'9-12,4.359774069,3.37577559,'No
8223 - 5524,21,8223,CO-1420-8223,Stevens Elementary,'PK-5,5524,CO-1420-5524,Maple Grove Elementary,'PK-5,4.445798835,3.89895773,'PK-5
8223 - 8432,22,8223,CO-1420-8223,Stevens Elementary,'PK-5,8432,CO-1420-8432,Swanson Elementary,'K-5,4.493131096,3.48782652,'K-5
8223 - 8102,23,8223,CO-1420-8223,Stevens Elementary,'PK-5,8102,CO-1420-8102,South Lakewood Elementary,'K-5,4.510816012,3.684241743,'K-5
8223 - 7468,24,8223,CO-1420-8223,Stevens Elementary,'PK-5,7468,CO-1420-7468,Rose Stein International Elementary,'PK-6,4.576235928,3.799278555,'PK-5
8223 - 9058,25,8223,CO-1420-8223,Stevens Elementary,'PK-5,9058,CO-1420-9058,Vanderhoof Elementary,'K-5,4.794420237,3.493782279,'K-5
8223 - 9432,26,8223,CO-1420-8223,Stevens Elementary,'PK-5,9432,CO-1420-9432,Dennison Elementary,'K-6,4.873659576,3.771909471,'K-5
8223 - 2288,27,8223,CO-1420-8223,Stevens Elementary,'PK-5,2288,CO-1420-2288,Drake Middle,'6-8,4.891519589,3.718412258,'No
8223 - 6330,28,8223,CO-1420-8223,Stevens Elementary,'PK-5,6330,CO-1420-6330,North Arvada Middle,'6-8,4.921698191,3.984713879,'No
8223 - 1976,29,8223,CO-1420-8223,Stevens Elementary,'PK-5,1976,CO-1420-1976,Creighton Middle,'6-8,4.996556998,4.01680983,'No
8223 - 5892,30,8223,CO-1420-8223,Stevens Elementary,'PK-5,5892,CO-1420-5892,Fletcher Miller Special,'PK-12,5.019332008,3.928682585,'PK-5
8223 - 1244,31,8223,CO-1420-8223,Stevens Elementary,'PK-5,1244,CO-1420-1244,Campbell Early Learning Center,'PK,5.106590457,3.846616625,'PK
8223 - 9245,32,8223,CO-1420-8223,Stevens Elementary,'PK-5,9245,CO-1420-9245,Warren Tech North,'11-12,5.107547977,3.731899736,'No
8223 - 3726,33,8223,CO-1420-8223,Stevens Elementary,'PK-5,3726,CO-1420-3726,Hackberry Hill Elementary,'K-5,5.150548279,4.383722633,'K-5
8223 - 0378,34,8223,CO-1420-8223,Stevens Elementary,'PK-5,378,CO-1420-0378,Arvada West High,'9-12,5.267559616,3.841087408,'No
8223 - 3216,35,8223,CO-1420-8223,Stevens Elementary,'PK-5,3216,CO-1420-3216,Fremont Elementary,'K-5,5.603586298,4.18154072,'K-5
8223 - 8090,36,8223,CO-1420-8223,Stevens Elementary,'PK-5,8090,CO-1420-8090,Deane Elementary,'PK-6,5.662991272,4.47074344,'PK-5
8223 - 9342,37,8223,CO-1420-8223,Stevens Elementary,'PK-5,9342,CO-1420-9342,Welchester Elementary,'PK-5,5.791164251,4.492064053,'PK-5
8223 - 0724,38,8223,CO-1420-8223,Stevens Elementary,'PK-5,724,CO-1420-0724,Belmar School of Integrated Arts,'K-5,5.867816141,4.951279426,'K-5
8223 - 9232,39,8223,CO-1420-8223,Stevens Elementary,'PK-5,9232,CO-1420-9232,Warder Elementary,'PK-5,5.887350621,4.637407869,'PK-5
8223 - 0108,40,8223,CO-1420-8223,Stevens Elementary,'PK-5,108,CO-1420-0108,Alameda Intl Junior/Senior High,'7-12,5.919932402,5.358933046,'No
8223 - 0965,41,8223,CO-1420-8223,Stevens Elementary,'PK-5,965,CO-1420-0965,Brady Exploration School,'10-12,5.95602063,4.895554511,'No
8223 - 6808,42,8223,CO-1420-8223,Stevens Elementary,'PK-5,6808,CO-1420-6808,Patterson Elementary,'PK-6,6.271510723,5.385611506,'PK-5
8223 - 9328,43,8223,CO-1420-8223,Stevens Elementary,'PK-5,9328,CO-1420-9328,Weber Elementary,'PK-5,6.284968961,5.310845395,'PK-5
8223 - 7114,44,8223,CO-1420-8223,Stevens Elementary,'PK-5,7114,CO-1420-7114,Pomona Junior/Senior High,'6-12,6.363032969,5.49832036,'No
8223 - 5004,45,8223,CO-1420-8223,Stevens Elementary,'PK-5,5004,CO-1420-5004,Lasley Elementary,'K-6,6.369579982,5.484470504,'K-5
8223 - 8300,46,8223,CO-1420-8223,Stevens Elementary,'PK-5,8300,CO-1420-8300,Stott Elementary,'PK-5,6.47354963,4.738360644,'PK-5
8223 - 6470,47,8223,CO-1420-8223,Stevens Elementary,'PK-5,6470,CO-1420-6470,Oberon Middle,'6-8,6.480034328,4.790517964,'No
8223 - 7870,48,8223,CO-1420-8223,Stevens Elementary,'PK-5,7870,CO-1420-7870,Sierra Elementary,'PK-5,6.642450688,5.229171015,'PK-5
8223 - 4550,49,8223,CO-1420-8223,Stevens Elementary,'PK-5,4550,CO-1420-4550,Kendrick Lakes Elementary,'PK-5,6.692801912,5.609968145,'PK-5
8223 - 2866,50,8223,CO-1420-8223,Stevens Elementary,'PK-5,2866,CO-1420-2866,Fairmount Elementary,'K-5,6.734225736,5.537585511,'K-5
8223 - 5222,51,8223,CO-1420-8223,Stevens Elementary,'PK-5,5222,CO-1420-5222,Little Elementary,'K-5,6.864899193,5.700180024,'K-5
8223 - 3201,52,8223,CO-1420-8223,Stevens Elementary,'PK-5,3201,CO-1420-3201,Free Horizon Montessori,'PK-8,7.063565433,6.043427839,'PK-5
8223 - 9234,53,8223,CO-1420-8223,Stevens Elementary,'PK-5,9234,CO-1420-9234,Warren Tech Central,'11-12,7.163778161,5.456245749,'No
8223 - 3622,54,8223,CO-1420-8223,Stevens Elementary,'PK-5,3622,CO-1420-3622,Green Gables Elementary,'PK-5,7.233502355,6.401025437,'PK-5
8223 - 5623,55,8223,CO-1420-8223,Stevens Elementary,'PK-5,5623,CO-1420-5623,Long View,'10-12,7.515108442,5.681674432,'No
8223 - 7753,56,8223,CO-1420-8223,Stevens Elementary,'PK-5,7753,CO-1420-7753,Semper Elementary,'PK-5,7.641134936,6.963560268,'PK-5
8223 - 0033,57,8223,CO-1420-8223,Stevens Elementary,'PK-5,33,CO-1420-0033,McLain Community High School,'9-12,7.66151634,5.58162418,'No
8223 - 3025,58,8223,CO-1420-8223,Stevens Elementary,'PK-5,3025,CO-1420-3025,Foothills Elementary,'PK-5,7.769876268,5.988439184,'PK-5
8223 - 4830,59,8223,CO-1420-8223,Stevens Elementary,'PK-5,4830,CO-1420-4830,Kyffin Elementary,'PK-5,7.802952119,5.698409556,'PK-5
8223 - 1318,60,8223,CO-1420-8223,Stevens Elementary,'PK-5,1318,CO-1420-1318,Carmody Middle,'6-8,7.872616243,6.514430622,'No
8223 - 9052,61,8223,CO-1420-8223,Stevens Elementary,'PK-5,9052,CO-1420-9052,Van Arsdale Elementary,'PK-5,7.878936457,5.787908595,'PK-5
8223 - 0694,62,8223,CO-1420-8223,Stevens Elementary,'PK-5,694,CO-1420-0694,Bell Middle,'6-8,7.949523362,6.847695544,'No
8223 - 9412,63,8223,CO-1420-8223,Stevens Elementary,'PK-5,9412,CO-1420-9412,Westgate Elementary,'PK-5,7.997414668,7.058639862,'PK-5
8223 - 5454,64,8223,CO-1420-8223,Stevens Elementary,'PK-5,5454,CO-1420-5454,Mandalay Middle,'6-8,8.066341115,7.003466748,'No
8223 - 0030,65,8223,CO-1420-8223,Stevens Elementary,'PK-5,30,CO-1420-0030,Adams Elementary,'PK-5,8.114830794,6.833483556,'PK-5
8223 - 3628,66,8223,CO-1420-8223,Stevens Elementary,'PK-5,3628,CO-1420-3628,Green Mountain High,'9-12,8.334253737,6.448323366,'No
8223 - 2194,67,8223,CO-1420-8223,Stevens Elementary,'PK-5,2194,CO-1420-2194,Devinny Elementary,'K-5,8.42948456,6.750514083,'K-5
8223 - 4798,68,8223,CO-1420-8223,Stevens Elementary,'PK-5,4798,CO-1420-4798,Connections Learning Center,'6-8,8.443908228,6.977622444,'No
8223 - 2300,69,8223,CO-1420-8223,Stevens Elementary,'PK-5,2300,CO-1420-2300,Dunstan Middle,'6-8,8.55323814,6.817209174,'No
8223 - 7239,70,8223,CO-1420-8223,Stevens Elementary,'PK-5,7239,CO-1420-7239,Ralston Valley High,'9-12,8.634201247,6.383734381,'No
8223 - 5350,71,8223,CO-1420-8223,Stevens Elementary,'PK-5,5350,CO-1420-5350,Lukas Elementary,'K-5,8.745581306,7.185120534,'K-5
8223 - 5758,72,8223,CO-1420-8223,Stevens Elementary,'PK-5,5758,CO-1420-5758,Meiklejohn Elementary,'PK-5,8.793454993,6.613200284,'PK-5
8223 - 3502,73,8223,CO-1420-8223,Stevens Elementary,'PK-5,3502,CO-1420-3502,Golden High,'9-12,8.854382895,7.419325298,'No
8223 - 8209,74,8223,CO-1420-8223,Stevens Elementary,'PK-5,8209,CO-1420-8209,Standley Lake High,'9-12,9.044998486,7.984082074,'No
8223 - 9299,75,8223,CO-1420-8223,Stevens Elementary,'PK-5,9299,CO-1420-9299,Wayne Carle Middle,'6-8,9.053545637,7.615148185,'No
8223 - 0660,76,8223,CO-1420-8223,Stevens Elementary,'PK-5,660,CO-1420-0660,Bear Creek K-8,'K-8,9.095333453,7.765882595,'K-5
8223 - 4190,77,8223,CO-1420-8223,Stevens Elementary,'PK-5,4190,CO-1420-4190,Hutchinson Elementary,'PK-5,9.174099872,7.198587692,'PK-5
8223 - 0664,78,8223,CO-1420-8223,Stevens Elementary,'PK-5,664,CO-1420-0664,Bear Creek High,'9-12,9.375489662,7.969809862,'No
8223 - 9429,79,8223,CO-1420-8223,Stevens Elementary,'PK-5,9429,CO-1420-9429,West Woods Elementary,'K-5,9.402722584,7.036061606,'K-5
8223 - 5944,80,8223,CO-1420-8223,Stevens Elementary,'PK-5,5944,CO-1420-5944,Mitchell Elementary,'K-5,9.498391112,8.333396711,'K-5
8223 - 7833,81,8223,CO-1420-8223,Stevens Elementary,'PK-5,7833,CO-1420-7833,Shelton Elementary,'PK-5,9.574893844,8.09021746,'PK-5
8223 - 7483,82,8223,CO-1420-8223,Stevens Elementary,'PK-5,7483,CO-1420-7483,Rooney Ranch Elementary,'K-5,9.67882552,7.562917675,'K-5
,,,CO-1420-,,',,CO-1420-,,',,,#N/A
8276 - 7190,2,8276,CO-1420-8276,Stober Elementary,'K-5,7190,CO-1420-7190,Prospect Valley Elementary,'K-5,1.421182521,1.029230205,'K-5
8276 - 5472,3,8276,CO-1420-8276,Stober Elementary,'K-5,5472,CO-1420-5472,Manning,'6-8,1.535114125,1.017112481,'No
8276 - 5524,4,8276,CO-1420-8276,Stober Elementary,'K-5,5524,CO-1420-5524,Maple Grove Elementary,'PK-5,1.625604302,0.964052768,'K-5
8276 - 9342,5,8276,CO-1420-8276,Stober Elementary,'K-5,9342,CO-1420-9342,Welchester Elementary,'PK-5,2.074011695,1.462216302,'K-5
8276 - 9510,6,8276,CO-1420-8276,Stober Elementary,'K-5,9510,CO-1420-9510,Wheat Ridge High,'9-12,2.34382294,1.77424208,'No
8276 - 2550,7,8276,CO-1420-8276,Stober Elementary,'K-5,2550,CO-1420-2550,Eiber Elementary,'PK-5,2.563052932,1.770665276,'K-5
8276 - 7962,8,8276,CO-1420-8276,Stober Elementary,'K-5,7962,CO-1420-7962,Slater Elementary,'PK-5,2.635719001,2.060428337,'K-5
8276 - 2820,9,8276,CO-1420-8276,Stober Elementary,'K-5,2820,CO-1420-2820,Everitt Middle,'6-8,2.649336587,1.910243999,'No
8276 - 4942,10,8276,CO-1420-8276,Stober Elementary,'K-5,4942,CO-1420-4942,Lakewood High,'9-12,3.126839143,2.165225008,'No
8276 - 3201,11,8276,CO-1420-8276,Stober Elementary,'K-5,3201,CO-1420-3201,Free Horizon Montessori,'PK-8,3.18365178,2.762576157,'K-5
8276 - 2288,12,8276,CO-1420-8276,Stober Elementary,'K-5,2288,CO-1420-2288,Drake Middle,'6-8,3.475399166,2.709530991,'No
8276 - 6285,13,8276,CO-1420-8276,Stober Elementary,'K-5,6285,CO-1420-6285,Norma Anderson Early Learning Center,'PK,3.495397801,2.021087664,'No
8276 - 6848,14,8276,CO-1420-8276,Stober Elementary,'K-5,6848,CO-1420-6848,Peak Expeditionary-Pennington,'PK-5,3.54494416,2.444177336,'K-5
8276 - 5892,15,8276,CO-1420-8276,Stober Elementary,'K-5,5892,CO-1420-5892,Fletcher Miller Special,'PK-12,3.555522486,2.567209675,'K-5
8276 - 9432,16,8276,CO-1420-8276,Stober Elementary,'K-5,9432,CO-1420-9432,Dennison Elementary,'K-6,3.635849339,2.523828199,'K-5
8276 - 4422,17,8276,CO-1420-8276,Stober Elementary,'K-5,4422,CO-1420-4422,Jefferson Junior/Senior High,'7-12,3.720119451,3.166861093,'No
8276 - 9234,18,8276,CO-1420-8276,Stober Elementary,'K-5,9234,CO-1420-9234,Warren Tech Central,'11-12,3.754235969,2.665084812,'No
8276 - 5354,19,8276,CO-1420-8276,Stober Elementary,'K-5,5354,CO-1420-5354,Lumberg Elementary,'PK-6,3.857362122,3.288890831,'K-5
8276 - 1976,20,8276,CO-1420-8276,Stober Elementary,'K-5,1976,CO-1420-1976,Creighton Middle,'6-8,3.934601146,2.734428377,'No
8276 - 6539,21,8276,CO-1420-8276,Stober Elementary,'K-5,6539,CO-1420-6539,JeffCo Open Elementary,'PK-6,3.942681173,2.892615713,'K-5
8276 - 4830,22,8276,CO-1420-8276,Stober Elementary,'K-5,4830,CO-1420-4830,Kyffin Elementary,'PK-5,3.960911333,2.678195583,'K-5
8276 - 0694,23,8276,CO-1420-8276,Stober Elementary,'K-5,694,CO-1420-0694,Bell Middle,'6-8,4.069609709,3.561974252,'No
8276 - 5623,24,8276,CO-1420-8276,Stober Elementary,'K-5,5623,CO-1420-5623,Long View,'10-12,4.10556625,2.867511405,'No
8276 - 8223,25,8276,CO-1420-8276,Stober Elementary,'K-5,8223,CO-1420-8223,Stevens Elementary,'PK-5,4.149995262,3.287545071,'K-5
8276 - 0033,26,8276,CO-1420-8276,Stober Elementary,'K-5,33,CO-1420-0033,McLain Community High School,'9-12,4.251974148,2.74597197,'No
8276 - 8036,27,8276,CO-1420-8276,Stober Elementary,'K-5,8036,CO-1420-8036,Sobesky Academy,'K-12,4.400358017,3.39969332,'K-5
8276 - 8102,28,8276,CO-1420-8276,Stober Elementary,'K-5,8102,CO-1420-8102,South Lakewood Elementary,'K-5,4.403529696,3.099530418,'K-5
8276 - 3025,29,8276,CO-1420-8276,Stober Elementary,'K-5,3025,CO-1420-3025,Foothills Elementary,'PK-5,4.453206379,3.447156287,'K-5
8276 - 4798,30,8276,CO-1420-8276,Stober Elementary,'K-5,4798,CO-1420-4798,Connections Learning Center,'6-8,4.563994575,3.700632568,'No
8276 - 2496,31,8276,CO-1420-8276,Stober Elementary,'K-5,2496,CO-1420-2496,Edgewater Elementary,'PK-6,4.577347993,4.022156646,'K-5
8276 - 9058,32,8276,CO-1420-8276,Stober Elementary,'K-5,9058,CO-1420-9058,Vanderhoof Elementary,'K-5,4.755710154,3.575957541,'K-5
8276 - 2866,33,8276,CO-1420-8276,Stober Elementary,'K-5,2866,CO-1420-2866,Fairmount Elementary,'K-5,4.868020925,3.45477527,'K-5
8276 - 3502,34,8276,CO-1420-8276,Stober Elementary,'K-5,3502,CO-1420-3502,Golden High,'9-12,4.974469241,4.200986647,'No
8276 - 3628,35,8276,CO-1420-8276,Stober Elementary,'K-5,3628,CO-1420-3628,Green Mountain High,'9-12,5.034044332,4.042857047,'No
8276 - 3216,36,8276,CO-1420-8276,Stober Elementary,'K-5,3216,CO-1420-3216,Fremont Elementary,'K-5,5.075440887,4.221966131,'K-5
8276 - 0378,37,8276,CO-1420-8276,Stober Elementary,'K-5,378,CO-1420-0378,Arvada West High,'9-12,5.092391087,4.038518138,'No
8276 - 9245,38,8276,CO-1420-8276,Stober Elementary,'K-5,9245,CO-1420-9245,Warren Tech North,'11-12,5.094651456,3.953508752,'No
8276 - 2194,39,8276,CO-1420-8276,Stober Elementary,'K-5,2194,CO-1420-2194,Devinny Elementary,'K-5,5.240610108,4.539681663,'K-5
8276 - 0724,40,8276,CO-1420-8276,Stober Elementary,'K-5,724,CO-1420-0724,Belmar School of Integrated Arts,'K-5,5.250708077,3.835507009,'K-5
8276 - 8300,41,8276,CO-1420-8276,Stober Elementary,'K-5,8300,CO-1420-8300,Stott Elementary,'PK-5,5.325105416,4.484918621,'K-5
8276 - 5024,42,8276,CO-1420-8276,Stober Elementary,'K-5,5024,CO-1420-5024,Lawrence Elementary,'K-5,5.355863077,4.077885013,'K-5
8276 - 2300,43,8276,CO-1420-8276,Stober Elementary,'K-5,2300,CO-1420-2300,Dunstan Middle,'6-8,5.364363689,4.637383197,'No
8276 - 4550,44,8276,CO-1420-8276,Stober Elementary,'K-5,4550,CO-1420-4550,Kendrick Lakes Elementary,'PK-5,5.578190811,4.369836614,'K-5
8276 - 7468,45,8276,CO-1420-8276,Stober Elementary,'K-5,7468,CO-1420-7468,Rose Stein International Elementary,'PK-6,5.60319852,3.928101968,'K-5
8276 - 7833,46,8276,CO-1420-8276,Stober Elementary,'K-5,7833,CO-1420-7833,Shelton Elementary,'PK-5,5.694980191,4.803182765,'K-5
8276 - 3088,47,8276,CO-1420-8276,Stober Elementary,'K-5,3088,CO-1420-3088,Foster Dual Language PK-8 School,'PK-8,5.828291081,4.152767871,'K-5
8276 - 1244,48,8276,CO-1420-8276,Stober Elementary,'K-5,1244,CO-1420-1244,Campbell Early Learning Center,'PK,5.92122472,4.491146561,'No
8276 - 6808,49,8276,CO-1420-8276,Stober Elementary,'K-5,6808,CO-1420-6808,Patterson Elementary,'PK-6,5.989829125,4.437099662,'K-5
8276 - 4190,50,8276,CO-1420-8276,Stober Elementary,'K-5,4190,CO-1420-4190,Hutchinson Elementary,'PK-5,6.037751805,4.908004999,'K-5
8276 - 7483,51,8276,CO-1420-8276,Stober Elementary,'K-5,7483,CO-1420-7483,Rooney Ranch Elementary,'K-5,6.378616115,5.19482523,'K-5
8276 - 1318,52,8276,CO-1420-8276,Stober Elementary,'K-5,1318,CO-1420-1318,Carmody Middle,'6-8,6.426984347,5.13250346,'No
8276 - 0108,53,8276,CO-1420-8276,Stober Elementary,'K-5,108,CO-1420-0108,Alameda Intl Junior/Senior High,'7-12,6.673733408,4.795213484,'No
8276 - 8090,54,8276,CO-1420-8276,Stober Elementary,'K-5,8090,CO-1420-8090,Deane Elementary,'PK-6,6.689953865,4.875491843,'K-5
8276 - 0370,55,8276,CO-1420-8276,Stober Elementary,'K-5,370,CO-1420-0370,Arvada High,'9-12,6.727644203,5.108217727,'No
8276 - 6470,56,8276,CO-1420-8276,Stober Elementary,'K-5,6470,CO-1420-6470,Oberon Middle,'6-8,6.816458015,5.483442301,'No
8276 - 5944,57,8276,CO-1420-8276,Stober Elementary,'K-5,5944,CO-1420-5944,Mitchell Elementary,'K-5,6.879527835,5.340179192,'K-5
8276 - 9052,58,8276,CO-1420-8276,Stober Elementary,'K-5,9052,CO-1420-9052,Van Arsdale Elementary,'PK-5,6.913987542,5.706341819,'K-5
8276 - 7708,59,8276,CO-1420-8276,Stober Elementary,'K-5,7708,CO-1420-7708,Secrest Elementary,'PK-5,6.932125675,5.316786049,'K-5
8276 - 3622,60,8276,CO-1420-8276,Stober Elementary,'K-5,3622,CO-1420-3622,Green Gables Elementary,'PK-5,6.950976407,5.416695228,'K-5
8276 - 5004,61,8276,CO-1420-8276,Stober Elementary,'K-5,5004,CO-1420-5004,Lasley Elementary,'K-6,7.323338099,5.445005444,'K-5
8276 - 0965,62,8276,CO-1420-8276,Stober Elementary,'K-5,965,CO-1420-0965,Brady Exploration School,'10-12,7.453450699,5.412690807,'No
8276 - 9412,63,8276,CO-1420-8276,Stober Elementary,'K-5,9412,CO-1420-9412,Westgate Elementary,'PK-5,7.726259127,6.081567526,'K-5
8276 - 7870,64,8276,CO-1420-8276,Stober Elementary,'K-5,7870,CO-1420-7870,Sierra Elementary,'PK-5,7.742591004,6.020737396,'K-5
8276 - 8432,65,8276,CO-1420-8276,Stober Elementary,'K-5,8432,CO-1420-8432,Swanson Elementary,'K-5,7.75894186,5.992213182,'K-5
8276 - 0660,66,8276,CO-1420-8276,Stober Elementary,'K-5,660,CO-1420-0660,Bear Creek K-8,'K-8,7.822188213,6.491006653,'K-5
8276 - 0664,67,8276,CO-1420-8276,Stober Elementary,'K-5,664,CO-1420-0664,Bear Creek High,'9-12,7.847037489,6.55203316,'No
8276 - 7239,68,8276,CO-1420-8276,Stober Elementary,'K-5,7239,CO-1420-7239,Ralston Valley High,'9-12,7.915155192,6.406761485,'No
8276 - 6330,69,8276,CO-1420-8276,Stober Elementary,'K-5,6330,CO-1420-6330,North Arvada Middle,'6-8,8.187508956,6.152148042,'No
8276 - 9429,70,8276,CO-1420-8276,Stober Elementary,'K-5,9429,CO-1420-9429,West Woods Elementary,'K-5,8.251525895,5.91218783,'K-5
8276 - 3726,71,8276,CO-1420-8276,Stober Elementary,'K-5,3726,CO-1420-3726,Hackberry Hill Elementary,'K-5,8.257813438,6.376120393,'K-5
8276 - 9232,72,8276,CO-1420-8276,Stober Elementary,'K-5,9232,CO-1420-9232,Warder Elementary,'PK-5,8.261989049,6.26718993,'K-5
8276 - 5758,73,8276,CO-1420-8276,Stober Elementary,'K-5,5758,CO-1420-5758,Meiklejohn Elementary,'PK-5,8.848851794,6.683566366,'K-5
8276 - 9328,74,8276,CO-1420-8276,Stober Elementary,'K-5,9328,CO-1420-9328,Weber Elementary,'PK-5,9.001094493,6.862340963,'K-5
8276 - 2120,75,8276,CO-1420-8276,Stober Elementary,'K-5,2120,CO-1420-2120,D'Evelyn Junior/Senior,'6-12,9.088167897,7.511944294,'No
8276 - 7282,76,8276,CO-1420-8276,Stober Elementary,'K-5,7282,CO-1420-7282,Red Rocks Elementary,'K-5,9.35641651,7.374699219,'K-5
8276 - 7114,77,8276,CO-1420-8276,Stober Elementary,'K-5,7114,CO-1420-7114,Pomona Junior/Senior High,'6-12,9.470298127,7.165047782,'No
8276 - 5222,78,8276,CO-1420-8276,Stober Elementary,'K-5,5222,CO-1420-5222,Little Elementary,'K-5,9.972164351,7.784195834,'K-5
,,,CO-1420-,,',,CO-1420-,,',,,#N/A
8280 - 2130,2,8280,CO-1420-8280,Stony Creek Elementary,'PK-5,2130,CO-1420-2130,Deer Creek Middle,'6-8,0.660705301,0.25752632,'No
8280 - 1876,3,8280,CO-1420-8280,Stony Creek Elementary,'PK-5,1876,CO-1420-1876,Coronado Elementary,'PK-5,1.275025369,0.936159082,'PK-5
8280 - 6133,4,8280,CO-1420-8280,Stony Creek Elementary,'PK-5,6133,CO-1420-6133,Mortensen Elementary,'PK-5,1.628047453,1.110585528,'PK-5
8280 - 2963,5,8280,CO-1420-8280,Stony Creek Elementary,'PK-5,2963,CO-1420-2963,Falcon Bluffs Middle,'6-8,1.762080484,1.537846641,'No
8280 - 7780,6,8280,CO-1420-8280,Stony Creek Elementary,'PK-5,7780,CO-1420-7780,Shaffer Elementary,'PK-5,1.933555497,1.290441185,'PK-5
8280 - 4548,7,8280,CO-1420-8280,Stony Creek Elementary,'PK-5,4548,CO-1420-4548,Ken Caryl Middle,'6-8,1.942088859,1.500529915,'No
8280 - 2322,8,8280,CO-1420-8280,Stony Creek Elementary,'PK-5,2322,CO-1420-2322,Dutch Creek Elementary,'PK-5,1.977253958,1.060987586,'PK-5
8280 - 9008,9,8280,CO-1420-8280,Stony Creek Elementary,'PK-5,9008,CO-1420-9008,Ute Meadows Elementary,'PK-5,2.008090078,1.274675802,'PK-5
8280 - 1861,10,8280,CO-1420-8280,Stony Creek Elementary,'PK-5,1861,CO-1420-1861,Columbine Hills Elementary,'PK-5,2.500503691,2.046344676,'PK-5
8280 - 1522,11,8280,CO-1420-8280,Stony Creek Elementary,'PK-5,1522,CO-1420-1522,Chatfield High,'9-12,2.567870567,1.839427623,'No
8280 - 6286,12,8280,CO-1420-8280,Stony Creek Elementary,'PK-5,6286,CO-1420-6286,Normandy Elementary,'PK-5,2.634751358,1.83412371,'PK-5
8280 - 1864,13,8280,CO-1420-8280,Stony Creek Elementary,'PK-5,1864,CO-1420-1864,Columbine High,'9-12,2.756126087,1.797801455,'No
8280 - 5036,14,8280,CO-1420-8280,Stony Creek Elementary,'PK-5,5036,CO-1420-5036,Leawood Elementary,'PK-5,3.100007953,2.245342742,'PK-5
8280 - 8381,15,8280,CO-1420-8280,Stony Creek Elementary,'PK-5,8381,CO-1420-8381,Summit Ridge Middle,'6-8,3.21819253,2.158740544,'No
8280 - 3536,16,8280,CO-1420-8280,Stony Creek Elementary,'PK-5,3536,CO-1420-3536,Governor's Ranch Elementary,'PK-5,3.314516945,2.410367952,'PK-5
8280 - 7128,17,8280,CO-1420-8280,Stony Creek Elementary,'PK-5,7128,CO-1420-7128,Powderhorn Elementary,'PK-5,3.392327924,2.302530622,'PK-5
8280 - 9490,18,8280,CO-1420-8280,Stony Creek Elementary,'PK-5,9490,CO-1420-9490,Westridge Elementary,'K-5,3.428359696,2.239855327,'K-5
8280 - 0950,19,8280,CO-1420-8280,Stony Creek Elementary,'PK-5,950,CO-1420-0950,Bradford K8 South,'K-4,4.163807959,3.560503621,'K-4
8280 - 0951,20,8280,CO-1420-8280,Stony Creek Elementary,'PK-5,951,CO-1420-0951,Blue Heron Elementary,'PK-5,4.174937841,2.686280466,'PK-5
8280 - 1001,21,8280,CO-1420-8280,Stony Creek Elementary,'PK-5,1001,CO-1420-1001,Warren Tech South,'11-12,4.28248381,2.936230858,'No
8280 - 2093,22,8280,CO-1420-8280,Stony Creek Elementary,'PK-5,2093,CO-1420-2093,Dakota Ridge High,'9-12,4.549037534,3.079299139,'No
8280 - 0952,23,8280,CO-1420-8280,Stony Creek Elementary,'PK-5,952,CO-1420-0952,Bradford K8 North,'5-8,4.57064692,3.707702707,'5
8280 - 6135,24,8280,CO-1420-8280,Stony Creek Elementary,'PK-5,6135,CO-1420-6135,Mt. Carbon Elementary,'PK-5,4.821778153,3.047869232,'PK-5
8280 - 2120,25,8280,CO-1420-8280,Stony Creek Elementary,'PK-5,2120,CO-1420-2120,D'Evelyn Junior/Senior,'6-12,5.509565851,4.122476883,'No
8280 - 4549,26,8280,CO-1420-8280,Stony Creek Elementary,'PK-5,4549,CO-1420-4549,Kendallvue Elementary,'PK-5,6.195371963,4.246681234,'PK-5
8280 - 0664,27,8280,CO-1420-8280,Stony Creek Elementary,'PK-5,664,CO-1420-0664,Bear Creek High,'9-12,6.268679112,5.072620075,'No
8280 - 0660,28,8280,CO-1420-8280,Stony Creek Elementary,'PK-5,660,CO-1420-0660,Bear Creek K-8,'K-8,6.798171926,5.172687365,'K-5
8280 - 9412,29,8280,CO-1420-8280,Stony Creek Elementary,'PK-5,9412,CO-1420-9412,Westgate Elementary,'PK-5,6.983766536,5.785275659,'PK-5
8280 - 3622,30,8280,CO-1420-8280,Stony Creek Elementary,'PK-5,3622,CO-1420-3622,Green Gables Elementary,'PK-5,7.564195238,6.458219511,'PK-5
8280 - 1318,31,8280,CO-1420-8280,Stony Creek Elementary,'PK-5,1318,CO-1420-1318,Carmody Middle,'6-8,7.820786116,6.527857751,'No
8280 - 0108,32,8280,CO-1420-8280,Stony Creek Elementary,'PK-5,108,CO-1420-0108,Alameda Intl Junior/Senior High,'7-12,8.111710461,7.476375009,'No
8280 - 5004,33,8280,CO-1420-8280,Stony Creek Elementary,'PK-5,5004,CO-1420-5004,Lasley Elementary,'K-6,8.613124774,7.508889187,'K-5
8280 - 6808,34,8280,CO-1420-8280,Stony Creek Elementary,'PK-5,6808,CO-1420-6808,Patterson Elementary,'PK-6,8.686906283,7.499234964,'PK-5
8280 - 2300,35,8280,CO-1420-8280,Stony Creek Elementary,'PK-5,2300,CO-1420-2300,Dunstan Middle,'6-8,9.058880096,7.190674852,'No
8280 - 4550,36,8280,CO-1420-8280,Stony Creek Elementary,'PK-5,4550,CO-1420-4550,Kendrick Lakes Elementary,'PK-5,9.062342032,7.382952635,'PK-5
8280 - 2194,37,8280,CO-1420-8280,Stony Creek Elementary,'PK-5,2194,CO-1420-2194,Devinny Elementary,'K-5,9.194793746,7.300232663,'K-5
8280 - 7282,38,8280,CO-1420-8280,Stony Creek Elementary,'PK-5,7282,CO-1420-7282,Red Rocks Elementary,'K-5,9.276987683,7.2376522,'K-5
8280 - 4190,39,8280,CO-1420-8280,Stony Creek Elementary,'PK-5,4190,CO-1420-4190,Hutchinson Elementary,'PK-5,9.33816155,7.089120679,'PK-5
8280 - 0724,40,8280,CO-1420-8280,Stony Creek Elementary,'PK-5,724,CO-1420-0724,Belmar School of Integrated Arts,'K-5,9.466255289,8.020280775,'K-5
8280 - 7483,41,8280,CO-1420-8280,Stony Creek Elementary,'PK-5,7483,CO-1420-7483,Rooney Ranch Elementary,'K-5,9.543020529,6.987259707,'K-5
8280 - 8090,42,8280,CO-1420-8280,Stony Creek Elementary,'PK-5,8090,CO-1420-8090,Deane Elementary,'PK-6,9.788325478,8.589558083,'PK-5
8280 - 3628,43,8280,CO-1420-8280,Stony Creek Elementary,'PK-5,3628,CO-1420-3628,Green Mountain High,'9-12,9.871210741,7.8953081,'No
8280 - 7468,44,8280,CO-1420-8280,Stony Creek Elementary,'PK-5,7468,CO-1420-7468,Rose Stein International Elementary,'PK-6,9.896245722,9.060488434,'PK-5
8280 - 0965,45,8280,CO-1420-8280,Stony Creek Elementary,'PK-5,965,CO-1420-0965,Brady Exploration School,'10-12,9.900123965,8.353418794,'No
,,,CO-1420-,,',,CO-1420-,,',,,#N/A
8300 - 3216,2,8300,CO-1420-8300,Stott Elementary,'PK-5,3216,CO-1420-3216,Fremont Elementary,'K-5,0.881929016,0.591713677,'K-5
8300 - 0378,3,8300,CO-1420-8300,Stott Elementary,'PK-5,378,CO-1420-0378,Arvada West High,'9-12,1.428105713,0.93364842,'No
8300 - 9245,4,8300,CO-1420-8300,Stott Elementary,'PK-5,9245,CO-1420-9245,Warren Tech North,'11-12,1.463959504,1.033098409,'No
8300 - 9058,5,8300,CO-1420-8300,Stott Elementary,'PK-5,9058,CO-1420-9058,Vanderhoof Elementary,'K-5,1.70409638,1.249001113,'K-5
8300 - 1244,6,8300,CO-1420-8300,Stott Elementary,'PK-5,1244,CO-1420-1244,Campbell Early Learning Center,'PK,1.835300273,1.290816717,'PK
8300 - 9052,7,8300,CO-1420-8300,Stott Elementary,'PK-5,9052,CO-1420-9052,Van Arsdale Elementary,'PK-5,2.009373407,1.228026387,'PK-5
8300 - 2288,8,8300,CO-1420-8300,Stott Elementary,'PK-5,2288,CO-1420-2288,Drake Middle,'6-8,2.206233745,1.782691406,'No
8300 - 6470,9,8300,CO-1420-8300,Stott Elementary,'PK-5,6470,CO-1420-6470,Oberon Middle,'6-8,2.709526831,1.510522835,'No
8300 - 9429,10,8300,CO-1420-8300,Stott Elementary,'PK-5,9429,CO-1420-9429,West Woods Elementary,'K-5,3.009775662,2.44444848,'K-5
8300 - 7239,11,8300,CO-1420-8300,Stott Elementary,'PK-5,7239,CO-1420-7239,Ralston Valley High,'9-12,3.010541057,1.926373933,'No
8300 - 7870,12,8300,CO-1420-8300,Stott Elementary,'PK-5,7870,CO-1420-7870,Sierra Elementary,'PK-5,3.620336306,1.944160142,'PK-5
8300 - 2866,13,8300,CO-1420-8300,Stott Elementary,'PK-5,2866,CO-1420-2866,Fairmount Elementary,'K-5,3.90226072,2.708233335,'K-5
8300 - 6285,14,8300,CO-1420-8300,Stott Elementary,'PK-5,6285,CO-1420-6285,Norma Anderson Early Learning Center,'PK,3.987678847,2.892642805,'PK
8300 - 5024,15,8300,CO-1420-8300,Stott Elementary,'PK-5,5024,CO-1420-5024,Lawrence Elementary,'K-5,3.996787801,3.278678181,'K-5
8300 - 0370,16,8300,CO-1420-8300,Stott Elementary,'PK-5,370,CO-1420-0370,Arvada High,'9-12,4.091475491,3.119326878,'No
8300 - 5758,17,8300,CO-1420-8300,Stott Elementary,'PK-5,5758,CO-1420-5758,Meiklejohn Elementary,'PK-5,4.174354153,2.201601795,'PK-5
8300 - 6848,18,8300,CO-1420-8300,Stott Elementary,'PK-5,6848,CO-1420-6848,Peak Expeditionary-Pennington,'PK-5,4.428471074,3.103429374,'PK-5
8300 - 5472,19,8300,CO-1420-8300,Stott Elementary,'PK-5,5472,CO-1420-5472,Manning,'6-8,4.464406326,3.854655474,'No
8300 - 5524,20,8300,CO-1420-8300,Stott Elementary,'PK-5,5524,CO-1420-5524,Maple Grove Elementary,'PK-5,4.554896503,3.932579697,'PK-5
8300 - 7708,21,8300,CO-1420-8300,Stott Elementary,'PK-5,7708,CO-1420-7708,Secrest Elementary,'PK-5,4.643440611,3.728141679,'PK-5
8300 - 9232,22,8300,CO-1420-8300,Stott Elementary,'PK-5,9232,CO-1420-9232,Warder Elementary,'PK-5,4.77377681,3.066289813,'PK-5
8300 - 2820,23,8300,CO-1420-8300,Stott Elementary,'PK-5,2820,CO-1420-2820,Everitt Middle,'6-8,4.826644999,3.66593887,'No
8300 - 3088,24,8300,CO-1420-8300,Stott Elementary,'PK-5,3088,CO-1420-3088,Foster Dual Language PK-8 School,'PK-8,4.992890151,3.891969935,'PK-5
8300 - 6330,25,8300,CO-1420-8300,Stott Elementary,'PK-5,6330,CO-1420-6330,North Arvada Middle,'6-8,5.181445944,3.761086054,'No
8300 - 8432,26,8300,CO-1420-8300,Stott Elementary,'PK-5,8432,CO-1420-8432,Swanson Elementary,'K-5,5.186118802,4.211456889,'K-5
8300 - 9328,27,8300,CO-1420-8300,Stott Elementary,'PK-5,9328,CO-1420-9328,Weber Elementary,'PK-5,5.188187484,3.343378266,'PK-5
8300 - 3726,28,8300,CO-1420-8300,Stott Elementary,'PK-5,3726,CO-1420-3726,Hackberry Hill Elementary,'K-5,5.215928795,3.622748406,'K-5
8300 - 8276,29,8300,CO-1420-8300,Stott Elementary,'PK-5,8276,CO-1420-8276,Stober Elementary,'K-5,5.325105416,4.484918621,'K-5
8300 - 7190,30,8300,CO-1420-8300,Stott Elementary,'PK-5,7190,CO-1420-7190,Prospect Valley Elementary,'K-5,5.350714503,3.696844261,'K-5
8300 - 9510,31,8300,CO-1420-8300,Stott Elementary,'PK-5,9510,CO-1420-9510,Wheat Ridge High,'9-12,5.618673305,4.129558869,'No
8300 - 7114,32,8300,CO-1420-8300,Stott Elementary,'PK-5,7114,CO-1420-7114,Pomona Junior/Senior High,'6-12,5.720786937,3.696367354,'No
8300 - 8036,33,8300,CO-1420-8300,Stott Elementary,'PK-5,8036,CO-1420-8036,Sobesky Academy,'K-12,6.362183127,4.69871803,'K-5
8300 - 8223,34,8300,CO-1420-8300,Stott Elementary,'PK-5,8223,CO-1420-8223,Stevens Elementary,'PK-5,6.47354963,4.738360644,'PK-5
8300 - 9342,35,8300,CO-1420-8300,Stott Elementary,'PK-5,9342,CO-1420-9342,Welchester Elementary,'PK-5,6.534627367,5.776141303,'PK-5
8300 - 8856,36,8300,CO-1420-8300,Stott Elementary,'PK-5,8856,CO-1420-8856,Three Creeks K-8,'K-8,6.857630671,5.426863167,'K-5
8300 - 7962,37,8300,CO-1420-8300,Stott Elementary,'PK-5,7962,CO-1420-7962,Slater Elementary,'PK-5,6.920410405,5.153155214,'PK-5
8300 - 5222,38,8300,CO-1420-8300,Stott Elementary,'PK-5,5222,CO-1420-5222,Little Elementary,'K-5,6.930279709,4.691634329,'K-5
8300 - 3201,39,8300,CO-1420-8300,Stott Elementary,'PK-5,3201,CO-1420-3201,Free Horizon Montessori,'PK-8,7.21831156,6.088573231,'PK-5
8300 - 2550,40,8300,CO-1420-8300,Stott Elementary,'PK-5,2550,CO-1420-2550,Eiber Elementary,'PK-5,7.247089859,5.790796081,'PK-5
8300 - 7753,41,8300,CO-1420-8300,Stott Elementary,'PK-5,7753,CO-1420-7753,Semper Elementary,'PK-5,7.452064624,5.06029842,'PK-5
8300 - 4422,42,8300,CO-1420-8300,Stott Elementary,'PK-5,4422,CO-1420-4422,Jefferson Junior/Senior High,'7-12,7.750476653,5.833584642,'No
8300 - 4942,43,8300,CO-1420-8300,Stott Elementary,'PK-5,4942,CO-1420-4942,Lakewood High,'9-12,7.85107186,6.403977861,'No
8300 - 5350,44,8300,CO-1420-8300,Stott Elementary,'PK-5,5350,CO-1420-5350,Lukas Elementary,'K-5,7.855321199,4.444951316,'K-5
8300 - 5354,45,8300,CO-1420-8300,Stott Elementary,'PK-5,5354,CO-1420-5354,Lumberg Elementary,'PK-6,7.966863216,5.978374105,'PK-5
8300 - 5944,46,8300,CO-1420-8300,Stott Elementary,'PK-5,5944,CO-1420-5944,Mitchell Elementary,'K-5,7.986815325,6.07075389,'K-5
8300 - 5454,47,8300,CO-1420-8300,Stott Elementary,'PK-5,5454,CO-1420-5454,Mandalay Middle,'6-8,8.04265858,5.326368421,'No
8300 - 4830,48,8300,CO-1420-8300,Stott Elementary,'PK-5,4830,CO-1420-4830,Kyffin Elementary,'PK-5,8.076459038,6.785220975,'PK-5
8300 - 0030,49,8300,CO-1420-8300,Stott Elementary,'PK-5,30,CO-1420-0030,Adams Elementary,'PK-5,8.091148259,5.49131593,'PK-5
8300 - 0694,50,8300,CO-1420-8300,Stott Elementary,'PK-5,694,CO-1420-0694,Bell Middle,'6-8,8.104269489,6.36841368,'No
8300 - 9299,51,8300,CO-1420-8300,Stott Elementary,'PK-5,9299,CO-1420-9299,Wayne Carle Middle,'6-8,8.124125153,4.539134116,'No
8300 - 8209,52,8300,CO-1420-8300,Stott Elementary,'PK-5,8209,CO-1420-8209,Standley Lake High,'9-12,8.154738379,5.240200585,'No
8300 - 5892,53,8300,CO-1420-8300,Stott Elementary,'PK-5,5892,CO-1420-5892,Fletcher Miller Special,'PK-12,8.284280737,6.916840844,'PK-5
8300 - 3502,54,8300,CO-1420-8300,Stott Elementary,'PK-5,3502,CO-1420-3502,Golden High,'9-12,8.322296305,6.197557086,'No
8300 - 9432,55,8300,CO-1420-8300,Stott Elementary,'PK-5,9432,CO-1420-9432,Dennison Elementary,'K-6,8.36460759,6.831318569,'K-5
8300 - 2496,56,8300,CO-1420-8300,Stott Elementary,'PK-5,2496,CO-1420-2496,Edgewater Elementary,'PK-6,8.570765426,6.418604454,'PK-5
8300 - 6539,57,8300,CO-1420-8300,Stott Elementary,'PK-5,6539,CO-1420-6539,JeffCo Open Elementary,'PK-6,8.57170871,6.501765795,'PK-5
8300 - 4798,58,8300,CO-1420-8300,Stott Elementary,'PK-5,4798,CO-1420-4798,Connections Learning Center,'6-8,8.598654355,6.308053545,'No
8300 - 1976,59,8300,CO-1420-8300,Stott Elementary,'PK-5,1976,CO-1420-1976,Creighton Middle,'6-8,8.663359398,7.076305639,'No
8300 - 9234,60,8300,CO-1420-8300,Stott Elementary,'PK-5,9234,CO-1420-9234,Warren Tech Central,'11-12,8.856815043,6.980040944,'No
8300 - 0033,61,8300,CO-1420-8300,Stott Elementary,'PK-5,33,CO-1420-0033,McLain Community High School,'9-12,9.084008332,7.02169319,'No
8300 - 8102,62,8300,CO-1420-8300,Stott Elementary,'PK-5,8102,CO-1420-8102,South Lakewood Elementary,'K-5,9.101833995,7.219832939,'K-5
8300 - 5623,63,8300,CO-1420-8300,Stott Elementary,'PK-5,5623,CO-1420-5623,Long View,'10-12,9.160067335,7.145345289,'No
8300 - 3025,64,8300,CO-1420-8300,Stott Elementary,'PK-5,3025,CO-1420-3025,Foothills Elementary,'PK-5,9.555785453,7.827019152,'PK-5
8300 - 7833,65,8300,CO-1420-8300,Stott Elementary,'PK-5,7833,CO-1420-7833,Shelton Elementary,'PK-5,9.729639971,7.516712127,'PK-5
8300 - 0724,66,8300,CO-1420-8300,Stott Elementary,'PK-5,724,CO-1420-0724,Belmar School of Integrated Arts,'K-5,9.950252978,8.207322092,'K-5
,,,CO-1420-,,',,CO-1420-,,',,,#N/A
8381 - 7128,2,8381,CO-1420-8381,Summit Ridge Middle,'6-8,7128,CO-1420-7128,Powderhorn Elementary,'PK-5,0.181552214,0.170732373,'No
8381 - 1001,3,8381,CO-1420-8381,Summit Ridge Middle,'6-8,1001,CO-1420-1001,Warren Tech South,'11-12,1.132574085,0.927619238,'No
8381 - 2093,4,8381,CO-1420-8381,Summit Ridge Middle,'6-8,2093,CO-1420-2093,Dakota Ridge High,'9-12,1.39912781,1.000620712,'No
8381 - 9490,5,8381,CO-1420-8381,Summit Ridge Middle,'6-8,9490,CO-1420-9490,Westridge Elementary,'K-5,1.404143173,0.998801444,'No
8381 - 1522,6,8381,CO-1420-8381,Summit Ridge Middle,'6-8,1522,CO-1420-1522,Chatfield High,'9-12,1.684816943,1.133066134,'No
8381 - 6135,7,8381,CO-1420-8381,Summit Ridge Middle,'6-8,6135,CO-1420-6135,Mt. Carbon Elementary,'PK-5,1.934192492,0.922513602,'No
8381 - 9008,8,8381,CO-1420-8381,Summit Ridge Middle,'6-8,9008,CO-1420-9008,Ute Meadows Elementary,'PK-5,2.029904896,1.330254427,'No
8381 - 2130,9,8381,CO-1420-8381,Summit Ridge Middle,'6-8,2130,CO-1420-2130,Deer Creek Middle,'6-8,2.757871403,1.906845334,'6-8
8381 - 3536,10,8381,CO-1420-8381,Summit Ridge Middle,'6-8,3536,CO-1420-3536,Governor's Ranch Elementary,'PK-5,2.764020877,2.084894791,'No
8381 - 8280,11,8381,CO-1420-8381,Summit Ridge Middle,'6-8,8280,CO-1420-8280,Stony Creek Elementary,'PK-5,3.21819253,2.158740544,'No
8381 - 4549,12,8381,CO-1420-8381,Summit Ridge Middle,'6-8,4549,CO-1420-4549,Kendallvue Elementary,'PK-5,3.307786302,2.203519359,'No
8381 - 7780,13,8381,CO-1420-8381,Summit Ridge Middle,'6-8,7780,CO-1420-7780,Shaffer Elementary,'PK-5,3.39498756,2.376987299,'No
8381 - 6133,14,8381,CO-1420-8381,Summit Ridge Middle,'6-8,6133,CO-1420-6133,Mortensen Elementary,'PK-5,3.660896903,2.526440569,'No
8381 - 2120,15,8381,CO-1420-8381,Summit Ridge Middle,'6-8,2120,CO-1420-2120,D'Evelyn Junior/Senior,'6-12,3.702674079,2.938172048,'6-8
8381 - 2322,16,8381,CO-1420-8381,Summit Ridge Middle,'6-8,2322,CO-1420-2322,Dutch Creek Elementary,'PK-5,3.79981248,3.032348967,'No
8381 - 1876,17,8381,CO-1420-8381,Summit Ridge Middle,'6-8,1876,CO-1420-1876,Coronado Elementary,'PK-5,3.879098983,3.001366582,'No
8381 - 0950,18,8381,CO-1420-8381,Summit Ridge Middle,'6-8,950,CO-1420-0950,Bradford K8 South,'K-4,3.946602687,2.756384431,'No
8381 - 6286,19,8381,CO-1420-8381,Summit Ridge Middle,'6-8,6286,CO-1420-6286,Normandy Elementary,'PK-5,3.98454402,3.622062873,'No
8381 - 1864,20,8381,CO-1420-8381,Summit Ridge Middle,'6-8,1864,CO-1420-1864,Columbine High,'9-12,4.033852323,3.033195743,'No
8381 - 5036,21,8381,CO-1420-8381,Summit Ridge Middle,'6-8,5036,CO-1420-5036,Leawood Elementary,'PK-5,4.039021249,3.49595764,'No
8381 - 2963,22,8381,CO-1420-8381,Summit Ridge Middle,'6-8,2963,CO-1420-2963,Falcon Bluffs Middle,'6-8,4.042749109,3.142464995,'6-8
8381 - 0952,23,8381,CO-1420-8381,Summit Ridge Middle,'6-8,952,CO-1420-0952,Bradford K8 North,'5-8,4.348513643,2.349842575,'6-8
8381 - 4548,24,8381,CO-1420-8381,Summit Ridge Middle,'6-8,4548,CO-1420-4548,Ken Caryl Middle,'6-8,4.442894462,3.575540341,'6-8
8381 - 0951,25,8381,CO-1420-8381,Summit Ridge Middle,'6-8,951,CO-1420-0951,Blue Heron Elementary,'PK-5,4.83258243,3.75787952,'No
8381 - 0664,26,8381,CO-1420-8381,Summit Ridge Middle,'6-8,664,CO-1420-0664,Bear Creek High,'9-12,4.936083101,3.971454489,'No
8381 - 1861,27,8381,CO-1420-8381,Summit Ridge Middle,'6-8,1861,CO-1420-1861,Columbine Hills Elementary,'PK-5,5.00288724,4.166197998,'No
8381 - 0660,28,8381,CO-1420-8381,Summit Ridge Middle,'6-8,660,CO-1420-0660,Bear Creek K-8,'K-8,5.465575915,4.206067464,'6-8
8381 - 7282,29,8381,CO-1420-8381,Summit Ridge Middle,'6-8,7282,CO-1420-7282,Red Rocks Elementary,'K-5,6.353771084,5.115746315,'No
8381 - 9412,30,8381,CO-1420-8381,Summit Ridge Middle,'6-8,9412,CO-1420-9412,Westgate Elementary,'PK-5,6.419639232,5.011076386,'No
8381 - 1318,31,8381,CO-1420-8381,Summit Ridge Middle,'6-8,1318,CO-1420-1318,Carmody Middle,'6-8,6.486730855,5.426407522,'6-8
8381 - 3622,32,8381,CO-1420-8381,Summit Ridge Middle,'6-8,3622,CO-1420-3622,Green Gables Elementary,'PK-5,7.529545688,5.601016563,'No
8381 - 2300,33,8381,CO-1420-8381,Summit Ridge Middle,'6-8,2300,CO-1420-2300,Dunstan Middle,'6-8,7.711281638,5.649102676,'6-8
8381 - 4550,34,8381,CO-1420-8381,Summit Ridge Middle,'6-8,4550,CO-1420-4550,Kendrick Lakes Elementary,'PK-5,7.742674612,6.330237516,'No
8381 - 2194,35,8381,CO-1420-8381,Summit Ridge Middle,'6-8,2194,CO-1420-2194,Devinny Elementary,'K-5,7.847195289,5.753404078,'No
8381 - 4190,36,8381,CO-1420-8381,Summit Ridge Middle,'6-8,4190,CO-1420-4190,Hutchinson Elementary,'PK-5,7.990563092,5.454833977,'No
8381 - 7483,37,8381,CO-1420-8381,Summit Ridge Middle,'6-8,7483,CO-1420-7483,Rooney Ranch Elementary,'K-5,8.195422071,5.272709439,'No
8381 - 6808,38,8381,CO-1420-8381,Summit Ridge Middle,'6-8,6808,CO-1420-6808,Patterson Elementary,'PK-6,8.304107747,6.56694121,'6
8381 - 0108,39,8381,CO-1420-8381,Summit Ridge Middle,'6-8,108,CO-1420-0108,Alameda Intl Junior/Senior High,'7-12,8.418882313,6.718834102,'7-8
8381 - 0724,40,8381,CO-1420-8381,Summit Ridge Middle,'6-8,724,CO-1420-0724,Belmar School of Integrated Arts,'K-5,8.451433557,6.989659017,'No
8381 - 3628,41,8381,CO-1420-8381,Summit Ridge Middle,'6-8,3628,CO-1420-3628,Green Mountain High,'9-12,8.523612283,6.312938757,'No
8381 - 5004,42,8381,CO-1420-8381,Summit Ridge Middle,'6-8,5004,CO-1420-5004,Lasley Elementary,'K-6,8.920296626,7.01679098,'6
8381 - 3025,43,8381,CO-1420-8381,Summit Ridge Middle,'6-8,3025,CO-1420-3025,Foothills Elementary,'PK-5,8.92718584,6.933118782,'No
8381 - 1976,44,8381,CO-1420-8381,Summit Ridge Middle,'6-8,1976,CO-1420-1976,Creighton Middle,'6-8,9.297899403,8.007546635,'6-8
8381 - 5892,45,8381,CO-1420-8381,Summit Ridge Middle,'6-8,5892,CO-1420-5892,Fletcher Miller Special,'PK-12,9.346965672,8.131499791,'6-8
8381 - 9432,46,8381,CO-1420-8381,Summit Ridge Middle,'6-8,9432,CO-1420-9432,Dennison Elementary,'K-6,9.576935457,8.267778608,'6
8381 - 8102,47,8381,CO-1420-8381,Summit Ridge Middle,'6-8,8102,CO-1420-8102,South Lakewood Elementary,'K-5,9.967752517,8.25374046,'No
,,,CO-1420-,,',,CO-1420-,,',,,#N/A
8432 - 7708,2,8432,CO-1420-8432,Swanson Elementary,'K-5,7708,CO-1420-7708,Secrest Elementary,'PK-5,0.943211869,0.6810596,'K-5
8432 - 6330,3,8432,CO-1420-8432,Swanson Elementary,'K-5,6330,CO-1420-6330,North Arvada Middle,'6-8,1.174527641,0.773150208,'No
8432 - 0370,4,8432,CO-1420-8432,Swanson Elementary,'K-5,370,CO-1420-0370,Arvada High,'9-12,1.39812025,1.132751975,'No
8432 - 3726,5,8432,CO-1420-8432,Swanson Elementary,'K-5,3726,CO-1420-3726,Hackberry Hill Elementary,'K-5,1.841007508,1.244848204,'K-5
8432 - 5024,6,8432,CO-1420-8432,Swanson Elementary,'K-5,5024,CO-1420-5024,Lawrence Elementary,'K-5,2.555259123,1.914362983,'K-5
8432 - 3088,7,8432,CO-1420-8432,Swanson Elementary,'K-5,3088,CO-1420-3088,Foster Dual Language PK-8 School,'PK-8,2.567278032,1.99282917,'K-5
8432 - 9232,8,8432,CO-1420-8432,Swanson Elementary,'K-5,9232,CO-1420-9232,Warder Elementary,'PK-5,3.010003617,1.869846955,'K-5
8432 - 9328,9,8432,CO-1420-8432,Swanson Elementary,'K-5,9328,CO-1420-9328,Weber Elementary,'PK-5,3.268821927,2.402834623,'K-5
8432 - 7114,10,8432,CO-1420-8432,Swanson Elementary,'K-5,7114,CO-1420-7114,Pomona Junior/Senior High,'6-12,3.283226709,2.42368564,'No
8432 - 5222,11,8432,CO-1420-8432,Swanson Elementary,'K-5,5222,CO-1420-5222,Little Elementary,'K-5,3.375181722,2.275650455,'K-5
8432 - 1244,12,8432,CO-1420-8432,Swanson Elementary,'K-5,1244,CO-1420-1244,Campbell Early Learning Center,'PK,3.505467344,2.927840211,'No
8432 - 6470,13,8432,CO-1420-8432,Swanson Elementary,'K-5,6470,CO-1420-6470,Oberon Middle,'6-8,4.059541719,3.148944157,'No
8432 - 7870,14,8432,CO-1420-8432,Swanson Elementary,'K-5,7870,CO-1420-7870,Sierra Elementary,'PK-5,4.132880819,3.251438069,'K-5
8432 - 9245,15,8432,CO-1420-8432,Swanson Elementary,'K-5,9245,CO-1420-9245,Warren Tech North,'11-12,4.232509718,3.402538532,'No
8432 - 3216,16,8432,CO-1420-8432,Swanson Elementary,'K-5,3216,CO-1420-3216,Fremont Elementary,'K-5,4.31615547,3.693341385,'K-5
8432 - 8036,17,8432,CO-1420-8432,Swanson Elementary,'K-5,8036,CO-1420-8036,Sobesky Academy,'K-12,4.354937956,3.344952219,'K-5
8432 - 0378,18,8432,CO-1420-8432,Swanson Elementary,'K-5,378,CO-1420-0378,Arvada West High,'9-12,4.392521358,3.444852052,'No
8432 - 8223,19,8432,CO-1420-8432,Swanson Elementary,'K-5,8223,CO-1420-8223,Stevens Elementary,'PK-5,4.493131096,3.48782652,'K-5
8432 - 6848,20,8432,CO-1420-8432,Swanson Elementary,'K-5,6848,CO-1420-6848,Peak Expeditionary-Pennington,'PK-5,4.519148083,3.554570553,'K-5
8432 - 7753,21,8432,CO-1420-8432,Swanson Elementary,'K-5,7753,CO-1420-7753,Semper Elementary,'PK-5,4.561328676,3.642229303,'K-5
8432 - 9058,22,8432,CO-1420-8432,Swanson Elementary,'K-5,9058,CO-1420-9058,Vanderhoof Elementary,'K-5,4.575928756,3.531233012,'K-5
8432 - 5454,23,8432,CO-1420-8432,Swanson Elementary,'K-5,5454,CO-1420-5454,Mandalay Middle,'6-8,4.986534855,3.615987073,'No
8432 - 0030,24,8432,CO-1420-8432,Swanson Elementary,'K-5,30,CO-1420-0030,Adams Elementary,'PK-5,5.035024534,3.388568468,'K-5
8432 - 8300,25,8432,CO-1420-8432,Swanson Elementary,'K-5,8300,CO-1420-8300,Stott Elementary,'PK-5,5.186118802,4.211456889,'K-5
8432 - 6285,26,8432,CO-1420-8432,Swanson Elementary,'K-5,6285,CO-1420-6285,Norma Anderson Early Learning Center,'PK,5.266652043,4.079475381,'No
8432 - 2820,27,8432,CO-1420-8432,Swanson Elementary,'K-5,2820,CO-1420-2820,Everitt Middle,'6-8,5.396182709,4.111718269,'No
8432 - 9052,28,8432,CO-1420-8432,Swanson Elementary,'K-5,9052,CO-1420-9052,Van Arsdale Elementary,'PK-5,5.458443848,4.580364213,'K-5
8432 - 2496,29,8432,CO-1420-8432,Swanson Elementary,'K-5,2496,CO-1420-2496,Edgewater Elementary,'PK-6,5.503864602,4.82020905,'K-5
8432 - 9510,30,8432,CO-1420-8432,Swanson Elementary,'K-5,9510,CO-1420-9510,Wheat Ridge High,'9-12,5.596074276,4.404969578,'No
8432 - 5350,31,8432,CO-1420-8432,Swanson Elementary,'K-5,5350,CO-1420-5350,Lukas Elementary,'K-5,5.665775046,4.169791597,'K-5
8432 - 4422,32,8432,CO-1420-8432,Swanson Elementary,'K-5,4422,CO-1420-4422,Jefferson Junior/Senior High,'7-12,5.75431043,4.821485377,'No
8432 - 5354,33,8432,CO-1420-8432,Swanson Elementary,'K-5,5354,CO-1420-5354,Lumberg Elementary,'PK-6,5.773773349,4.899536339,'K-5
8432 - 2288,34,8432,CO-1420-8432,Swanson Elementary,'K-5,2288,CO-1420-2288,Drake Middle,'6-8,5.912790525,4.604038362,'No
8432 - 8209,35,8432,CO-1420-8432,Swanson Elementary,'K-5,8209,CO-1420-8209,Standley Lake High,'9-12,5.965192226,4.862734311,'No
8432 - 9299,36,8432,CO-1420-8432,Swanson Elementary,'K-5,9299,CO-1420-9299,Wayne Carle Middle,'6-8,5.973739377,4.704373477,'No
8432 - 7962,37,8432,CO-1420-8432,Swanson Elementary,'K-5,7962,CO-1420-7962,Slater Elementary,'PK-5,6.038095306,5.003190935,'K-5
8432 - 7239,38,8432,CO-1420-8432,Swanson Elementary,'K-5,7239,CO-1420-7239,Ralston Valley High,'9-12,6.124631378,4.858708542,'No
8432 - 5758,39,8432,CO-1420-8432,Swanson Elementary,'K-5,5758,CO-1420-5758,Meiklejohn Elementary,'PK-5,6.283885124,4.970573319,'K-5
8432 - 7190,40,8432,CO-1420-8432,Swanson Elementary,'K-5,7190,CO-1420-7190,Prospect Valley Elementary,'K-5,6.779759447,4.978208387,'K-5
8432 - 7529,41,8432,CO-1420-8432,Swanson Elementary,'K-5,7529,CO-1420-7529,Ryan Elementary,'PK-5,6.943099821,5.856700217,'K-5
8432 - 6539,42,8432,CO-1420-8432,Swanson Elementary,'K-5,6539,CO-1420-6539,JeffCo Open Elementary,'PK-6,6.945601715,6.06534666,'K-5
8432 - 9429,43,8432,CO-1420-8432,Swanson Elementary,'K-5,9429,CO-1420-9429,West Woods Elementary,'K-5,7.093710318,6.55339634,'K-5
8432 - 2550,44,8432,CO-1420-8432,Swanson Elementary,'K-5,2550,CO-1420-2550,Eiber Elementary,'PK-5,7.389320186,6.121896788,'K-5
8432 - 5472,45,8432,CO-1420-8432,Swanson Elementary,'K-5,5472,CO-1420-5472,Manning,'6-8,7.693900344,6.09517762,'No
8432 - 8276,46,8432,CO-1420-8432,Swanson Elementary,'K-5,8276,CO-1420-8276,Stober Elementary,'K-5,7.75894186,5.992213182,'K-5
8432 - 5524,47,8432,CO-1420-8432,Swanson Elementary,'K-5,5524,CO-1420-5524,Maple Grove Elementary,'PK-5,7.784390521,6.141910246,'K-5
8432 - 4942,48,8432,CO-1420-8432,Swanson Elementary,'K-5,4942,CO-1420-4942,Lakewood High,'9-12,8.16331761,6.781238021,'No
8432 - 2866,49,8432,CO-1420-8432,Swanson Elementary,'K-5,2866,CO-1420-2866,Fairmount Elementary,'K-5,8.193872846,6.469286141,'K-5
8432 - 8102,50,8432,CO-1420-8432,Swanson Elementary,'K-5,8102,CO-1420-8102,South Lakewood Elementary,'K-5,8.314359553,7.169184485,'K-5
8432 - 7468,51,8432,CO-1420-8432,Swanson Elementary,'K-5,7468,CO-1420-7468,Rose Stein International Elementary,'PK-6,8.387178647,7.252373512,'K-5
8432 - 9432,52,8432,CO-1420-8432,Swanson Elementary,'K-5,9432,CO-1420-9432,Dennison Elementary,'K-6,8.677203117,7.201892401,'K-5
8432 - 0965,53,8432,CO-1420-8432,Swanson Elementary,'K-5,965,CO-1420-0965,Brady Exploration School,'10-12,8.778988136,8.197419217,'No
8432 - 1976,54,8432,CO-1420-8432,Swanson Elementary,'K-5,1976,CO-1420-1976,Creighton Middle,'6-8,8.800100539,7.455543864,'No
8432 - 8090,55,8432,CO-1420-8432,Swanson Elementary,'K-5,8090,CO-1420-8090,Deane Elementary,'PK-6,8.81733002,7.833446289,'K-5
8432 - 5892,56,8432,CO-1420-8432,Swanson Elementary,'K-5,5892,CO-1420-5892,Fletcher Miller Special,'PK-12,8.822875549,7.351583321,'K-5
8432 - 9342,57,8432,CO-1420-8432,Swanson Elementary,'K-5,9342,CO-1420-9342,Welchester Elementary,'PK-5,9.400110849,7.426590824,'K-5
8432 - 0724,58,8432,CO-1420-8432,Swanson Elementary,'K-5,724,CO-1420-0724,Belmar School of Integrated Arts,'K-5,9.671359682,8.431468898,'K-5
8432 - 0108,59,8432,CO-1420-8432,Swanson Elementary,'K-5,108,CO-1420-0108,Alameda Intl Junior/Senior High,'7-12,9.723475943,8.833786938,'No
,,,CO-1420-,,',,CO-1420-,,',,,#N/A
8856 - 5758,2,8856,CO-1420-8856,Three Creeks K-8,'K-8,5758,CO-1420-5758,Meiklejohn Elementary,'PK-5,4.420829595,4.002412702,'K-5
8856 - 7239,3,8856,CO-1420-8856,Three Creeks K-8,'K-8,7239,CO-1420-7239,Ralston Valley High,'9-12,4.921462251,4.113203546,'No
8856 - 9052,4,8856,CO-1420-8856,Three Creeks K-8,'K-8,9052,CO-1420-9052,Van Arsdale Elementary,'PK-5,5.495332109,4.507357172,'K-5
8856 - 9429,5,8856,CO-1420-8856,Three Creeks K-8,'K-8,9429,CO-1420-9429,West Woods Elementary,'K-5,6.248699593,3.301859369,'K-5
8856 - 7870,6,8856,CO-1420-8856,Three Creeks K-8,'K-8,7870,CO-1420-7870,Sierra Elementary,'PK-5,6.728244525,5.72008432,'K-5
8856 - 8300,7,8856,CO-1420-8856,Three Creeks K-8,'K-8,8300,CO-1420-8300,Stott Elementary,'PK-5,6.857630671,5.426863167,'K-5
8856 - 6470,8,8856,CO-1420-8856,Three Creeks K-8,'K-8,6470,CO-1420-6470,Oberon Middle,'6-8,7.244474336,5.8620524,'6-8
8856 - 9299,9,8856,CO-1420-8856,Three Creeks K-8,'K-8,9299,CO-1420-9299,Wayne Carle Middle,'6-8,7.253088115,5.884933133,'6-8
8856 - 3216,10,8856,CO-1420-8856,Three Creeks K-8,'K-8,3216,CO-1420-3216,Fremont Elementary,'K-5,7.65895698,5.996688829,'K-5
8856 - 5350,11,8856,CO-1420-8856,Three Creeks K-8,'K-8,5350,CO-1420-5350,Lukas Elementary,'K-5,7.942380819,6.33498975,'K-5
8856 - 9328,12,8856,CO-1420-8856,Three Creeks K-8,'K-8,9328,CO-1420-9328,Weber Elementary,'PK-5,8.007873471,6.937707955,'K-5
8856 - 9232,13,8856,CO-1420-8856,Three Creeks K-8,'K-8,9232,CO-1420-9232,Warder Elementary,'PK-5,8.158043469,7.198790915,'K-5
8856 - 1244,14,8856,CO-1420-8856,Three Creeks K-8,'K-8,1244,CO-1420-1244,Campbell Early Learning Center,'PK,8.176335909,6.489573157,'No
8856 - 0378,15,8856,CO-1420-8856,Three Creeks K-8,'K-8,378,CO-1420-0378,Arvada West High,'9-12,8.202381201,6.342108907,'No
8856 - 9245,16,8856,CO-1420-8856,Three Creeks K-8,'K-8,9245,CO-1420-9245,Warren Tech North,'11-12,8.238234992,6.448116689,'No
8856 - 7114,17,8856,CO-1420-8856,Three Creeks K-8,'K-8,7114,CO-1420-7114,Pomona Junior/Senior High,'6-12,8.275862947,7.160928517,'6-8
8856 - 2866,18,8856,CO-1420-8856,Three Creeks K-8,'K-8,2866,CO-1420-2866,Fairmount Elementary,'K-5,8.418491265,5.892146938,'K-5
8856 - 8209,19,8856,CO-1420-8856,Three Creeks K-8,'K-8,8209,CO-1420-8209,Standley Lake High,'9-12,8.470861879,6.56148669,'No
8856 - 9058,20,8856,CO-1420-8856,Three Creeks K-8,'K-8,9058,CO-1420-9058,Vanderhoof Elementary,'K-5,8.478371868,6.669897804,'K-5
8856 - 5944,21,8856,CO-1420-8856,Three Creeks K-8,'K-8,5944,CO-1420-5944,Mitchell Elementary,'K-5,8.979827733,7.235569833,'K-5
8856 - 2288,22,8856,CO-1420-8856,Three Creeks K-8,'K-8,2288,CO-1420-2288,Drake Middle,'6-8,8.980509233,6.755571723,'6-8
8856 - 3726,23,8856,CO-1420-8856,Three Creeks K-8,'K-8,3726,CO-1420-3726,Hackberry Hill Elementary,'K-5,9.000584986,7.90884887,'K-5
8856 - 7753,24,8856,CO-1420-8856,Three Creeks K-8,'K-8,7753,CO-1420-7753,Semper Elementary,'PK-5,9.178815858,7.519925739,'K-5
8856 - 5222,25,8856,CO-1420-8856,Three Creeks K-8,'K-8,5222,CO-1420-5222,Little Elementary,'K-5,9.199374731,8.181586774,'K-5
8856 - 5454,26,8856,CO-1420-8856,Three Creeks K-8,'K-8,5454,CO-1420-5454,Mandalay Middle,'6-8,9.778933928,7.870276122,'6-8
8856 - 6330,27,8856,CO-1420-8856,Three Creeks K-8,'K-8,6330,CO-1420-6330,North Arvada Middle,'6-8,9.826031695,8.277273753,'6-8
8856 - 0370,28,8856,CO-1420-8856,Three Creeks K-8,'K-8,370,CO-1420-0370,Arvada High,'9-12,9.866393738,8.102492091,'No
8856 - 0030,29,8856,CO-1420-8856,Three Creeks K-8,'K-8,30,CO-1420-0030,Adams Elementary,'PK-5,9.877529736,8.277199831,'K-5
,,,CO-1420-,,',,CO-1420-,,',,,#N/A
9008 - 1522,2,9008,CO-1420-9008,Ute Meadows Elementary,'PK-5,1522,CO-1420-1522,Chatfield High,'9-12,0.739668987,0.571221162,'No
9008 - 2130,3,9008,CO-1420-9008,Ute Meadows Elementary,'PK-5,2130,CO-1420-2130,Deer Creek Middle,'6-8,1.547768951,1.043785721,'No
9008 - 7780,4,9008,CO-1420-9008,Ute Meadows Elementary,'PK-5,7780,CO-1420-7780,Shaffer Elementary,'PK-5,1.861650311,1.046903129,'PK-5
9008 - 8280,5,9008,CO-1420-9008,Ute Meadows Elementary,'PK-5,8280,CO-1420-8280,Stony Creek Elementary,'PK-5,2.008090078,1.274675802,'PK-5
9008 - 8381,6,9008,CO-1420-9008,Ute Meadows Elementary,'PK-5,8381,CO-1420-8381,Summit Ridge Middle,'6-8,2.029904896,1.330254427,'No
9008 - 7128,7,9008,CO-1420-9008,Ute Meadows Elementary,'PK-5,7128,CO-1420-7128,Powderhorn Elementary,'PK-5,2.159791842,1.405659282,'PK-5
9008 - 6133,8,9008,CO-1420-9008,Ute Meadows Elementary,'PK-5,6133,CO-1420-6133,Mortensen Elementary,'PK-5,2.37135537,1.218655828,'PK-5
9008 - 1876,9,9008,CO-1420-9008,Ute Meadows Elementary,'PK-5,1876,CO-1420-1876,Coronado Elementary,'PK-5,2.66899653,1.866651215,'PK-5
9008 - 0950,10,9008,CO-1420-9008,Ute Meadows Elementary,'PK-5,950,CO-1420-0950,Bradford K8 South,'K-4,2.698854768,2.35980908,'K-4
9008 - 9490,11,9008,CO-1420-9008,Ute Meadows Elementary,'PK-5,9490,CO-1420-9490,Westridge Elementary,'K-5,2.737674895,1.968841791,'K-5
9008 - 2963,12,9008,CO-1420-9008,Ute Meadows Elementary,'PK-5,2963,CO-1420-2963,Falcon Bluffs Middle,'6-8,2.832646656,1.829248917,'No
9008 - 1001,13,9008,CO-1420-9008,Ute Meadows Elementary,'PK-5,1001,CO-1420-1001,Warren Tech South,'11-12,2.883600242,1.836572166,'No
9008 - 0952,14,9008,CO-1420-9008,Ute Meadows Elementary,'PK-5,952,CO-1420-0952,Bradford K8 North,'5-8,3.100765723,2.433717102,'5
9008 - 2093,15,9008,CO-1420-9008,Ute Meadows Elementary,'PK-5,2093,CO-1420-2093,Dakota Ridge High,'9-12,3.150153967,2.014898738,'No
9008 - 3536,16,9008,CO-1420-9008,Ute Meadows Elementary,'PK-5,3536,CO-1420-3536,Governor's Ranch Elementary,'PK-5,3.320010857,2.703448402,'PK-5
9008 - 4548,17,9008,CO-1420-9008,Ute Meadows Elementary,'PK-5,4548,CO-1420-4548,Ken Caryl Middle,'6-8,3.342211408,2.764937943,'No
9008 - 2322,18,9008,CO-1420-9008,Ute Meadows Elementary,'PK-5,2322,CO-1420-2322,Dutch Creek Elementary,'PK-5,3.377376507,2.331297734,'PK-5
9008 - 6135,19,9008,CO-1420-9008,Ute Meadows Elementary,'PK-5,6135,CO-1420-6135,Mt. Carbon Elementary,'PK-5,3.633490518,2.234693584,'PK-5
9008 - 6286,20,9008,CO-1420-9008,Ute Meadows Elementary,'PK-5,6286,CO-1420-6286,Normandy Elementary,'PK-5,3.879383796,3.082778574,'PK-5
9008 - 1861,21,9008,CO-1420-9008,Ute Meadows Elementary,'PK-5,1861,CO-1420-1861,Columbine Hills Elementary,'PK-5,3.900222108,3.276738777,'PK-5
9008 - 1864,22,9008,CO-1420-9008,Ute Meadows Elementary,'PK-5,1864,CO-1420-1864,Columbine High,'9-12,3.959141598,2.841350843,'No
9008 - 5036,23,9008,CO-1420-9008,Ute Meadows Elementary,'PK-5,5036,CO-1420-5036,Leawood Elementary,'PK-5,4.303023465,3.32372379,'PK-5
9008 - 2120,24,9008,CO-1420-9008,Ute Meadows Elementary,'PK-5,2120,CO-1420-2120,D'Evelyn Junior/Senior,'6-12,4.825726127,4.050509047,'No
9008 - 4549,25,9008,CO-1420-9008,Ute Meadows Elementary,'PK-5,4549,CO-1420-4549,Kendallvue Elementary,'PK-5,5.007084328,3.527972193,'PK-5
9008 - 0951,26,9008,CO-1420-9008,Ute Meadows Elementary,'PK-5,951,CO-1420-0951,Blue Heron Elementary,'PK-5,5.311488989,3.710755055,'PK-5
9008 - 0664,27,9008,CO-1420-9008,Ute Meadows Elementary,'PK-5,664,CO-1420-0664,Bear Creek High,'9-12,5.596178195,5.077258653,'No
9008 - 0660,28,9008,CO-1420-9008,Ute Meadows Elementary,'PK-5,660,CO-1420-0660,Bear Creek K-8,'K-8,6.125671009,5.261053756,'K-5
9008 - 9412,29,9008,CO-1420-9008,Ute Meadows Elementary,'PK-5,9412,CO-1420-9412,Westgate Elementary,'PK-5,7.053596393,5.998572766,'PK-5
9008 - 1318,30,9008,CO-1420-9008,Ute Meadows Elementary,'PK-5,1318,CO-1420-1318,Carmody Middle,'6-8,7.148285199,6.555141514,'No
9008 - 7282,31,9008,CO-1420-9008,Ute Meadows Elementary,'PK-5,7282,CO-1420-7282,Red Rocks Elementary,'K-5,8.068673283,6.378237247,'K-5
9008 - 3622,32,9008,CO-1420-9008,Ute Meadows Elementary,'PK-5,3622,CO-1420-3622,Green Gables Elementary,'PK-5,8.191100032,6.633446496,'PK-5
9008 - 2300,33,9008,CO-1420-9008,Ute Meadows Elementary,'PK-5,2300,CO-1420-2300,Dunstan Middle,'6-8,8.375040372,6.923894674,'No
9008 - 4550,34,9008,CO-1420-9008,Ute Meadows Elementary,'PK-5,4550,CO-1420-4550,Kendrick Lakes Elementary,'PK-5,8.404228956,7.449615799,'PK-5
9008 - 2194,35,9008,CO-1420-9008,Ute Meadows Elementary,'PK-5,2194,CO-1420-2194,Devinny Elementary,'K-5,8.510954022,7.03009315,'K-5
9008 - 4190,36,9008,CO-1420-9008,Ute Meadows Elementary,'PK-5,4190,CO-1420-4190,Hutchinson Elementary,'PK-5,8.654321825,6.750860237,'PK-5
9008 - 7483,37,9008,CO-1420-9008,Ute Meadows Elementary,'PK-5,7483,CO-1420-7483,Rooney Ranch Elementary,'K-5,8.859180805,6.583982509,'K-5
9008 - 0108,38,9008,CO-1420-9008,Ute Meadows Elementary,'PK-5,108,CO-1420-0108,Alameda Intl Junior/Senior High,'7-12,8.92462535,7.721874689,'No
9008 - 6808,39,9008,CO-1420-9008,Ute Meadows Elementary,'PK-5,6808,CO-1420-6808,Patterson Elementary,'PK-6,8.965662091,7.641200429,'PK-5
9008 - 0724,40,9008,CO-1420-9008,Ute Meadows Elementary,'PK-5,724,CO-1420-0724,Belmar School of Integrated Arts,'K-5,9.1129879,8.106078998,'K-5
9008 - 3628,41,9008,CO-1420-9008,Ute Meadows Elementary,'PK-5,3628,CO-1420-3628,Green Mountain High,'9-12,9.187371017,7.600787276,'No
9008 - 5004,42,9008,CO-1420-9008,Ute Meadows Elementary,'PK-5,5004,CO-1420-5004,Lasley Elementary,'K-6,9.426039663,7.904393897,'K-5
9008 - 3025,43,9008,CO-1420-9008,Ute Meadows Elementary,'PK-5,3025,CO-1420-3025,Foothills Elementary,'PK-5,9.590944574,8.219761022,'PK-5
9008 - 1976,44,9008,CO-1420-9008,Ute Meadows Elementary,'PK-5,1976,CO-1420-1976,Creighton Middle,'6-8,9.961658137,9.162662363,'No
,,,CO-1420-,,',,CO-1420-,,',,,#N/A
9052 - 7239,2,9052,CO-1420-9052,Van Arsdale Elementary,'PK-5,7239,CO-1420-7239,Ralston Valley High,'9-12,1.056091037,0.700426334,'No
9052 - 6470,3,9052,CO-1420-9052,Van Arsdale Elementary,'PK-5,6470,CO-1420-6470,Oberon Middle,'6-8,1.871078143,1.435483565,'No
9052 - 8300,4,9052,CO-1420-9052,Van Arsdale Elementary,'PK-5,8300,CO-1420-8300,Stott Elementary,'PK-5,2.009373407,1.228026387,'PK-5
9052 - 3216,5,9052,CO-1420-9052,Van Arsdale Elementary,'PK-5,3216,CO-1420-3216,Fremont Elementary,'K-5,2.348435151,1.650230133,'K-5
9052 - 7870,6,9052,CO-1420-9052,Van Arsdale Elementary,'PK-5,7870,CO-1420-7870,Sierra Elementary,'PK-5,2.362486647,1.523689185,'PK-5
9052 - 9429,7,9052,CO-1420-9052,Van Arsdale Elementary,'PK-5,9429,CO-1420-9429,West Woods Elementary,'K-5,2.567656836,2.105104368,'K-5
9052 - 1244,8,9052,CO-1420-9052,Van Arsdale Elementary,'PK-5,1244,CO-1420-1244,Campbell Early Learning Center,'PK,2.802939716,1.994712359,'PK
9052 - 5758,9,9052,CO-1420-9052,Van Arsdale Elementary,'PK-5,5758,CO-1420-5758,Meiklejohn Elementary,'PK-5,2.812055591,0.977587909,'PK-5
9052 - 0378,10,9052,CO-1420-9052,Van Arsdale Elementary,'PK-5,378,CO-1420-0378,Arvada West High,'9-12,2.911507189,1.968167175,'No
9052 - 9245,11,9052,CO-1420-9052,Van Arsdale Elementary,'PK-5,9245,CO-1420-9245,Warren Tech North,'11-12,2.94736098,2.079020976,'No
9052 - 9058,12,9052,CO-1420-9052,Van Arsdale Elementary,'PK-5,9058,CO-1420-9058,Vanderhoof Elementary,'K-5,3.257009456,2.388085807,'K-5
9052 - 9328,13,9052,CO-1420-9052,Van Arsdale Elementary,'PK-5,9328,CO-1420-9328,Weber Elementary,'PK-5,3.702650248,3.033996423,'PK-5
9052 - 9232,14,9052,CO-1420-9052,Van Arsdale Elementary,'PK-5,9232,CO-1420-9232,Warder Elementary,'PK-5,3.79228559,3.01300452,'PK-5
9052 - 2288,15,9052,CO-1420-9052,Van Arsdale Elementary,'PK-5,2288,CO-1420-2288,Drake Middle,'6-8,3.795115872,2.997959954,'No
9052 - 7114,16,9052,CO-1420-9052,Van Arsdale Elementary,'PK-5,7114,CO-1420-7114,Pomona Junior/Senior High,'6-12,4.2352497,3.360857377,'No
9052 - 2866,17,9052,CO-1420-9052,Van Arsdale Elementary,'PK-5,2866,CO-1420-2866,Fairmount Elementary,'K-5,4.632787237,3.530356527,'K-5
9052 - 3726,18,9052,CO-1420-9052,Van Arsdale Elementary,'PK-5,3726,CO-1420-3726,Hackberry Hill Elementary,'K-5,4.634827107,3.691546819,'K-5
9052 - 6330,19,9052,CO-1420-9052,Van Arsdale Elementary,'PK-5,6330,CO-1420-6330,North Arvada Middle,'6-8,4.727543933,3.968727992,'No
9052 - 0370,20,9052,CO-1420-9052,Van Arsdale Elementary,'PK-5,370,CO-1420-0370,Arvada High,'9-12,4.758749158,3.625610033,'No
9052 - 5024,21,9052,CO-1420-9052,Van Arsdale Elementary,'PK-5,5024,CO-1420-5024,Lawrence Elementary,'K-5,5.37489607,4.117270244,'K-5
9052 - 7708,22,9052,CO-1420-9052,Van Arsdale Elementary,'PK-5,7708,CO-1420-7708,Secrest Elementary,'PK-5,5.376330953,4.245362972,'PK-5
9052 - 8432,23,9052,CO-1420-9052,Van Arsdale Elementary,'PK-5,8432,CO-1420-8432,Swanson Elementary,'K-5,5.458443848,4.580364213,'K-5
9052 - 8856,24,9052,CO-1420-9052,Van Arsdale Elementary,'PK-5,8856,CO-1420-8856,Three Creeks K-8,'K-8,5.495332109,4.507357172,'K-5
9052 - 5222,25,9052,CO-1420-9052,Van Arsdale Elementary,'PK-5,5222,CO-1420-5222,Little Elementary,'K-5,5.540095843,4.439236914,'K-5
9052 - 6285,26,9052,CO-1420-9052,Van Arsdale Elementary,'PK-5,6285,CO-1420-6285,Norma Anderson Early Learning Center,'PK,5.576560973,4.097853651,'PK
9052 - 7753,27,9052,CO-1420-9052,Van Arsdale Elementary,'PK-5,7753,CO-1420-7753,Semper Elementary,'PK-5,5.921458458,4.461477666,'PK-5
9052 - 6848,28,9052,CO-1420-9052,Van Arsdale Elementary,'PK-5,6848,CO-1420-6848,Peak Expeditionary-Pennington,'PK-5,5.98138415,4.250535253,'PK-5
9052 - 5472,29,9052,CO-1420-9052,Van Arsdale Elementary,'PK-5,5472,CO-1420-5472,Manning,'6-8,6.053288452,5.038274087,'No
9052 - 5524,30,9052,CO-1420-9052,Van Arsdale Elementary,'PK-5,5524,CO-1420-5524,Maple Grove Elementary,'PK-5,6.143778629,5.117092956,'PK-5
9052 - 3088,31,9052,CO-1420-9052,Van Arsdale Elementary,'PK-5,3088,CO-1420-3088,Foster Dual Language PK-8 School,'PK-8,6.28438167,4.744597617,'PK-5
9052 - 5350,32,9052,CO-1420-9052,Van Arsdale Elementary,'PK-5,5350,CO-1420-5350,Lukas Elementary,'K-5,6.324715033,3.629146838,'K-5
9052 - 2820,33,9052,CO-1420-9052,Van Arsdale Elementary,'PK-5,2820,CO-1420-2820,Everitt Middle,'6-8,6.379558075,4.849403366,'No
9052 - 5454,34,9052,CO-1420-9052,Van Arsdale Elementary,'PK-5,5454,CO-1420-5454,Mandalay Middle,'6-8,6.521576528,4.771490875,'No
9052 - 0030,35,9052,CO-1420-9052,Van Arsdale Elementary,'PK-5,30,CO-1420-0030,Adams Elementary,'PK-5,6.620172336,5.024297284,'PK-5
9052 - 8209,36,9052,CO-1420-9052,Van Arsdale Elementary,'PK-5,8209,CO-1420-8209,Standley Lake High,'9-12,6.624132213,4.353070281,'No
9052 - 9299,37,9052,CO-1420-9052,Van Arsdale Elementary,'PK-5,9299,CO-1420-9299,Wayne Carle Middle,'6-8,6.632679364,3.598744341,'No
9052 - 8276,38,9052,CO-1420-9052,Van Arsdale Elementary,'PK-5,8276,CO-1420-8276,Stober Elementary,'K-5,6.913987542,5.706341819,'K-5
9052 - 7190,39,9052,CO-1420-9052,Van Arsdale Elementary,'PK-5,7190,CO-1420-7190,Prospect Valley Elementary,'K-5,6.93959663,4.923908715,'K-5
9052 - 9510,40,9052,CO-1420-9052,Van Arsdale Elementary,'PK-5,9510,CO-1420-9510,Wheat Ridge High,'9-12,7.171586381,5.318012138,'No
9052 - 8036,41,9052,CO-1420-9052,Van Arsdale Elementary,'PK-5,8036,CO-1420-8036,Sobesky Academy,'K-12,7.767569954,5.730836376,'K-5
9052 - 8223,42,9052,CO-1420-9052,Van Arsdale Elementary,'PK-5,8223,CO-1420-8223,Stevens Elementary,'PK-5,7.878936457,5.787908595,'PK-5
9052 - 9342,43,9052,CO-1420-9052,Van Arsdale Elementary,'PK-5,9342,CO-1420-9342,Welchester Elementary,'PK-5,8.123509493,6.972110817,'PK-5
9052 - 7962,44,9052,CO-1420-9052,Van Arsdale Elementary,'PK-5,7962,CO-1420-7962,Slater Elementary,'PK-5,8.473323482,6.33929945,'PK-5
9052 - 5944,45,9052,CO-1420-9052,Van Arsdale Elementary,'PK-5,5944,CO-1420-5944,Mitchell Elementary,'K-5,8.717341841,6.679373846,'K-5
9052 - 2550,46,9052,CO-1420-9052,Van Arsdale Elementary,'PK-5,2550,CO-1420-2550,Eiber Elementary,'PK-5,8.800002935,7.011759989,'PK-5
9052 - 3201,47,9052,CO-1420-9052,Van Arsdale Elementary,'PK-5,3201,CO-1420-3201,Free Horizon Montessori,'PK-8,8.807193686,7.163793207,'PK-5
9052 - 3502,48,9052,CO-1420-9052,Van Arsdale Elementary,'PK-5,3502,CO-1420-3502,Golden High,'9-12,9.052822821,7.058927443,'No
9052 - 7529,49,9052,CO-1420-9052,Van Arsdale Elementary,'PK-5,7529,CO-1420-7529,Ryan Elementary,'PK-5,9.056900827,6.762825112,'PK-5
9052 - 4422,50,9052,CO-1420-9052,Van Arsdale Elementary,'PK-5,4422,CO-1420-4422,Jefferson Junior/Senior High,'7-12,9.15586348,6.959569679,'No
9052 - 5354,51,9052,CO-1420-9052,Van Arsdale Elementary,'PK-5,5354,CO-1420-5354,Lumberg Elementary,'PK-6,9.372250043,7.101242048,'PK-5
9052 - 4942,52,9052,CO-1420-9052,Van Arsdale Elementary,'PK-5,4942,CO-1420-4942,Lakewood High,'9-12,9.403984936,7.629458817,'No
9052 - 4830,53,9052,CO-1420-9052,Van Arsdale Elementary,'PK-5,4830,CO-1420-4830,Kyffin Elementary,'PK-5,9.665341164,7.943941107,'PK-5
9052 - 0694,54,9052,CO-1420-9052,Van Arsdale Elementary,'PK-5,694,CO-1420-0694,Bell Middle,'6-8,9.693151615,7.356763175,'No
9052 - 5892,55,9052,CO-1420-9052,Van Arsdale Elementary,'PK-5,5892,CO-1420-5892,Fletcher Miller Special,'PK-12,9.837193813,8.144375371,'PK-5
9052 - 4798,56,9052,CO-1420-9052,Van Arsdale Elementary,'PK-5,4798,CO-1420-4798,Connections Learning Center,'6-8,9.89138336,7.267870405,'No
9052 - 9432,57,9052,CO-1420-9052,Van Arsdale Elementary,'PK-5,9432,CO-1420-9432,Dennison Elementary,'K-6,9.917520666,8.057988029,'K-5
9052 - 2496,58,9052,CO-1420-9052,Van Arsdale Elementary,'PK-5,2496,CO-1420-2496,Edgewater Elementary,'PK-6,9.94940177,7.491575134,'PK-5
,,,CO-1420-,,',,CO-1420-,,',,,#N/A
9058 - 9245,2,9058,CO-1420-9058,Vanderhoof Elementary,'K-5,9245,CO-1420-9245,Warren Tech North,'11-12,0.560924816,0.377783815,'No
9058 - 0378,3,9058,CO-1420-9058,Vanderhoof Elementary,'K-5,378,CO-1420-0378,Arvada West High,'9-12,0.591070279,0.469610948,'No
9058 - 3216,4,9058,CO-1420-9058,Vanderhoof Elementary,'K-5,3216,CO-1420-3216,Fremont Elementary,'K-5,0.944069262,0.73904691,'K-5
9058 - 1244,5,9058,CO-1420-9058,Vanderhoof Elementary,'K-5,1244,CO-1420-1244,Campbell Early Learning Center,'PK,1.305729674,0.962386656,'No
9058 - 2288,6,9058,CO-1420-9058,Vanderhoof Elementary,'K-5,2288,CO-1420-2288,Drake Middle,'6-8,1.636838484,1.185239073,'No
9058 - 8300,7,9058,CO-1420-9058,Vanderhoof Elementary,'K-5,8300,CO-1420-8300,Stott Elementary,'PK-5,1.70409638,1.249001113,'K-5
9058 - 6470,8,9058,CO-1420-9058,Vanderhoof Elementary,'K-5,6470,CO-1420-6470,Oberon Middle,'6-8,2.393968523,1.908601326,'No
9058 - 5024,9,9058,CO-1420-9058,Vanderhoof Elementary,'K-5,5024,CO-1420-5024,Lawrence Elementary,'K-5,2.497284307,2.191166247,'K-5
9058 - 6848,10,9058,CO-1420-9058,Vanderhoof Elementary,'K-5,6848,CO-1420-6848,Peak Expeditionary-Pennington,'PK-5,2.72877046,1.866436156,'K-5
9058 - 6285,11,9058,CO-1420-9058,Vanderhoof Elementary,'K-5,6285,CO-1420-6285,Norma Anderson Early Learning Center,'PK,2.988195681,1.743599095,'No
9058 - 2820,12,9058,CO-1420-9058,Vanderhoof Elementary,'K-5,2820,CO-1420-2820,Everitt Middle,'6-8,3.126944385,2.464549733,'No
9058 - 0370,13,9058,CO-1420-9058,Vanderhoof Elementary,'K-5,370,CO-1420-0370,Arvada High,'9-12,3.212297827,2.399967732,'No
9058 - 9052,14,9058,CO-1420-9058,Vanderhoof Elementary,'K-5,9052,CO-1420-9052,Van Arsdale Elementary,'PK-5,3.257009456,2.388085807,'K-5
9058 - 7870,15,9058,CO-1420-9058,Vanderhoof Elementary,'K-5,7870,CO-1420-7870,Sierra Elementary,'PK-5,3.320101512,2.445850779,'K-5
9058 - 3088,16,9058,CO-1420-9058,Vanderhoof Elementary,'K-5,3088,CO-1420-3088,Foster Dual Language PK-8 School,'PK-8,3.493386658,2.767100526,'K-5
9058 - 7708,17,9058,CO-1420-9058,Vanderhoof Elementary,'K-5,7708,CO-1420-7708,Secrest Elementary,'PK-5,3.749112571,2.933179571,'K-5
9058 - 2866,18,9058,CO-1420-9058,Vanderhoof Elementary,'K-5,2866,CO-1420-2866,Fairmount Elementary,'K-5,3.87287099,2.938932271,'K-5
9058 - 5472,19,9058,CO-1420-9058,Vanderhoof Elementary,'K-5,5472,CO-1420-5472,Manning,'6-8,3.895011064,3.168834753,'No
9058 - 9510,20,9058,CO-1420-9058,Vanderhoof Elementary,'K-5,9510,CO-1420-9510,Wheat Ridge High,'9-12,3.918972691,2.934809186,'No
9058 - 5524,21,9058,CO-1420-9058,Vanderhoof Elementary,'K-5,5524,CO-1420-5524,Maple Grove Elementary,'PK-5,3.985501241,3.238974679,'K-5
9058 - 9232,22,9058,CO-1420-9058,Vanderhoof Elementary,'K-5,9232,CO-1420-9232,Warder Elementary,'PK-5,4.251074848,2.95941392,'K-5
9058 - 7239,23,9058,CO-1420-9058,Vanderhoof Elementary,'K-5,7239,CO-1420-7239,Ralston Valley High,'9-12,4.258177106,3.052098453,'No
9058 - 5758,24,9058,CO-1420-9058,Vanderhoof Elementary,'K-5,5758,CO-1420-5758,Meiklejohn Elementary,'PK-5,4.426362302,3.312486389,'K-5
9058 - 7190,25,9058,CO-1420-9058,Vanderhoof Elementary,'K-5,7190,CO-1420-7190,Prospect Valley Elementary,'K-5,4.510521124,2.662119105,'K-5
9058 - 8432,26,9058,CO-1420-9058,Vanderhoof Elementary,'K-5,8432,CO-1420-8432,Swanson Elementary,'K-5,4.575928756,3.531233012,'K-5
9058 - 6330,27,9058,CO-1420-9058,Vanderhoof Elementary,'K-5,6330,CO-1420-6330,North Arvada Middle,'6-8,4.579144371,3.287899287,'No
9058 - 3726,28,9058,CO-1420-9058,Vanderhoof Elementary,'K-5,3726,CO-1420-3726,Hackberry Hill Elementary,'K-5,4.613627222,3.310244915,'K-5
9058 - 9429,29,9058,CO-1420-9058,Vanderhoof Elementary,'K-5,9429,CO-1420-9429,West Woods Elementary,'K-5,4.630516859,3.590852449,'K-5
9058 - 9328,30,9058,CO-1420-9058,Vanderhoof Elementary,'K-5,9328,CO-1420-9328,Weber Elementary,'PK-5,4.665485522,3.450493807,'K-5
9058 - 8036,31,9058,CO-1420-9058,Vanderhoof Elementary,'K-5,8036,CO-1420-8036,Sobesky Academy,'K-12,4.683053735,3.458616002,'K-5
9058 - 8276,32,9058,CO-1420-9058,Vanderhoof Elementary,'K-5,8276,CO-1420-8276,Stober Elementary,'K-5,4.755710154,3.575957541,'K-5
9058 - 8223,33,9058,CO-1420-9058,Vanderhoof Elementary,'K-5,8223,CO-1420-8223,Stevens Elementary,'PK-5,4.794420237,3.493782279,'K-5
9058 - 7114,34,9058,CO-1420-9058,Vanderhoof Elementary,'K-5,7114,CO-1420-7114,Pomona Junior/Senior High,'6-12,5.198084974,3.785948812,'No
9058 - 7962,35,9058,CO-1420-9058,Vanderhoof Elementary,'K-5,7962,CO-1420-7962,Slater Elementary,'PK-5,5.220709792,3.953639497,'K-5
9058 - 2550,36,9058,CO-1420-9058,Vanderhoof Elementary,'K-5,2550,CO-1420-2550,Eiber Elementary,'PK-5,5.547389246,4.677826882,'K-5
9058 - 9342,37,9058,CO-1420-9058,Vanderhoof Elementary,'K-5,9342,CO-1420-9342,Welchester Elementary,'PK-5,5.965232105,4.97633608,'K-5
9058 - 4422,38,9058,CO-1420-9058,Vanderhoof Elementary,'K-5,4422,CO-1420-4422,Jefferson Junior/Senior High,'7-12,6.07134726,4.590575657,'No
9058 - 4942,39,9058,CO-1420-9058,Vanderhoof Elementary,'K-5,4942,CO-1420-4942,Lakewood High,'9-12,6.151371247,5.318727987,'No
9058 - 5354,40,9058,CO-1420-9058,Vanderhoof Elementary,'K-5,5354,CO-1420-5354,Lumberg Elementary,'PK-6,6.287733823,4.734538936,'K-5
9058 - 5222,41,9058,CO-1420-9058,Vanderhoof Elementary,'K-5,5222,CO-1420-5222,Little Elementary,'K-5,6.327978135,4.608568729,'K-5
9058 - 5892,42,9058,CO-1420-9058,Vanderhoof Elementary,'K-5,5892,CO-1420-5892,Fletcher Miller Special,'PK-12,6.584580124,5.8563593,'K-5
9058 - 3201,43,9058,CO-1420-9058,Vanderhoof Elementary,'K-5,3201,CO-1420-3201,Free Horizon Montessori,'PK-8,6.648916299,5.619338346,'K-5
9058 - 9432,44,9058,CO-1420-9058,Vanderhoof Elementary,'K-5,9432,CO-1420-9432,Dennison Elementary,'K-6,6.664906976,5.756948661,'K-5
9058 - 6539,45,9058,CO-1420-9058,Vanderhoof Elementary,'K-5,6539,CO-1420-6539,JeffCo Open Elementary,'PK-6,6.872008096,5.307780569,'K-5
9058 - 2496,46,9058,CO-1420-9058,Vanderhoof Elementary,'K-5,2496,CO-1420-2496,Edgewater Elementary,'PK-6,6.891636034,5.169780501,'K-5
9058 - 7753,47,9058,CO-1420-9058,Vanderhoof Elementary,'K-5,7753,CO-1420-7753,Semper Elementary,'PK-5,6.939606012,5.309694068,'K-5
9058 - 1976,48,9058,CO-1420-9058,Vanderhoof Elementary,'K-5,1976,CO-1420-1976,Creighton Middle,'6-8,6.963658784,6.009814739,'No
9058 - 5350,49,9058,CO-1420-9058,Vanderhoof Elementary,'K-5,5350,CO-1420-5350,Lukas Elementary,'K-5,7.342862587,4.957267572,'K-5
9058 - 8102,50,9058,CO-1420-9058,Vanderhoof Elementary,'K-5,8102,CO-1420-8102,South Lakewood Elementary,'K-5,7.402133382,6.087531115,'K-5
9058 - 4830,51,9058,CO-1420-9058,Vanderhoof Elementary,'K-5,4830,CO-1420-4830,Kyffin Elementary,'PK-5,7.507063776,6.092280836,'K-5
9058 - 5454,52,9058,CO-1420-9058,Vanderhoof Elementary,'K-5,5454,CO-1420-5454,Mandalay Middle,'6-8,7.519956618,5.515780427,'No
9058 - 0694,53,9058,CO-1420-9058,Vanderhoof Elementary,'K-5,694,CO-1420-0694,Bell Middle,'6-8,7.534874228,6.06403176,'No
9058 - 0030,54,9058,CO-1420-9058,Vanderhoof Elementary,'K-5,30,CO-1420-0030,Adams Elementary,'PK-5,7.568446297,5.580737687,'K-5
9058 - 8209,55,9058,CO-1420-9058,Vanderhoof Elementary,'K-5,8209,CO-1420-8209,Standley Lake High,'9-12,7.642279767,5.793469413,'No
9058 - 9299,56,9058,CO-1420-9058,Vanderhoof Elementary,'K-5,9299,CO-1420-9299,Wayne Carle Middle,'6-8,7.650826917,5.18245226,'No
9058 - 5944,57,9058,CO-1420-9058,Vanderhoof Elementary,'K-5,5944,CO-1420-5944,Mitchell Elementary,'K-5,7.908723776,6.324722375,'K-5
9058 - 4798,58,9058,CO-1420-9058,Vanderhoof Elementary,'K-5,4798,CO-1420-4798,Connections Learning Center,'6-8,8.029259094,6.056364531,'No
9058 - 3502,59,9058,CO-1420-9058,Vanderhoof Elementary,'K-5,3502,CO-1420-3502,Golden High,'9-12,8.16345535,6.109718553,'No
9058 - 0724,60,9058,CO-1420-9058,Vanderhoof Elementary,'K-5,724,CO-1420-0724,Belmar School of Integrated Arts,'K-5,8.250552364,7.137857967,'K-5
9058 - 9234,61,9058,CO-1420-9058,Vanderhoof Elementary,'K-5,9234,CO-1420-9234,Warren Tech Central,'11-12,8.287419782,6.197930155,'No
9058 - 8856,62,9058,CO-1420-9058,Vanderhoof Elementary,'K-5,8856,CO-1420-8856,Three Creeks K-8,'K-8,8.478371868,6.669897804,'K-5
9058 - 0033,63,9058,CO-1420-9058,Vanderhoof Elementary,'K-5,33,CO-1420-0033,McLain Community High School,'9-12,8.51461307,6.259913597,'No
9058 - 5623,64,9058,CO-1420-9058,Vanderhoof Elementary,'K-5,5623,CO-1420-5623,Long View,'10-12,8.590672074,6.383966657,'No
9058 - 7468,65,9058,CO-1420-9058,Vanderhoof Elementary,'K-5,7468,CO-1420-7468,Rose Stein International Elementary,'PK-6,8.594689626,6.622650466,'K-5
9058 - 4550,66,9058,CO-1420-9058,Vanderhoof Elementary,'K-5,4550,CO-1420-4550,Kendrick Lakes Elementary,'PK-5,8.609575307,7.746620007,'K-5
9058 - 3025,67,9058,CO-1420-9058,Vanderhoof Elementary,'K-5,3025,CO-1420-3025,Foothills Elementary,'PK-5,8.986390192,7.011630002,'K-5
9058 - 6808,68,9058,CO-1420-9058,Vanderhoof Elementary,'K-5,6808,CO-1420-6808,Patterson Elementary,'PK-6,9.021213621,7.70817511,'K-5
9058 - 7833,69,9058,CO-1420-9058,Vanderhoof Elementary,'K-5,7833,CO-1420-7833,Shelton Elementary,'PK-5,9.16024471,7.292489046,'K-5
9058 - 3628,70,9058,CO-1420-9058,Vanderhoof Elementary,'K-5,3628,CO-1420-3628,Green Mountain High,'9-12,9.567228145,7.614416847,'No
9058 - 8090,71,9058,CO-1420-9058,Vanderhoof Elementary,'K-5,8090,CO-1420-8090,Deane Elementary,'PK-6,9.68144497,7.485503407,'K-5
9058 - 0108,72,9058,CO-1420-9058,Vanderhoof Elementary,'K-5,108,CO-1420-0108,Alameda Intl Junior/Senior High,'7-12,9.705117904,7.919188239,'No
9058 - 1318,73,9058,CO-1420-9058,Vanderhoof Elementary,'K-5,1318,CO-1420-1318,Carmody Middle,'6-8,9.714651833,8.580953377,'No
9058 - 2194,74,9058,CO-1420-9058,Vanderhoof Elementary,'K-5,2194,CO-1420-2194,Devinny Elementary,'K-5,9.773793921,8.115503232,'K-5
9058 - 2300,75,9058,CO-1420-9058,Vanderhoof Elementary,'K-5,2300,CO-1420-2300,Dunstan Middle,'6-8,9.897547502,8.212822163,'No
9058 - 3622,76,9058,CO-1420-9058,Vanderhoof Elementary,'K-5,3622,CO-1420-3622,Green Gables Elementary,'PK-5,9.982360903,8.743291623,'K-5
,,,CO-1420-,,',,CO-1420-,,',,,#N/A
9232 - 9328,2,9232,CO-1420-9232,Warder Elementary,'PK-5,9328,CO-1420-9328,Weber Elementary,'PK-5,1.290734052,0.673606132,'PK-5
9232 - 3726,3,9232,CO-1420-9232,Warder Elementary,'PK-5,3726,CO-1420-3726,Hackberry Hill Elementary,'K-5,1.359166209,0.710305664,'K-5
9232 - 7114,4,9232,CO-1420-9232,Warder Elementary,'PK-5,7114,CO-1420-7114,Pomona Junior/Senior High,'6-12,1.498236466,0.910059924,'No
9232 - 7870,5,9232,CO-1420-9232,Warder Elementary,'PK-5,7870,CO-1420-7870,Sierra Elementary,'PK-5,2.021909455,1.522358833,'PK-5
9232 - 6330,6,9232,CO-1420-9232,Warder Elementary,'PK-5,6330,CO-1420-6330,North Arvada Middle,'6-8,2.195047021,1.11163705,'No
9232 - 0370,7,9232,CO-1420-9232,Warder Elementary,'PK-5,370,CO-1420-0370,Arvada High,'9-12,2.312524904,1.522998806,'No
9232 - 5222,8,9232,CO-1420-9232,Warder Elementary,'PK-5,5222,CO-1420-5222,Little Elementary,'K-5,2.409691715,1.661962813,'K-5
9232 - 6470,9,9232,CO-1420-9232,Warder Elementary,'PK-5,6470,CO-1420-6470,Oberon Middle,'6-8,2.841910786,1.638291957,'No
9232 - 1244,10,9232,CO-1420-9232,Warder Elementary,'PK-5,1244,CO-1420-1244,Campbell Early Learning Center,'PK,2.97593889,2.032296941,'PK
9232 - 7708,11,9232,CO-1420-9232,Warder Elementary,'PK-5,7708,CO-1420-7708,Secrest Elementary,'PK-5,3.002904596,1.907390733,'PK-5
9232 - 8432,12,9232,CO-1420-9232,Warder Elementary,'PK-5,8432,CO-1420-8432,Swanson Elementary,'K-5,3.010003617,1.869846955,'K-5
9232 - 7753,13,9232,CO-1420-9232,Warder Elementary,'PK-5,7753,CO-1420-7753,Semper Elementary,'PK-5,3.080546613,2.472158929,'PK-5
9232 - 5024,14,9232,CO-1420-9232,Warder Elementary,'PK-5,5024,CO-1420-5024,Lawrence Elementary,'K-5,3.317783096,2.675202361,'K-5
9232 - 5454,15,9232,CO-1420-9232,Warder Elementary,'PK-5,5454,CO-1420-5454,Mandalay Middle,'6-8,3.505752791,2.619095884,'No
9232 - 0030,16,9232,CO-1420-9232,Warder Elementary,'PK-5,30,CO-1420-0030,Adams Elementary,'PK-5,3.554242471,2.632536657,'PK-5
9232 - 7239,17,9232,CO-1420-9232,Warder Elementary,'PK-5,7239,CO-1420-7239,Ralston Valley High,'9-12,3.718802397,3.136773818,'No
9232 - 9052,18,9232,CO-1420-9232,Warder Elementary,'PK-5,9052,CO-1420-9052,Van Arsdale Elementary,'PK-5,3.79228559,3.01300452,'PK-5
9232 - 5758,19,9232,CO-1420-9232,Warder Elementary,'PK-5,5758,CO-1420-5758,Meiklejohn Elementary,'PK-5,3.829106797,3.20391864,'PK-5
9232 - 9245,20,9232,CO-1420-9232,Warder Elementary,'PK-5,9245,CO-1420-9245,Warren Tech North,'11-12,3.832646105,2.659671831,'No
9232 - 3216,21,9232,CO-1420-9232,Warder Elementary,'PK-5,3216,CO-1420-3216,Fremont Elementary,'K-5,3.910682115,2.729378414,'K-5
9232 - 0378,22,9232,CO-1420-9232,Warder Elementary,'PK-5,378,CO-1420-0378,Arvada West High,'9-12,3.992657745,2.639683845,'No
9232 - 3088,23,9232,CO-1420-9232,Warder Elementary,'PK-5,3088,CO-1420-3088,Foster Dual Language PK-8 School,'PK-8,4.123108817,3.131771352,'PK-5
9232 - 5350,24,9232,CO-1420-9232,Warder Elementary,'PK-5,5350,CO-1420-5350,Lukas Elementary,'K-5,4.184992983,2.550018813,'K-5
9232 - 9058,25,9232,CO-1420-9232,Warder Elementary,'PK-5,9058,CO-1420-9058,Vanderhoof Elementary,'K-5,4.251074848,2.95941392,'K-5
9232 - 8209,26,9232,CO-1420-9232,Warder Elementary,'PK-5,8209,CO-1420-8209,Standley Lake High,'9-12,4.484410163,3.348088556,'No
9232 - 9299,27,9232,CO-1420-9232,Warder Elementary,'PK-5,9299,CO-1420-9299,Wayne Carle Middle,'6-8,4.492957313,3.009029817,'No
9232 - 8300,28,9232,CO-1420-9232,Warder Elementary,'PK-5,8300,CO-1420-8300,Stott Elementary,'PK-5,4.77377681,3.066289813,'PK-5
9232 - 6848,29,9232,CO-1420-9232,Warder Elementary,'PK-5,6848,CO-1420-6848,Peak Expeditionary-Pennington,'PK-5,5.067249198,3.942423025,'PK-5
9232 - 2288,30,9232,CO-1420-9232,Warder Elementary,'PK-5,2288,CO-1420-2288,Drake Middle,'6-8,5.747698224,4.143501961,'No
9232 - 8036,31,9232,CO-1420-9232,Warder Elementary,'PK-5,8036,CO-1420-8036,Sobesky Academy,'K-12,5.74990966,4.517883602,'K-5
9232 - 6285,32,9232,CO-1420-9232,Warder Elementary,'PK-5,6285,CO-1420-6285,Norma Anderson Early Learning Center,'PK,5.760481193,4.247803418,'PK
9232 - 9429,33,9232,CO-1420-9232,Warder Elementary,'PK-5,9429,CO-1420-9429,West Woods Elementary,'K-5,5.876079386,5.1034642,'K-5
9232 - 8223,34,9232,CO-1420-9232,Warder Elementary,'PK-5,8223,CO-1420-8223,Stevens Elementary,'PK-5,5.887350621,4.637407869,'PK-5
9232 - 2820,35,9232,CO-1420-9232,Warder Elementary,'PK-5,2820,CO-1420-2820,Everitt Middle,'6-8,5.899229897,4.62130545,'No
9232 - 7529,36,9232,CO-1420-9232,Warder Elementary,'PK-5,7529,CO-1420-7529,Ryan Elementary,'PK-5,6.215988981,4.985209207,'PK-5
9232 - 9510,37,9232,CO-1420-9232,Warder Elementary,'PK-5,9510,CO-1420-9510,Wheat Ridge High,'9-12,6.534633745,5.034243197,'No
9232 - 4422,38,9232,CO-1420-9232,Warder Elementary,'PK-5,4422,CO-1420-4422,Jefferson Junior/Senior High,'7-12,7.192995354,6.012572136,'No
9232 - 7190,39,9232,CO-1420-9232,Warder Elementary,'PK-5,7190,CO-1420-7190,Prospect Valley Elementary,'K-5,7.282806636,5.251070932,'K-5
9232 - 5354,40,9232,CO-1420-9232,Warder Elementary,'PK-5,5354,CO-1420-5354,Lumberg Elementary,'PK-6,7.393301696,6.121024006,'PK-5
9232 - 7962,41,9232,CO-1420-9232,Warder Elementary,'PK-5,7962,CO-1420-7962,Slater Elementary,'PK-5,7.429877579,5.875473772,'PK-5
9232 - 2496,42,9232,CO-1420-9232,Warder Elementary,'PK-5,2496,CO-1420-2496,Edgewater Elementary,'PK-6,7.79889322,6.221392985,'PK-5
9232 - 2866,43,9232,CO-1420-9232,Warder Elementary,'PK-5,2866,CO-1420-2866,Fairmount Elementary,'K-5,7.941209787,5.69644673,'K-5
9232 - 5472,44,9232,CO-1420-9232,Warder Elementary,'PK-5,5472,CO-1420-5472,Manning,'6-8,8.005870805,6.059604728,'No
9232 - 5524,45,9232,CO-1420-9232,Warder Elementary,'PK-5,5524,CO-1420-5524,Maple Grove Elementary,'PK-5,8.096360981,6.123561076,'PK-5
9232 - 8856,46,9232,CO-1420-9232,Warder Elementary,'PK-5,8856,CO-1420-8856,Three Creeks K-8,'K-8,8.158043469,7.198790915,'K-5
9232 - 8276,47,9232,CO-1420-9232,Warder Elementary,'PK-5,8276,CO-1420-8276,Stober Elementary,'K-5,8.261989049,6.26718993,'K-5
9232 - 2550,48,9232,CO-1420-9232,Warder Elementary,'PK-5,2550,CO-1420-2550,Eiber Elementary,'PK-5,8.319674758,6.888760961,'PK-5
9232 - 6539,49,9232,CO-1420-9232,Warder Elementary,'PK-5,6539,CO-1420-6539,JeffCo Open Elementary,'PK-6,8.337383988,7.122828106,'PK-5
9232 - 4942,50,9232,CO-1420-9232,Warder Elementary,'PK-5,4942,CO-1420-4942,Lakewood High,'9-12,8.923656758,7.567520056,'No
9232 - 5892,51,9232,CO-1420-9232,Warder Elementary,'PK-5,5892,CO-1420-5892,Fletcher Miller Special,'PK-12,9.356865636,8.142180903,'PK-5
9232 - 9432,52,9232,CO-1420-9232,Warder Elementary,'PK-5,9432,CO-1420-9432,Dennison Elementary,'K-6,9.437192488,8.010787417,'K-5
9232 - 8102,53,9232,CO-1420-9232,Warder Elementary,'PK-5,8102,CO-1420-8102,South Lakewood Elementary,'K-5,9.706141825,8.136509808,'K-5
9232 - 1976,54,9232,CO-1420-9232,Warder Elementary,'PK-5,1976,CO-1420-1976,Creighton Middle,'6-8,9.735944296,8.271967268,'No
9232 - 7468,55,9232,CO-1420-9232,Warder Elementary,'PK-5,7468,CO-1420-7468,Rose Stein International Elementary,'PK-6,9.778960919,8.405366021,'PK-5
9232 - 9342,56,9232,CO-1420-9232,Warder Elementary,'PK-5,9342,CO-1420-9342,Welchester Elementary,'PK-5,9.903158037,7.725115348,'PK-5
9234 - 5623,2,9234,CO-1420-9234,Warren Tech Central,'11-12,5623,CO-1420-5623,Long View,'10-12,0.461115157,0.225451792,'11-12
9234 - 0033,3,9234,CO-1420-9234,Warren Tech Central,'11-12,33,CO-1420-0033,McLain Community High School,'9-12,0.675780612,0.146279593,'11-12
9234 - 4830,4,9234,CO-1420-9234,Warren Tech Central,'11-12,4830,CO-1420-4830,Kyffin Elementary,'PK-5,1.750217436,0.594973193,'No
9234 - 3025,5,9234,CO-1420-9234,Warren Tech Central,'11-12,3025,CO-1420-3025,Foothills Elementary,'PK-5,2.469606482,0.866762177,'No
9234 - 5892,6,9234,CO-1420-9234,Warren Tech Central,'11-12,5892,CO-1420-5892,Fletcher Miller Special,'PK-12,2.645826208,2.183114424,'11-12
9234 - 9432,7,9234,CO-1420-9234,Warren Tech Central,'11-12,9432,CO-1420-9432,Dennison Elementary,'K-6,2.72615306,2.312122972,'No
9234 - 1976,8,9234,CO-1420-9234,Warren Tech Central,'11-12,1976,CO-1420-1976,Creighton Middle,'6-8,2.729261092,2.259913953,'No
9234 - 9342,9,9234,CO-1420-9234,Warren Tech Central,'11-12,9342,CO-1420-9342,Welchester Elementary,'PK-5,2.929931791,1.22162957,'No
9234 - 3201,10,9234,CO-1420-9234,Warren Tech Central,'11-12,3201,CO-1420-3201,Free Horizon Montessori,'PK-8,2.989319561,1.946936231,'No
9234 - 4942,11,9234,CO-1420-9234,Warren Tech Central,'11-12,4942,CO-1420-4942,Lakewood High,'9-12,3.113387586,2.429948434,'11-12
9234 - 3628,12,9234,CO-1420-9234,Warren Tech Central,'11-12,3628,CO-1420-3628,Green Mountain High,'9-12,3.195518986,1.485852286,'11-12
9234 - 2194,13,9234,CO-1420-9234,Warren Tech Central,'11-12,2194,CO-1420-2194,Devinny Elementary,'K-5,3.496770936,2.064694155,'No
9234 - 8102,14,9234,CO-1420-9234,Warren Tech Central,'11-12,8102,CO-1420-8102,South Lakewood Elementary,'K-5,3.503643771,3.001204457,'No
9234 - 2300,15,9234,CO-1420-9234,Warren Tech Central,'11-12,2300,CO-1420-2300,Dunstan Middle,'6-8,3.620524516,2.173367047,'No
9234 - 2550,16,9234,CO-1420-9234,Warren Tech Central,'11-12,2550,CO-1420-2550,Eiber Elementary,'PK-5,3.655938043,2.807669618,'No
9234 - 8276,17,9234,CO-1420-9234,Warren Tech Central,'11-12,8276,CO-1420-8276,Stober Elementary,'K-5,3.754235969,2.665084812,'No
9234 - 0724,18,9234,CO-1420-9234,Warren Tech Central,'11-12,724,CO-1420-0724,Belmar School of Integrated Arts,'K-5,3.827864874,2.706793298,'No
9234 - 0694,19,9234,CO-1420-9234,Warren Tech Central,'11-12,694,CO-1420-0694,Bell Middle,'6-8,3.918581825,2.756701125,'No
9234 - 4550,20,9234,CO-1420-9234,Warren Tech Central,'11-12,4550,CO-1420-4550,Kendrick Lakes Elementary,'PK-5,4.107509464,2.866499083,'No
9234 - 4190,21,9234,CO-1420-9234,Warren Tech Central,'11-12,4190,CO-1420-4190,Hutchinson Elementary,'PK-5,4.199226458,2.347002423,'No
9234 - 6539,22,9234,CO-1420-9234,Warren Tech Central,'11-12,6539,CO-1420-6539,JeffCo Open Elementary,'PK-6,4.386246644,3.715246997,'No
9234 - 4798,23,9234,CO-1420-9234,Warren Tech Central,'11-12,4798,CO-1420-4798,Connections Learning Center,'6-8,4.396368684,3.020589185,'No
9234 - 7190,24,9234,CO-1420-9234,Warren Tech Central,'11-12,7190,CO-1420-7190,Prospect Valley Elementary,'K-5,4.496692679,3.683703965,'No
9234 - 6808,25,9234,CO-1420-9234,Warren Tech Central,'11-12,6808,CO-1420-6808,Patterson Elementary,'PK-6,4.519147779,3.197031709,'No
9234 - 7483,26,9234,CO-1420-9234,Warren Tech Central,'11-12,7483,CO-1420-7483,Rooney Ranch Elementary,'K-5,4.540090769,2.582179339,'No
9234 - 1318,27,9234,CO-1420-9234,Warren Tech Central,'11-12,1318,CO-1420-1318,Carmody Middle,'6-8,4.683145175,3.264055131,'No
9234 - 7468,28,9234,CO-1420-9234,Warren Tech Central,'11-12,7468,CO-1420-7468,Rose Stein International Elementary,'PK-6,4.796692281,3.91144969,'No
9234 - 7833,29,9234,CO-1420-9234,Warren Tech Central,'11-12,7833,CO-1420-7833,Shelton Elementary,'PK-5,4.886540801,3.524069432,'No
9234 - 7962,30,9234,CO-1420-9234,Warren Tech Central,'11-12,7962,CO-1420-7962,Slater Elementary,'PK-5,5.025658796,3.865008015,'No
9234 - 5472,31,9234,CO-1420-9234,Warren Tech Central,'11-12,5472,CO-1420-5472,Manning,'6-8,5.066823753,3.128014163,'No
9234 - 5524,32,9234,CO-1420-9234,Warren Tech Central,'11-12,5524,CO-1420-5524,Maple Grove Elementary,'PK-5,5.15731393,3.049417495,'No
9234 - 3502,33,9234,CO-1420-9234,Warren Tech Central,'11-12,3502,CO-1420-3502,Golden High,'9-12,5.178865681,3.824244274,'11-12
9234 - 0108,34,9234,CO-1420-9234,Warren Tech Central,'11-12,108,CO-1420-0108,Alameda Intl Junior/Senior High,'7-12,5.203052062,3.783756689,'11-12
9234 - 9510,35,9234,CO-1420-9234,Warren Tech Central,'11-12,9510,CO-1420-9510,Wheat Ridge High,'9-12,5.367180445,4.168147272,'11-12
9234 - 8090,36,9234,CO-1420-9234,Warren Tech Central,'11-12,8090,CO-1420-8090,Deane Elementary,'PK-6,5.464165398,4.673821963,'No
9234 - 3622,37,9234,CO-1420-9234,Warren Tech Central,'11-12,3622,CO-1420-3622,Green Gables Elementary,'PK-5,5.47937472,3.839590596,'No
9234 - 2820,38,9234,CO-1420-9234,Warren Tech Central,'11-12,2820,CO-1420-2820,Everitt Middle,'6-8,5.672694092,4.451994583,'No
9234 - 4422,39,9234,CO-1420-9234,Warren Tech Central,'11-12,4422,CO-1420-4422,Jefferson Junior/Senior High,'7-12,6.049383598,4.728459112,'11-12
9234 - 5004,40,9234,CO-1420-9234,Warren Tech Central,'11-12,5004,CO-1420-5004,Lasley Elementary,'K-6,6.065817012,4.689991392,'No
9234 - 0660,41,9234,CO-1420-9234,Warren Tech Central,'11-12,660,CO-1420-0660,Bear Creek K-8,'K-8,6.07834904,4.48400178,'No
9234 - 5354,42,9234,CO-1420-9234,Warren Tech Central,'11-12,5354,CO-1420-5354,Lumberg Elementary,'PK-6,6.087161259,4.785820891,'No
9234 - 0664,43,9234,CO-1420-9234,Warren Tech Central,'11-12,664,CO-1420-0664,Bear Creek High,'9-12,6.103198317,4.430330409,'11-12
9234 - 0965,44,9234,CO-1420-9234,Warren Tech Central,'11-12,965,CO-1420-0965,Brady Exploration School,'10-12,6.225933844,5.13085114,'11-12
9234 - 9412,45,9234,CO-1420-9234,Warren Tech Central,'11-12,9412,CO-1420-9412,Westgate Elementary,'PK-5,6.25465744,4.375121868,'No
9234 - 6285,46,9234,CO-1420-9234,Warren Tech Central,'11-12,6285,CO-1420-6285,Norma Anderson Early Learning Center,'PK,6.518755305,4.684320059,'No
9234 - 6848,47,9234,CO-1420-9234,Warren Tech Central,'11-12,6848,CO-1420-6848,Peak Expeditionary-Pennington,'PK-5,6.568301664,5.062978193,'No
9234 - 2496,48,9234,CO-1420-9234,Warren Tech Central,'11-12,2496,CO-1420-2496,Edgewater Elementary,'PK-6,6.943864676,5.471400365,'No
9234 - 2288,49,9234,CO-1420-9234,Warren Tech Central,'11-12,2288,CO-1420-2288,Drake Middle,'6-8,7.007108793,5.208649752,'No
9234 - 5944,50,9234,CO-1420-9234,Warren Tech Central,'11-12,5944,CO-1420-5944,Mitchell Elementary,'K-5,7.083924276,5.464737805,'No
9234 - 8223,51,9234,CO-1420-9234,Warren Tech Central,'11-12,8223,CO-1420-8223,Stevens Elementary,'PK-5,7.163778161,5.456245749,'No
9234 - 2120,52,9234,CO-1420-9234,Warren Tech Central,'11-12,2120,CO-1420-2120,D'Evelyn Junior/Senior,'6-12,7.344328724,5.257325176,'11-12
9234 - 8036,53,9234,CO-1420-9234,Warren Tech Central,'11-12,8036,CO-1420-8036,Sobesky Academy,'K-12,7.414140916,5.594921348,'11-12
9234 - 2866,54,9234,CO-1420-9234,Warren Tech Central,'11-12,2866,CO-1420-2866,Fairmount Elementary,'K-5,7.720402825,5.234196989,'No
9234 - 7282,55,9234,CO-1420-9234,Warren Tech Central,'11-12,7282,CO-1420-7282,Red Rocks Elementary,'K-5,8.218435221,4.756312136,'No
9234 - 9058,56,9234,CO-1420-9234,Warren Tech Central,'11-12,9058,CO-1420-9058,Vanderhoof Elementary,'K-5,8.287419782,6.197930155,'No
9234 - 5024,57,9234,CO-1420-9234,Warren Tech Central,'11-12,5024,CO-1420-5024,Lawrence Elementary,'K-5,8.379220581,6.656334248,'No
9234 - 3216,58,9234,CO-1420-9234,Warren Tech Central,'11-12,3216,CO-1420-3216,Fremont Elementary,'K-5,8.607150515,6.798220715,'No
9234 - 0378,59,9234,CO-1420-9234,Warren Tech Central,'11-12,378,CO-1420-0378,Arvada West High,'9-12,8.624100715,6.649792252,'11-12
9234 - 9245,60,9234,CO-1420-9234,Warren Tech Central,'11-12,9245,CO-1420-9245,Warren Tech North,'11-12,8.626361083,6.572310452,'11-12
9234 - 3088,61,9234,CO-1420-9234,Warren Tech Central,'11-12,3088,CO-1420-3088,Foster Dual Language PK-8 School,'PK-8,8.851648585,6.632022109,'No
9234 - 8300,62,9234,CO-1420-9234,Warren Tech Central,'11-12,8300,CO-1420-8300,Stott Elementary,'PK-5,8.856815043,6.980040944,'No
9234 - 3536,63,9234,CO-1420-9234,Warren Tech Central,'11-12,3536,CO-1420-3536,Governor's Ranch Elementary,'PK-5,8.896639739,7.061621086,'No
9234 - 1244,64,9234,CO-1420-9234,Warren Tech Central,'11-12,1244,CO-1420-1244,Campbell Early Learning Center,'PK,9.046030586,7.133897398,'No
9234 - 9490,65,9234,CO-1420-9234,Warren Tech Central,'11-12,9490,CO-1420-9490,Westridge Elementary,'K-5,9.391496788,7.192554302,'No
9234 - 4549,66,9234,CO-1420-9234,Warren Tech Central,'11-12,4549,CO-1420-4549,Kendallvue Elementary,'PK-5,9.444557262,5.822367686,'No
9234 - 0370,67,9234,CO-1420-9234,Warren Tech Central,'11-12,370,CO-1420-0370,Arvada High,'9-12,9.751001708,7.739059663,'11-12
9234 - 7708,68,9234,CO-1420-9234,Warren Tech Central,'11-12,7708,CO-1420-7708,Secrest Elementary,'PK-5,9.955483179,7.896537487,'No
9299 - 5350,2,9299,CO-1420-9299,Wayne Carle Middle,'6-8,5350,CO-1420-5350,Lukas Elementary,'K-5,0.769566887,0.58720756,'No
9299 - 8209,3,9299,CO-1420-9299,Wayne Carle Middle,'6-8,8209,CO-1420-8209,Standley Lake High,'9-12,1.298047946,0.784638295,'No
9299 - 7753,4,9299,CO-1420-9299,Wayne Carle Middle,'6-8,7753,CO-1420-7753,Semper Elementary,'PK-5,2.416295707,1.728328302,'No
9299 - 5454,5,9299,CO-1420-9299,Wayne Carle Middle,'6-8,5454,CO-1420-5454,Mandalay Middle,'6-8,2.682076857,2.0604641,'6-8
9299 - 0030,6,9299,CO-1420-9299,Wayne Carle Middle,'6-8,30,CO-1420-0030,Adams Elementary,'PK-5,3.2050473,2.50514818,'No
9299 - 5222,7,9299,CO-1420-9299,Wayne Carle Middle,'6-8,5222,CO-1420-5222,Little Elementary,'K-5,3.609214836,2.851205829,'No
9299 - 7114,8,9299,CO-1420-9299,Wayne Carle Middle,'6-8,7114,CO-1420-7114,Pomona Junior/Senior High,'6-12,3.775716096,2.280691935,'6-8
9299 - 9328,9,9299,CO-1420-9299,Wayne Carle Middle,'6-8,9328,CO-1420-9328,Weber Elementary,'PK-5,3.975170218,2.354269899,'No
9299 - 3726,10,9299,CO-1420-9299,Wayne Carle Middle,'6-8,3726,CO-1420-3726,Hackberry Hill Elementary,'K-5,4.273729479,3.471772559,'No
9299 - 5758,11,9299,CO-1420-9299,Wayne Carle Middle,'6-8,5758,CO-1420-5758,Meiklejohn Elementary,'PK-5,4.279881788,2.904884503,'No
9299 - 7529,12,9299,CO-1420-9299,Wayne Carle Middle,'6-8,7529,CO-1420-7529,Ryan Elementary,'PK-5,4.377254039,3.292152779,'No
9299 - 9232,13,9299,CO-1420-9299,Wayne Carle Middle,'6-8,9232,CO-1420-9232,Warder Elementary,'PK-5,4.492957313,3.009029817,'No
9299 - 7870,14,9299,CO-1420-9299,Wayne Carle Middle,'6-8,7870,CO-1420-7870,Sierra Elementary,'PK-5,4.883329317,2.737150846,'No
9299 - 6330,15,9299,CO-1420-9299,Wayne Carle Middle,'6-8,6330,CO-1420-6330,North Arvada Middle,'6-8,5.045436298,3.947999919,'6-8
9299 - 0370,16,9299,CO-1420-9299,Wayne Carle Middle,'6-8,370,CO-1420-0370,Arvada High,'9-12,5.544157177,4.527150566,'No
9299 - 8432,17,9299,CO-1420-9299,Wayne Carle Middle,'6-8,8432,CO-1420-8432,Swanson Elementary,'K-5,5.973739377,4.704373477,'No
9299 - 7708,18,9299,CO-1420-9299,Wayne Carle Middle,'6-8,7708,CO-1420-7708,Secrest Elementary,'PK-5,6.06211607,4.895342018,'No
9299 - 7239,19,9299,CO-1420-9299,Wayne Carle Middle,'6-8,7239,CO-1420-7239,Ralston Valley High,'9-12,6.187956733,3.098994949,'No
9299 - 6470,20,9299,CO-1420-9299,Wayne Carle Middle,'6-8,6470,CO-1420-6470,Oberon Middle,'6-8,6.241662856,3.274048694,'6-8
9299 - 1244,21,9299,CO-1420-9299,Wayne Carle Middle,'6-8,1244,CO-1420-1244,Campbell Early Learning Center,'PK,6.37569096,4.27250416,'No
9299 - 9052,22,9299,CO-1420-9299,Wayne Carle Middle,'6-8,9052,CO-1420-9052,Van Arsdale Elementary,'PK-5,6.632679364,3.598744341,'No
9299 - 5024,23,9299,CO-1420-9299,Wayne Carle Middle,'6-8,5024,CO-1420-5024,Lawrence Elementary,'K-5,6.813283882,5.641677617,'No
9299 - 3088,24,9299,CO-1420-9299,Wayne Carle Middle,'6-8,3088,CO-1420-3088,Foster Dual Language PK-8 School,'PK-8,7.182320291,6.13365544,'6-8
9299 - 9245,25,9299,CO-1420-9299,Wayne Carle Middle,'6-8,9245,CO-1420-9245,Warren Tech North,'11-12,7.232398174,4.806343282,'No
9299 - 8856,26,9299,CO-1420-9299,Wayne Carle Middle,'6-8,8856,CO-1420-8856,Three Creeks K-8,'K-8,7.253088115,5.884933133,'6-8
9299 - 3216,27,9299,CO-1420-9299,Wayne Carle Middle,'6-8,3216,CO-1420-3216,Fremont Elementary,'K-5,7.310434184,4.595818473,'No
9299 - 0378,28,9299,CO-1420-9299,Wayne Carle Middle,'6-8,378,CO-1420-0378,Arvada West High,'9-12,7.392409814,4.727411346,'No
9299 - 9429,29,9299,CO-1420-9299,Wayne Carle Middle,'6-8,9429,CO-1420-9429,West Woods Elementary,'K-5,7.515194075,5.310387734,'No
9299 - 9058,30,9299,CO-1420-9299,Wayne Carle Middle,'6-8,9058,CO-1420-9058,Vanderhoof Elementary,'K-5,7.650826917,5.18245226,'No
9299 - 8300,31,9299,CO-1420-9299,Wayne Carle Middle,'6-8,8300,CO-1420-8300,Stott Elementary,'PK-5,8.124125153,4.539134116,'No
9299 - 8036,32,9299,CO-1420-9299,Wayne Carle Middle,'6-8,8036,CO-1420-8036,Sobesky Academy,'K-12,8.915352497,7.501947775,'6-8
9299 - 6848,33,9299,CO-1420-9299,Wayne Carle Middle,'6-8,6848,CO-1420-6848,Peak Expeditionary-Pennington,'PK-5,8.966070944,6.676881497,'No
9299 - 8223,34,9299,CO-1420-9299,Wayne Carle Middle,'6-8,8223,CO-1420-8223,Stevens Elementary,'PK-5,9.053545637,7.615148185,'No
9299 - 2288,35,9299,CO-1420-9299,Wayne Carle Middle,'6-8,2288,CO-1420-2288,Drake Middle,'6-8,9.147450293,6.210129137,'6-8
9299 - 6285,36,9299,CO-1420-9299,Wayne Carle Middle,'6-8,6285,CO-1420-6285,Norma Anderson Early Learning Center,'PK,9.484928033,6.82382059,'No
9299 - 2820,37,9299,CO-1420-9299,Wayne Carle Middle,'6-8,2820,CO-1420-2820,Everitt Middle,'6-8,9.623676738,7.365638548,'6-8
9299 - 2866,38,9299,CO-1420-9299,Wayne Carle Middle,'6-8,2866,CO-1420-2866,Fairmount Elementary,'K-5,9.684985747,7.119646414,'No
9328 - 7114,2,9328,CO-1420-9328,Weber Elementary,'PK-5,7114,CO-1420-7114,Pomona Junior/Senior High,'6-12,0.748733259,0.353180851,'No
9328 - 9232,3,9328,CO-1420-9328,Weber Elementary,'PK-5,9232,CO-1420-9232,Warder Elementary,'PK-5,1.290734052,0.673606132,'PK-5
9328 - 3726,4,9328,CO-1420-9328,Weber Elementary,'PK-5,3726,CO-1420-3726,Hackberry Hill Elementary,'K-5,1.505152804,1.158930033,'K-5
9328 - 7870,5,9328,CO-1420-9328,Weber Elementary,'PK-5,7870,CO-1420-7870,Sierra Elementary,'PK-5,1.941113278,1.519066759,'PK-5
9328 - 6330,6,9328,CO-1420-9328,Weber Elementary,'PK-5,6330,CO-1420-6330,North Arvada Middle,'6-8,2.341033616,1.630758563,'No
9328 - 5222,7,9328,CO-1420-9328,Weber Elementary,'PK-5,5222,CO-1420-5222,Little Elementary,'K-5,2.368946745,1.405787177,'K-5
9328 - 0370,8,9328,CO-1420-9328,Weber Elementary,'PK-5,370,CO-1420-0370,Arvada High,'9-12,2.775580502,2.193730814,'No
9328 - 7753,9,9328,CO-1420-9328,Weber Elementary,'PK-5,7753,CO-1420-7753,Semper Elementary,'PK-5,2.83285954,1.871131473,'PK-5
9328 - 6470,10,9328,CO-1420-9328,Weber Elementary,'PK-5,6470,CO-1420-6470,Oberon Middle,'6-8,3.25632146,1.835905356,'No
9328 - 5454,11,9328,CO-1420-9328,Weber Elementary,'PK-5,5454,CO-1420-5454,Mandalay Middle,'6-8,3.258065719,2.065335788,'No
9328 - 8432,12,9328,CO-1420-9328,Weber Elementary,'PK-5,8432,CO-1420-8432,Swanson Elementary,'K-5,3.268821927,2.402834623,'K-5
9328 - 7708,13,9328,CO-1420-9328,Weber Elementary,'PK-5,7708,CO-1420-7708,Secrest Elementary,'PK-5,3.293539395,2.54153195,'PK-5
9328 - 0030,14,9328,CO-1420-9328,Weber Elementary,'PK-5,30,CO-1420-0030,Adams Elementary,'PK-5,3.306555398,2.162390388,'PK-5
9328 - 1244,15,9328,CO-1420-9328,Weber Elementary,'PK-5,1244,CO-1420-1244,Campbell Early Learning Center,'PK,3.390349564,2.492311903,'PK
9328 - 7239,16,9328,CO-1420-9328,Weber Elementary,'PK-5,7239,CO-1420-7239,Ralston Valley High,'9-12,3.629167054,3.0037964,'No
9328 - 5350,17,9328,CO-1420-9328,Weber Elementary,'PK-5,5350,CO-1420-5350,Lukas Elementary,'K-5,3.667205887,1.879115616,'K-5
9328 - 9052,18,9328,CO-1420-9328,Weber Elementary,'PK-5,9052,CO-1420-9052,Van Arsdale Elementary,'PK-5,3.702650248,3.033996423,'PK-5
9328 - 5758,19,9328,CO-1420-9328,Weber Elementary,'PK-5,5758,CO-1420-5758,Meiklejohn Elementary,'PK-5,3.739471455,3.012663176,'PK-5
9328 - 8209,20,9328,CO-1420-9328,Weber Elementary,'PK-5,8209,CO-1420-8209,Standley Lake High,'9-12,3.966623068,2.674567422,'No
9328 - 9299,21,9328,CO-1420-9328,Weber Elementary,'PK-5,9299,CO-1420-9299,Wayne Carle Middle,'6-8,3.975170218,2.354269899,'No
9328 - 5024,22,9328,CO-1420-9328,Weber Elementary,'PK-5,5024,CO-1420-5024,Lawrence Elementary,'K-5,4.044707207,3.348457754,'K-5
9328 - 9245,23,9328,CO-1420-9328,Weber Elementary,'PK-5,9245,CO-1420-9245,Warren Tech North,'11-12,4.247056779,3.11838529,'No
9328 - 3216,24,9328,CO-1420-9328,Weber Elementary,'PK-5,3216,CO-1420-3216,Fremont Elementary,'K-5,4.325092789,3.106009775,'K-5
9328 - 0378,25,9328,CO-1420-9328,Weber Elementary,'PK-5,378,CO-1420-0378,Arvada West High,'9-12,4.407068418,3.079683845,'No
9328 - 3088,26,9328,CO-1420-9328,Weber Elementary,'PK-5,3088,CO-1420-3088,Foster Dual Language PK-8 School,'PK-8,4.413743616,3.801859825,'PK-5
9328 - 9058,27,9328,CO-1420-9328,Weber Elementary,'PK-5,9058,CO-1420-9058,Vanderhoof Elementary,'K-5,4.665485522,3.450493807,'K-5
9328 - 8300,28,9328,CO-1420-9328,Weber Elementary,'PK-5,8300,CO-1420-8300,Stott Elementary,'PK-5,5.188187484,3.343378266,'PK-5
9328 - 6848,29,9328,CO-1420-9328,Weber Elementary,'PK-5,6848,CO-1420-6848,Peak Expeditionary-Pennington,'PK-5,5.948187481,4.578982713,'PK-5
9328 - 7529,30,9328,CO-1420-9328,Weber Elementary,'PK-5,7529,CO-1420-7529,Ryan Elementary,'PK-5,5.968301908,4.400315374,'PK-5
9328 - 8036,31,9328,CO-1420-9328,Weber Elementary,'PK-5,8036,CO-1420-8036,Sobesky Academy,'K-12,6.146775822,5.190950976,'K-5
9328 - 2288,32,9328,CO-1420-9328,Weber Elementary,'PK-5,2288,CO-1420-2288,Drake Middle,'6-8,6.162108897,4.618712606,'No
9328 - 9429,33,9328,CO-1420-9328,Weber Elementary,'PK-5,9429,CO-1420-9429,West Woods Elementary,'K-5,6.215383697,5.136110872,'K-5
9328 - 8223,34,9328,CO-1420-9328,Weber Elementary,'PK-5,8223,CO-1420-8223,Stevens Elementary,'PK-5,6.284968961,5.310845395,'PK-5
9328 - 6285,35,9328,CO-1420-9328,Weber Elementary,'PK-5,6285,CO-1420-6285,Norma Anderson Early Learning Center,'PK,6.499586638,4.850844284,'PK
9328 - 2820,36,9328,CO-1420-9328,Weber Elementary,'PK-5,2820,CO-1420-2820,Everitt Middle,'6-8,6.638335342,5.262777626,'No
9328 - 9510,37,9328,CO-1420-9328,Weber Elementary,'PK-5,9510,CO-1420-9510,Wheat Ridge High,'9-12,7.387005935,5.68393022,'No
9328 - 4422,38,9328,CO-1420-9328,Weber Elementary,'PK-5,4422,CO-1420-4422,Jefferson Junior/Senior High,'7-12,7.590613695,6.686158816,'No
9328 - 5354,39,9328,CO-1420-9328,Weber Elementary,'PK-5,5354,CO-1420-5354,Lumberg Elementary,'PK-6,7.790920036,6.794442694,'PK-5
9328 - 7962,40,9328,CO-1420-9328,Weber Elementary,'PK-5,7962,CO-1420-7962,Slater Elementary,'PK-5,7.829933172,6.539616879,'PK-5
9328 - 8856,41,9328,CO-1420-9328,Weber Elementary,'PK-5,8856,CO-1420-8856,Three Creeks K-8,'K-8,8.007873471,6.937707955,'K-5
9328 - 7190,42,9328,CO-1420-9328,Weber Elementary,'PK-5,7190,CO-1420-7190,Prospect Valley Elementary,'K-5,8.02191208,5.855840926,'K-5
9328 - 2496,43,9328,CO-1420-9328,Weber Elementary,'PK-5,2496,CO-1420-2496,Edgewater Elementary,'PK-6,8.089528019,6.888728967,'PK-5
9328 - 2866,44,9328,CO-1420-9328,Weber Elementary,'PK-5,2866,CO-1420-2866,Fairmount Elementary,'K-5,8.280514098,6.037401838,'K-5
9328 - 5472,45,9328,CO-1420-9328,Weber Elementary,'PK-5,5472,CO-1420-5472,Manning,'6-8,8.420281478,6.599394865,'No
9328 - 5524,46,9328,CO-1420-9328,Weber Elementary,'PK-5,5524,CO-1420-5524,Maple Grove Elementary,'PK-5,8.510771655,6.666187926,'PK-5
9328 - 6539,47,9328,CO-1420-9328,Weber Elementary,'PK-5,6539,CO-1420-6539,JeffCo Open Elementary,'PK-6,8.737439581,7.793630614,'PK-5
9328 - 8276,48,9328,CO-1420-9328,Weber Elementary,'PK-5,8276,CO-1420-8276,Stober Elementary,'K-5,9.001094493,6.862340963,'K-5
9328 - 2550,49,9328,CO-1420-9328,Weber Elementary,'PK-5,2550,CO-1420-2550,Eiber Elementary,'PK-5,9.058780202,7.541866126,'PK-5
9328 - 4942,50,9328,CO-1420-9328,Weber Elementary,'PK-5,4942,CO-1420-4942,Lakewood High,'9-12,9.662762203,8.220311701,'No
9342 - 8276,2,9342,CO-1420-9342,Welchester Elementary,'PK-5,8276,CO-1420-8276,Stober Elementary,'K-5,2.074011695,1.462216302,'K-5
9342 - 3201,3,9342,CO-1420-9342,Welchester Elementary,'PK-5,3201,CO-1420-3201,Free Horizon Montessori,'PK-8,2.460404288,1.793701253,'PK-5
9342 - 4830,4,9342,CO-1420-9342,Welchester Elementary,'PK-5,4830,CO-1420-4830,Kyffin Elementary,'PK-5,2.529877437,1.237075104,'PK-5
9342 - 2550,5,9342,CO-1420-9342,Welchester Elementary,'PK-5,2550,CO-1420-2550,Eiber Elementary,'PK-5,2.645133603,2.128329365,'PK-5
9342 - 5472,6,9342,CO-1420-9342,Welchester Elementary,'PK-5,5472,CO-1420-5472,Manning,'6-8,2.744636076,1.940461876,'No
9342 - 4942,7,9342,CO-1420-9342,Welchester Elementary,'PK-5,4942,CO-1420-4942,Lakewood High,'9-12,2.783733944,2.050167425,'No
9342 - 5892,8,9342,CO-1420-9342,Welchester Elementary,'PK-5,5892,CO-1420-5892,Fletcher Miller Special,'PK-12,2.825423847,2.114959488,'PK-5
9342 - 5524,9,9342,CO-1420-9342,Welchester Elementary,'PK-5,5524,CO-1420-5524,Maple Grove Elementary,'PK-5,2.835126253,1.861111253,'PK-5
9342 - 9432,10,9342,CO-1420-9342,Welchester Elementary,'PK-5,9432,CO-1420-9432,Dennison Elementary,'K-6,2.9057507,2.170184802,'K-5
9342 - 9234,11,9342,CO-1420-9342,Welchester Elementary,'PK-5,9234,CO-1420-9234,Warren Tech Central,'11-12,2.929931791,1.22162957,'No
9342 - 7190,12,9342,CO-1420-9342,Welchester Elementary,'PK-5,7190,CO-1420-7190,Prospect Valley Elementary,'K-5,3.114504164,2.490320837,'K-5
9342 - 1976,13,9342,CO-1420-9342,Welchester Elementary,'PK-5,1976,CO-1420-1976,Creighton Middle,'6-8,3.203287912,2.259195436,'No
9342 - 5623,14,9342,CO-1420-9342,Welchester Elementary,'PK-5,5623,CO-1420-5623,Long View,'10-12,3.281262072,1.413043635,'No
9342 - 0694,15,9342,CO-1420-9342,Welchester Elementary,'PK-5,694,CO-1420-0694,Bell Middle,'6-8,3.346362217,2.704558417,'No
9342 - 0033,16,9342,CO-1420-9342,Welchester Elementary,'PK-5,33,CO-1420-0033,McLain Community High School,'9-12,3.42766997,1.289952147,'No
9342 - 3025,17,9342,CO-1420-9342,Welchester Elementary,'PK-5,3025,CO-1420-3025,Foothills Elementary,'PK-5,3.628902201,2.05153952,'PK-5
9342 - 8102,18,9342,CO-1420-9342,Welchester Elementary,'PK-5,8102,CO-1420-8102,South Lakewood Elementary,'K-5,3.696243778,2.899805031,'K-5
9342 - 7962,19,9342,CO-1420-9342,Welchester Elementary,'PK-5,7962,CO-1420-7962,Slater Elementary,'PK-5,3.715589097,2.992671889,'PK-5
9342 - 4798,20,9342,CO-1420-9342,Welchester Elementary,'PK-5,4798,CO-1420-4798,Connections Learning Center,'6-8,3.840747083,2.919647587,'No
9342 - 9510,21,9342,CO-1420-9342,Welchester Elementary,'PK-5,9510,CO-1420-9510,Wheat Ridge High,'9-12,3.984991929,3.088593729,'No
9342 - 6539,22,9342,CO-1420-9342,Welchester Elementary,'PK-5,6539,CO-1420-6539,JeffCo Open Elementary,'PK-6,4.06223541,3.240888376,'PK-5
9342 - 3628,23,9342,CO-1420-9342,Welchester Elementary,'PK-5,3628,CO-1420-3628,Green Mountain High,'9-12,4.209740154,2.667006459,'No
9342 - 2820,24,9342,CO-1420-9342,Welchester Elementary,'PK-5,2820,CO-1420-2820,Everitt Middle,'6-8,4.290505576,3.317771994,'No
9342 - 2194,25,9342,CO-1420-9342,Welchester Elementary,'PK-5,2194,CO-1420-2194,Devinny Elementary,'K-5,4.41630593,3.210963795,'K-5
9342 - 3502,26,9342,CO-1420-9342,Welchester Elementary,'PK-5,3502,CO-1420-3502,Golden High,'9-12,4.449581017,3.616755802,'No
9342 - 0724,27,9342,CO-1420-9342,Welchester Elementary,'PK-5,724,CO-1420-0724,Belmar School of Integrated Arts,'K-5,4.518954975,3.130648538,'K-5
9342 - 2300,28,9342,CO-1420-9342,Welchester Elementary,'PK-5,2300,CO-1420-2300,Dunstan Middle,'6-8,4.54005951,3.315455481,'No
9342 - 7833,29,9342,CO-1420-9342,Welchester Elementary,'PK-5,7833,CO-1420-7833,Shelton Elementary,'PK-5,4.629153645,3.799047267,'PK-5
9342 - 2288,30,9342,CO-1420-9342,Welchester Elementary,'PK-5,2288,CO-1420-2288,Drake Middle,'6-8,4.684921117,3.998822816,'No
9342 - 4422,31,9342,CO-1420-9342,Welchester Elementary,'PK-5,4422,CO-1420-4422,Jefferson Junior/Senior High,'7-12,4.741207834,3.995996836,'No
9342 - 6285,32,9342,CO-1420-9342,Welchester Elementary,'PK-5,6285,CO-1420-6285,Norma Anderson Early Learning Center,'PK,4.764931916,3.482186979,'PK
9342 - 5354,33,9342,CO-1420-9342,Welchester Elementary,'PK-5,5354,CO-1420-5354,Lumberg Elementary,'PK-6,4.782392322,4.082711733,'PK-5
9342 - 4550,34,9342,CO-1420-9342,Welchester Elementary,'PK-5,4550,CO-1420-4550,Kendrick Lakes Elementary,'PK-5,4.846287916,3.507399088,'PK-5
9342 - 7468,35,9342,CO-1420-9342,Welchester Elementary,'PK-5,7468,CO-1420-7468,Rose Stein International Elementary,'PK-6,4.895912603,3.845210202,'PK-5
9342 - 6848,36,9342,CO-1420-9342,Welchester Elementary,'PK-5,6848,CO-1420-6848,Peak Expeditionary-Pennington,'PK-5,5.186113149,3.89445983,'PK-5
9342 - 4190,37,9342,CO-1420-9342,Welchester Elementary,'PK-5,4190,CO-1420-4190,Hutchinson Elementary,'PK-5,5.213447626,3.537283092,'PK-5
9342 - 6808,38,9342,CO-1420-9342,Welchester Elementary,'PK-5,6808,CO-1420-6808,Patterson Elementary,'PK-6,5.25792623,3.713069842,'PK-5
9342 - 7483,39,9342,CO-1420-9342,Welchester Elementary,'PK-5,7483,CO-1420-7483,Rooney Ranch Elementary,'K-5,5.554311937,3.794041083,'K-5
9342 - 1318,40,9342,CO-1420-9342,Welchester Elementary,'PK-5,1318,CO-1420-1318,Carmody Middle,'6-8,5.602680169,4.116399231,'No
9342 - 2496,41,9342,CO-1420-9342,Welchester Elementary,'PK-5,2496,CO-1420-2496,Edgewater Elementary,'PK-6,5.635688912,4.811704996,'PK-5
9342 - 8223,42,9342,CO-1420-9342,Welchester Elementary,'PK-5,8223,CO-1420-8223,Stevens Elementary,'PK-5,5.791164251,4.492064053,'PK-5
9342 - 2866,43,9342,CO-1420-9342,Welchester Elementary,'PK-5,2866,CO-1420-2866,Fairmount Elementary,'K-5,5.869731461,4.202574484,'K-5
9342 - 0108,44,9342,CO-1420-9342,Welchester Elementary,'PK-5,108,CO-1420-0108,Alameda Intl Junior/Senior High,'7-12,5.941830513,4.208919683,'No
9342 - 9058,45,9342,CO-1420-9342,Welchester Elementary,'PK-5,9058,CO-1420-9058,Vanderhoof Elementary,'K-5,5.965232105,4.97633608,'K-5
9342 - 8090,46,9342,CO-1420-9342,Welchester Elementary,'PK-5,8090,CO-1420-8090,Deane Elementary,'PK-6,5.982667947,4.735633346,'PK-5
9342 - 8036,47,9342,CO-1420-9342,Welchester Elementary,'PK-5,8036,CO-1420-8036,Sobesky Academy,'K-12,6.041527006,4.621723836,'K-5
9342 - 3622,48,9342,CO-1420-9342,Welchester Elementary,'PK-5,3622,CO-1420-3622,Green Gables Elementary,'PK-5,6.219073512,4.55730671,'PK-5
9342 - 3216,49,9342,CO-1420-9342,Welchester Elementary,'PK-5,3216,CO-1420-3216,Fremont Elementary,'K-5,6.284962838,5.58058384,'K-5
9342 - 0378,50,9342,CO-1420-9342,Welchester Elementary,'PK-5,378,CO-1420-0378,Arvada West High,'9-12,6.301913038,5.428698122,'No
9342 - 9245,51,9342,CO-1420-9342,Welchester Elementary,'PK-5,9245,CO-1420-9245,Warren Tech North,'11-12,6.304173407,5.350844289,'No
9342 - 5944,52,9342,CO-1420-9342,Welchester Elementary,'PK-5,5944,CO-1420-5944,Mitchell Elementary,'K-5,6.354639611,5.085818098,'K-5
9342 - 8300,53,9342,CO-1420-9342,Welchester Elementary,'PK-5,8300,CO-1420-8300,Stott Elementary,'PK-5,6.534627367,5.776141303,'PK-5
9342 - 5004,54,9342,CO-1420-9342,Welchester Elementary,'PK-5,5004,CO-1420-5004,Lasley Elementary,'K-6,6.616052182,5.021693632,'K-5
9342 - 0965,55,9342,CO-1420-9342,Welchester Elementary,'PK-5,965,CO-1420-0965,Brady Exploration School,'10-12,6.746164781,5.247894957,'No
9342 - 9412,56,9342,CO-1420-9342,Welchester Elementary,'PK-5,9412,CO-1420-9412,Westgate Elementary,'PK-5,6.994356232,5.171224415,'PK-5
9342 - 5024,57,9342,CO-1420-9342,Welchester Elementary,'PK-5,5024,CO-1420-5024,Lawrence Elementary,'K-5,6.997032066,5.514050105,'K-5
9342 - 0660,58,9342,CO-1420-9342,Welchester Elementary,'PK-5,660,CO-1420-0660,Bear Creek K-8,'K-8,6.997884035,5.43022524,'K-5
9342 - 0664,59,9342,CO-1420-9342,Welchester Elementary,'PK-5,664,CO-1420-0664,Bear Creek High,'9-12,7.022733311,5.43141379,'No
9342 - 1244,60,9342,CO-1420-9342,Welchester Elementary,'PK-5,1244,CO-1420-1244,Campbell Early Learning Center,'PK,7.130746671,5.912799122,'PK
9342 - 3088,61,9342,CO-1420-9342,Welchester Elementary,'PK-5,3088,CO-1420-3088,Foster Dual Language PK-8 School,'PK-8,7.46946007,5.540635481,'PK-5
9342 - 6470,62,9342,CO-1420-9342,Welchester Elementary,'PK-5,6470,CO-1420-6470,Oberon Middle,'6-8,8.025979966,6.882663851,'No
9342 - 9052,63,9342,CO-1420-9342,Welchester Elementary,'PK-5,9052,CO-1420-9052,Van Arsdale Elementary,'PK-5,8.123509493,6.972110817,'PK-5
9342 - 7282,64,9342,CO-1420-9342,Welchester Elementary,'PK-5,7282,CO-1420-7282,Red Rocks Elementary,'K-5,8.229271935,5.914092537,'K-5
9342 - 2120,65,9342,CO-1420-9342,Welchester Elementary,'PK-5,2120,CO-1420-2120,D'Evelyn Junior/Senior,'6-12,8.263863719,6.327719144,'No
9342 - 0370,66,9342,CO-1420-9342,Welchester Elementary,'PK-5,370,CO-1420-0370,Arvada High,'9-12,8.368813192,6.565855769,'No
9342 - 7708,67,9342,CO-1420-9342,Welchester Elementary,'PK-5,7708,CO-1420-7708,Secrest Elementary,'PK-5,8.573294664,6.755555099,'PK-5
9342 - 7870,68,9342,CO-1420-9342,Welchester Elementary,'PK-5,7870,CO-1420-7870,Sierra Elementary,'PK-5,8.952112955,7.419098466,'PK-5
9342 - 7239,69,9342,CO-1420-9342,Welchester Elementary,'PK-5,7239,CO-1420-7239,Ralston Valley High,'9-12,9.124677143,7.668583665,'No
9342 - 9429,70,9342,CO-1420-9342,Welchester Elementary,'PK-5,9429,CO-1420-9429,West Woods Elementary,'K-5,9.357395786,6.868584948,'K-5
9342 - 8432,71,9342,CO-1420-9342,Welchester Elementary,'PK-5,8432,CO-1420-8432,Swanson Elementary,'K-5,9.400110849,7.426590824,'K-5
9342 - 3536,72,9342,CO-1420-9342,Welchester Elementary,'PK-5,3536,CO-1420-3536,Governor's Ranch Elementary,'PK-5,9.816174733,8.105870361,'PK-5
9342 - 6330,73,9342,CO-1420-9342,Welchester Elementary,'PK-5,6330,CO-1420-6330,North Arvada Middle,'6-8,9.828677944,7.609234463,'No
9342 - 3726,74,9342,CO-1420-9342,Welchester Elementary,'PK-5,3726,CO-1420-3726,Hackberry Hill Elementary,'K-5,9.898982426,7.837934658,'K-5
9342 - 9232,75,9342,CO-1420-9342,Welchester Elementary,'PK-5,9232,CO-1420-9232,Warder Elementary,'PK-5,9.903158037,7.725115348,'PK-5
9412 - 0660,2,9412,CO-1420-9412,Westgate Elementary,'PK-5,660,CO-1420-0660,Bear Creek K-8,'K-8,1.353425388,0.872415493,'K-5
9412 - 3622,3,9412,CO-1420-9412,Westgate Elementary,'PK-5,3622,CO-1420-3622,Green Gables Elementary,'PK-5,1.45123951,0.683559593,'PK-5
9412 - 0664,4,9412,CO-1420-9412,Westgate Elementary,'PK-5,664,CO-1420-0664,Bear Creek High,'9-12,1.781118041,1.21804038,'No
9412 - 1318,5,9412,CO-1420-9412,Westgate Elementary,'PK-5,1318,CO-1420-1318,Carmody Middle,'6-8,1.782701218,1.120039616,'No
9412 - 4550,6,9412,CO-1420-9412,Westgate Elementary,'PK-5,4550,CO-1420-4550,Kendrick Lakes Elementary,'PK-5,2.287861432,1.711842902,'PK-5
9412 - 0108,7,9412,CO-1420-9412,Westgate Elementary,'PK-5,108,CO-1420-0108,Alameda Intl Junior/Senior High,'7-12,2.536649005,1.723333067,'No
9412 - 6808,8,9412,CO-1420-9412,Westgate Elementary,'PK-5,6808,CO-1420-6808,Patterson Elementary,'PK-6,2.544448879,1.727558417,'PK-5
9412 - 0724,9,9412,CO-1420-9412,Westgate Elementary,'PK-5,724,CO-1420-0724,Belmar School of Integrated Arts,'K-5,2.691774689,2.288286627,'K-5
9412 - 5004,10,9412,CO-1420-9412,Westgate Elementary,'PK-5,5004,CO-1420-5004,Lasley Elementary,'K-6,3.04033492,2.074800686,'K-5
9412 - 2120,11,9412,CO-1420-9412,Westgate Elementary,'PK-5,2120,CO-1420-2120,D'Evelyn Junior/Senior,'6-12,3.205681967,2.127030174,'No
9412 - 2300,12,9412,CO-1420-9412,Westgate Elementary,'PK-5,2300,CO-1420-2300,Dunstan Middle,'6-8,3.550154434,2.696631867,'No
9412 - 2194,13,9412,CO-1420-9412,Westgate Elementary,'PK-5,2194,CO-1420-2194,Devinny Elementary,'K-5,3.686068085,2.777021892,'K-5
9412 - 4190,14,9412,CO-1420-9412,Westgate Elementary,'PK-5,4190,CO-1420-4190,Hutchinson Elementary,'PK-5,3.829435888,2.95296523,'PK-5
9412 - 7483,15,9412,CO-1420-9412,Westgate Elementary,'PK-5,7483,CO-1420-7483,Rooney Ranch Elementary,'K-5,4.099442556,3.196211641,'K-5
9412 - 1976,16,9412,CO-1420-9412,Westgate Elementary,'PK-5,1976,CO-1420-1976,Creighton Middle,'6-8,4.176186096,3.418584976,'No
9412 - 8102,17,9412,CO-1420-9412,Westgate Elementary,'PK-5,8102,CO-1420-8102,South Lakewood Elementary,'K-5,4.208093649,3.430585391,'K-5
9412 - 8090,18,9412,CO-1420-9412,Westgate Elementary,'PK-5,8090,CO-1420-8090,Deane Elementary,'PK-6,4.215535624,3.064702104,'PK-5
9412 - 5892,19,9412,CO-1420-9412,Westgate Elementary,'PK-5,5892,CO-1420-5892,Fletcher Miller Special,'PK-12,4.285504084,3.575940385,'PK-5
9412 - 7468,20,9412,CO-1420-9412,Westgate Elementary,'PK-5,7468,CO-1420-7468,Rose Stein International Elementary,'PK-6,4.32195037,3.32904446,'PK-5
9412 - 0965,21,9412,CO-1420-9412,Westgate Elementary,'PK-5,965,CO-1420-0965,Brady Exploration School,'10-12,4.327334111,3.032796283,'No
9412 - 3628,22,9412,CO-1420-9412,Westgate Elementary,'PK-5,3628,CO-1420-3628,Green Mountain High,'9-12,4.362485079,3.275351645,'No
9412 - 9432,23,9412,CO-1420-9412,Westgate Elementary,'PK-5,9432,CO-1420-9432,Dennison Elementary,'K-6,4.515473869,3.669166669,'K-5
9412 - 3536,24,9412,CO-1420-9412,Westgate Elementary,'PK-5,3536,CO-1420-3536,Governor's Ranch Elementary,'PK-5,4.547704633,3.388362183,'PK-5
9412 - 3025,25,9412,CO-1420-9412,Westgate Elementary,'PK-5,3025,CO-1420-3025,Foothills Elementary,'PK-5,4.71946012,3.681305447,'PK-5
9412 - 4942,26,9412,CO-1420-9412,Westgate Elementary,'PK-5,4942,CO-1420-4942,Lakewood High,'9-12,4.787139973,4.107490502,'No
9412 - 9490,27,9412,CO-1420-9412,Westgate Elementary,'PK-5,9490,CO-1420-9490,Westridge Elementary,'K-5,5.252850031,4.075471979,'K-5
9412 - 2550,28,9412,CO-1420-9412,Westgate Elementary,'PK-5,2550,CO-1420-2550,Eiber Elementary,'PK-5,5.314821939,4.761062552,'PK-5
9412 - 4549,29,9412,CO-1420-9412,Westgate Elementary,'PK-5,4549,CO-1420-4549,Kendallvue Elementary,'PK-5,5.335712077,4.110744621,'PK-5
9412 - 6539,30,9412,CO-1420-9412,Westgate Elementary,'PK-5,6539,CO-1420-6539,JeffCo Open Elementary,'PK-6,5.397766691,4.482271448,'PK-5
9412 - 0951,31,9412,CO-1420-9412,Westgate Elementary,'PK-5,951,CO-1420-0951,Blue Heron Elementary,'PK-5,6.020401073,4.218735002,'PK-5
9412 - 1864,32,9412,CO-1420-9412,Westgate Elementary,'PK-5,1864,CO-1420-1864,Columbine High,'9-12,6.2070125,4.585827166,'No
9412 - 5036,33,9412,CO-1420-9412,Westgate Elementary,'PK-5,5036,CO-1420-5036,Leawood Elementary,'PK-5,6.207534705,4.541056311,'PK-5
9412 - 9234,34,9412,CO-1420-9412,Westgate Elementary,'PK-5,9234,CO-1420-9234,Warren Tech Central,'11-12,6.25465744,4.375121868,'No
9412 - 7962,35,9412,CO-1420-9412,Westgate Elementary,'PK-5,7962,CO-1420-7962,Slater Elementary,'PK-5,6.304889404,5.693159187,'PK-5
9412 - 7282,36,9412,CO-1420-9412,Westgate Elementary,'PK-5,7282,CO-1420-7282,Red Rocks Elementary,'K-5,6.40107607,5.628765865,'K-5
9412 - 6135,37,9412,CO-1420-9412,Westgate Elementary,'PK-5,6135,CO-1420-6135,Mt. Carbon Elementary,'PK-5,6.409776355,4.645472196,'PK-5
9412 - 8381,38,9412,CO-1420-9412,Westgate Elementary,'PK-5,8381,CO-1420-8381,Summit Ridge Middle,'6-8,6.419639232,5.011076386,'No
9412 - 7128,39,9412,CO-1420-9412,Westgate Elementary,'PK-5,7128,CO-1420-7128,Powderhorn Elementary,'PK-5,6.593774626,5.082877423,'PK-5
9412 - 5623,40,9412,CO-1420-9412,Westgate Elementary,'PK-5,5623,CO-1420-5623,Long View,'10-12,6.605987721,4.379914831,'No
9412 - 4422,41,9412,CO-1420-9412,Westgate Elementary,'PK-5,4422,CO-1420-4422,Jefferson Junior/Senior High,'7-12,6.729513254,5.727608231,'No
9412 - 0033,42,9412,CO-1420-9412,Westgate Elementary,'PK-5,33,CO-1420-0033,McLain Community High School,'9-12,6.752395619,4.450726184,'No
9412 - 5354,43,9412,CO-1420-9412,Westgate Elementary,'PK-5,5354,CO-1420-5354,Lumberg Elementary,'PK-6,6.767290915,5.662689259,'PK-5
9412 - 8280,44,9412,CO-1420-9412,Westgate Elementary,'PK-5,8280,CO-1420-8280,Stony Creek Elementary,'PK-5,6.983766536,5.785275659,'PK-5
9412 - 9342,45,9412,CO-1420-9412,Westgate Elementary,'PK-5,9342,CO-1420-9342,Welchester Elementary,'PK-5,6.994356232,5.171224415,'PK-5
9412 - 2093,46,9412,CO-1420-9412,Westgate Elementary,'PK-5,2093,CO-1420-2093,Dakota Ridge High,'9-12,7.008161388,5.404443193,'No
9412 - 9008,47,9412,CO-1420-9412,Westgate Elementary,'PK-5,9008,CO-1420-9008,Ute Meadows Elementary,'PK-5,7.053596393,5.998572766,'PK-5
9412 - 1001,48,9412,CO-1420-9412,Westgate Elementary,'PK-5,1001,CO-1420-1001,Warren Tech South,'11-12,7.191414731,5.526135546,'No
9412 - 2130,49,9412,CO-1420-9412,Westgate Elementary,'PK-5,2130,CO-1420-2130,Deer Creek Middle,'6-8,7.219693615,5.701723356,'No
9412 - 2322,50,9412,CO-1420-9412,Westgate Elementary,'PK-5,2322,CO-1420-2322,Dutch Creek Elementary,'PK-5,7.30552992,5.688566016,'PK-5
9412 - 6286,51,9412,CO-1420-9412,Westgate Elementary,'PK-5,6286,CO-1420-6286,Normandy Elementary,'PK-5,7.317331746,5.485075679,'PK-5
9412 - 4830,52,9412,CO-1420-9412,Westgate Elementary,'PK-5,4830,CO-1420-4830,Kyffin Elementary,'PK-5,7.357052872,4.930807989,'PK-5
9412 - 1876,53,9412,CO-1420-9412,Westgate Elementary,'PK-5,1876,CO-1420-1876,Coronado Elementary,'PK-5,7.57444001,6.627896078,'PK-5
9412 - 9510,54,9412,CO-1420-9412,Westgate Elementary,'PK-5,9510,CO-1420-9510,Wheat Ridge High,'9-12,7.611763026,6.601304522,'No
9412 - 2496,55,9412,CO-1420-9412,Westgate Elementary,'PK-5,2496,CO-1420-2496,Edgewater Elementary,'PK-6,7.623994333,5.929242452,'PK-5
9412 - 1522,56,9412,CO-1420-9412,Westgate Elementary,'PK-5,1522,CO-1420-1522,Chatfield High,'9-12,7.694520809,6.078188555,'No
9412 - 8276,57,9412,CO-1420-9412,Westgate Elementary,'PK-5,8276,CO-1420-8276,Stober Elementary,'K-5,7.726259127,6.081567526,'K-5
9412 - 4548,58,9412,CO-1420-9412,Westgate Elementary,'PK-5,4548,CO-1420-4548,Ken Caryl Middle,'6-8,7.791940632,6.137428582,'No
9412 - 2820,59,9412,CO-1420-9412,Westgate Elementary,'PK-5,2820,CO-1420-2820,Everitt Middle,'6-8,7.917276674,7.057908985,'No
9412 - 8223,60,9412,CO-1420-9412,Westgate Elementary,'PK-5,8223,CO-1420-8223,Stevens Elementary,'PK-5,7.997414668,7.058639862,'PK-5
9412 - 7190,61,9412,CO-1420-9412,Westgate Elementary,'PK-5,7190,CO-1420-7190,Prospect Valley Elementary,'K-5,8.041285557,6.796742243,'K-5
9412 - 6133,62,9412,CO-1420-9412,Westgate Elementary,'PK-5,6133,CO-1420-6133,Mortensen Elementary,'PK-5,8.168801684,6.804094449,'PK-5
9412 - 7780,63,9412,CO-1420-9412,Westgate Elementary,'PK-5,7780,CO-1420-7780,Shaffer Elementary,'PK-5,8.236933431,6.843977564,'PK-5
9412 - 8036,64,9412,CO-1420-9412,Westgate Elementary,'PK-5,8036,CO-1420-8036,Sobesky Academy,'K-12,8.247777423,7.19920876,'K-5
9412 - 3201,65,9412,CO-1420-9412,Westgate Elementary,'PK-5,3201,CO-1420-3201,Free Horizon Montessori,'PK-8,8.518197424,6.305046563,'PK-5
9412 - 1861,66,9412,CO-1420-9412,Westgate Elementary,'PK-5,1861,CO-1420-1861,Columbine Hills Elementary,'PK-5,8.539245766,6.641418457,'PK-5
9412 - 2963,67,9412,CO-1420-9412,Westgate Elementary,'PK-5,2963,CO-1420-2963,Falcon Bluffs Middle,'6-8,8.550653889,7.31647615,'No
9412 - 6285,68,9412,CO-1420-9412,Westgate Elementary,'PK-5,6285,CO-1420-6285,Norma Anderson Early Learning Center,'PK,8.763337887,7.685529186,'PK
9412 - 6848,69,9412,CO-1420-9412,Westgate Elementary,'PK-5,6848,CO-1420-6848,Peak Expeditionary-Pennington,'PK-5,8.812884246,7.742998252,'PK-5
9412 - 5472,70,9412,CO-1420-9412,Westgate Elementary,'PK-5,5472,CO-1420-5472,Manning,'6-8,9.038846911,6.959816482,'No
9412 - 5524,71,9412,CO-1420-9412,Westgate Elementary,'PK-5,5524,CO-1420-5524,Maple Grove Elementary,'PK-5,9.129337088,6.884485993,'PK-5
9412 - 0694,72,9412,CO-1420-9412,Westgate Elementary,'PK-5,694,CO-1420-0694,Bell Middle,'6-8,9.447459688,7.033696418,'No
9412 - 0950,73,9412,CO-1420-9412,Westgate Elementary,'PK-5,950,CO-1420-0950,Bradford K8 South,'K-4,9.712026203,7.729393599,'K-4
9412 - 4798,74,9412,CO-1420-9412,Westgate Elementary,'PK-5,4798,CO-1420-4798,Connections Learning Center,'6-8,9.772250233,7.304011248,'No
9412 - 0952,75,9412,CO-1420-9412,Westgate Elementary,'PK-5,952,CO-1420-0952,Bradford K8 North,'5-8,9.852185133,7.137364077,'5
9412 - 3088,76,9412,CO-1420-9412,Westgate Elementary,'PK-5,3088,CO-1420-3088,Foster Dual Language PK-8 School,'PK-8,9.856731843,8.592142562,'PK-5
9412 - 7833,77,9412,CO-1420-9412,Westgate Elementary,'PK-5,7833,CO-1420-7833,Shelton Elementary,'PK-5,9.893845282,7.466944332,'PK-5
9412 - 5024,78,9412,CO-1420-9412,Westgate Elementary,'PK-5,5024,CO-1420-5024,Lawrence Elementary,'K-5,9.924331516,8.918227343,'K-5
9424 - 9428,2,9424,CO-1420-9424,West Jefferson Elementary,'PK-5,9428,CO-1420-9428,West Jefferson Middle,'6-8,1.174473816,0.447736508,'No
9424 - 1886,3,9424,CO-1420-9424,West Jefferson Elementary,'PK-5,1886,CO-1420-1886,Conifer High,'9-12,1.634347625,1.072735203,'No
9424 - 5580,4,9424,CO-1420-9424,West Jefferson Elementary,'PK-5,5580,CO-1420-5580,Marshdale Elementary,'PK-5,4.736285925,3.401648356,'PK-5
9424 - 2616,5,9424,CO-1420-9424,West Jefferson Elementary,'PK-5,2616,CO-1420-2616,Elk Creek Elementary,'PK-5,6.863844742,5.934845901,'PK-5
9424 - 2836,6,9424,CO-1420-9424,West Jefferson Elementary,'PK-5,2836,CO-1420-2836,Evergreen High,'9-12,8.235903121,5.845138744,'No
9424 - 9648,7,9424,CO-1420-9424,West Jefferson Elementary,'PK-5,9648,CO-1420-9648,Wilmot Elementary,'PK-5,8.547292607,5.939014971,'PK-5
9428 - 9424,2,9428,CO-1420-9428,West Jefferson Middle,'6-8,9424,CO-1420-9424,West Jefferson Elementary,'PK-5,1.174473816,0.447736508,'No
9428 - 1886,3,9428,CO-1420-9428,West Jefferson Middle,'6-8,1886,CO-1420-1886,Conifer High,'9-12,2.358982505,1.407306982,'No
9428 - 5580,4,9428,CO-1420-9428,West Jefferson Middle,'6-8,5580,CO-1420-5580,Marshdale Elementary,'PK-5,3.851987973,2.955225466,'No
9428 - 2836,5,9428,CO-1420-9428,West Jefferson Middle,'6-8,2836,CO-1420-2836,Evergreen High,'9-12,7.351605169,5.404761802,'No
9428 - 2616,6,9428,CO-1420-9428,West Jefferson Middle,'6-8,2616,CO-1420-2616,Elk Creek Elementary,'PK-5,7.657395726,6.2646834,'No
9428 - 9648,7,9428,CO-1420-9428,West Jefferson Middle,'6-8,9648,CO-1420-9648,Wilmot Elementary,'PK-5,7.662994655,5.503785178,'No
9429 - 9052,2,9429,CO-1420-9429,West Woods Elementary,'K-5,9052,CO-1420-9052,Van Arsdale Elementary,'PK-5,2.567656836,2.105104368,'K-5
9429 - 8300,3,9429,CO-1420-9429,West Woods Elementary,'K-5,8300,CO-1420-8300,Stott Elementary,'PK-5,3.009775662,2.44444848,'K-5
9429 - 7239,4,9429,CO-1420-9429,West Woods Elementary,'K-5,7239,CO-1420-7239,Ralston Valley High,'9-12,3.278438693,2.277284674,'No
9429 - 5758,5,9429,CO-1420-9429,West Woods Elementary,'K-5,5758,CO-1420-5758,Meiklejohn Elementary,'PK-5,3.565423075,2.420215989,'K-5
9429 - 3216,6,9429,CO-1420-9429,West Woods Elementary,'K-5,3216,CO-1420-3216,Fremont Elementary,'K-5,3.811101971,3.033570213,'K-5
9429 - 6470,7,9429,CO-1420-9429,West Woods Elementary,'K-5,6470,CO-1420-6470,Oberon Middle,'6-8,3.811829406,3.483368214,'No
9429 - 2866,8,9429,CO-1420-9429,West Woods Elementary,'K-5,2866,CO-1420-2866,Fairmount Elementary,'K-5,3.948032372,2.721973382,'K-5
9429 - 0378,9,9429,CO-1420-9429,West Woods Elementary,'K-5,378,CO-1420-0378,Arvada West High,'9-12,4.354526192,3.367608709,'No
9429 - 1244,10,9429,CO-1420-9429,West Woods Elementary,'K-5,1244,CO-1420-1244,Campbell Early Learning Center,'PK,4.378716398,3.703005343,'No
9429 - 9245,11,9429,CO-1420-9429,West Woods Elementary,'K-5,9245,CO-1420-9245,Warren Tech North,'11-12,4.390379983,3.459001919,'No
9429 - 9058,12,9429,CO-1420-9429,West Woods Elementary,'K-5,9058,CO-1420-9058,Vanderhoof Elementary,'K-5,4.630516859,3.590852449,'K-5
9429 - 7870,13,9429,CO-1420-9429,West Woods Elementary,'K-5,7870,CO-1420-7870,Sierra Elementary,'PK-5,4.722638882,3.62877538,'K-5
9429 - 2288,14,9429,CO-1420-9429,West Woods Elementary,'K-5,2288,CO-1420-2288,Drake Middle,'6-8,5.132654224,3.479631957,'No
9429 - 9232,15,9429,CO-1420-9429,West Woods Elementary,'K-5,9232,CO-1420-9232,Warder Elementary,'PK-5,5.876079386,5.1034642,'K-5
9429 - 9328,16,9429,CO-1420-9429,West Woods Elementary,'K-5,9328,CO-1420-9328,Weber Elementary,'PK-5,6.215383697,5.136110872,'K-5
9429 - 8856,17,9429,CO-1420-9429,West Woods Elementary,'K-5,8856,CO-1420-8856,Three Creeks K-8,'K-8,6.248699593,3.301859369,'K-5
9429 - 3726,18,9429,CO-1420-9429,West Woods Elementary,'K-5,3726,CO-1420-3726,Hackberry Hill Elementary,'K-5,6.357947913,5.765193218,'K-5
9429 - 6330,19,9429,CO-1420-9429,West Woods Elementary,'K-5,6330,CO-1420-6330,North Arvada Middle,'6-8,6.362810403,6.00440986,'No
9429 - 0370,20,9429,CO-1420-9429,West Woods Elementary,'K-5,370,CO-1420-0370,Arvada High,'9-12,6.394015629,5.509483779,'No
9429 - 5944,21,9429,CO-1420-9429,West Woods Elementary,'K-5,5944,CO-1420-5944,Mitchell Elementary,'K-5,6.713745331,5.094350495,'K-5
9429 - 7114,22,9429,CO-1420-9429,West Woods Elementary,'K-5,7114,CO-1420-7114,Pomona Junior/Senior High,'6-12,6.74798315,5.457951516,'No
9429 - 6285,23,9429,CO-1420-9429,West Woods Elementary,'K-5,6285,CO-1420-6285,Norma Anderson Early Learning Center,'PK,6.914099325,4.91134462,'No
9429 - 5024,24,9429,CO-1420-9429,West Woods Elementary,'K-5,5024,CO-1420-5024,Lawrence Elementary,'K-5,6.925960755,5.717571517,'K-5
9429 - 7708,25,9429,CO-1420-9429,West Woods Elementary,'K-5,7708,CO-1420-7708,Secrest Elementary,'PK-5,7.011597424,6.128875064,'K-5
9429 - 5472,26,9429,CO-1420-9429,West Woods Elementary,'K-5,5472,CO-1420-5472,Manning,'6-8,7.019989033,5.001766837,'No
9429 - 8432,27,9429,CO-1420-9429,West Woods Elementary,'K-5,8432,CO-1420-8432,Swanson Elementary,'K-5,7.093710318,6.55339634,'K-5
9429 - 5524,28,9429,CO-1420-9429,West Woods Elementary,'K-5,5524,CO-1420-5524,Maple Grove Elementary,'PK-5,7.148604163,5.077562366,'K-5
9429 - 6848,29,9429,CO-1420-9429,West Woods Elementary,'K-5,6848,CO-1420-6848,Peak Expeditionary-Pennington,'PK-5,7.354891553,5.297687855,'K-5
9429 - 9299,30,9429,CO-1420-9429,West Woods Elementary,'K-5,9299,CO-1420-9299,Wayne Carle Middle,'6-8,7.515194075,5.310387734,'No
9429 - 3502,31,9429,CO-1420-9429,West Woods Elementary,'K-5,3502,CO-1420-3502,Golden High,'9-12,7.571528134,5.882979796,'No
9429 - 2820,32,9429,CO-1420-9429,West Woods Elementary,'K-5,2820,CO-1420-2820,Everitt Middle,'6-8,7.753065478,5.728938555,'No
9429 - 3088,33,9429,CO-1420-9429,West Woods Elementary,'K-5,3088,CO-1420-3088,Foster Dual Language PK-8 School,'PK-8,7.919648141,6.324488505,'K-5
9429 - 5222,34,9429,CO-1420-9429,West Woods Elementary,'K-5,5222,CO-1420-5222,Little Elementary,'K-5,8.048900079,6.539766813,'K-5
9429 - 5350,35,9429,CO-1420-9429,West Woods Elementary,'K-5,5350,CO-1420-5350,Lukas Elementary,'K-5,8.20448678,5.486162392,'K-5
9429 - 8276,36,9429,CO-1420-9429,West Woods Elementary,'K-5,8276,CO-1420-8276,Stober Elementary,'K-5,8.251525895,5.91218783,'K-5
9429 - 7190,37,9429,CO-1420-9429,West Woods Elementary,'K-5,7190,CO-1420-7190,Prospect Valley Elementary,'K-5,8.277134982,5.43421334,'K-5
9429 - 4798,38,9429,CO-1420-9429,West Woods Elementary,'K-5,4798,CO-1420-4798,Connections Learning Center,'6-8,8.410088673,6.298607793,'No
9429 - 7753,39,9429,CO-1420-9429,West Woods Elementary,'K-5,7753,CO-1420-7753,Semper Elementary,'PK-5,8.42709248,6.452876073,'K-5
9429 - 9510,40,9429,CO-1420-9429,West Woods Elementary,'K-5,9510,CO-1420-9510,Wheat Ridge High,'9-12,8.545093784,6.150569236,'No
9429 - 8209,41,9429,CO-1420-9429,West Woods Elementary,'K-5,8209,CO-1420-8209,Standley Lake High,'9-12,8.732967839,6.094791331,'No
9429 - 0694,42,9429,CO-1420-9429,West Woods Elementary,'K-5,694,CO-1420-0694,Bell Middle,'6-8,8.788399372,6.453944571,'No
9429 - 5454,43,9429,CO-1420-9429,West Woods Elementary,'K-5,5454,CO-1420-5454,Mandalay Middle,'6-8,9.02721055,6.780272538,'No
9429 - 0030,44,9429,CO-1420-9429,West Woods Elementary,'K-5,30,CO-1420-0030,Adams Elementary,'PK-5,9.125806358,7.068751291,'K-5
9429 - 8036,45,9429,CO-1420-9429,West Woods Elementary,'K-5,8036,CO-1420-8036,Sobesky Academy,'K-12,9.291356082,7.016646573,'K-5
9429 - 9342,46,9429,CO-1420-9429,West Woods Elementary,'K-5,9342,CO-1420-9342,Welchester Elementary,'PK-5,9.357395786,6.868584948,'K-5
9429 - 3201,47,9429,CO-1420-9429,West Woods Elementary,'K-5,3201,CO-1420-3201,Free Horizon Montessori,'PK-8,9.367922374,6.520705332,'K-5
9429 - 8223,48,9429,CO-1420-9429,West Woods Elementary,'K-5,8223,CO-1420-8223,Stevens Elementary,'PK-5,9.402722584,7.036061606,'K-5
9429 - 7962,49,9429,CO-1420-9429,West Woods Elementary,'K-5,7962,CO-1420-7962,Slater Elementary,'PK-5,9.846830884,7.143270491,'K-5
9429 - 7833,50,9429,CO-1420-9429,West Woods Elementary,'K-5,7833,CO-1420-7833,Shelton Elementary,'PK-5,9.981722803,7.338135972,'K-5
9432 - 5892,2,9432,CO-1420-9432,Dennison Elementary,'K-6,5892,CO-1420-5892,Fletcher Miller Special,'PK-12,0.285850594,0.163957915,'K-6
9432 - 1976,3,9432,CO-1420-9432,Dennison Elementary,'K-6,1976,CO-1420-1976,Creighton Middle,'6-8,0.72148903,0.261250815,'6
9432 - 4942,4,9432,CO-1420-9432,Dennison Elementary,'K-6,4942,CO-1420-4942,Lakewood High,'9-12,1.078053944,0.445872931,'No
9432 - 8102,5,9432,CO-1420-9432,Dennison Elementary,'K-6,8102,CO-1420-8102,South Lakewood Elementary,'K-5,1.178383838,0.735082572,'K-5
9432 - 2550,6,9432,CO-1420-9432,Dennison Elementary,'K-6,2550,CO-1420-2550,Eiber Elementary,'PK-5,1.622417218,1.122700451,'K-5
9432 - 0724,7,9432,CO-1420-9432,Dennison Elementary,'K-6,724,CO-1420-0724,Belmar School of Integrated Arts,'K-5,1.964577383,1.38095218,'K-5
9432 - 6539,8,9432,CO-1420-9432,Dennison Elementary,'K-6,6539,CO-1420-6539,JeffCo Open Elementary,'PK-6,2.096128058,1.488575426,'K-6
9432 - 4550,9,9432,CO-1420-9432,Dennison Elementary,'K-6,4550,CO-1420-4550,Kendrick Lakes Elementary,'PK-5,2.367405552,2.001396118,'K-5
9432 - 7468,10,9432,CO-1420-9432,Dennison Elementary,'K-6,7468,CO-1420-7468,Rose Stein International Elementary,'PK-6,2.471432348,1.683332869,'K-6
9432 - 9234,11,9432,CO-1420-9432,Dennison Elementary,'K-6,9234,CO-1420-9234,Warren Tech Central,'11-12,2.72615306,2.312122972,'No
9432 - 7962,12,9432,CO-1420-9432,Dennison Elementary,'K-6,7962,CO-1420-7962,Slater Elementary,'PK-5,2.735540211,2.199121831,'K-5
9432 - 6808,13,9432,CO-1420-9432,Dennison Elementary,'K-6,6808,CO-1420-6808,Patterson Elementary,'PK-6,2.767640037,1.960288669,'K-6
9432 - 9342,14,9432,CO-1420-9432,Dennison Elementary,'K-6,9342,CO-1420-9342,Welchester Elementary,'PK-5,2.9057507,2.170184802,'K-5
9432 - 5623,15,9432,CO-1420-9432,Dennison Elementary,'K-6,5623,CO-1420-5623,Long View,'10-12,3.077483341,2.503664057,'No
9432 - 0033,16,9432,CO-1420-9432,Dennison Elementary,'K-6,33,CO-1420-0033,McLain Community High School,'9-12,3.223891239,2.458248101,'No
9432 - 3025,17,9432,CO-1420-9432,Dennison Elementary,'K-6,3025,CO-1420-3025,Foothills Elementary,'PK-5,3.241361694,2.472848372,'K-5
9432 - 0108,18,9432,CO-1420-9432,Dennison Elementary,'K-6,108,CO-1420-0108,Alameda Intl Junior/Senior High,'7-12,3.45154432,2.272136301,'No
9432 - 1318,19,9432,CO-1420-9432,Dennison Elementary,'K-6,1318,CO-1420-1318,Carmody Middle,'6-8,3.476140166,2.87305567,'6
9432 - 9510,20,9432,CO-1420-9432,Dennison Elementary,'K-6,9510,CO-1420-9510,Wheat Ridge High,'9-12,3.51902638,2.98288488,'No
9432 - 8090,21,9432,CO-1420-9432,Dennison Elementary,'K-6,8090,CO-1420-8090,Deane Elementary,'PK-6,3.548062837,2.566100567,'K-6
9432 - 4830,22,9432,CO-1420-9432,Dennison Elementary,'K-6,4830,CO-1420-4830,Kyffin Elementary,'PK-5,3.620823965,2.821720026,'K-5
9432 - 8276,23,9432,CO-1420-9432,Dennison Elementary,'K-6,8276,CO-1420-8276,Stober Elementary,'K-5,3.635849339,2.523828199,'K-5
9432 - 3622,24,9432,CO-1420-9432,Dennison Elementary,'K-6,3622,CO-1420-3622,Green Gables Elementary,'PK-5,3.740191149,2.987314343,'K-5
9432 - 4422,25,9432,CO-1420-9432,Dennison Elementary,'K-6,4422,CO-1420-4422,Jefferson Junior/Senior High,'7-12,3.759265012,2.697385903,'No
9432 - 2194,26,9432,CO-1420-9432,Dennison Elementary,'K-6,2194,CO-1420-2194,Devinny Elementary,'K-5,3.791937743,3.009383859,'K-5
9432 - 5354,27,9432,CO-1420-9432,Dennison Elementary,'K-6,5354,CO-1420-5354,Lumberg Elementary,'PK-6,3.797042673,2.71189588,'K-6
9432 - 3628,28,9432,CO-1420-9432,Dennison Elementary,'K-6,3628,CO-1420-3628,Green Mountain High,'9-12,3.805739162,2.795974729,'No
9432 - 2820,29,9432,CO-1420-9432,Dennison Elementary,'K-6,2820,CO-1420-2820,Everitt Middle,'6-8,3.824540027,3.422389574,'6
9432 - 2300,30,9432,CO-1420-9432,Dennison Elementary,'K-6,2300,CO-1420-2300,Dunstan Middle,'6-8,3.915691323,3.067227608,'6
9432 - 7190,31,9432,CO-1420-9432,Dennison Elementary,'K-6,7190,CO-1420-7190,Prospect Valley Elementary,'K-5,3.948548911,3.134590833,'K-5
9432 - 5004,32,9432,CO-1420-9432,Dennison Elementary,'K-6,5004,CO-1420-5004,Lasley Elementary,'K-6,4.175165748,2.952255568,'K-6
9432 - 0965,33,9432,CO-1420-9432,Dennison Elementary,'K-6,965,CO-1420-0965,Brady Exploration School,'10-12,4.311007075,3.082434162,'No
9432 - 4190,34,9432,CO-1420-9432,Dennison Elementary,'K-6,4190,CO-1420-4190,Hutchinson Elementary,'PK-5,4.497039975,3.465556594,'K-5
9432 - 9412,35,9432,CO-1420-9432,Dennison Elementary,'K-6,9412,CO-1420-9412,Westgate Elementary,'PK-5,4.515473869,3.669166669,'K-5
9432 - 3201,36,9432,CO-1420-9432,Dennison Elementary,'K-6,3201,CO-1420-3201,Free Horizon Montessori,'PK-8,4.559617631,3.895596223,'K-6
9432 - 2496,37,9432,CO-1420-9432,Dennison Elementary,'K-6,2496,CO-1420-2496,Edgewater Elementary,'PK-6,4.653746091,3.312874236,'K-6
9432 - 6285,38,9432,CO-1420-9432,Dennison Elementary,'K-6,6285,CO-1420-6285,Norma Anderson Early Learning Center,'PK,4.67060124,4.018210311,'No
9432 - 6848,39,9432,CO-1420-9432,Dennison Elementary,'K-6,6848,CO-1420-6848,Peak Expeditionary-Pennington,'PK-5,4.720147599,4.111933311,'K-5
9432 - 8223,40,9432,CO-1420-9432,Dennison Elementary,'K-6,8223,CO-1420-8223,Stevens Elementary,'PK-5,4.873659576,3.771909471,'K-5
9432 - 5472,41,9432,CO-1420-9432,Dennison Elementary,'K-6,5472,CO-1420-5472,Manning,'6-8,4.948437122,3.499220442,'6
9432 - 7483,42,9432,CO-1420-9432,Dennison Elementary,'K-6,7483,CO-1420-7483,Rooney Ranch Elementary,'K-5,5.017506474,3.842961584,'K-5
9432 - 5524,43,9432,CO-1420-9432,Dennison Elementary,'K-6,5524,CO-1420-5524,Maple Grove Elementary,'PK-5,5.038927299,3.432506914,'K-5
9432 - 0660,44,9432,CO-1420-9432,Dennison Elementary,'K-6,660,CO-1420-0660,Bear Creek K-8,'K-8,5.0811111,4.213101458,'K-6
9432 - 0664,45,9432,CO-1420-9432,Dennison Elementary,'K-6,664,CO-1420-0664,Bear Creek High,'9-12,5.105960376,4.351805472,'No
9432 - 8036,46,9432,CO-1420-9432,Dennison Elementary,'K-6,8036,CO-1420-8036,Sobesky Academy,'K-12,5.12402233,3.919537773,'K-6
9432 - 0694,47,9432,CO-1420-9432,Dennison Elementary,'K-6,694,CO-1420-0694,Bell Middle,'6-8,5.488879896,4.802872218,'6
9432 - 4798,48,9432,CO-1420-9432,Dennison Elementary,'K-6,4798,CO-1420-4798,Connections Learning Center,'6-8,5.983264762,5.03842126,'6
9432 - 2120,49,9432,CO-1420-9432,Dennison Elementary,'K-6,2120,CO-1420-2120,D'Evelyn Junior/Senior,'6-12,6.392779765,5.373393716,'6
9432 - 5024,50,9432,CO-1420-9432,Dennison Elementary,'K-6,5024,CO-1420-5024,Lawrence Elementary,'K-5,6.531066516,5.429563838,'K-5
9432 - 7833,51,9432,CO-1420-9432,Dennison Elementary,'K-6,7833,CO-1420-7833,Shelton Elementary,'PK-5,6.532978539,5.76230065,'K-5
9432 - 9058,52,9432,CO-1420-9432,Dennison Elementary,'K-6,9058,CO-1420-9058,Vanderhoof Elementary,'K-5,6.664906976,5.756948661,'K-5
9432 - 2288,53,9432,CO-1420-9432,Dennison Elementary,'K-6,2288,CO-1420-2288,Drake Middle,'6-8,6.713838338,5.116432104,'6
9432 - 3088,54,9432,CO-1420-9432,Dennison Elementary,'K-6,3088,CO-1420-3088,Foster Dual Language PK-8 School,'PK-8,6.732976751,5.209324787,'K-6
9432 - 3502,55,9432,CO-1420-9432,Dennison Elementary,'K-6,3502,CO-1420-3502,Golden High,'9-12,6.749163752,5.770373135,'No
9432 - 9245,56,9432,CO-1420-9432,Dennison Elementary,'K-6,9245,CO-1420-9245,Warren Tech North,'11-12,7.020531214,6.124227989,'No
9432 - 0378,57,9432,CO-1420-9432,Dennison Elementary,'K-6,378,CO-1420-0378,Arvada West High,'9-12,7.162047481,6.224545658,'No
9432 - 1244,58,9432,CO-1420-9432,Dennison Elementary,'K-6,1244,CO-1420-1244,Campbell Early Learning Center,'PK,7.197876521,6.556849598,'No
9432 - 3216,59,9432,CO-1420-9432,Dennison Elementary,'K-6,3216,CO-1420-3216,Fremont Elementary,'K-5,7.604580472,6.471429926,'K-5
9432 - 7708,60,9432,CO-1420-9432,Dennison Elementary,'K-6,7708,CO-1420-7708,Secrest Elementary,'PK-5,7.850386932,6.598553412,'K-5
9432 - 0370,61,9432,CO-1420-9432,Dennison Elementary,'K-6,370,CO-1420-0370,Arvada High,'9-12,7.902847643,6.610359337,'No
9432 - 3536,62,9432,CO-1420-9432,Dennison Elementary,'K-6,3536,CO-1420-3536,Governor's Ranch Elementary,'PK-5,7.936098051,6.974258972,'K-5
9432 - 2866,63,9432,CO-1420-9432,Dennison Elementary,'K-6,2866,CO-1420-2866,Fairmount Elementary,'K-5,8.281343923,5.955653746,'K-5
9432 - 8300,64,9432,CO-1420-9432,Dennison Elementary,'K-6,8300,CO-1420-8300,Stott Elementary,'PK-5,8.36460759,6.831318569,'K-5
9432 - 9490,65,9432,CO-1420-9432,Dennison Elementary,'K-6,9490,CO-1420-9490,Westridge Elementary,'K-5,8.439947829,7.4550571,'K-5
9432 - 4549,66,9432,CO-1420-9432,Dennison Elementary,'K-6,4549,CO-1420-4549,Kendallvue Elementary,'PK-5,8.493008303,6.689384581,'K-5
9432 - 7282,67,9432,CO-1420-9432,Dennison Elementary,'K-6,7282,CO-1420-7282,Red Rocks Elementary,'K-5,8.54980227,6.554228286,'K-5
9432 - 6470,68,9432,CO-1420-9432,Dennison Elementary,'K-6,6470,CO-1420-6470,Oberon Middle,'6-8,8.571320392,7.590972995,'6
9432 - 5944,69,9432,CO-1420-9432,Dennison Elementary,'K-6,5944,CO-1420-5944,Mitchell Elementary,'K-5,8.654222346,7.254734416,'K-5
9432 - 8432,70,9432,CO-1420-9432,Dennison Elementary,'K-6,8432,CO-1420-8432,Swanson Elementary,'K-5,8.677203117,7.201892401,'K-5
9432 - 6330,71,9432,CO-1420-9432,Dennison Elementary,'K-6,6330,CO-1420-6330,North Arvada Middle,'6-8,9.105770212,7.592836039,'6
9432 - 7870,72,9432,CO-1420-9432,Dennison Elementary,'K-6,7870,CO-1420-7870,Sierra Elementary,'PK-5,9.255556201,8.115606885,'K-5
9432 - 3726,73,9432,CO-1420-9432,Dennison Elementary,'K-6,3726,CO-1420-3726,Hackberry Hill Elementary,'K-5,9.3346203,7.92864797,'K-5
9432 - 9232,74,9432,CO-1420-9432,Dennison Elementary,'K-6,9232,CO-1420-9232,Warder Elementary,'PK-5,9.437192488,8.010787417,'K-5
9432 - 6135,75,9432,CO-1420-9432,Dennison Elementary,'K-6,6135,CO-1420-6135,Mt. Carbon Elementary,'PK-5,9.56707258,7.66359629,'K-5
9432 - 8381,76,9432,CO-1420-9432,Dennison Elementary,'K-6,8381,CO-1420-8381,Summit Ridge Middle,'6-8,9.576935457,8.267778608,'6
9432 - 7128,77,9432,CO-1420-9432,Dennison Elementary,'K-6,7128,CO-1420-7128,Powderhorn Elementary,'PK-5,9.751070851,8.295902133,'K-5
9432 - 9052,78,9432,CO-1420-9432,Dennison Elementary,'K-6,9052,CO-1420-9052,Van Arsdale Elementary,'PK-5,9.917520666,8.057988029,'K-5
9490 - 8381,2,9490,CO-1420-9490,Westridge Elementary,'K-5,8381,CO-1420-8381,Summit Ridge Middle,'6-8,1.404143173,0.998801444,'No
9490 - 3536,3,9490,CO-1420-9490,Westridge Elementary,'K-5,3536,CO-1420-3536,Governor's Ranch Elementary,'PK-5,1.557549271,1.128960247,'K-5
9490 - 7128,4,9490,CO-1420-9490,Westridge Elementary,'K-5,7128,CO-1420-7128,Powderhorn Elementary,'PK-5,1.578278567,1.120990266,'K-5
9490 - 6135,5,9490,CO-1420-9490,Westridge Elementary,'K-5,6135,CO-1420-6135,Mt. Carbon Elementary,'PK-5,1.598673361,1.237666188,'K-5
9490 - 2093,6,9490,CO-1420-9490,Westridge Elementary,'K-5,2093,CO-1420-2093,Dakota Ridge High,'9-12,2.237292757,1.784420527,'No
9490 - 1001,7,9490,CO-1420-9490,Westridge Elementary,'K-5,1001,CO-1420-1001,Warren Tech South,'11-12,2.35430379,1.797502323,'No
9490 - 9008,8,9490,CO-1420-9490,Westridge Elementary,'K-5,9008,CO-1420-9008,Ute Meadows Elementary,'PK-5,2.737674895,1.968841791,'K-5
9490 - 1522,9,9490,CO-1420-9490,Westridge Elementary,'K-5,1522,CO-1420-1522,Chatfield High,'9-12,2.758353246,2.003147854,'No
9490 - 4549,10,9490,CO-1420-9490,Westridge Elementary,'K-5,4549,CO-1420-4549,Kendallvue Elementary,'PK-5,2.962903204,2.121491864,'K-5
9490 - 2130,11,9490,CO-1420-9490,Westridge Elementary,'K-5,2130,CO-1420-2130,Deer Creek Middle,'6-8,2.968038569,2.041384616,'No
9490 - 2120,12,9490,CO-1420-9490,Westridge Elementary,'K-5,2120,CO-1420-2120,D'Evelyn Junior/Senior,'6-12,3.024979765,2.081696996,'No
9490 - 1864,13,9490,CO-1420-9490,Westridge Elementary,'K-5,1864,CO-1420-1864,Columbine High,'9-12,3.213511884,2.442642995,'No
9490 - 5036,14,9490,CO-1420-9490,Westridge Elementary,'K-5,5036,CO-1420-5036,Leawood Elementary,'PK-5,3.217486032,2.849952184,'K-5
9490 - 8280,15,9490,CO-1420-9490,Westridge Elementary,'K-5,8280,CO-1420-8280,Stony Creek Elementary,'PK-5,3.428359696,2.239855327,'K-5
9490 - 0664,16,9490,CO-1420-9490,Westridge Elementary,'K-5,664,CO-1420-0664,Bear Creek High,'9-12,3.795431833,3.110157925,'No
9490 - 0951,17,9490,CO-1420-9490,Westridge Elementary,'K-5,951,CO-1420-0951,Blue Heron Elementary,'PK-5,3.860979609,3.019590291,'K-5
9490 - 6133,18,9490,CO-1420-9490,Westridge Elementary,'K-5,6133,CO-1420-6133,Mortensen Elementary,'PK-5,3.871064069,2.981353975,'K-5
9490 - 7780,19,9490,CO-1420-9490,Westridge Elementary,'K-5,7780,CO-1420-7780,Shaffer Elementary,'PK-5,3.92450399,2.929789079,'K-5
9490 - 2322,20,9490,CO-1420-9490,Westridge Elementary,'K-5,2322,CO-1420-2322,Dutch Creek Elementary,'PK-5,3.988181577,2.813838775,'K-5
9490 - 1876,21,9490,CO-1420-9490,Westridge Elementary,'K-5,1876,CO-1420-1876,Coronado Elementary,'PK-5,4.089266148,3.173851779,'K-5
9490 - 6286,22,9490,CO-1420-9490,Westridge Elementary,'K-5,6286,CO-1420-6286,Normandy Elementary,'PK-5,4.172913117,3.217491439,'K-5
9490 - 2963,23,9490,CO-1420-9490,Westridge Elementary,'K-5,2963,CO-1420-2963,Falcon Bluffs Middle,'6-8,4.252916274,3.574876295,'No
9490 - 0660,24,9490,CO-1420-9490,Westridge Elementary,'K-5,660,CO-1420-0660,Bear Creek K-8,'K-8,4.324924646,3.306199414,'K-5
9490 - 4548,25,9490,CO-1420-9490,Westridge Elementary,'K-5,4548,CO-1420-4548,Ken Caryl Middle,'6-8,4.631263559,3.389096885,'No
9490 - 0950,26,9490,CO-1420-9490,Westridge Elementary,'K-5,950,CO-1420-0950,Bradford K8 South,'K-4,5.020138991,3.750431838,'K-4
9490 - 1861,27,9490,CO-1420-9490,Westridge Elementary,'K-5,1861,CO-1420-1861,Columbine Hills Elementary,'PK-5,5.191256337,4.005212321,'K-5
9490 - 9412,28,9490,CO-1420-9490,Westridge Elementary,'K-5,9412,CO-1420-9412,Westgate Elementary,'PK-5,5.252850031,4.075471979,'K-5
9490 - 1318,29,9490,CO-1420-9490,Westridge Elementary,'K-5,1318,CO-1420-1318,Carmody Middle,'6-8,5.347538836,4.586996297,'No
9490 - 0952,30,9490,CO-1420-9490,Westridge Elementary,'K-5,952,CO-1420-0952,Bradford K8 North,'5-8,5.422049947,3.33322271,'5
9490 - 7282,31,9490,CO-1420-9490,Westridge Elementary,'K-5,7282,CO-1420-7282,Red Rocks Elementary,'K-5,6.08243892,5.142026766,'K-5
9490 - 3622,32,9490,CO-1420-9490,Westridge Elementary,'K-5,3622,CO-1420-3622,Green Gables Elementary,'PK-5,6.39035367,4.690857624,'K-5
9490 - 2300,33,9490,CO-1420-9490,Westridge Elementary,'K-5,2300,CO-1420-2300,Dunstan Middle,'6-8,6.57429401,5.019856498,'No
9490 - 4550,34,9490,CO-1420-9490,Westridge Elementary,'K-5,4550,CO-1420-4550,Kendrick Lakes Elementary,'PK-5,6.603482593,5.483071,'K-5
9490 - 2194,35,9490,CO-1420-9490,Westridge Elementary,'K-5,2194,CO-1420-2194,Devinny Elementary,'K-5,6.71020766,5.128095811,'K-5
9490 - 4190,36,9490,CO-1420-9490,Westridge Elementary,'K-5,4190,CO-1420-4190,Hutchinson Elementary,'PK-5,6.853575463,4.885466904,'K-5
9490 - 7483,37,9490,CO-1420-9490,Westridge Elementary,'K-5,7483,CO-1420-7483,Rooney Ranch Elementary,'K-5,7.058434443,4.762471229,'K-5
9490 - 6808,38,9490,CO-1420-9490,Westridge Elementary,'K-5,6808,CO-1420-6808,Patterson Elementary,'PK-6,7.164915728,5.685164821,'K-5
9490 - 0108,39,9490,CO-1420-9490,Westridge Elementary,'K-5,108,CO-1420-0108,Alameda Intl Junior/Senior High,'7-12,7.212410707,5.795070263,'No
9490 - 0724,40,9490,CO-1420-9490,Westridge Elementary,'K-5,724,CO-1420-0724,Belmar School of Integrated Arts,'K-5,7.312241538,6.140419309,'K-5
9490 - 3628,41,9490,CO-1420-9490,Westridge Elementary,'K-5,3628,CO-1420-3628,Green Mountain High,'9-12,7.386624655,5.713229965,'No
9490 - 5004,42,9490,CO-1420-9490,Westridge Elementary,'K-5,5004,CO-1420-5004,Lasley Elementary,'K-6,7.71382502,6.048941808,'K-5
9490 - 3025,43,9490,CO-1420-9490,Westridge Elementary,'K-5,3025,CO-1420-3025,Foothills Elementary,'PK-5,7.790198212,6.327003013,'K-5
9490 - 1976,44,9490,CO-1420-9490,Westridge Elementary,'K-5,1976,CO-1420-1976,Creighton Middle,'6-8,8.160911774,7.193829058,'No
9490 - 5892,45,9490,CO-1420-9490,Westridge Elementary,'K-5,5892,CO-1420-5892,Fletcher Miller Special,'PK-12,8.209978043,7.326016987,'K-5
9490 - 9432,46,9490,CO-1420-9490,Westridge Elementary,'K-5,9432,CO-1420-9432,Dennison Elementary,'K-6,8.439947829,7.4550571,'K-5
9490 - 8102,47,9490,CO-1420-9490,Westridge Elementary,'K-5,8102,CO-1420-8102,South Lakewood Elementary,'K-5,8.828560498,7.390224963,'K-5
9490 - 8090,48,9490,CO-1420-9490,Westridge Elementary,'K-5,8090,CO-1420-8090,Deane Elementary,'PK-6,8.889025725,7.100687277,'K-5
9490 - 7468,49,9490,CO-1420-9490,Westridge Elementary,'K-5,7468,CO-1420-7468,Rose Stein International Elementary,'PK-6,8.996945968,7.399604565,'K-5
9490 - 0965,50,9490,CO-1420-9490,Westridge Elementary,'K-5,965,CO-1420-0965,Brady Exploration School,'10-12,9.000824211,6.977327401,'No
9490 - 4942,51,9490,CO-1420-9490,Westridge Elementary,'K-5,4942,CO-1420-4942,Lakewood High,'9-12,9.095264551,7.899056671,'No
9490 - 9234,52,9490,CO-1420-9490,Westridge Elementary,'K-5,9234,CO-1420-9234,Warren Tech Central,'11-12,9.391496788,7.192554302,'No
9490 - 2550,53,9490,CO-1420-9490,Westridge Elementary,'K-5,2550,CO-1420-2550,Eiber Elementary,'PK-5,9.639627825,8.577533752,'K-5
9490 - 5623,54,9490,CO-1420-9490,Westridge Elementary,'K-5,5623,CO-1420-5623,Long View,'10-12,9.742827069,7.080136869,'No
9490 - 0033,55,9490,CO-1420-9490,Westridge Elementary,'K-5,33,CO-1420-0033,McLain Community High School,'9-12,9.889234967,7.193712566,'No
9510 - 2820,2,9510,CO-1420-9510,Wheat Ridge High,'9-12,2820,CO-1420-2820,Everitt Middle,'6-8,0.842643335,0.471581037,'No
9510 - 7190,3,9510,CO-1420-9510,Wheat Ridge High,'9-12,7190,CO-1420-7190,Prospect Valley Elementary,'K-5,1.400228146,1.044655636,'No
9510 - 8223,4,9510,CO-1420-9510,Wheat Ridge High,'9-12,8223,CO-1420-8223,Stevens Elementary,'PK-5,1.915413407,1.536194932,'No
9510 - 7962,5,9510,CO-1420-9510,Wheat Ridge High,'9-12,7962,CO-1420-7962,Slater Elementary,'PK-5,1.924180358,1.023620964,'No
9510 - 6285,6,9510,CO-1420-9510,Wheat Ridge High,'9-12,6285,CO-1420-6285,Norma Anderson Early Learning Center,'PK,1.924666955,1.2538211,'No
9510 - 6848,7,9510,CO-1420-9510,Wheat Ridge High,'9-12,6848,CO-1420-6848,Peak Expeditionary-Pennington,'PK-5,1.974213314,1.142655498,'No
9510 - 8036,8,9510,CO-1420-9510,Wheat Ridge High,'9-12,8036,CO-1420-8036,Sobesky Academy,'K-12,2.165776161,1.637494224,'9-12
9510 - 8276,9,9510,CO-1420-9510,Wheat Ridge High,'9-12,8276,CO-1420-8276,Stober Elementary,'K-5,2.34382294,1.77424208,'No
9510 - 2550,10,9510,CO-1420-9510,Wheat Ridge High,'9-12,2550,CO-1420-2550,Eiber Elementary,'PK-5,2.401508649,1.860528245,'No
9510 - 4422,11,9510,CO-1420-9510,Wheat Ridge High,'9-12,4422,CO-1420-4422,Jefferson Junior/Senior High,'7-12,2.444837723,1.878105557,'9-12
9510 - 5472,12,9510,CO-1420-9510,Wheat Ridge High,'9-12,5472,CO-1420-5472,Manning,'6-8,2.584135811,2.370318713,'No
9510 - 5354,13,9510,CO-1420-9510,Wheat Ridge High,'9-12,5354,CO-1420-5354,Lumberg Elementary,'PK-6,2.661224286,2.026125362,'No
9510 - 5524,14,9510,CO-1420-9510,Wheat Ridge High,'9-12,5524,CO-1420-5524,Maple Grove Elementary,'PK-5,2.674625988,2.371279557,'No
9510 - 4942,15,9510,CO-1420-9510,Wheat Ridge High,'9-12,4942,CO-1420-4942,Lakewood High,'9-12,3.00549065,2.537760127,'9-12
9510 - 2496,16,9510,CO-1420-9510,Wheat Ridge High,'9-12,2496,CO-1420-2496,Edgewater Elementary,'PK-6,3.302066266,2.65773696,'No
9510 - 6539,17,9510,CO-1420-9510,Wheat Ridge High,'9-12,6539,CO-1420-6539,JeffCo Open Elementary,'PK-6,3.365356863,2.374544097,'No
9510 - 5892,18,9510,CO-1420-9510,Wheat Ridge High,'9-12,5892,CO-1420-5892,Fletcher Miller Special,'PK-12,3.438699527,3.110185954,'9-12
9510 - 5024,19,9510,CO-1420-9510,Wheat Ridge High,'9-12,5024,CO-1420-5024,Lawrence Elementary,'K-5,3.470760402,2.528089662,'No
9510 - 9432,20,9510,CO-1420-9510,Wheat Ridge High,'9-12,9432,CO-1420-9432,Dennison Elementary,'K-6,3.51902638,2.98288488,'No
9510 - 3088,21,9510,CO-1420-9510,Wheat Ridge High,'9-12,3088,CO-1420-3088,Foster Dual Language PK-8 School,'PK-8,3.65184791,2.464373131,'No
9510 - 1976,22,9510,CO-1420-9510,Wheat Ridge High,'9-12,1976,CO-1420-1976,Creighton Middle,'6-8,3.817778187,3.244041588,'No
9510 - 9058,23,9510,CO-1420-9510,Wheat Ridge High,'9-12,9058,CO-1420-9058,Vanderhoof Elementary,'K-5,3.918972691,2.934809186,'No
9510 - 2288,24,9510,CO-1420-9510,Wheat Ridge High,'9-12,2288,CO-1420-2288,Drake Middle,'6-8,3.967904053,2.674239365,'No
9510 - 9342,25,9510,CO-1420-9510,Wheat Ridge High,'9-12,9342,CO-1420-9342,Welchester Elementary,'PK-5,3.984991929,3.088593729,'No
9510 - 8102,26,9510,CO-1420-9510,Wheat Ridge High,'9-12,8102,CO-1420-8102,South Lakewood Elementary,'K-5,4.256252785,3.19634578,'No
9510 - 9245,27,9510,CO-1420-9510,Wheat Ridge High,'9-12,9245,CO-1420-9245,Warren Tech North,'11-12,4.274596929,3.274631783,'11-12
9510 - 0378,28,9510,CO-1420-9510,Wheat Ridge High,'9-12,378,CO-1420-0378,Arvada West High,'9-12,4.416113197,3.382254377,'9-12
9510 - 1244,29,9510,CO-1420-9510,Wheat Ridge High,'9-12,1244,CO-1420-1244,Campbell Early Learning Center,'PK,4.451942236,3.630599115,'No
9510 - 7708,30,9510,CO-1420-9510,Wheat Ridge High,'9-12,7708,CO-1420-7708,Secrest Elementary,'PK-5,4.769258091,3.754201997,'No
9510 - 3216,31,9510,CO-1420-9510,Wheat Ridge High,'9-12,3216,CO-1420-3216,Fremont Elementary,'K-5,4.858646187,3.673408656,'No
9510 - 0370,32,9510,CO-1420-9510,Wheat Ridge High,'9-12,370,CO-1420-0370,Arvada High,'9-12,4.878353883,3.67585265,'9-12
9510 - 7468,33,9510,CO-1420-9510,Wheat Ridge High,'9-12,7468,CO-1420-7468,Rose Stein International Elementary,'PK-6,4.968180089,3.687845153,'No
9510 - 0724,34,9510,CO-1420-9510,Wheat Ridge High,'9-12,724,CO-1420-0724,Belmar School of Integrated Arts,'K-5,5.104671768,4.336593023,'No
9510 - 3201,35,9510,CO-1420-9510,Wheat Ridge High,'9-12,3201,CO-1420-3201,Free Horizon Montessori,'PK-8,5.292392585,4.536696518,'No
9510 - 9234,36,9510,CO-1420-9510,Wheat Ridge High,'9-12,9234,CO-1420-9234,Warren Tech Central,'11-12,5.367180445,4.168147272,'11-12
9510 - 4550,37,9510,CO-1420-9510,Wheat Ridge High,'9-12,4550,CO-1420-4550,Kendrick Lakes Elementary,'PK-5,5.46369471,4.977554523,'No
9510 - 8432,38,9510,CO-1420-9510,Wheat Ridge High,'9-12,8432,CO-1420-8432,Swanson Elementary,'K-5,5.596074276,4.404969578,'No
9510 - 8300,39,9510,CO-1420-9510,Wheat Ridge High,'9-12,8300,CO-1420-8300,Stott Elementary,'PK-5,5.618673305,4.129558869,'No
9510 - 5623,40,9510,CO-1420-9510,Wheat Ridge High,'9-12,5623,CO-1420-5623,Long View,'10-12,5.718510725,4.389733613,'10-12
9510 - 2866,41,9510,CO-1420-9510,Wheat Ridge High,'9-12,2866,CO-1420-2866,Fairmount Elementary,'K-5,5.8106102,4.251803758,'No
9510 - 6470,42,9510,CO-1420-9510,Wheat Ridge High,'9-12,6470,CO-1420-6470,Oberon Middle,'6-8,5.825386107,4.664213137,'No
9510 - 0033,43,9510,CO-1420-9510,Wheat Ridge High,'9-12,33,CO-1420-0033,McLain Community High School,'9-12,5.864918624,4.278852967,'9-12
9510 - 6808,44,9510,CO-1420-9510,Wheat Ridge High,'9-12,6808,CO-1420-6808,Patterson Elementary,'PK-6,5.875333025,4.873765729,'No
9510 - 4830,45,9510,CO-1420-9510,Wheat Ridge High,'9-12,4830,CO-1420-4830,Kyffin Elementary,'PK-5,5.996779797,4.322541717,'No
9510 - 6330,46,9510,CO-1420-9510,Wheat Ridge High,'9-12,6330,CO-1420-6330,North Arvada Middle,'6-8,6.024641372,4.692019761,'No
9510 - 8090,47,9510,CO-1420-9510,Wheat Ridge High,'9-12,8090,CO-1420-8090,Deane Elementary,'PK-6,6.054935433,4.557822234,'No
9510 - 3025,48,9510,CO-1420-9510,Wheat Ridge High,'9-12,3025,CO-1420-3025,Foothills Elementary,'PK-5,6.066150854,4.814945255,'No
9510 - 0694,49,9510,CO-1420-9510,Wheat Ridge High,'9-12,694,CO-1420-0694,Bell Middle,'6-8,6.178350515,5.321880713,'No
9510 - 3726,50,9510,CO-1420-9510,Wheat Ridge High,'9-12,3726,CO-1420-3726,Hackberry Hill Elementary,'K-5,6.252585252,4.992486115,'No
9510 - 0108,51,9510,CO-1420-9510,Wheat Ridge High,'9-12,108,CO-1420-0108,Alameda Intl Junior/Senior High,'7-12,6.304477386,5.024851419,'9-12
9510 - 7870,52,9510,CO-1420-9510,Wheat Ridge High,'9-12,7870,CO-1420-7870,Sierra Elementary,'PK-5,6.509621916,5.17670022,'No
9510 - 9232,53,9510,CO-1420-9510,Wheat Ridge High,'9-12,9232,CO-1420-9232,Warder Elementary,'PK-5,6.534633745,5.034243197,'No
9510 - 1318,54,9510,CO-1420-9510,Wheat Ridge High,'9-12,1318,CO-1420-1318,Carmody Middle,'6-8,6.568771236,5.855920134,'No
9510 - 3628,55,9510,CO-1420-9510,Wheat Ridge High,'9-12,3628,CO-1420-3628,Green Mountain High,'9-12,6.646988808,5.343117545,'9-12
9510 - 4798,56,9510,CO-1420-9510,Wheat Ridge High,'9-12,4798,CO-1420-4798,Connections Learning Center,'6-8,6.672735381,5.446001681,'No
9510 - 5004,57,9510,CO-1420-9510,Wheat Ridge High,'9-12,5004,CO-1420-5004,Lasley Elementary,'K-6,6.761524143,5.408272117,'No
9510 - 2194,58,9510,CO-1420-9510,Wheat Ridge High,'9-12,2194,CO-1420-2194,Devinny Elementary,'K-5,6.814098453,5.73570265,'No
9510 - 0965,59,9510,CO-1420-9510,Wheat Ridge High,'9-12,965,CO-1420-0965,Brady Exploration School,'10-12,6.818432268,5.065310774,'10-12
9510 - 3622,60,9510,CO-1420-9510,Wheat Ridge High,'9-12,3622,CO-1420-3622,Green Gables Elementary,'PK-5,6.836480306,5.918608771,'No
9510 - 2300,61,9510,CO-1420-9510,Wheat Ridge High,'9-12,2300,CO-1420-2300,Dunstan Middle,'6-8,6.937852034,5.817385211,'No
9510 - 3502,62,9510,CO-1420-9510,Wheat Ridge High,'9-12,3502,CO-1420-3502,Golden High,'9-12,7.083210047,5.883858299,'9-12
9510 - 9052,63,9510,CO-1420-9510,Wheat Ridge High,'9-12,9052,CO-1420-9052,Van Arsdale Elementary,'PK-5,7.171586381,5.318012138,'No
9510 - 9328,64,9510,CO-1420-9510,Wheat Ridge High,'9-12,9328,CO-1420-9328,Weber Elementary,'PK-5,7.387005935,5.68393022,'No
9510 - 7114,65,9510,CO-1420-9510,Wheat Ridge High,'9-12,7114,CO-1420-7114,Pomona Junior/Senior High,'6-12,7.465069942,5.943251653,'9-12
9510 - 4190,66,9510,CO-1420-9510,Wheat Ridge High,'9-12,4190,CO-1420-4190,Hutchinson Elementary,'PK-5,7.589219094,6.159128329,'No
9510 - 9412,67,9510,CO-1420-9510,Wheat Ridge High,'9-12,9412,CO-1420-9412,Westgate Elementary,'PK-5,7.611763026,6.601304522,'No
9510 - 7833,68,9510,CO-1420-9510,Wheat Ridge High,'9-12,7833,CO-1420-7833,Shelton Elementary,'PK-5,7.803720997,6.572569486,'No
9510 - 5222,69,9510,CO-1420-9510,Wheat Ridge High,'9-12,5222,CO-1420-5222,Little Elementary,'K-5,7.966936166,6.395944265,'No
9510 - 7483,70,9510,CO-1420-9510,Wheat Ridge High,'9-12,7483,CO-1420-7483,Rooney Ranch Elementary,'K-5,7.991560591,6.496188355,'No
9510 - 5944,71,9510,CO-1420-9510,Wheat Ridge High,'9-12,5944,CO-1420-5944,Mitchell Elementary,'K-5,8.020240686,6.838106034,'No
9510 - 7239,72,9510,CO-1420-9510,Wheat Ridge High,'9-12,7239,CO-1420-7239,Ralston Valley High,'9-12,8.144942481,5.986898254,'9-12
9510 - 0660,73,9510,CO-1420-9510,Wheat Ridge High,'9-12,660,CO-1420-0660,Bear Creek K-8,'K-8,8.173742169,7.191097068,'No
9510 - 0664,74,9510,CO-1420-9510,Wheat Ridge High,'9-12,664,CO-1420-0664,Bear Creek High,'9-12,8.198591446,7.334671692,'9-12
9510 - 5758,75,9510,CO-1420-9510,Wheat Ridge High,'9-12,5758,CO-1420-5758,Meiklejohn Elementary,'PK-5,8.304196226,6.24672765,'No
9510 - 9429,76,9510,CO-1420-9510,Wheat Ridge High,'9-12,9429,CO-1420-9429,West Woods Elementary,'K-5,8.545093784,6.150569236,'No
9510 - 7753,77,9510,CO-1420-9510,Wheat Ridge High,'9-12,7753,CO-1420-7753,Semper Elementary,'PK-5,8.743171909,7.494821427,'No
9510 - 5454,78,9510,CO-1420-9510,Wheat Ridge High,'9-12,5454,CO-1420-5454,Mandalay Middle,'6-8,9.168378088,7.602276258,'No
9510 - 0030,79,9510,CO-1420-9510,Wheat Ridge High,'9-12,30,CO-1420-0030,Adams Elementary,'PK-5,9.216867768,7.516798491,'No
9510 - 2120,80,9510,CO-1420-9510,Wheat Ridge High,'9-12,2120,CO-1420-2120,D'Evelyn Junior/Senior,'6-12,9.484958884,8.354812912,'9-12
9510 - 5350,81,9510,CO-1420-9510,Wheat Ridge High,'9-12,5350,CO-1420-5350,Lukas Elementary,'K-5,9.847618279,7.474174241,'No
9648 - 2836,2,9648,CO-1420-9648,Wilmot Elementary,'PK-5,2836,CO-1420-2836,Evergreen High,'9-12,0.53920009,0.328226731,'No
9648 - 5580,3,9648,CO-1420-9648,Wilmot Elementary,'PK-5,5580,CO-1420-5580,Marshdale Elementary,'PK-5,4.583616423,2.869592165,'PK-5
9648 - 2832,4,9648,CO-1420-9648,Wilmot Elementary,'PK-5,2832,CO-1420-2832,Evergreen Middle,'6-8,6.108649055,4.05675781,'No
9648 - 6804,5,9648,CO-1420-9648,Wilmot Elementary,'PK-5,6804,CO-1420-6804,Parmalee Elementary,'K-5,6.732041661,3.815568754,'K-5
9648 - 0779,6,9648,CO-1420-9648,Wilmot Elementary,'PK-5,779,CO-1420-0779,Bergen Elementary,'PK-5,7.552556471,4.922403762,'PK-5
9648 - 9428,7,9648,CO-1420-9648,Wilmot Elementary,'PK-5,9428,CO-1420-9428,West Jefferson Middle,'6-8,7.662994655,5.503785178,'No
9648 - 9424,8,9648,CO-1420-9648,Wilmot Elementary,'PK-5,9424,CO-1420-9424,West Jefferson Elementary,'PK-5,8.547292607,5.939014971,'PK-5
9648 - 1886,9,9648,CO-1420-9648,Wilmot Elementary,'PK-5,1886,CO-1420-1886,Conifer High,'9-12,9.220932985,6.509908026,'No
1001 - 2093,2,1001,CO-1420-1001,Warren Tech South,'11-12,2093,CO-1420-2093,Dakota Ridge High,'9-12,0.482560628,0.205445612,'11-12
1001 - 7128,3,1001,CO-1420-1001,Warren Tech South,'11-12,7128,CO-1420-7128,Powderhorn Elementary,'PK-5,1.062628038,0.757826829,'No
1001 - 8381,4,1001,CO-1420-1001,Warren Tech South,'11-12,8381,CO-1420-8381,Summit Ridge Middle,'6-8,1.132574085,0.927619238,'No
1001 - 6135,5,1001,CO-1420-1001,Warren Tech South,'11-12,6135,CO-1420-6135,Mt. Carbon Elementary,'PK-5,1.500548124,0.892864325,'No
1001 - 9490,6,1001,CO-1420-1001,Warren Tech South,'11-12,9490,CO-1420-9490,Westridge Elementary,'K-5,2.35430379,1.797502323,'No
1001 - 4549,7,1001,CO-1420-1001,Warren Tech South,'11-12,4549,CO-1420-4549,Kendallvue Elementary,'PK-5,2.4469848,2.008441616,'No
1001 - 1522,8,1001,CO-1420-1001,Warren Tech South,'11-12,1522,CO-1420-1522,Chatfield High,'9-12,2.538512289,1.364757591,'11-12
1001 - 9008,9,1001,CO-1420-1001,Warren Tech South,'11-12,9008,CO-1420-9008,Ute Meadows Elementary,'PK-5,2.883600242,1.836572166,'No
1001 - 3536,10,1001,CO-1420-1001,Warren Tech South,'11-12,3536,CO-1420-3536,Governor's Ranch Elementary,'PK-5,3.715362037,2.925630907,'No
1001 - 2130,11,1001,CO-1420-1001,Warren Tech South,'11-12,2130,CO-1420-2130,Deer Creek Middle,'6-8,3.822162683,2.678707507,'No
1001 - 7780,12,1001,CO-1420-1001,Warren Tech South,'11-12,7780,CO-1420-7780,Shaffer Elementary,'PK-5,4.248682906,2.807607646,'No
1001 - 8280,13,1001,CO-1420-1001,Warren Tech South,'11-12,8280,CO-1420-8280,Stony Creek Elementary,'PK-5,4.28248381,2.936230858,'No
1001 - 0950,14,1001,CO-1420-1001,Warren Tech South,'11-12,950,CO-1420-0950,Bradford K8 South,'K-4,4.4715282,2.254809713,'No
1001 - 2120,15,1001,CO-1420-1001,Warren Tech South,'11-12,2120,CO-1420-2120,D'Evelyn Junior/Senior,'6-12,4.474727915,3.400222527,'11-12
1001 - 6133,16,1001,CO-1420-1001,Warren Tech South,'11-12,6133,CO-1420-6133,Mortensen Elementary,'PK-5,4.552591936,3.034763546,'No
1001 - 2322,17,1001,CO-1420-1001,Warren Tech South,'11-12,2322,CO-1420-2322,Dutch Creek Elementary,'PK-5,4.864103759,3.888794881,'No
1001 - 0952,18,1001,CO-1420-1001,Warren Tech South,'11-12,952,CO-1420-0952,Bradford K8 North,'5-8,4.873439155,1.61647677,'No
1001 - 1876,19,1001,CO-1420-1001,Warren Tech South,'11-12,1876,CO-1420-1876,Coronado Elementary,'PK-5,4.943390262,3.682605496,'No
1001 - 6286,20,1001,CO-1420-1001,Warren Tech South,'11-12,6286,CO-1420-6286,Normandy Elementary,'PK-5,5.0488353,4.519328738,'No
1001 - 2963,21,1001,CO-1420-1001,Warren Tech South,'11-12,2963,CO-1420-2963,Falcon Bluffs Middle,'6-8,5.058002227,3.626796646,'No
1001 - 1864,22,1001,CO-1420-1001,Warren Tech South,'11-12,1864,CO-1420-1864,Columbine High,'9-12,5.058245051,3.95947833,'11-12
1001 - 5036,23,1001,CO-1420-1001,Warren Tech South,'11-12,5036,CO-1420-5036,Leawood Elementary,'PK-5,5.063413977,4.42347949,'No
1001 - 7282,24,1001,CO-1420-1001,Warren Tech South,'11-12,7282,CO-1420-7282,Red Rocks Elementary,'K-5,5.385425439,4.601569002,'No
1001 - 4548,25,1001,CO-1420-1001,Warren Tech South,'11-12,4548,CO-1420-4548,Ken Caryl Middle,'6-8,5.507185741,4.409477739,'No
1001 - 0664,26,1001,CO-1420-1001,Warren Tech South,'11-12,664,CO-1420-0664,Bear Creek High,'9-12,5.7078586,4.393737027,'11-12
1001 - 0951,27,1001,CO-1420-1001,Warren Tech South,'11-12,951,CO-1420-0951,Blue Heron Elementary,'PK-5,5.856975158,4.682354388,'No
1001 - 1861,28,1001,CO-1420-1001,Warren Tech South,'11-12,1861,CO-1420-1861,Columbine Hills Elementary,'PK-5,6.06717852,4.979536237,'No
1001 - 0660,29,1001,CO-1420-1001,Warren Tech South,'11-12,660,CO-1420-0660,Bear Creek K-8,'K-8,6.237351414,4.677272327,'No
1001 - 9412,30,1001,CO-1420-1001,Warren Tech South,'11-12,9412,CO-1420-9412,Westgate Elementary,'PK-5,7.191414731,5.526135546,'No
1001 - 1318,31,1001,CO-1420-1001,Warren Tech South,'11-12,1318,CO-1420-1318,Carmody Middle,'6-8,7.258506354,5.780384403,'No
1001 - 7483,32,1001,CO-1420-1001,Warren Tech South,'11-12,7483,CO-1420-7483,Rooney Ranch Elementary,'K-5,7.519196342,5.246334238,'No
1001 - 4190,33,1001,CO-1420-1001,Warren Tech South,'11-12,4190,CO-1420-4190,Hutchinson Elementary,'PK-5,7.948748269,5.485020331,'No
1001 - 3622,34,1001,CO-1420-1001,Warren Tech South,'11-12,3622,CO-1420-3622,Green Gables Elementary,'PK-5,8.301321188,6.061012812,'No
1001 - 2300,35,1001,CO-1420-1001,Warren Tech South,'11-12,2300,CO-1420-2300,Dunstan Middle,'6-8,8.483057138,5.739325611,'No
1001 - 4550,36,1001,CO-1420-1001,Warren Tech South,'11-12,4550,CO-1420-4550,Kendrick Lakes Elementary,'PK-5,8.514450111,6.679895111,'No
1001 - 2194,37,1001,CO-1420-1001,Warren Tech South,'11-12,2194,CO-1420-2194,Devinny Elementary,'K-5,8.618970788,5.836689696,'No
1001 - 3628,38,1001,CO-1420-1001,Warren Tech South,'11-12,3628,CO-1420-3628,Green Mountain High,'9-12,9.075639259,6.355499641,'11-12
1001 - 6808,39,1001,CO-1420-1001,Warren Tech South,'11-12,6808,CO-1420-6808,Patterson Elementary,'PK-6,9.075883246,6.966540348,'No
1001 - 0724,40,1001,CO-1420-1001,Warren Tech South,'11-12,724,CO-1420-0724,Belmar School of Integrated Arts,'K-5,9.223209056,7.333625133,'No
1001 - 0108,41,1001,CO-1420-1001,Warren Tech South,'11-12,108,CO-1420-0108,Alameda Intl Junior/Senior High,'7-12,9.370223473,7.18950868,'11-12
1001 - 3025,42,1001,CO-1420-1001,Warren Tech South,'11-12,3025,CO-1420-3025,Foothills Elementary,'PK-5,9.574415734,6.971249961,'No
1001 - 5004,43,1001,CO-1420-1001,Warren Tech South,'11-12,5004,CO-1420-5004,Lasley Elementary,'K-6,9.871637786,7.581502167,'No
9245 - 0378,2,9245,CO-1420-9245,Warren Tech North,'11-12,378,CO-1420-0378,Arvada West High,'9-12,0.16001164,0.110858904,'11-12
9245 - 9058,3,9245,CO-1420-9245,Warren Tech North,'11-12,9058,CO-1420-9058,Vanderhoof Elementary,'K-5,0.560924816,0.377783815,'No
9245 - 3216,4,9245,CO-1420-9245,Warren Tech North,'11-12,3216,CO-1420-3216,Fremont Elementary,'K-5,0.610891512,0.451534837,'No
9245 - 1244,5,9245,CO-1420-9245,Warren Tech North,'11-12,1244,CO-1420-1244,Campbell Early Learning Center,'PK,0.887300931,0.629714693,'No
9245 - 8300,6,9245,CO-1420-9245,Warren Tech North,'11-12,8300,CO-1420-8300,Stott Elementary,'PK-5,1.463959504,1.033098409,'No
9245 - 2288,7,9245,CO-1420-9245,Warren Tech North,'11-12,2288,CO-1420-2288,Drake Middle,'6-8,1.975779785,1.500436164,'No
9245 - 6470,8,9245,CO-1420-9245,Warren Tech North,'11-12,6470,CO-1420-6470,Oberon Middle,'6-8,2.01570089,1.532295627,'No
9245 - 5024,9,9245,CO-1420-9245,Warren Tech North,'11-12,5024,CO-1420-5024,Lawrence Elementary,'K-5,2.631699439,2.259688974,'No
9245 - 7870,10,9245,CO-1420-9245,Warren Tech North,'11-12,7870,CO-1420-7870,Sierra Elementary,'PK-5,2.94183388,2.069332737,'No
9245 - 9052,11,9245,CO-1420-9245,Warren Tech North,'11-12,9052,CO-1420-9052,Van Arsdale Elementary,'PK-5,2.94736098,2.079020976,'No
9245 - 0370,12,9245,CO-1420-9245,Warren Tech North,'11-12,370,CO-1420-0370,Arvada High,'9-12,3.021899058,2.272868628,'11-12
9245 - 6848,13,9245,CO-1420-9245,Warren Tech North,'11-12,6848,CO-1420-6848,Peak Expeditionary-Pennington,'PK-5,3.084394698,2.178648213,'No
9245 - 6285,14,9245,CO-1420-9245,Warren Tech North,'11-12,6285,CO-1420-6285,Norma Anderson Early Learning Center,'PK,3.343819919,2.106880239,'No
9245 - 2820,15,9245,CO-1420-9245,Warren Tech North,'11-12,2820,CO-1420-2820,Everitt Middle,'6-8,3.482568623,2.803115763,'No
9245 - 7708,16,9245,CO-1420-9245,Warren Tech North,'11-12,7708,CO-1420-7708,Secrest Elementary,'PK-5,3.573864178,2.845602617,'No
9245 - 3088,17,9245,CO-1420-9245,Warren Tech North,'11-12,3088,CO-1420-3088,Foster Dual Language PK-8 School,'PK-8,3.62780179,2.865902152,'No
9245 - 9232,18,9245,CO-1420-9245,Warren Tech North,'11-12,9232,CO-1420-9232,Warder Elementary,'PK-5,3.832646105,2.659671831,'No
9245 - 7239,19,9245,CO-1420-9245,Warren Tech North,'11-12,7239,CO-1420-7239,Ralston Valley High,'9-12,3.888840924,2.723195224,'11-12
9245 - 5758,20,9245,CO-1420-9245,Warren Tech North,'11-12,5758,CO-1420-5758,Meiklejohn Elementary,'PK-5,4.048094669,2.977303781,'No
9245 - 2866,21,9245,CO-1420-9245,Warren Tech North,'11-12,2866,CO-1420-2866,Fairmount Elementary,'K-5,4.192202688,3.115889684,'No
9245 - 6330,22,9245,CO-1420-9245,Warren Tech North,'11-12,6330,CO-1420-6330,North Arvada Middle,'6-8,4.22783686,3.085669137,'No
9245 - 8432,23,9245,CO-1420-9245,Warren Tech North,'11-12,8432,CO-1420-8432,Swanson Elementary,'K-5,4.232509718,3.402538532,'No
9245 - 5472,24,9245,CO-1420-9245,Warren Tech North,'11-12,5472,CO-1420-5472,Manning,'6-8,4.233952366,3.530004613,'No
9245 - 9328,25,9245,CO-1420-9245,Warren Tech North,'11-12,9328,CO-1420-9328,Weber Elementary,'PK-5,4.247056779,3.11838529,'No
9245 - 3726,26,9245,CO-1420-9245,Warren Tech North,'11-12,3726,CO-1420-3726,Hackberry Hill Elementary,'K-5,4.262319711,3.062646131,'No
9245 - 9510,27,9245,CO-1420-9245,Warren Tech North,'11-12,9510,CO-1420-9510,Wheat Ridge High,'9-12,4.274596929,3.274631783,'11-12
9245 - 5524,28,9245,CO-1420-9245,Warren Tech North,'11-12,5524,CO-1420-5524,Maple Grove Elementary,'PK-5,4.324442542,3.601304671,'No
9245 - 9429,29,9245,CO-1420-9245,Warren Tech North,'11-12,9429,CO-1420-9429,West Woods Elementary,'K-5,4.390379983,3.459001919,'No
9245 - 7114,30,9245,CO-1420-9245,Warren Tech North,'11-12,7114,CO-1420-7114,Pomona Junior/Senior High,'6-12,4.779656231,3.459285247,'11-12
9245 - 7190,31,9245,CO-1420-9245,Warren Tech North,'11-12,7190,CO-1420-7190,Prospect Valley Elementary,'K-5,4.866145361,3.037651063,'No
9245 - 8036,32,9245,CO-1420-9245,Warren Tech North,'11-12,8036,CO-1420-8036,Sobesky Academy,'K-12,4.996181474,3.684966815,'11-12
9245 - 8276,33,9245,CO-1420-9245,Warren Tech North,'11-12,8276,CO-1420-8276,Stober Elementary,'K-5,5.094651456,3.953508752,'No
9245 - 8223,34,9245,CO-1420-9245,Warren Tech North,'11-12,8223,CO-1420-8223,Stevens Elementary,'PK-5,5.107547977,3.731899736,'No
9245 - 7962,35,9245,CO-1420-9245,Warren Tech North,'11-12,7962,CO-1420-7962,Slater Elementary,'PK-5,5.576334029,4.287566667,'No
9245 - 2550,36,9245,CO-1420-9245,Warren Tech North,'11-12,2550,CO-1420-2550,Eiber Elementary,'PK-5,5.903013483,5.039595359,'No
9245 - 5222,37,9245,CO-1420-9245,Warren Tech North,'11-12,5222,CO-1420-5222,Little Elementary,'K-5,5.976670624,4.318894335,'No
9245 - 9342,38,9245,CO-1420-9245,Warren Tech North,'11-12,9342,CO-1420-9342,Welchester Elementary,'PK-5,6.304173407,5.350844289,'No
9245 - 4422,39,9245,CO-1420-9245,Warren Tech North,'11-12,4422,CO-1420-4422,Jefferson Junior/Senior High,'7-12,6.384475,4.880587165,'11-12
9245 - 4942,40,9245,CO-1420-9245,Warren Tech North,'11-12,4942,CO-1420-4942,Lakewood High,'9-12,6.506995484,5.684753055,'11-12
9245 - 7753,41,9245,CO-1420-9245,Warren Tech North,'11-12,7753,CO-1420-7753,Semper Elementary,'PK-5,6.521177269,4.967262187,'No
9245 - 5354,42,9245,CO-1420-9245,Warren Tech North,'11-12,5354,CO-1420-5354,Lumberg Elementary,'PK-6,6.600861563,5.022420826,'No
9245 - 5350,43,9245,CO-1420-9245,Warren Tech North,'11-12,5350,CO-1420-5350,Lukas Elementary,'K-5,6.924433844,4.587446844,'No
9245 - 5892,44,9245,CO-1420-9245,Warren Tech North,'11-12,5892,CO-1420-5892,Fletcher Miller Special,'PK-12,6.940204361,6.22546836,'11-12
9245 - 3201,45,9245,CO-1420-9245,Warren Tech North,'11-12,3201,CO-1420-3201,Free Horizon Montessori,'PK-8,6.9878576,5.961050805,'No
9245 - 9432,46,9245,CO-1420-9245,Warren Tech North,'11-12,9432,CO-1420-9432,Dennison Elementary,'K-6,7.020531214,6.124227989,'No
9245 - 5454,47,9245,CO-1420-9245,Warren Tech North,'11-12,5454,CO-1420-5454,Mandalay Middle,'6-8,7.101527875,5.182396465,'No
9245 - 0030,48,9245,CO-1420-9245,Warren Tech North,'11-12,30,CO-1420-0030,Adams Elementary,'PK-5,7.150017554,5.263373144,'No
9245 - 2496,49,9245,CO-1420-9245,Warren Tech North,'11-12,2496,CO-1420-2496,Edgewater Elementary,'PK-6,7.204763773,5.426308928,'No
9245 - 8209,50,9245,CO-1420-9245,Warren Tech North,'11-12,8209,CO-1420-8209,Standley Lake High,'9-12,7.223851024,5.422252405,'11-12
9245 - 6539,51,9245,CO-1420-9245,Warren Tech North,'11-12,6539,CO-1420-6539,JeffCo Open Elementary,'PK-6,7.227632333,5.641989042,'No
9245 - 9299,52,9245,CO-1420-9245,Warren Tech North,'11-12,9299,CO-1420-9299,Wayne Carle Middle,'6-8,7.232398174,4.806343282,'No
9245 - 1976,53,9245,CO-1420-9245,Warren Tech North,'11-12,1976,CO-1420-1976,Creighton Middle,'6-8,7.319283021,6.378005328,'No
9245 - 8102,54,9245,CO-1420-9245,Warren Tech North,'11-12,8102,CO-1420-8102,South Lakewood Elementary,'K-5,7.757757619,6.44310981,'No
9245 - 4830,55,9245,CO-1420-9245,Warren Tech North,'11-12,4830,CO-1420-4830,Kyffin Elementary,'PK-5,7.846005078,6.460389364,'No
9245 - 0694,56,9245,CO-1420-9245,Warren Tech North,'11-12,694,CO-1420-0694,Bell Middle,'6-8,7.873815529,6.381140305,'No
9245 - 8856,57,9245,CO-1420-9245,Warren Tech North,'11-12,8856,CO-1420-8856,Three Creeks K-8,'K-8,8.238234992,6.448116689,'No
9245 - 5944,58,9245,CO-1420-9245,Warren Tech North,'11-12,5944,CO-1420-5944,Mitchell Elementary,'K-5,8.247665077,6.523691932,'No
9245 - 4798,59,9245,CO-1420-9245,Warren Tech North,'11-12,4798,CO-1420-4798,Connections Learning Center,'6-8,8.368200395,6.364251554,'No
9245 - 3502,60,9245,CO-1420-9245,Warren Tech North,'11-12,3502,CO-1420-3502,Golden High,'9-12,8.502396651,6.386325389,'11-12
9245 - 0724,61,9245,CO-1420-9245,Warren Tech North,'11-12,724,CO-1420-0724,Belmar School of Integrated Arts,'K-5,8.606176602,7.504864409,'No
9245 - 9234,62,9245,CO-1420-9245,Warren Tech North,'11-12,9234,CO-1420-9234,Warren Tech Central,'11-12,8.626361083,6.572310452,'11-12
9245 - 0033,63,9245,CO-1420-9245,Warren Tech North,'11-12,33,CO-1420-0033,McLain Community High School,'9-12,8.853554371,6.633166299,'11-12
9245 - 7468,64,9245,CO-1420-9245,Warren Tech North,'11-12,7468,CO-1420-7468,Rose Stein International Elementary,'PK-6,8.907817366,6.960215197,'No
9245 - 5623,65,9245,CO-1420-9245,Warren Tech North,'11-12,5623,CO-1420-5623,Long View,'10-12,8.929613375,6.757272369,'11-12
9245 - 4550,66,9245,CO-1420-9245,Warren Tech North,'11-12,4550,CO-1420-4550,Kendrick Lakes Elementary,'PK-5,8.965199544,8.116370092,'No
9245 - 3025,67,9245,CO-1420-9245,Warren Tech North,'11-12,3025,CO-1420-3025,Foothills Elementary,'PK-5,9.325331493,7.387862776,'No
9245 - 6808,68,9245,CO-1420-9245,Warren Tech North,'11-12,6808,CO-1420-6808,Patterson Elementary,'PK-6,9.376837859,8.072688685,'No
9245 - 7833,69,9245,CO-1420-9245,Warren Tech North,'11-12,7833,CO-1420-7833,Shelton Elementary,'PK-5,9.499186011,7.59844211,'No
9245 - 7529,70,9245,CO-1420-9245,Warren Tech North,'11-12,7529,CO-1420-7529,Ryan Elementary,'PK-5,9.656619638,7.487983939,'No
9245 - 3628,71,9245,CO-1420-9245,Warren Tech North,'11-12,3628,CO-1420-3628,Green Mountain High,'9-12,9.906169447,7.99124122,'11-12
9245 - 8090,72,9245,CO-1420-9245,Warren Tech North,'11-12,8090,CO-1420-8090,Deane Elementary,'PK-6,9.99457271,7.813083957,'No
6285 - 6848,2,6285,CO-1420-6285,Norma Anderson Early Learning Center,'PK,6848,CO-1420-6848,Peak Expeditionary-Pennington,'PK-5,1.052654343,0.634064818,'PK
6285 - 2820,3,6285,CO-1420-6285,Norma Anderson Early Learning Center,'PK,2820,CO-1420-2820,Everitt Middle,'6-8,1.132638649,0.817607132,'No
6285 - 9510,4,6285,CO-1420-6285,Norma Anderson Early Learning Center,'PK,9510,CO-1420-9510,Wheat Ridge High,'9-12,1.924666955,1.2538211,'No
6285 - 2288,5,6285,CO-1420-6285,Norma Anderson Early Learning Center,'PK,2288,CO-1420-2288,Drake Middle,'6-8,2.137972597,1.455518182,'No
6285 - 7190,6,6285,CO-1420-6285,Norma Anderson Early Learning Center,'PK,7190,CO-1420-7190,Prospect Valley Elementary,'K-5,2.516215388,1.004996971,'No
6285 - 5472,7,6285,CO-1420-6285,Norma Anderson Early Learning Center,'PK,5472,CO-1420-5472,Manning,'6-8,2.719417486,2.023454538,'No
6285 - 8036,8,6285,CO-1420-6285,Norma Anderson Early Learning Center,'PK,8036,CO-1420-8036,Sobesky Academy,'K-12,2.736915988,2.347748444,'No
6285 - 5524,9,6285,CO-1420-6285,Norma Anderson Early Learning Center,'PK,5524,CO-1420-5524,Maple Grove Elementary,'PK-5,2.809907662,2.066228649,'PK
6285 - 8223,10,6285,CO-1420-6285,Norma Anderson Early Learning Center,'PK,8223,CO-1420-8223,Stevens Elementary,'PK-5,2.848282491,2.314738381,'PK
6285 - 5024,11,6285,CO-1420-6285,Norma Anderson Early Learning Center,'PK,5024,CO-1420-5024,Lawrence Elementary,'K-5,2.854355221,2.198706782,'No
6285 - 9058,12,6285,CO-1420-6285,Norma Anderson Early Learning Center,'PK,9058,CO-1420-9058,Vanderhoof Elementary,'K-5,2.988195681,1.743599095,'No
6285 - 7962,13,6285,CO-1420-6285,Norma Anderson Early Learning Center,'PK,7962,CO-1420-7962,Slater Elementary,'PK-5,3.226404056,2.272711416,'PK
6285 - 3088,14,6285,CO-1420-6285,Norma Anderson Early Learning Center,'PK,3088,CO-1420-3088,Foster Dual Language PK-8 School,'PK-8,3.336001264,2.454341862,'PK
6285 - 9245,15,6285,CO-1420-6285,Norma Anderson Early Learning Center,'PK,9245,CO-1420-9245,Warren Tech North,'11-12,3.343819919,2.106880239,'No
6285 - 0378,16,6285,CO-1420-6285,Norma Anderson Early Learning Center,'PK,378,CO-1420-0378,Arvada West High,'9-12,3.485336186,2.208554864,'No
6285 - 8276,17,6285,CO-1420-6285,Norma Anderson Early Learning Center,'PK,8276,CO-1420-8276,Stober Elementary,'K-5,3.495397801,2.021087664,'No
6285 - 1244,18,6285,CO-1420-6285,Norma Anderson Early Learning Center,'PK,1244,CO-1420-1244,Campbell Early Learning Center,'PK,3.521165226,2.557291641,'PK
6285 - 2550,19,6285,CO-1420-6285,Norma Anderson Early Learning Center,'PK,2550,CO-1420-2550,Eiber Elementary,'PK-5,3.55308351,2.934237724,'PK
6285 - 3216,20,6285,CO-1420-6285,Norma Anderson Early Learning Center,'PK,3216,CO-1420-3216,Fremont Elementary,'K-5,3.738014318,2.470985844,'No
6285 - 2866,21,6285,CO-1420-6285,Norma Anderson Early Learning Center,'PK,2866,CO-1420-2866,Fairmount Elementary,'K-5,3.980678744,3.224548434,'No
6285 - 8300,22,6285,CO-1420-6285,Norma Anderson Early Learning Center,'PK,8300,CO-1420-8300,Stott Elementary,'PK-5,3.987678847,2.892642805,'PK
6285 - 4422,23,6285,CO-1420-6285,Norma Anderson Early Learning Center,'PK,4422,CO-1420-4422,Jefferson Junior/Senior High,'7-12,4.125209514,3.076659635,'No
6285 - 4942,24,6285,CO-1420-6285,Norma Anderson Early Learning Center,'PK,4942,CO-1420-4942,Lakewood High,'9-12,4.15706551,3.57805461,'No
6285 - 0370,25,6285,CO-1420-6285,Norma Anderson Early Learning Center,'PK,370,CO-1420-0370,Arvada High,'9-12,4.226136348,3.120178123,'No
6285 - 5354,26,6285,CO-1420-6285,Norma Anderson Early Learning Center,'PK,5354,CO-1420-5354,Lumberg Elementary,'PK-6,4.341596076,3.225574866,'PK
6285 - 7708,27,6285,CO-1420-6285,Norma Anderson Early Learning Center,'PK,7708,CO-1420-7708,Secrest Elementary,'PK-5,4.439835858,3.398464847,'PK
6285 - 5892,28,6285,CO-1420-6285,Norma Anderson Early Learning Center,'PK,5892,CO-1420-5892,Fletcher Miller Special,'PK-12,4.590274387,4.121678264,'PK
6285 - 9432,29,6285,CO-1420-6285,Norma Anderson Early Learning Center,'PK,9432,CO-1420-9432,Dennison Elementary,'K-6,4.67060124,4.018210311,'No
6285 - 9342,30,6285,CO-1420-6285,Norma Anderson Early Learning Center,'PK,9342,CO-1420-9342,Welchester Elementary,'PK-5,4.764931916,3.482186979,'PK
6285 - 6539,31,6285,CO-1420-6285,Norma Anderson Early Learning Center,'PK,6539,CO-1420-6539,JeffCo Open Elementary,'PK-6,4.87770236,3.613093877,'PK
6285 - 6470,32,6285,CO-1420-6285,Norma Anderson Early Learning Center,'PK,6470,CO-1420-6470,Oberon Middle,'6-8,4.894609097,3.584680287,'No
6285 - 2496,33,6285,CO-1420-6285,Norma Anderson Early Learning Center,'PK,2496,CO-1420-2496,Edgewater Elementary,'PK-6,4.945498287,3.7876386,'PK
6285 - 1976,34,6285,CO-1420-6285,Norma Anderson Early Learning Center,'PK,1976,CO-1420-1976,Creighton Middle,'6-8,4.969353048,4.272848527,'No
6285 - 8432,35,6285,CO-1420-6285,Norma Anderson Early Learning Center,'PK,8432,CO-1420-8432,Swanson Elementary,'K-5,5.266652043,4.079475381,'No
6285 - 8102,36,6285,CO-1420-6285,Norma Anderson Early Learning Center,'PK,8102,CO-1420-8102,South Lakewood Elementary,'K-5,5.407827646,4.346814813,'No
6285 - 3201,37,6285,CO-1420-6285,Norma Anderson Early Learning Center,'PK,3201,CO-1420-3201,Free Horizon Montessori,'PK-8,5.47332272,4.519581966,'PK
6285 - 9052,38,6285,CO-1420-6285,Norma Anderson Early Learning Center,'PK,9052,CO-1420-9052,Van Arsdale Elementary,'PK-5,5.576560973,4.097853651,'PK
6285 - 7870,39,6285,CO-1420-6285,Norma Anderson Early Learning Center,'PK,7870,CO-1420-7870,Sierra Elementary,'PK-5,5.578844906,4.115574433,'PK
6285 - 6330,40,6285,CO-1420-6285,Norma Anderson Early Learning Center,'PK,6330,CO-1420-6330,North Arvada Middle,'6-8,5.695219139,4.162321021,'No
6285 - 3726,41,6285,CO-1420-6285,Norma Anderson Early Learning Center,'PK,3726,CO-1420-3726,Hackberry Hill Elementary,'K-5,5.756305582,4.363863612,'No
6285 - 9232,42,6285,CO-1420-6285,Norma Anderson Early Learning Center,'PK,9232,CO-1420-9232,Warder Elementary,'PK-5,5.760481193,4.247803418,'PK
6285 - 0724,43,6285,CO-1420-6285,Norma Anderson Early Learning Center,'PK,724,CO-1420-0724,Belmar School of Integrated Arts,'K-5,6.256246628,5.398502982,'No
6285 - 4830,44,6285,CO-1420-6285,Norma Anderson Early Learning Center,'PK,4830,CO-1420-4830,Kyffin Elementary,'PK-5,6.331470198,4.683359016,'PK
6285 - 0694,45,6285,CO-1420-6285,Norma Anderson Early Learning Center,'PK,694,CO-1420-0694,Bell Middle,'6-8,6.359280649,5.160328795,'No
6285 - 9328,46,6285,CO-1420-6285,Norma Anderson Early Learning Center,'PK,9328,CO-1420-9328,Weber Elementary,'PK-5,6.499586638,4.850844284,'PK
6285 - 9234,47,6285,CO-1420-6285,Norma Anderson Early Learning Center,'PK,9234,CO-1420-9234,Warren Tech Central,'11-12,6.518755305,4.684320059,'No
6285 - 7239,48,6285,CO-1420-6285,Norma Anderson Early Learning Center,'PK,7239,CO-1420-7239,Ralston Valley High,'9-12,6.577728623,4.778383573,'No
6285 - 7468,49,6285,CO-1420-6285,Norma Anderson Early Learning Center,'PK,7468,CO-1420-7468,Rose Stein International Elementary,'PK-6,6.60749647,4.913836161,'PK
6285 - 4550,50,6285,CO-1420-6285,Norma Anderson Early Learning Center,'PK,4550,CO-1420-4550,Kendrick Lakes Elementary,'PK-5,6.61526957,6.013108565,'PK
6285 - 5944,51,6285,CO-1420-6285,Norma Anderson Early Learning Center,'PK,5944,CO-1420-5944,Mitchell Elementary,'K-5,6.749983424,6.177426054,'No
6285 - 4798,52,6285,CO-1420-6285,Norma Anderson Early Learning Center,'PK,4798,CO-1420-4798,Connections Learning Center,'6-8,6.853665515,5.225136007,'No
6285 - 5623,53,6285,CO-1420-6285,Norma Anderson Early Learning Center,'PK,5623,CO-1420-5623,Long View,'10-12,6.870085586,4.888340926,'No
6285 - 9429,54,6285,CO-1420-6285,Norma Anderson Early Learning Center,'PK,9429,CO-1420-9429,West Woods Elementary,'K-5,6.914099325,4.91134462,'No
6285 - 7114,55,6285,CO-1420-6285,Norma Anderson Early Learning Center,'PK,7114,CO-1420-7114,Pomona Junior/Senior High,'6-12,6.968790271,5.148362113,'No
6285 - 3502,56,6285,CO-1420-6285,Norma Anderson Early Learning Center,'PK,3502,CO-1420-3502,Golden High,'9-12,7.004714998,5.500851574,'No
6285 - 0033,57,6285,CO-1420-6285,Norma Anderson Early Learning Center,'PK,33,CO-1420-0033,McLain Community High School,'9-12,7.016493484,4.766979708,'No
6285 - 6808,58,6285,CO-1420-6285,Norma Anderson Early Learning Center,'PK,6808,CO-1420-6808,Patterson Elementary,'PK-6,7.026907885,5.965886583,'PK
6285 - 3025,59,6285,CO-1420-6285,Norma Anderson Early Learning Center,'PK,3025,CO-1420-3025,Foothills Elementary,'PK-5,7.217725715,5.447588138,'PK
6285 - 5758,60,6285,CO-1420-6285,Norma Anderson Early Learning Center,'PK,5758,CO-1420-5758,Meiklejohn Elementary,'PK-5,7.373419216,5.043890579,'PK
6285 - 5222,61,6285,CO-1420-6285,Norma Anderson Early Learning Center,'PK,5222,CO-1420-5222,Little Elementary,'K-5,7.470656496,5.768598998,'No
6285 - 8090,62,6285,CO-1420-6285,Norma Anderson Early Learning Center,'PK,8090,CO-1420-8090,Deane Elementary,'PK-6,7.694251815,5.800203353,'PK
6285 - 0108,63,6285,CO-1420-6285,Norma Anderson Early Learning Center,'PK,108,CO-1420-0108,Alameda Intl Junior/Senior High,'7-12,7.710812168,6.177473425,'No
6285 - 1318,64,6285,CO-1420-6285,Norma Anderson Early Learning Center,'PK,1318,CO-1420-1318,Carmody Middle,'6-8,7.720346096,6.858007154,'No
6285 - 3628,65,6285,CO-1420-6285,Norma Anderson Early Learning Center,'PK,3628,CO-1420-3628,Green Mountain High,'9-12,7.798563668,6.029440921,'No
6285 - 2194,66,6285,CO-1420-6285,Norma Anderson Early Learning Center,'PK,2194,CO-1420-2194,Devinny Elementary,'K-5,7.965673314,6.495390732,'No
6285 - 7833,67,6285,CO-1420-6285,Norma Anderson Early Learning Center,'PK,7833,CO-1420-7833,Shelton Elementary,'PK-5,7.984651131,6.433618886,'PK
6285 - 3622,68,6285,CO-1420-6285,Norma Anderson Early Learning Center,'PK,3622,CO-1420-3622,Green Gables Elementary,'PK-5,7.988055167,7.002594845,'PK
6285 - 2300,69,6285,CO-1420-6285,Norma Anderson Early Learning Center,'PK,2300,CO-1420-2300,Dunstan Middle,'6-8,8.089426894,6.587867972,'No
6285 - 7753,70,6285,CO-1420-6285,Norma Anderson Early Learning Center,'PK,7753,CO-1420-7753,Semper Elementary,'PK-5,8.246892239,6.713155549,'PK
6285 - 5004,71,6285,CO-1420-6285,Norma Anderson Early Learning Center,'PK,5004,CO-1420-5004,Lasley Elementary,'K-6,8.327636049,6.620326622,'No
6285 - 0965,72,6285,CO-1420-6285,Norma Anderson Early Learning Center,'PK,965,CO-1420-0965,Brady Exploration School,'10-12,8.457748649,6.312386923,'No
6285 - 5454,73,6285,CO-1420-6285,Norma Anderson Early Learning Center,'PK,5454,CO-1420-5454,Mandalay Middle,'6-8,8.672098418,6.86606432,'No
6285 - 0030,74,6285,CO-1420-6285,Norma Anderson Early Learning Center,'PK,30,CO-1420-0030,Adams Elementary,'PK-5,8.720588097,6.845893865,'PK
6285 - 4190,75,6285,CO-1420-6285,Norma Anderson Early Learning Center,'PK,4190,CO-1420-4190,Hutchinson Elementary,'PK-5,8.740793955,6.88509204,'PK
6285 - 9412,76,6285,CO-1420-6285,Norma Anderson Early Learning Center,'PK,9412,CO-1420-9412,Westgate Elementary,'PK-5,8.763337887,7.685529186,'PK
6285 - 7483,77,6285,CO-1420-6285,Norma Anderson Early Learning Center,'PK,7483,CO-1420-7483,Rooney Ranch Elementary,'K-5,9.143135451,7.187990186,'No
6285 - 5350,78,6285,CO-1420-6285,Norma Anderson Early Learning Center,'PK,5350,CO-1420-5350,Lukas Elementary,'K-5,9.176963703,6.538472359,'No
6285 - 0660,79,6285,CO-1420-6285,Norma Anderson Early Learning Center,'PK,660,CO-1420-0660,Bear Creek K-8,'K-8,9.32531703,8.213991519,'No
6285 - 0664,80,6285,CO-1420-6285,Norma Anderson Early Learning Center,'PK,664,CO-1420-0664,Bear Creek High,'9-12,9.350166306,8.324329336,'No
6285 - 8209,81,6285,CO-1420-6285,Norma Anderson Early Learning Center,'PK,8209,CO-1420-8209,Standley Lake High,'9-12,9.476380883,7.379685045,'No
6285 - 9299,82,6285,CO-1420-6285,Norma Anderson Early Learning Center,'PK,9299,CO-1420-9299,Wayne Carle Middle,'6-8,9.484928033,6.82382059,'No
6539 - 2550,2,6539,CO-1420-6539,JeffCo Open Elementary,'PK-6,2550,CO-1420-2550,Eiber Elementary,'PK-5,1.509115212,1.168156896,'PK-5
6539 - 4942,3,6539,CO-1420-6539,JeffCo Open Elementary,'PK-6,4942,CO-1420-4942,Lakewood High,'9-12,1.634460739,1.285792668,'No
6539 - 4422,4,6539,CO-1420-6539,JeffCo Open Elementary,'PK-6,4422,CO-1420-4422,Jefferson Junior/Senior High,'7-12,1.875444128,1.300380485,'No
6539 - 7962,5,6539,CO-1420-6539,JeffCo Open Elementary,'PK-6,7962,CO-1420-7962,Slater Elementary,'PK-5,1.903392699,1.354536743,'PK-5
6539 - 8102,6,6539,CO-1420-6539,JeffCo Open Elementary,'PK-6,8102,CO-1420-8102,South Lakewood Elementary,'K-5,1.911168035,1.140220336,'K-5
6539 - 5354,7,6539,CO-1420-6539,JeffCo Open Elementary,'PK-6,5354,CO-1420-5354,Lumberg Elementary,'PK-6,1.913221788,1.278362645,'PK-6
6539 - 7468,8,6539,CO-1420-6539,JeffCo Open Elementary,'PK-6,7468,CO-1420-7468,Rose Stein International Elementary,'PK-6,1.986009791,1.321986839,'PK-6
6539 - 9432,9,6539,CO-1420-6539,JeffCo Open Elementary,'PK-6,9432,CO-1420-9432,Dennison Elementary,'K-6,2.096128058,1.488575426,'K-6
6539 - 1976,10,6539,CO-1420-6539,JeffCo Open Elementary,'PK-6,1976,CO-1420-1976,Creighton Middle,'6-8,2.219025481,1.667506822,'6
6539 - 5892,11,6539,CO-1420-6539,JeffCo Open Elementary,'PK-6,5892,CO-1420-5892,Fletcher Miller Special,'PK-12,2.241800491,1.649361598,'PK-6
6539 - 2496,12,6539,CO-1420-6539,JeffCo Open Elementary,'PK-6,2496,CO-1420-2496,Edgewater Elementary,'PK-6,2.769925206,1.826545672,'PK-6
6539 - 8090,13,6539,CO-1420-6539,JeffCo Open Elementary,'PK-6,8090,CO-1420-8090,Deane Elementary,'PK-6,3.072765135,2.187322249,'PK-6
6539 - 0724,14,6539,CO-1420-6539,JeffCo Open Elementary,'PK-6,724,CO-1420-0724,Belmar School of Integrated Arts,'K-5,3.090284624,2.411174758,'K-5
6539 - 8223,15,6539,CO-1420-6539,JeffCo Open Elementary,'PK-6,8223,CO-1420-8223,Stevens Elementary,'PK-5,3.142058174,2.578346068,'PK-5
6539 - 0108,16,6539,CO-1420-6539,JeffCo Open Elementary,'PK-6,108,CO-1420-0108,Alameda Intl Junior/Senior High,'7-12,3.320284425,2.795444163,'No
6539 - 9510,17,6539,CO-1420-6539,JeffCo Open Elementary,'PK-6,9510,CO-1420-9510,Wheat Ridge High,'9-12,3.365356863,2.374544097,'No
6539 - 8036,18,6539,CO-1420-6539,JeffCo Open Elementary,'PK-6,8036,CO-1420-8036,Sobesky Academy,'K-12,3.392420929,2.720435213,'K-6
6539 - 6808,19,6539,CO-1420-6539,JeffCo Open Elementary,'PK-6,6808,CO-1420-6808,Patterson Elementary,'PK-6,3.671862746,2.810956604,'PK-6
6539 - 5004,20,6539,CO-1420-6539,JeffCo Open Elementary,'PK-6,5004,CO-1420-5004,Lasley Elementary,'K-6,3.779353845,3.05235254,'K-6
6539 - 0965,21,6539,CO-1420-6539,JeffCo Open Elementary,'PK-6,965,CO-1420-0965,Brady Exploration School,'10-12,3.836261969,2.704026578,'No
6539 - 4550,22,6539,CO-1420-6539,JeffCo Open Elementary,'PK-6,4550,CO-1420-4550,Kendrick Lakes Elementary,'PK-5,3.915270395,3.062353481,'PK-5
6539 - 8276,23,6539,CO-1420-6539,JeffCo Open Elementary,'PK-6,8276,CO-1420-8276,Stober Elementary,'K-5,3.942681173,2.892615713,'K-5
6539 - 2820,24,6539,CO-1420-6539,JeffCo Open Elementary,'PK-6,2820,CO-1420-2820,Everitt Middle,'6-8,3.956337481,2.843407979,'6
6539 - 9342,25,6539,CO-1420-6539,JeffCo Open Elementary,'PK-6,9342,CO-1420-9342,Welchester Elementary,'PK-5,4.06223541,3.240888376,'PK-5
6539 - 7190,26,6539,CO-1420-6539,JeffCo Open Elementary,'PK-6,7190,CO-1420-7190,Prospect Valley Elementary,'K-5,4.15565003,3.010748444,'K-5
6539 - 9234,27,6539,CO-1420-6539,JeffCo Open Elementary,'PK-6,9234,CO-1420-9234,Warren Tech Central,'11-12,4.386246644,3.715246997,'No
6539 - 6848,28,6539,CO-1420-6539,JeffCo Open Elementary,'PK-6,6848,CO-1420-6848,Peak Expeditionary-Pennington,'PK-5,4.59286009,3.474153414,'PK-5
6539 - 3622,29,6539,CO-1420-6539,JeffCo Open Elementary,'PK-6,3622,CO-1420-3622,Green Gables Elementary,'PK-5,4.633854378,3.822705159,'PK-5
6539 - 5623,30,6539,CO-1420-6539,JeffCo Open Elementary,'PK-6,5623,CO-1420-5623,Long View,'10-12,4.737576925,3.922958532,'No
6539 - 6285,31,6539,CO-1420-6539,JeffCo Open Elementary,'PK-6,6285,CO-1420-6285,Norma Anderson Early Learning Center,'PK,4.87770236,3.613093877,'PK
6539 - 0033,32,6539,CO-1420-6539,JeffCo Open Elementary,'PK-6,33,CO-1420-0033,McLain Community High School,'9-12,4.883984823,3.860473206,'No
6539 - 3025,33,6539,CO-1420-6539,JeffCo Open Elementary,'PK-6,3025,CO-1420-3025,Foothills Elementary,'PK-5,4.992344751,3.958648437,'PK-5
6539 - 3088,34,6539,CO-1420-6539,JeffCo Open Elementary,'PK-6,3088,CO-1420-3088,Foster Dual Language PK-8 School,'PK-8,5.001375349,4.109951627,'PK-6
6539 - 5024,35,6539,CO-1420-6539,JeffCo Open Elementary,'PK-6,5024,CO-1420-5024,Lawrence Elementary,'K-5,5.068975022,4.455169138,'K-5
6539 - 1318,36,6539,CO-1420-6539,JeffCo Open Elementary,'PK-6,1318,CO-1420-1318,Carmody Middle,'6-8,5.095084725,3.963340872,'6
6539 - 4830,37,6539,CO-1420-6539,JeffCo Open Elementary,'PK-6,4830,CO-1420-4830,Kyffin Elementary,'PK-5,5.117233205,4.161078308,'PK-5
6539 - 5472,38,6539,CO-1420-6539,JeffCo Open Elementary,'PK-6,5472,CO-1420-5472,Manning,'6-8,5.255268957,3.894637823,'6
6539 - 5524,39,6539,CO-1420-6539,JeffCo Open Elementary,'PK-6,5524,CO-1420-5524,Maple Grove Elementary,'PK-5,5.345759134,3.849507438,'PK-5
6539 - 9412,40,6539,CO-1420-6539,JeffCo Open Elementary,'PK-6,9412,CO-1420-9412,Westgate Elementary,'PK-5,5.397766691,4.482271448,'PK-5
6539 - 3628,41,6539,CO-1420-6539,JeffCo Open Elementary,'PK-6,3628,CO-1420-3628,Green Mountain High,'9-12,5.55672222,4.277035427,'No
6539 - 2194,42,6539,CO-1420-6539,JeffCo Open Elementary,'PK-6,2194,CO-1420-2194,Devinny Elementary,'K-5,5.651953042,4.447395916,'K-5
6539 - 3201,43,6539,CO-1420-6539,JeffCo Open Elementary,'PK-6,3201,CO-1420-3201,Free Horizon Montessori,'PK-8,5.76986609,5.034381964,'PK-6
6539 - 2300,44,6539,CO-1420-6539,JeffCo Open Elementary,'PK-6,2300,CO-1420-2300,Dunstan Middle,'6-8,5.775706623,4.494668265,'6
6539 - 7708,45,6539,CO-1420-6539,JeffCo Open Elementary,'PK-6,7708,CO-1420-7708,Secrest Elementary,'PK-5,6.11878553,5.519025153,'PK-5
6539 - 0370,46,6539,CO-1420-6539,JeffCo Open Elementary,'PK-6,370,CO-1420-0370,Arvada High,'9-12,6.232523798,5.640813635,'No
6539 - 4190,47,6539,CO-1420-6539,JeffCo Open Elementary,'PK-6,4190,CO-1420-4190,Hutchinson Elementary,'PK-5,6.396568355,4.906350433,'PK-5
6539 - 0660,48,6539,CO-1420-6539,JeffCo Open Elementary,'PK-6,660,CO-1420-0660,Bear Creek K-8,'K-8,6.495685476,5.190292472,'K-6
6539 - 0694,49,6539,CO-1420-6539,JeffCo Open Elementary,'PK-6,694,CO-1420-0694,Bell Middle,'6-8,6.65582402,5.943853657,'6
6539 - 0664,50,6539,CO-1420-6539,JeffCo Open Elementary,'PK-6,664,CO-1420-0664,Bear Creek High,'9-12,6.724904935,5.402632733,'No
6539 - 9058,51,6539,CO-1420-6539,JeffCo Open Elementary,'PK-6,9058,CO-1420-9058,Vanderhoof Elementary,'K-5,6.872008096,5.307780569,'K-5
6539 - 7483,52,6539,CO-1420-6539,JeffCo Open Elementary,'PK-6,7483,CO-1420-7483,Rooney Ranch Elementary,'K-5,6.901294002,5.290423112,'K-5
6539 - 2288,53,6539,CO-1420-6539,JeffCo Open Elementary,'PK-6,2288,CO-1420-2288,Drake Middle,'6-8,6.920939458,4.964433202,'6
6539 - 8432,54,6539,CO-1420-6539,JeffCo Open Elementary,'PK-6,8432,CO-1420-8432,Swanson Elementary,'K-5,6.945601715,6.06534666,'K-5
6539 - 4798,55,6539,CO-1420-6539,JeffCo Open Elementary,'PK-6,4798,CO-1420-4798,Connections Learning Center,'6-8,7.150208886,6.152104046,'6
6539 - 9245,56,6539,CO-1420-6539,JeffCo Open Elementary,'PK-6,9245,CO-1420-9245,Warren Tech North,'11-12,7.227632333,5.641989042,'No
6539 - 1244,57,6539,CO-1420-6539,JeffCo Open Elementary,'PK-6,1244,CO-1420-1244,Campbell Early Learning Center,'PK,7.30403662,5.959268368,'PK
6539 - 0378,58,6539,CO-1420-6539,JeffCo Open Elementary,'PK-6,378,CO-1420-0378,Arvada West High,'9-12,7.369148601,5.750608449,'No
6539 - 6330,59,6539,CO-1420-6539,JeffCo Open Elementary,'PK-6,6330,CO-1420-6330,North Arvada Middle,'6-8,7.374168811,6.550702189,'6
6539 - 3726,60,6539,CO-1420-6539,JeffCo Open Elementary,'PK-6,3726,CO-1420-3726,Hackberry Hill Elementary,'K-5,7.603018899,6.933370793,'K-5
6539 - 3502,61,6539,CO-1420-6539,JeffCo Open Elementary,'PK-6,3502,CO-1420-3502,Golden High,'9-12,7.75904282,6.810056835,'No
6539 - 3216,62,6539,CO-1420-6539,JeffCo Open Elementary,'PK-6,3216,CO-1420-3216,Fremont Elementary,'K-5,7.80103246,6.046733293,'K-5
6539 - 7833,63,6539,CO-1420-6539,JeffCo Open Elementary,'PK-6,7833,CO-1420-7833,Shelton Elementary,'PK-5,7.954448658,7.018374869,'PK-5
6539 - 2120,64,6539,CO-1420-6539,JeffCo Open Elementary,'PK-6,2120,CO-1420-2120,D'Evelyn Junior/Senior,'6-12,8.238776037,6.437131861,'6
6539 - 9232,65,6539,CO-1420-6539,JeffCo Open Elementary,'PK-6,9232,CO-1420-9232,Warder Elementary,'PK-5,8.337383988,7.122828106,'PK-5
6539 - 3536,66,6539,CO-1420-6539,JeffCo Open Elementary,'PK-6,3536,CO-1420-3536,Governor's Ranch Elementary,'PK-5,8.536766244,7.870632833,'PK-5
6539 - 8300,67,6539,CO-1420-6539,JeffCo Open Elementary,'PK-6,8300,CO-1420-8300,Stott Elementary,'PK-5,8.57170871,6.501765795,'PK-5
6539 - 2866,68,6539,CO-1420-6539,JeffCo Open Elementary,'PK-6,2866,CO-1420-2866,Fairmount Elementary,'K-5,8.588175757,6.244047178,'K-5
6539 - 6470,69,6539,CO-1420-6539,JeffCo Open Elementary,'PK-6,6470,CO-1420-6470,Oberon Middle,'6-8,8.677480491,6.982520475,'6
6539 - 9328,70,6539,CO-1420-6539,JeffCo Open Elementary,'PK-6,9328,CO-1420-9328,Weber Elementary,'PK-5,8.737439581,7.793630614,'PK-5
6539 - 7114,71,6539,CO-1420-6539,JeffCo Open Elementary,'PK-6,7114,CO-1420-7114,Pomona Junior/Senior High,'6-12,8.815503588,8.00949826,'6
6539 - 7870,72,6539,CO-1420-6539,JeffCo Open Elementary,'PK-6,7870,CO-1420-7870,Sierra Elementary,'PK-5,9.061825459,7.477951736,'PK-5
6539 - 5222,73,6539,CO-1420-6539,JeffCo Open Elementary,'PK-6,5222,CO-1420-5222,Little Elementary,'K-5,9.317369813,8.271927945,'K-5
6539 - 5944,74,6539,CO-1420-6539,JeffCo Open Elementary,'PK-6,5944,CO-1420-5944,Mitchell Elementary,'K-5,9.664101414,8.141721383,'K-5
