{"type":"FeatureCollection","crs":{"type":"name","properties":{"name":"EPSG:2232"}},"features":[{"type":"Feature","id":1,"geometry":{"type":"Polygon","coordinates":[[[3125707.3727307171,1680585.7357376367],[3125704.5712271333,1680989.7136042267],[3125703.831727311,1681096.3462649733],[3125703.4751007259,1681147.8012145609],[3125703.0643403828,1681207.0169753879],[3125702.4065333009,1681301.8799746484],[3125702.0479382277,1681353.6039525568],[3125700.2365901321,1681614.7756743133],[3125700.0000420511,1681648.8750155568],[3125699.4590326399,1681731.5382360667],[3125698.895385474,1681817.6509247273],[3125697.6841018051,1682002.681722641],[3125696.8068069667,1682136.7080293894],[3125695.8609427214,1682281.2051157206],[3125695.7500505596,1682298.1250294],[3125692.5886395574,1682794.581057474],[3125691.4472376406,1682973.8113420606],[3125691.2500595599,1683004.7499284744],[3125691.0036689639,1683041.5710490644],[3125689.6355614662,1683245.9213621467],[3125689.5417296439,1683259.9439718872],[3125689.2500635535,1683303.4999871403],[3125689.1785413921,1683314.0327744782],[3125688.7769673914,1683373.1012258977],[3125688.7054452151,1683383.6107193083],[3125687.963648811,1683492.7446873933],[3125687.6998697966,1683531.5510402322],[3125687.5942269713,1683547.0779120624],[3125687.281891644,1683593.0568227321],[3125687.0000680536,1683634.4999813139],[3125688.0033468902,1683653.5255338103],[3125688.5026897192,1683662.9969715625],[3125692.1719737202,1683732.5768848956],[3125689.1214548945,1683915.0345252305],[3125685.8225769699,1684112.3418733925],[3125682.7540135533,1684296.0058761388],[3125682.5752081424,1684322.9552973062],[3125681.6244226396,1684466.258160308],[3125679.1690469682,1684836.358469978],[3125678.3189830482,1684964.4595917314],[3125674.0000940561,1685615.8749555647],[3125673.914136216,1685628.5127255619],[3125665.911855638,1686804.7210030556],[3125665.0001120567,1686938.7499344796],[3125664.9820674658,1686948.2003748864],[3125664.7360049635,1687078.2864008099],[3125664.6759657264,1687109.978266567],[3125663.997161299,1687468.7806985676],[3125663.7501145601,1687599.2499258071],[3125663.6546422988,1687646.5434663892],[3125663.3685536385,1687788.2420018911],[3125663.2720971406,1687835.9722213894],[3125662.9682919681,1687986.4033509791],[3125662.0545798838,1688438.8230498135],[3125661.7501185536,1688589.5629058033],[3125661.0444113016,1688935.6878697276],[3125660.7501205504,1689080.1249168068],[3125660.0001220554,1689539.9999813139],[3124568.2900351435,1689525.0862972289],[3124033.5680074692,1689504.2530055642],[3123203.7068063021,1689500.780571565],[3123002.9365385473,1689498.5223739743],[3120356.1928163022,1689468.7530765533],[3117701.1666302979,1689441.3820683062],[3117701.3021287173,1689411.0379688889],[3117701.5760783106,1689349.7946530581],[3117703.462229386,1688928.013672471],[3117703.8680684716,1688837.24613747],[3117703.8825041354,1688834.0361701399],[3117706.2525781393,1688304.0631487221],[3117706.7397818863,1688195.1122511476],[3117706.8336137235,1688174.1231198907],[3117707.2112376392,1688089.7036693096],[3117710.9635267258,1687250.6226703078],[3117711.3815048933,1687157.1609149724],[3117711.8578818887,1687050.6243826449],[3117712.5458726436,1686896.7483780533],[3117712.7574863881,1686849.4217010587],[3117714.0238880515,1686753.6512233168],[3117721.7305655479,1686170.834475562],[3117747.3345169723,1685192.689778313],[3117748.3394362181,1684296.8529873043],[3117748.4532811344,1684195.5129668862],[3117748.5090553015,1684145.7601136416],[3117728.2932164669,1683246.4955079705],[3117728.2233347148,1683239.5004432201],[3117729.4388834685,1683047.1159854829],[3117731.5947190523,1682705.8683083951],[3117731.6203095615,1682699.2475867271],[3117731.7800861448,1682658.133823812],[3117731.8840885609,1682638.8353059739],[3117734.05960913,1682235.2035673112],[3117735.9998939633,1681875.2498908937],[3117737.4726600498,1681539.3437385559],[3117730.2010210603,1681539.080943808],[3117701.749962464,1681538.8749074787],[3117701.8201723099,1681519.3588703871],[3117702.9274535477,1681212.01532498],[3117703.9796168059,1680919.9634156376],[3117704.7771873921,1680698.550472647],[3117705.4425403923,1680513.7929681391],[3117705.4999549687,1680497.8750209808],[3117674.2654373944,1680511.4770278931],[3117618.1566257179,1680535.9116903096],[3117575.6301359683,1680554.4313383102],[3117489.0286031365,1680592.1448455602],[3117479.8258656412,1680596.1523834765],[3117457.5001228899,1680605.8751330674],[3117445.5946348906,1680600.7265213132],[3117102.2498491406,1680452.2501122206],[3116584.2499008924,1680491.7500332296],[3116155.2501027137,1680589.4998377264],[3115933.249890551,1680471.2500742227],[3115955.4998460561,1680391.7499051392],[3115958.4998400509,1680341.7500051409],[3115967.6573020518,1680243.226580143],[3115972.5001401305,1680191.1249783039],[3115089.4999376386,1680179.000002563],[3115089.749937132,1680055.3749217242],[3115089.9999366403,1679980.6250712276],[3115091.5609571338,1679539.8913726509],[3115093.9956635535,1678852.5620386451],[3114715.9468789697,1678850.5626988113],[3114628.4998753816,1678850.3750351369],[3114473.3942144662,1678850.0167681426],[3114419.558364138,1678849.8924245536],[3114319.5772648901,1678849.6614538878],[3114071.5200182199,1678849.0882923156],[3113384.0000678003,1678847.5000408888],[3113165.0054270476,1678846.9970891476],[3112808.6455754638,1678846.1785212308],[3112546.1802211404,1678845.5758321434],[3112465.9162740558,1678845.3914493173],[3112458.749949798,1678845.3750451505],[3112458.8178630471,1678840.4009737223],[3112459.419567883,1678796.4132008106],[3112460.5937781334,1678710.5780706406],[3112463.2499407977,1678516.3750469834],[3112457.3916848004,1678034.9189888984],[3112451.5691898912,1677556.3841848075],[3112449.2837613821,1677368.5692717284],[3112448.9999693036,1677345.2500926405],[3112449.1243128926,1677244.9159757197],[3112449.249968797,1677143.7498394698],[3112453.5199733824,1676979.8036450595],[3112453.9999593049,1676961.3748761415],[3112435.9999953061,1676961.2498763949],[3112436.3165957183,1676887.7848002315],[3112436.5022908896,1676844.730752483],[3112436.571844548,1676828.592005223],[3112437.499992311,1676613.2499162257],[3112438.999989301,1676282.2499220669],[3112441.1741975546,1676239.9826181382],[3112443.2499808073,1676199.6250873059],[3112445.7499758005,1675782.7499368042],[3112485.4470748901,1675772.8825024813],[3112489.4998883009,1675771.8749585599],[3112491.8397786319,1675574.5272561461],[3112492.0550013036,1675556.3842478096],[3112499.2498688102,1674949.4999628961],[3112499.6570202261,1674913.4646018893],[3112500.9017683864,1674803.2535362244],[3112501.2921875566,1674768.7027523071],[3112508.5536559671,1674125.8877649754],[3112508.9998493046,1674086.3750487268],[3112509.8344933093,1674005.3394496441],[3112514.8272654712,1673604.7661038041],[3112661.6317618936,1673606.1086208075],[3113398.5617184639,1673612.8471243978],[3114294.6875508875,1673621.0410056412],[3114587.1019923091,1673623.7148848176],[3114879.8264724761,1673626.3913886398],[3115168.3137563914,1673629.0291786492],[3115273.5008819699,1673630.0206464827],[3117797.3606636375,1673653.8125936389],[3117797.3787082136,1673649.276841566],[3117805.9764600545,1671504.8264060616],[3117827.4288449734,1671504.8749623895],[3119869.2498925477,1671509.4999531507],[3119929.0181457251,1671510.0301358104],[3119957.4098212272,1671509.2410953939],[3119961.1404568106,1671509.1374210566],[3119956.71264413,1671500.8910464793],[3119949.7543247193,1671486.3113512248],[3119931.268141225,1671425.956156984],[3119929.4781185538,1671378.3929318935],[3119941.9380673915,1671275.0171543956],[3119996.6790996343,1671132.5771505535],[3120047.2951401323,1671011.3880884796],[3120073.9033546448,1670932.0965803862],[3120106.1060461402,1670836.1351581365],[3120130.2539637238,1670810.0088980645],[3120178.9500605613,1670785.9866364002],[3120294.7070468813,1670728.8820918053],[3120467.0121484697,1670692.0678609759],[3120556.92699489,1670699.1288704723],[3120678.9749791324,1670719.5041578114],[3120784.9130874723,1670720.0648522228],[3120823.2949004769,1670661.1889857203],[3120879.6930816323,1670571.249861151],[3120972.1610725522,1670484.8110576421],[3120987.7141910493,1670475.3455253989],[3121012.317160219,1670460.3731143922],[3121059.7750705481,1670439.7265021503],[3121246.9269272238,1670358.3070455641],[3121431.4731460512,1670260.8669517338],[3121677.9808551371,1670160.4258796424],[3121806.2483151406,1670123.9889446497],[3121842.3410907239,1670113.7360123992],[3121842.7977827191,1670057.7230010629],[3121844.6284877211,1669833.0892639756],[3121888.7537275553,1669827.6151935607],[3122064.0000962168,1669805.8750795573],[3122064.0000962168,1669799.4764703065],[3122064.0000962168,1669765.750159815],[3122261.2500298023,1669786.7501178086],[3122461.4999573827,1669807.0000773072],[3122464.4999513924,1669780.8751295656],[3122563.2500819713,1669789.6251120567],[3122575.0000584722,1669820.250050813],[3122580.8678288907,1669835.3051388115],[3122594.0000204742,1669868.9999533147],[3122652.9999024719,1669865.3749605566],[3122850.7501631379,1669853.2499848157],[3123058.7500752211,1669840.750009805],[3123267.4999857992,1669829.6250320673],[3123364.0001208931,1669824.7500418127],[3123571.2500344664,1669816.3750585616],[3123635.2499064654,1669814.3750625551],[3123687.7501295507,1669821.7500478029],[3123713.2500785589,1669868.7499538064],[3123671.7501615584,1669981.125057146],[3123664.4680238813,1669998.9868980646],[3123657.909966141,1670014.9848975539],[3123658.4998599738,1670075.6248681396],[3123677.0001510531,1670095.5001564771],[3123729.0000470579,1670150.8750457317],[3123789.2499265522,1670193.1249612272],[3123891.7500496358,1670245.2498569787],[3123928.99997513,1670264.2501470596],[3124036.0000892282,1670318.6250383109],[3124097.4999662191,1670350.1249753088],[3124169.2501507998,1670386.8749018162],[3124274.2499407977,1670440.2501231432],[3124378.5000603944,1670493.3750168979],[3124440.2499368936,1670524.6249543875],[3124476.9998633862,1670527.374948889],[3124575.2499949634,1670535.1249333918],[3124619.7387511432,1670530.6406903863],[3124661.0001515597,1670526.3749509007],[3124757.7499580532,1670515.9999716431],[3124858.750084132,1670505.2499931455],[3124888.3261404634,1670502.0255901366],[3124958.4998846352,1670494.3750148863],[3125051.0000277162,1670484.2500351369],[3125123.2426653802,1670469.7143030614],[3125204.2500493079,1670453.3750968874],[3125255.6016526371,1670443.1300386488],[3125343.0000998825,1670430.5001426488],[3125479.7501544654,1670421.3751608878],[3125506.2501014769,1670419.6248363107],[3125599.2499154657,1670397.7498800606],[3125700.5794372261,1670371.3066914827],[3125744.1915547252,1670364.3614953905],[3125750.3342589736,1671070.911919564],[3125565.9996538907,1671068.5447983146],[3125330.75012438,1671066.5178994834],[3125066.4678445607,1671064.1973660588],[3125047.7497061342,1671064.0329963118],[3124653.4998384714,1671060.6248666495],[3124623.7079033107,1671060.3509170562],[3124313.4998622984,1671057.4998728931],[3124161.2498387247,1671056.2498753965],[3124118.6751207262,1671055.8292725533],[3123933.4999661446,1671053.9998798966],[3123678.2501485497,1671051.7498843968],[3123423.0000028908,1671049.6248886436],[3123282.2499563098,1671048.4998908937],[3123265.8756452203,1671048.3542218953],[3123113.7499652207,1671046.9998938888],[3123133.7390984744,1671063.8765005618],[3123106.5705176443,1671063.9253849834],[3123097.7293279767,1672622.8195768893],[3123257.537079215,1672440.5886421502],[3123317.1091385484,1672372.6576756388],[3123326.8791321367,1672361.9946392328],[3123453.5977107137,1672235.0660873055],[3123476.9998948872,1672211.6248612255],[3123563.5000499636,1672153.7499769777],[3123673.000159055,1672135.8750127256],[3123752.5000000596,1672122.8750387281],[3123780.7499435544,1672136.1250122339],[3123888.2500566393,1672186.2499119788],[3123992.4998481423,1672235.7501410544],[3124056.0000492185,1672264.8750828058],[3124235.000019297,1672322.2499680668],[3124373.2500708848,1672366.4998795539],[3124466.2498848885,1672397.2501461506],[3124463.4998903871,1672623.2500222325],[3124461.9998933822,1672792.2500123084],[3124461.2498948872,1673116.1250207275],[3124460.6275207996,1673354.6793336421],[3124460.4998963922,1673403.6251018941],[3124460.249896884,1673645.4999462217],[3124468.7498798817,1673698.3748404831],[3124529.3783675581,1673699.1182773113],[3124608.9907411337,1673700.0946533084],[3124627.1606523097,1673700.3174218982],[3125448.6104529649,1673710.3902363926],[3125742.9999560565,1673714.0001373142],[3125740.951731801,1674138.576715976],[3125737.9527220577,1674760.2578873038],[3125737.1436685473,1674928.0088641495],[3125736.4963601381,1675062.2077427208],[3125734.130551219,1675552.5909483135],[3125733.755551964,1675630.3558846414],[3125732.5731396377,1675875.4518511444],[3125730.5902039707,1676286.5619213134],[3125730.2437479645,1676358.4010164738],[3125730.0252444744,1676406.4734268934],[3125728.9317427278,1676647.1278012246],[3125727.2493313849,1677017.45776923],[3125724.8513703048,1677545.2762673944],[3125724.2499935478,1677677.6250840575],[3125721.2585297227,1678337.509262979],[3125718.3189030588,1678985.9564568996],[3125718.2500055581,1679001.1250617206],[3125718.0994153023,1679023.1112382263],[3125712.5902399719,1679827.3727530539],[3125712.2421435565,1679878.2125463933],[3125710.516753301,1680130.0952447206],[3125709.2500235587,1680315.000058651],[3125709.1968740523,1680322.6942689717],[3125708.353371799,1680444.349209398],[3125707.3727307171,1680585.7357376367]]]},"properties":{"OBJECTID":1,"Articulation Area":"Alameda","Shape_Length":71216.222217500894,"Shape_Area":176984776.76685366}},{"type":"Feature","id":2,"geometry":{"type":"Polygon","coordinates":[[[3125455.5559771359,1731782.4886588901],[3125455.5087331384,1731809.2500883043],[3125455.4998748899,1731814.2743564695],[3125435.4175659716,1731814.3383327276],[3125399.9353534728,1731814.4154323041],[3124245.7778848857,1731816.9170677215],[3123824.4273496419,1731817.7241527289],[3123771.3212770815,1731817.1217609623],[3123718.2534576226,1731815.0183455236],[3123665.2663086653,1731811.4155876846],[3123612.4021831304,1731806.3163671494],[3123571.3274621367,1731801.8291713893],[3123503.8265417716,1731792.0090063564],[3123436.7116369852,1731779.8270751901],[3123370.0653566811,1731765.2983721159],[3123303.9697329523,1731748.4407799004],[3123238.5061201118,1731729.2750478429],[3123173.755094558,1731707.8247662336],[3123123.890211524,1731686.8147411218],[3123073.3004005756,1731667.6158155426],[3123022.0514163026,1731650.2529434827],[3122970.2098700614,1731634.7486925006],[3122917.8431433965,1731621.1232143946],[3122865.0193004613,1731609.3942190101],[3122811.8069995493,1731599.5769512206],[3122785.8615133911,1731595.1061596423],[3122628.5124186426,1731570.9710373133],[3122569.4757913053,1731565.1662588865],[3122552.4466258883,1731564.1836493164],[3122540.7665311396,1731563.8762352318],[3122510.9171813875,1731563.0908037275],[3122406.7861560583,1731560.3506517261],[3121773.0003501326,1731559.959904477],[3121754.7113447189,1731559.9487496465],[3121679.1006035507,1731558.7036733925],[3121665.1317994744,1731558.4733588994],[3121456.4999988824,1731554.7148362249],[3121432.5033277273,1731553.9267800599],[3121260.0167960525,1731560.1278831363],[3120948.5695843101,1731571.3250392228],[3120831.1469188929,1731586.4516493976],[3120414.4883033931,1731662.2067472339],[3120120.2070678025,1731741.0753558874],[3120030.8338869661,1731765.0277358145],[3119990.2676951438,1731775.8997613043],[3119919.3767608106,1731794.5522830635],[3119805.8116992265,1731802.5381594747],[3118103.1103802174,1731794.8951301426],[3117421.7150894701,1731791.4784703106],[3117421.0602351427,1731783.5237618089],[3117433.6612598002,1731107.8587745577],[3117433.5631628931,1730824.9138024002],[3117433.4640817195,1730539.2286782265],[3117451.9256589711,1730325.5466908962],[3117465.0440710485,1729454.623892054],[3117468.1559414715,1729248.0294889808],[3117486.8438962251,1728451.3345600665],[3117495.4888920486,1728143.1521055549],[3117509.6414228082,1727638.6396631449],[3117539.2063243091,1726865.5083353966],[3117541.52652964,1726804.8326037228],[3117553.8267018944,1726483.1915147305],[3117546.2755358815,1726483.1472234726],[3116095.4178733081,1726474.6442877203],[3114897.0337871313,1726462.6741673052],[3114613.4251023829,1726455.0518072248],[3114368.7024947256,1726448.474720642],[3114229.2483773082,1726450.9136921465],[3114069.129931137,1726429.4777113944],[3113880.8360163867,1726399.2326931506],[3113782.0950721353,1726388.6815331429],[3113625.7423664778,1726373.7146995664],[3113436.2092809677,1726350.60090065],[3113140.3522611409,1726359.8462889791],[3112913.2864423096,1726382.1805619001],[3112914.0836848021,1726315.8440803885],[3112915.0239716321,1726252.508905232],[3112921.7500080466,1725799.3749689758],[3112521.2501528859,1725792.2499832213],[3112522.2501508892,1725685.6248683929],[3112498.9998693019,1725690.1248593926],[3112463.2715943009,1725667.0812703073],[3112456.7499538064,1725662.8749138862],[3112450.4284441322,1725665.2646728903],[3112415.7500358075,1725678.3748828918],[3112387.6126248837,1725664.4982702285],[3112347.7498437166,1725663.9999116361],[3112326.1760679781,1725656.8522881418],[3112268.2500027269,1725638.1249633878],[3112265.731635049,1725635.7696531415],[3112240.5000582188,1725612.3750148863],[3112155.7498996407,1725565.625108391],[3112122.252591297,1725562.5972273052],[3112046.2035308033,1725555.6782778949],[3112036.0001391321,1725554.7501301467],[3112008.2337904721,1725653.758134231],[3111997.9998870492,1725690.2498591393],[3111982.7499175519,1725696.4998466372],[3111991.4999000579,1725713.6251404732],[3111916.3363364637,1725713.5470566452],[3111885.2100863904,1725713.5149044842],[3111871.0001410544,1725713.5001407266],[3111897.2500885576,1725542.7501541376],[3111892.4243108034,1725501.7302230597],[3111881.4637027979,1725408.5663673878],[3111875.2501325607,1725355.7498719841],[3111820.0248493105,1725255.8612922281],[3111754.0000469685,1725136.3749826401],[3111761.5000319779,1725136.4999823868],[3111628.4999698848,1724949.3750285655],[3111627.7499713898,1724845.9999072254],[3111321.0744036436,1724491.8805367202],[3111314.2499422133,1724483.9999750555],[3111312.4999457151,1724473.1249968112],[3111316.9999367148,1724455.1250328124],[3111313.9254678041,1724444.6722978055],[3111312.6899059713,1724441.741857484],[3111295.9999787211,1724422.8750973046],[3111279.7500112206,1724395.8751513064],[3111264.250042215,1724367.3748802245],[3111261.5266224742,1724359.8050134778],[3111255.0013730526,1724341.6665983051],[3111249.5000717193,1724326.3749622256],[3111223.7501232177,1724291.5000319779],[3111205.2501602173,1724260.5000939816],[3111176.9998886436,1724243.3751282245],[3111159.4999236315,1724230.6251537204],[3111143.7499551326,1724215.7498553991],[3111111.2500201315,1724183.249920398],[3111073.5000956357,1724160.8749651462],[3111053.0001366436,1724152.3749821484],[3111019.9998745471,1724132.6250216365],[3111015.7269172221,1724132.3727255613],[3110988.2499380559,1724130.7500253916],[3110968.2499780506,1724137.5000118911],[3110940.5243117213,1724141.2523009777],[3110868.4998494685,1724150.9999848902],[3110860.2961257249,1724143.7070204765],[3110775.1798261404,1724068.0391928107],[3110732.7789923102,1724021.1967668086],[3110698.494612053,1723983.3215144724],[3109649.7043868005,1724915.3613170534],[3109636.8251474649,1724780.1260232329],[3109637.5000148863,1724718.8167626411],[3109650.3913933039,1723664.9277943075],[3109652.5396829695,1723489.2919907272],[3109654.870386973,1723298.7480804771],[3109655.3260947168,1723041.1324539781],[3109655.9999778867,1722960.1250700653],[3109656.7949237972,1722886.2502178103],[3109657.0547658056,1722862.3755936474],[3109657.3638202995,1722831.7513110638],[3109658.4999728948,1722734.2498656362],[3109658.8313370496,1722700.4477678984],[3109659.0859297216,1722674.500969395],[3109660.7499683946,1722520.4999650568],[3109662.4999648929,1722361.9999539703],[3109662.8175495565,1722332.7267185599],[3109664.2043578029,1722204.8746120632],[3109664.9999598861,1722128.3750931472],[3109666.8487094641,1721970.2510655671],[3109667.2463464737,1721939.6395782232],[3109667.4999548942,1721920.1248534769],[3109669.1137968004,1721768.2514695674],[3109669.9999498874,1721692.8749798983],[3109670.8605124652,1721610.126457721],[3109671.7499463856,1721534.7499680668],[3109672.5199579746,1721463.3754388988],[3109673.3683814704,1721381.251259312],[3109674.2499413937,1721306.0000974834],[3109674.323760137,1721298.7914504707],[3109675.1787452996,1721215.249294728],[3109675.7499383837,1721153.6250741482],[3109568.2501533926,1721153.1349176466],[3109561.4998387992,1721153.1050620675],[3109452.0000578016,1721152.6250761449],[3109375.2498832196,1721152.241874814],[3109303.5000267178,1721151.87507765],[3109030.9999155551,1721150.7500799],[3109018.1052563041,1721140.030941233],[3108990.2499970496,1721116.8751476407],[3108976.3031745553,1721105.435537979],[3108927.4906081408,1721065.1547786444],[3108919.7416078895,1721058.7601063997],[3108850.2499489635,1721001.5000503063],[3108790.485632807,1720952.2675372213],[3108735.4998503923,1720906.9999112338],[3108676.747999385,1720858.5023048073],[3108619.5000823885,1720811.2501027286],[3108525.802107051,1720738.4129780531],[3109190.6898848861,1719944.260038808],[3109572.7265223861,1719479.2527667284],[3109596.4830365479,1719449.6530883908],[3109614.5081583695,1719421.71421205],[3109630.4074646258,1719392.5132208266],[3109644.0930510066,1719362.2115615767],[3109655.4892524467,1719330.976766546],[3109664.5330614648,1719298.9815271141],[3109671.1744765211,1719266.4027390163],[3109675.3767784652,1719233.4205243206],[3109677.116733551,1719200.2172355652],[3109705.5623801695,1719197.4968600518],[3109733.6395320259,1719192.1837820236],[3109761.1123812543,1719184.3226237274],[3109787.7501952667,1719173.9794076341],[3109813.3292545732,1719161.2410019464],[3109837.6347317095,1719146.214391029],[3109860.462495476,1719129.0257768929],[3110476.3001745492,1718379.4400057197],[3110758.4600433111,1718036.9200214744],[3110955.8799240589,1717797.4398573935],[3110959.9301128089,1717792.0399338156],[3110963.1499226391,1717787.590139553],[3110966.300178811,1717783.0901485533],[3110969.4002382159,1717778.5501313955],[3110972.4199172258,1717773.9599174708],[3110975.3798850477,1717769.3300054818],[3110978.2699711323,1717764.649896726],[3110981.0898473859,1717759.939932391],[3110983.8401699662,1717755.1800993979],[3110986.5297971368,1717750.3900827318],[3110989.140028134,1717745.5501973927],[3110991.6800493002,1717740.6801283956],[3110994.1501887143,1717735.7700332254],[3110996.5501182973,1717730.8300824761],[3110998.8801661432,1717725.8501055539],[3111001.130161643,1717720.8399449736],[3111003.3201178908,1717715.7900863141],[3111005.4201793075,1717710.7198864818],[3111007.4598733932,1717705.6099885553],[3111009.4201713055,1717700.4800775647],[3111011.3000888079,1717695.3199828863],[3111013.1101245582,1717690.1300326437],[3111014.8401079774,1717684.9098987281],[3111016.4998815507,1717679.6700798124],[3111018.0799308866,1717674.4099197239],[3111019.5799278915,1717669.1199040562],[3111021.0100431442,1717663.8200458884],[3111022.360106051,1717658.4900040627],[3111023.6301166415,1717653.1399491429],[3111024.8200748861,1717647.7800517231],[3111025.9401513934,1717642.3998131454],[3111026.9798474759,1717636.9998895675],[3111027.929976806,1717631.5901234746],[3111028.8102243841,1717626.1600162238],[3111029.6100915521,1717620.729908973],[3111030.3400769681,1717615.280116722],[3111030.979839474,1717609.820153892],[3111031.5398777276,1717604.3500204831],[3111031.8400739729,1717568.7700391412],[3111035.3922322243,1717231.7211725563],[3109262.8488613069,1717191.7560293972],[3109255.4423800558,1717166.7042422295],[3109023.3624636382,1716381.6962978095],[3108851.6879382133,1715855.71047315],[3108842.5598353795,1715808.1903407986],[3108835.9996443926,1715760.2481971853],[3108832.0263392571,1715712.0227051056],[3108830.6514119413,1715663.6533468824],[3108831.8788391394,1715615.2800209424],[3108835.7050707703,1715567.0426371873],[3108842.1190402466,1715519.0807123345],[3108851.1021964792,1715471.5329663928],[3108862.6285575354,1715424.5369214439],[3108876.6647857851,1715378.2285038878],[3108893.1702843229,1715332.7416513031],[3108912.097314388,1715288.2079250617],[3108933.3911334355,1715244.7561298122],[3108956.990153471,1715202.5119409407],[3108982.8261191798,1715161.5975410806],[3109010.824305342,1715122.1312667232],[3109040.9037329592,1715084.2272659547],[3109072.9774034698,1715047.9951683059],[3109106.9525503744,1715013.5397676723],[3109142.7309075445,1714980.9607192171],[3109180.2089934363,1714950.3522511418],[3109219.27841039,1714921.8028921485],[3109263.6391969658,1714900.0778790321],[3109306.8569955123,1714876.1597380235],[3109348.8234676234,1714850.1084271339],[3109389.4334117193,1714821.9892518073],[3109428.5850267652,1714791.8727012107],[3109466.1801674659,1714759.8342715332],[3109502.1245902986,1714725.9542767317],[3109536.3281897595,1714690.3176471994],[3109568.7052242435,1714653.013716863],[3109599.1745309788,1714614.1359992395],[3109627.6597294873,1714573.7819530179],[3109654.0894130538,1714532.0527377473],[3109678.3973277304,1714489.0529602529],[3109700.5225384212,1714444.8904124047],[3109720.4095816319,1714399.6758009074],[3109738.0086045107,1714353.5224697792],[3109753.2754898146,1714306.5461162208],[3109766.1719665057,1714258.8645005866],[3109776.6657056874,1714210.5971511826],[3109784.7304016477,1714161.8650646319],[3109790.3458378017,1714112.7904025614],[3109784.747095719,1714003.6157521456],[3109751.1549713016,1712959.4577354789],[3109720.3620538861,1712539.5550319701],[3109720.3620538861,1711884.5071294755],[3109713.5215163827,1711284.768827647],[3109714.7419863939,1710936.124839887],[3109714.834177807,1710909.8335538954],[3109715.1642296314,1710815.5512621403],[3109715.2908698022,1710779.4014000595],[3110155.9901196361,1710769.6901333928],[3110232.7076873556,1710769.17317748],[3110309.3911909754,1710766.8295237564],[3110385.9971417394,1710762.6605013553],[3110462.4820948718,1710756.6684746128],[3110538.802674219,1710748.8568417281],[3111380.6700849682,1710634.9571351409],[3111424.2192104757,1710629.0650865585],[3111507.5560979145,1710617.9075794753],[3111591.1202350338,1710608.6037222194],[3111674.870396541,1710601.1581047287],[3111758.7652653717,1710595.5744002031],[3111842.7634530705,1710591.8553632912],[3111926.8235202134,1710590.0028287321],[3112184.6359967142,1710592.6068261415],[3113991.9276577234,1710605.6277974695],[3114538.8025482148,1710608.2317948937],[3114626.3144859411,1710610.5108472104],[3114713.7213973715,1710615.3652429825],[3114800.9475105102,1710622.7907739927],[3114887.9172100937,1710632.7810031381],[3114974.5551031413,1710645.3272700096],[3115060.7860843092,1710660.4186984003],[3115133.3244803194,1710675.0259356992],[3115205.4761821157,1710691.4369748253],[3115277.1963421083,1710709.6416151102],[3115348.440380943,1710729.6285410314],[3115419.1640152098,1710751.3853292444],[3115489.3232849687,1710774.8984563053],[3115671.6152432263,1710834.7943338901],[3117638.0437250584,1711454.7819390595],[3117638.3508110493,1711405.8184543103],[3117638.6119653881,1711364.133498311],[3117638.7976605594,1711334.5082294792],[3117638.9282377213,1711313.6519719809],[3117639.2159668058,1711267.7577068061],[3117639.2550087273,1711261.5077193081],[3117639.5597981364,1711212.8775672317],[3117639.7077637166,1711140.8068452328],[3117639.8278422207,1711082.3263191432],[3117639.9771201313,1711009.6250209808],[3117640.2320408821,1710885.3726448119],[3117836.5000210553,1710919.4998731464],[3117925.499843061,1710951.7501367331],[3118018.2499856353,1710970.1250999719],[3118066.8837466389,1710982.2241571397],[3118172.0000062138,1711008.3750234842],[3118194.5367065519,1711019.0580729842],[3118210.4999292195,1711026.6249869764],[3118222.2285803109,1711026.6102232337],[3118310.7500568032,1711026.4999872297],[3118427.5001513809,1710994.2500517219],[3118566.2498738915,1710972.0000962317],[3118694.9999444634,1710978.0000842214],[3118956.9577538818,1711053.0435693115],[3119093.3807093948,1711092.1248559803],[3119314.7349254638,1711212.8893782198],[3119553.4499992281,1711356.1184224784],[3119587.9203279302,1711375.5166507745],[3119623.3664951967,1711393.0684041905],[3119659.6896789521,1711408.7247493488],[3119696.7886120453,1711422.4420371712],[3119734.5598645755,1711434.1820245713],[3119772.8981322506,1711443.9119810732],[3119811.6965299696,1711451.604780063],[3120065.6028463095,1711562.2817240655],[3120096.2474706434,1711578.8294812171],[3120128.0408563837,1711593.0457356616],[3120160.8059252203,1711604.851307712],[3120194.3601868972,1711614.18044436],[3120228.5167556256,1711620.981185497],[3120263.0853909701,1711625.2156533152],[3120300.1794587937,1711630.9966081437],[3120336.9238444231,1711638.6933237503],[3120373.2196752252,1711648.2850896367],[3120408.9692855477,1711659.7460960597],[3120783.9189949781,1711772.7852400541],[3120819.9599607242,1711783.9466460778],[3120856.6421799706,1711792.7751786564],[3120893.8148165499,1711799.2345351332],[3120931.3250177125,1711803.2981548309],[3120969.0185426553,1711804.9493282696],[3121006.740396752,1711804.1812658743],[3121044.3354688883,1711800.9971258938],[3121166.507140547,1711793.8524551392],[3121195.3705998808,1711793.1684013903],[3121326.8378566355,1711778.0772242248],[3121801.7138753831,1711727.21216847],[3121870.8287044764,1711733.2234489513],[3121939.6998877442,1711741.5754073346],[3122008.2481776513,1711752.2584333289],[3122076.3946982031,1711765.2602343697],[3122144.0610357057,1711780.5658497622],[3122211.1693289955,1711798.1576678988],[3122277.6423590286,1711818.0154465213],[3122343.4036377352,1711840.1163360151],[3122408.377496033,1711864.4349056995],[3122472.489170894,1711890.9431730914],[3122535.6648913729,1711919.6106361034],[3122597.8319634935,1711950.4043081405],[3122658.9188538939,1711983.2887560576],[3122685.7360574752,1712010.2844369709],[3122907.5000496358,1712336.3749921471],[3122242.6221143007,1712336.0049141496],[3122233.7500848025,1712335.9999928921],[3122235.8094638884,1712514.381525889],[3122237.7864940614,1712685.6315114796],[3122239.2871472239,1712815.6082856506],[3122239.5473173112,1712838.1413770616],[3122242.0000683069,1713050.6248759776],[3122370.2173315585,1713051.5031550676],[3122406.2500678897,1713051.7498737276],[3122408.54927589,1713157.1266314834],[3122411.5000573844,1713292.3750486374],[3122450.7348870486,1713292.4045761377],[3122718.4377637208,1713292.606347397],[3122823.589128226,1713292.6854154766],[3122894.5437107235,1713292.7388930619],[3122909.250046134,1713292.7500478923],[3122909.2155973911,1713277.6168760657],[3122908.7936822176,1713092.0742681473],[3122908.7500471324,1713072.8751595616],[3122934.5987487137,1713072.8751595616],[3123005.9998526424,1713072.8751595616],[3123117.7499572188,1713072.8751595616],[3123123.856900394,1713096.953523472],[3123140.0944007188,1713160.9740647227],[3123143.039604798,1713172.5859181434],[3123150.4998917282,1713201.9999013096],[3123156.725929141,1713213.9073578119],[3123159.8168022186,1713219.8190913945],[3123167.8896207213,1713235.2583649755],[3123208.0893434733,1713312.1420694739],[3123216.2500883043,1713327.7499778867],[3123231.4442836344,1713327.7863951474],[3123284.749951303,1713327.913691476],[3123573.0000309646,1713328.7768787295],[3124167.7501538098,1713330.5298279822],[3124293.9999013096,1713330.9035148919],[3125307.0766153038,1713333.9172883928],[3125545.000023976,1713334.6249641478],[3125544.9701683819,1713339.7994944751],[3125541.2569212168,1713981.2499832213],[3125537.9691981375,1714555.374819234],[3125536.7336363047,1714767.124723807],[3125536.4501723051,1714820.4996170551],[3125535.7979426384,1714932.7073978931],[3125534.7106744647,1715119.8746744841],[3125534.1657280475,1715216.415163815],[3125534.1362005472,1715221.6270956397],[3125533.7782616317,1715285.0406827331],[3125533.4134329706,1715349.624214977],[3125532.1444066316,1715579.7615499794],[3125531.7904047221,1715643.8736264706],[3125530.6542521417,1715827.3742437214],[3125530.3993313909,1715873.4719205648],[3125529.9206577986,1715959.990448311],[3125529.8438863009,1715973.8742788136],[3125528.1385091394,1716265.5830129832],[3125527.8579978943,1716313.5793080628],[3125527.4587204754,1716381.8947882205],[3125526.613577798,1716526.5637902319],[3125524.672636807,1716858.9158158153],[3125524.2720470577,1716927.5186969787],[3125523.497770384,1717060.1257152259],[3125521.2376043051,1717447.4999404699],[3125521.0322241336,1717482.0362887233],[3125520.7677889764,1717527.2501090616],[3125520.5948890597,1717556.7667823136],[3125520.2546666414,1717617.2499290556],[3125519.6788803935,1717719.6624538898],[3125514.7090740502,1718610.5008953065],[3125514.6756095588,1718616.2374323905],[3125513.7874879688,1718769.65444839],[3125513.127384305,1718883.6975273937],[3125512.7057972252,1718956.4880642295],[3125512.0036988854,1719077.7529135644],[3125507.1250997186,1719935.1298077255],[3125507.104102388,1719938.8794721365],[3125504.4669685513,1720372.7831318974],[3125504.0991871357,1720438.7544566393],[3125500.4259661436,1721074.5048255622],[3125499.5112698078,1721241.6452393085],[3125499.4659942985,1721249.8801309764],[3125492.2977015525,1722568.2820217311],[3125488.5841263086,1723222.1688373089],[3125488.4771711379,1723242.0054118037],[3125484.4240296334,1723885.4896891415],[3125482.1031681448,1724252.0063445568],[3125480.9256770611,1724468.0039440542],[3125480.5398510545,1724538.7528183162],[3125480.4640638083,1724552.4352056384],[3125477.7301453948,1725017.1668877304],[3125476.7908428013,1725176.8243768066],[3125476.7711578012,1725180.1642651409],[3125476.6094127148,1725209.8781164736],[3125475.4155174643,1725398.3042488098],[3125473.8403893858,1725646.920877561],[3125471.9880308807,1725939.3274449706],[3125469.9663813859,1726258.4009538144],[3125468.9588374645,1726417.4311475605],[3125468.2803611308,1726524.549043566],[3125468.249849394,1726529.7501486391],[3125467.9998498857,1726576.7500546426],[3125467.9030653089,1726617.3792384714],[3125467.4411239773,1726810.9169091433],[3125466.9699963033,1727008.4276689738],[3125466.6133697182,1727157.8630656451],[3125466.1442105472,1727354.3951528966],[3125465.8581218868,1727474.3466846496],[3125465.6898151338,1727544.8773834705],[3125464.9280056357,1727705.3203040659],[3125464.3824030608,1727820.2498642206],[3125464.2774163932,1727842.3406993151],[3125464.249857381,1727848.1251365542],[3125464.2347655594,1727854.4308982342],[3125462.9723008871,1728375.7681101412],[3125461.0595750511,1729165.7514383048],[3125458.2830058038,1730485.3757675588],[3125458.1527567208,1730547.3336488903],[3125457.5185716301,1730848.9800272286],[3125457.1681786329,1731015.6634209007],[3125456.0471178889,1731548.9386010617],[3125455.5559771359,1731782.4886588901]]]},"properties":{"OBJECTID":2,"Articulation Area":"Arvada","Shape_Length":79911.41903982393,"Shape_Area":274992787.56064898}},{"type":"Feature","id":3,"geometry":{"type":"MultiPolygon","coordinates":[[[[3079533.2134388089,1717056.6545935571],[3079262.3432456404,1717054.842261225],[3078209.1107720584,1717047.8061860651],[3078200.7981246412,1717047.7504118979],[3078200.7328360528,1715677.9736238867],[3078199.3811327219,1715674.1215974838],[3078200.1721416414,1715607.4734368175],[3078202.3722684681,1715431.224773556],[3078203.9001525491,1714118.6998395622],[3078203.9998898804,1714046.9998517334],[3078203.9998898804,1714026.181979984],[3078203.9998898804,1713880.8748558909],[3078204.499888882,1713358.3749166429],[3078204.9998878837,1713100.9991190583],[3078854.4999012202,1713077.5995595604],[3078925.391491726,1713075.0644596368],[3080840.999865219,1713005.874965474],[3080842.7515021414,1713258.1776104718],[3080849.1396127194,1714178.2938804775],[3080852.3640157133,1714642.7106025666],[3080853.5470842272,1714813.0954324007],[3080856.2035749704,1715195.7501788884],[3080859.9955621362,1715746.0738813877],[3079530.6199400574,1715726.5401278138],[3079533.2134388089,1717056.6545935571]]],[[[3107981.4465684742,1726400.8655638993],[3107965.115564391,1726415.4075295627],[3107213.5406239778,1727086.0646528155],[3105851.1522726417,1728282.4477587342],[3105751.9136259705,1728371.0407573879],[3104276.9638199657,1729687.7687669694],[3101589.0000358075,1732080.1248746365],[3101589.2559408098,1732066.2102043033],[3101590.9468823075,1731974.2628816366],[3101593.4993706346,1731835.4695240557],[3101595.7198386341,1731714.7427313924],[3101614.4999848008,1730693.6250229776],[3101615.0547737181,1730668.1654282212],[3101615.7421083003,1730636.6251369715],[3101618.4999767989,1730508.8750643879],[3101618.5793729722,1730504.7769754827],[3101620.4999728054,1730405.749942556],[3101622.9999677986,1730282.3748612255],[3101624.4917627275,1730209.0219895542],[3101626.7499603033,1730097.9999018908],[3101628.2473326325,1730025.125047639],[3101629.7499542981,1729951.7498663068],[3101631.9668133855,1729846.8744198978],[3101633.0009320527,1729795.6248504817],[3101634.2499452978,1729731.7499782294],[3101636.7499403059,1729612.9998876452],[3101639.4999348074,1729484.7501441389],[3101641.7499303073,1729373.7500380576],[3101643.3467118889,1729292.6268407255],[3101643.7499262989,1729275.1249072254],[3101645.5146865547,1729076.6010260582],[3101646.249921307,1728993.8751416504],[3101660.3512710482,1728431.4038256407],[3101663.9998857975,1728285.874917224],[3101669.2498753071,1728023.000114888],[3101676.4998608083,1727671.3751619756],[3101676.7498603016,1727585.8750048876],[3101682.9998477995,1727354.7501390576],[3101693.7501543909,1726832.6248709708],[3101700.7826206386,1726505.5159451365],[3101702.3305177987,1726415.1549053937],[3101702.4607668817,1726404.1247437298],[3101702.8948211372,1726362.4781734794],[3101703.1162773818,1726352.6218939722],[3101504.6747451425,1726351.0503748059],[3100345.5225358903,1726328.1688589007],[3099252.0959169716,1726318.7394158095],[3099082.2140388936,1726332.0356490612],[3099062.7498389781,1726331.8748882264],[3099063.2796935588,1726070.1250836402],[3099063.822671473,1725816.2899613976],[3099064.0382222235,1725715.5736273974],[3099064.1832350492,1725647.8175293058],[3099064.2281824648,1725626.7499861419],[3099064.2616469711,1725610.7500181496],[3099064.2750983834,1725603.8976696432],[3099064.6619086415,1725406.7363185585],[3099065.6576415598,1724899.2389739752],[3099061.1835691333,1724899.1822155565],[3098987.57183972,1724898.1746716499],[3098983.6059683859,1724898.120537892],[3098764.750106886,1724895.1251370609],[3098734.0395383835,1724899.008659482],[3098444.9472687989,1724935.5653448999],[3098274.6405228078,1724963.0872714818],[3098235.0726885498,1724969.4816156477],[3098011.6446577162,1725005.5881707221],[3097872.3729546368,1725014.4392028898],[3097639.5541945547,1725029.2351050675],[3097615.109689638,1725041.2022727281],[3097397.0612412244,1725147.9494345635],[3097043.7499399781,1725148.2499588877],[3096884.4999303818,1725199.7498558909],[3096675.0000213087,1725116.3750226498],[3096614.4712709635,1725088.3960759789],[3096479.2897828072,1725025.909652397],[3096437.0802215487,1725006.3985365629],[3096360.4999941438,1724970.9999853075],[3096272.3499079645,1724803.4022233933],[3096270.3860011399,1724799.6683069766],[3096267.7196678817,1724794.5990913957],[3096264.8364715576,1724789.1171469837],[3096203.4999800473,1724672.4999261498],[3096189.5009922981,1724658.157435149],[3096045.4999679774,1724510.6249218136],[3095947.2865817249,1724513.8946003169],[3095846.5000378937,1724517.2499085665],[3095777.2498483062,1724519.624903813],[3095657.821937561,1724523.5993053168],[3095480.5001137257,1724529.4998840541],[3095145.3249310553,1724411.838373974],[3094900.4999613911,1724362.9998889714],[3094897.9363182187,1724360.64884381],[3094739.2499558032,1724215.1248566508],[3094698.2500378042,1724082.6251216382],[3094299.8390892148,1724064.6159713119],[3094051.031187892,1724087.5614634752],[3094033.2572733015,1724089.2005678117],[3094031.9613441378,1723677.4527036399],[3093433.8641151339,1723676.0905016363],[3093386.8507577181,1723670.4851978868],[3093325.9801445603,1723656.6509079784],[3092742.7500118017,1723661.9999786466],[3092742.7490275502,1723634.598130554],[3092741.8930581361,1723127.7028189003],[3092737.0000233054,1722554.7498965561],[3092737.7500218004,1722348.9999799728],[3092725.5673033893,1722349.2437458932],[3092706.6624855548,1722349.6715665609],[3092681.5198193043,1722350.2404630631],[3092669.4929404706,1722350.5058824718],[3092663.0910503864,1722350.5829820633],[3092552.3829384744,1722351.9192654788],[3092521.9984848052,1722352.2722831368],[3092467.7499056309,1722352.9999719709],[3092258.7503236383,1722355.0226057321],[3092159.4998659641,1722355.9999659806],[3091993.9998688847,1722357.6292278171],[3091941.2503024638,1722358.1423501372],[3091920.4878768027,1722358.3556043059],[3091884.9997588098,1722358.7201048881],[3091829.7498693019,1722359.2499594837],[3091774.2503083944,1722359.7709558159],[3091724.2586104721,1722360.2601280659],[3091713.0001028031,1722360.370364055],[3091646.830943808,1722361.0150478035],[3091601.4996696413,1722361.4569760561],[3091583.4980652183,1722361.6239704788],[3091529.5001417249,1722362.1249537319],[3091474.4963147193,1722362.5462127328],[3091450.7496430576,1722362.7279708982],[3091429.7500131428,1722362.8749522269],[3091429.7500131428,1722342.7499924749],[3091429.7674015611,1722310.7923792303],[3091429.775931716,1722295.1136048138],[3091429.7815091312,1722284.9758298099],[3091429.8333463073,1722188.7499723881],[3091429.7821653038,1721882.0655463934],[3091429.7500131428,1721688.9999876469],[3091435.5590566397,1721040.4254973978],[3091435.7454079688,1721018.1368280649],[3091428.0210139751,1721019.209332481],[3091386.0693262219,1721019.6673368067],[3091378.500115633,1721019.7500138134],[3090926.5000353903,1721025.1250030547],[3090427.75070481,1721031.0508442223],[3090277.0000220537,1721032.8749875575],[3089733.5001247972,1721039.249974817],[3089500.386745885,1721042.0668983161],[3089433.5000686347,1721042.8749675602],[3089140.7506541312,1721046.3073753864],[3089057.1940627247,1721047.3047487289],[3088948.6854214668,1721048.6000217199],[3088883.7498558015,1721049.3749545664],[3088877.0166015476,1721049.3847970665],[3088823.9107366353,1721049.4625528157],[3088326.5915213078,1721050.1912258863],[3087433.5001316369,1721051.4999503046],[3087368.958594054,1721051.5629423112],[3086760.8062670529,1721052.1574293077],[3086163.2034596354,1721052.7420738041],[3086155.0000639707,1721052.7499478161],[3085397.2499390543,1721057.9999373108],[3085052.3894083053,1721060.3519667238],[3084822.2504328936,1721061.921517387],[3084788.380093798,1721062.1554408073],[3084712.2903509736,1721062.6807022244],[3084669.2098083058,1721070.2053316177],[3084626.6398886694,1721080.223073191],[3084584.7247435856,1721092.7000045714],[3084543.606307358,1721107.5938760047],[3084503.4238164513,1721124.8542534232],[3084464.313338005,1721144.4226892265],[3084426.4073090781,1721166.2329201982],[3084389.8340881858,1721190.2110918895],[3084354.7175206514,1721216.2760087061],[3084321.1765192333,1721244.3394088559],[3084289.3246614635,1721274.3062632233],[3083627.866338715,1722110.2438958138],[3083593.3068509768,1722144.5090284627],[3083557.0442778971,1722176.9664359658],[3083519.1730610956,1722207.5315868112],[3083479.7918317169,1722236.1248776466],[3083479.514929384,1722185.5632989705],[3083463.8040028065,1719315.9729095548],[3083481.9204363823,1718383.6017428041],[3083482.6271278858,1718347.2369861454],[3083483.6717452258,1718293.4785634726],[3083486.5851252228,1717834.0008078963],[3083487.1691135615,1717742.5597178042],[3083487.3623546362,1717712.2694240659],[3083487.4095986336,1717704.8744257241],[3083489.6828880608,1717348.8748096377],[3083491.3239608854,1717091.8753236383],[3083499.75012514,1715772.2500101477],[3083497.1595791429,1715416.7854979783],[3083496.1638462245,1715280.1256663054],[3083492.5001396388,1714777.3750313967],[3083484.0578993112,1713642.6246762276],[3083478.7498390526,1712929.1251189709],[3083476.749843061,1711209.9999483079],[3083475.9998445511,1710327.5000728965],[3083470.9998545498,1709020.0000632256],[3083465.9998645484,1707695.6250873059],[3083461.1960683912,1707329.7508190572],[3083450.9953013808,1706559.5000629723],[3083450.002193138,1706484.4998848885],[3083449.7981252968,1706469.0855456442],[3083445.8768732995,1706173.0014921427],[3083441.2499140501,1705823.6248943061],[3083434.4034710526,1704558.1858241409],[3083433.6452704668,1704418.0460125655],[3083433.4641684741,1704384.5936516374],[3083433.2499300539,1704344.9998988062],[3083585.4999536425,1704500.2499163896],[3083683.5683270544,1704615.1420750618],[3084053.2024303079,1704704.5300196409],[3084261.2912529707,1704770.2628278136],[3084545.5921935588,1704840.1396565586],[3084557.1617242247,1704842.9831548035],[3084616.5205293894,1704857.5726925582],[3084753.2089043111,1704872.7809954733],[3084833.8967350572,1704881.7583397329],[3084895.9684613049,1704902.2471438944],[3084911.8640988022,1704907.4941806495],[3084988.2104028016,1704932.694917649],[3085248.5248427987,1704966.2548898906],[3085468.5158726424,1704995.5868522227],[3085594.7639797181,1704997.5359953046],[3085646.0896644741,1704989.1629805565],[3085672.534821555,1704985.063579306],[3085762.3151538074,1704964.4363239706],[3085796.5001247972,1704885.8751293868],[3085980.2500853837,1704748.1250768155],[3086027.643363297,1704744.3353862315],[3086110.0001539737,1704737.7500975579],[3086241.4998909682,1704743.8750853091],[3086460.7501086444,1704775.8750213087],[3086588.4998531342,1704796.4999800622],[3086697.4999632239,1704819.3749343157],[3086778.5001292974,1704834.1249048114],[3086901.2498838007,1704869.2501626462],[3087028.4999573827,1704906.8750873953],[3087234.7498729676,1704973.2499546409],[3087310.250050053,1705014.7498716414],[3087436.5001256317,1705105.8750174791],[3087533.7499311417,1705189.7498497218],[3087576.4998456389,1705221.3751145601],[3087724.9998767227,1705317.6249220669],[3087861.249932304,1705394.6250961423],[3087925.7501313835,1705426.2500328869],[3088042.7498973906,1705492.2499008924],[3088174.7499614656,1705548.7501159757],[3088246.2501465529,1705569.3750747293],[3088454.0000591427,1705689.0001635551],[3088563.999839142,1705727.5000865608],[3088748.077554971,1705872.6202031374],[3089550.8581016362,1706067.3609553874],[3089862.3948801309,1706088.9524476379],[3090217.1152992994,1706166.0654823929],[3090553.328537643,1706166.0654823929],[3090883.3728250563,1706150.6429410577],[3091160.9798813909,1706110.5442679822],[3091355.3049520552,1706055.0227254778],[3091586.6443843842,1706045.7691350579],[3091913.6040323079,1706067.3609553874],[3092104.8444634676,1706092.0370871425],[3092357.7753880471,1706088.9524476379],[3092505.8325066417,1706110.5442679822],[3092869.8065162152,1706206.1644835621],[3093098.0613090545,1706258.601386562],[3093301.6399701387,1706237.0095662326],[3093480.5424994677,1706233.9252548069],[3093730.3887845576,1706267.8549769819],[3093949.3903150558,1706320.2918799818],[3094248.5891917199,1706320.2918799818],[3094483.0129354745,1706298.7000596374],[3094739.0284995586,1706329.5454703867],[3094896.3392085582,1706320.2918799818],[3095059.819196552,1706314.1229290664],[3095198.6227247268,1706357.3062416464],[3095392.9477953911,1706360.3905530572],[3095630.4561786354,1706360.3905530572],[3095824.7812492996,1706360.3905530572],[3095948.1622361392,1706406.6585051417],[3096108.5575846434,1706474.5179494768],[3096315.2205571383,1706443.6728668064],[3096457.1087248027,1706403.5738656372],[3096580.4897116423,1706415.9120955616],[3096700.7860589772,1706468.3489985615],[3096796.4062745571,1706468.3489985615],[3097074.0136589706,1706474.5179494768],[3097357.7899942994,1706471.4336380661],[3097505.8471128941,1706462.1800476462],[3097820.4685308933,1706468.3489985615],[3098002.4556997269,1706493.0251303166],[3098236.8794434667,1706511.5323111415],[3098529.9093692154,1706517.7012620568],[3098856.8690171391,1706548.5466728061],[3098998.7571848035,1706585.5610344708],[3099208.504796803,1706681.1812500656],[3099341.1393740475,1706730.5335135609],[3099510.7879848927,1706782.9704165608],[3099776.0571393818,1706829.2383686453],[3100001.2276208103,1706832.3230081499],[3100105.3077932149,1706813.2062484771],[3100152.3693788946,1706804.5622368902],[3100297.5564244688,1706805.7902528048],[3100291.6637197137,1706981.2187077254],[3100280.4961254271,1707046.0399520947],[3100271.8233660203,1707111.2418855631],[3100265.6582088065,1707176.7285232863],[3100262.0097296159,1707242.4034613017],[3100260.8832994341,1707308.1700184473],[3100262.2805764978,1707373.9313786868],[3100266.1995038525,1707439.5907336343],[3100272.634312381,1707505.0514250677],[3100281.5755292941,1707570.2170872209],[3100293.0099920798,1707634.9917886446],[3100306.9208678752,1707699.2801734302],[3100323.287678251,1707762.9876015831],[3100342.0863293544,1707826.0202883452],[3100363.2891473803,1707888.2854422557],[3100386.8649193095,1707949.6914017519],[3100412.7789388592,1708010.1477701059],[3100440.9930575718,1708069.5655484977],[3100471.4657409769,1708127.8572670333],[3100504.1521297335,1708184.93711351],[3100539.004105668,1708240.7210597417],[3100575.9703626102,1708295.1269852591],[3100614.9964819225,1708348.0747981996],[3100656.0250126091,1708399.4865532119],[3100698.9955558912,1708449.2865662016],[3100743.844854122,1708497.4015257461],[3100790.5068839076,1708543.7606010174],[3100838.9129533023,1708588.2955460548],[3100883.5952707222,1708626.714504194],[3100929.5904945913,1708663.5515129725],[3100976.8426457653,1708698.7617393835],[3101025.2942153402,1708732.3023303181],[3101074.8862346411,1708764.1324647218],[3101763.3326923847,1709110.9185165614],[3104164.4827457219,1710271.5408672243],[3104283.2906852355,1710319.5898999174],[3104403.0182533618,1710365.2992585287],[3104523.6193802268,1710408.6513545916],[3104645.0476598199,1710449.6295066874],[3104767.2563678515,1710488.2179468665],[3104890.1984797306,1710524.4018267135],[3105013.8266886617,1710558.1672230628],[3105138.0934238457,1710589.5011433549],[3105262.9508687858,1710618.3915306355],[3105388.3509796862,1710644.8272681958],[3105514.2455039388,1710668.7981838498],[3105640.5859986921,1710690.2950538481],[3105767.3238494876,1710709.3096064273],[3105894.4102889709,1710725.8345249933],[3106021.7964156531,1710739.8634509358],[3106149.4332127287,1710751.3909860759],[3106277.2715669377,1710760.4126947422],[3106405.2622874631,1710766.9251054791],[3106533.3561248579,1710770.925712381],[3106661.5037899981,1710772.412976058],[3106789.655973047,1710771.3863242269],[3107056.5678407997,1710772.1176219732],[3109715.2908698022,1710779.4014000595],[3109715.1642296314,1710815.5512621403],[3109714.834177807,1710909.8335538954],[3109714.7419863939,1710936.124839887],[3109713.5215163827,1711284.768827647],[3109720.3620538861,1711884.5071294755],[3109720.3620538861,1712539.5550319701],[3109751.1549713016,1712959.4577354789],[3109784.747095719,1714003.6157521456],[3109790.3458378017,1714112.7904025614],[3109784.7304016473,1714161.8650646317],[3109776.6657056864,1714210.5971511824],[3109766.1719665043,1714258.8645005862],[3109753.2754898127,1714306.5461162201],[3109738.0086045088,1714353.5224697783],[3109720.40958163,1714399.6758009065],[3109700.5225384189,1714444.8904124035],[3109678.3973277281,1714489.0529602515],[3109654.0894130515,1714532.0527377459],[3109627.6597294849,1714573.7819530163],[3109599.1745309765,1714614.1359992379],[3109568.7052242416,1714653.0137168611],[3109536.3281897577,1714690.3176471975],[3109502.1245902968,1714725.9542767298],[3109466.1801674641,1714759.8342715316],[3109428.5850267634,1714791.8727012093],[3109389.4334117183,1714821.9892518059],[3109348.8234676225,1714850.1084271329],[3109306.8569955118,1714876.1597380226],[3109263.6391969654,1714900.0778790317],[3109219.27841039,1714921.8028921485],[3109180.2089934358,1714950.3522511416],[3109142.730907544,1714980.9607192166],[3109106.9525503735,1715013.5397676716],[3109072.9774034685,1715047.9951683052],[3109040.9037329578,1715084.2272659538],[3109010.8243053406,1715122.1312667222],[3108982.826119178,1715161.5975410796],[3108956.9901534687,1715202.5119409398],[3108933.3911334332,1715244.7561298111],[3108912.0973143857,1715288.2079250608],[3108893.1702843211,1715332.7416513024],[3108876.6647857828,1715378.2285038868],[3108862.628557533,1715424.5369214432],[3108851.1021964769,1715471.5329663921],[3108842.1190402447,1715519.080712334],[3108835.7050707685,1715567.0426371868],[3108831.8788391375,1715615.2800209422],[3108830.6514119394,1715663.6533468822],[3108832.0263392562,1715712.0227051054],[3108835.9996443917,1715760.2481971851],[3108842.559835379,1715808.1903407986],[3108851.6879382133,1715855.71047315],[3109023.3624636382,1716381.6962978095],[3109255.4423800558,1717166.7042422295],[3109262.8488613069,1717191.7560293972],[3111035.3922322243,1717231.7211725563],[3111031.8400739729,1717568.7700391412],[3111031.5398777276,1717604.3500204831],[3111030.979839474,1717609.820153892],[3111030.3400769681,1717615.280116722],[3111029.6100915521,1717620.729908973],[3111028.8102243841,1717626.1600162238],[3111027.929976806,1717631.5901234746],[3111026.9798474759,1717636.9998895675],[3111025.9401513934,1717642.3998131454],[3111024.8200748861,1717647.7800517231],[3111023.6301166415,1717653.1399491429],[3111022.360106051,1717658.4900040627],[3111021.0100431442,1717663.8200458884],[3111019.5799278915,1717669.1199040562],[3111018.0799308866,1717674.4099197239],[3111016.4998815507,1717679.6700798124],[3111014.8401079774,1717684.9098987281],[3111013.1101245582,1717690.1300326437],[3111011.3000888079,1717695.3199828863],[3111009.4201713055,1717700.4800775647],[3111007.4598733932,1717705.6099885553],[3111005.4201793075,1717710.7198864818],[3111003.3201178908,1717715.7900863141],[3111001.130161643,1717720.8399449736],[3110998.8801661432,1717725.8501055539],[3110996.5501182973,1717730.8300824761],[3110994.1501887143,1717735.7700332254],[3110991.6800493002,1717740.6801283956],[3110989.140028134,1717745.5501973927],[3110986.5297971368,1717750.3900827318],[3110983.8401699662,1717755.1800993979],[3110981.0898473859,1717759.939932391],[3110978.2699711323,1717764.649896726],[3110975.3798850477,1717769.3300054818],[3110972.4199172258,1717773.9599174708],[3110969.4002382159,1717778.5501313955],[3110966.300178811,1717783.0901485533],[3110963.1499226391,1717787.590139553],[3110959.9301128089,1717792.0399338156],[3110955.8799240589,1717797.4398573935],[3110758.4600433111,1718036.9200214744],[3110476.3001745492,1718379.4400057197],[3109860.462495476,1719129.0257768929],[3109837.6347317095,1719146.2143910285],[3109813.3292545732,1719161.2410019459],[3109787.7501952662,1719173.9794076337],[3109761.1123812543,1719184.3226237267],[3109733.6395320259,1719192.1837820231],[3109705.5623801695,1719197.4968600515],[3109677.116733551,1719200.2172355652],[3109675.3767784652,1719233.4205243206],[3109671.1744765211,1719266.4027390163],[3109664.5330614648,1719298.9815271141],[3109655.4892524467,1719330.976766546],[3109644.0930510066,1719362.2115615767],[3109630.4074646258,1719392.5132208266],[3109614.5081583695,1719421.71421205],[3109596.4830365479,1719449.6530883908],[3109572.7265223861,1719479.2527667284],[3109190.6898848861,1719944.260038808],[3108525.802107051,1720738.4129780531],[3108619.5000823885,1720811.2501027286],[3108676.747999385,1720858.5023048073],[3108735.4998503923,1720906.9999112338],[3108790.485632807,1720952.2675372213],[3108850.2499489635,1721001.5000503063],[3108919.7416078895,1721058.7601063997],[3108927.4906081408,1721065.1547786444],[3108976.3031745553,1721105.435537979],[3108990.2499970496,1721116.8751476407],[3109018.1052563041,1721140.030941233],[3109030.9999155551,1721150.7500799],[3109303.5000267178,1721151.87507765],[3109375.2498832196,1721152.241874814],[3109452.0000578016,1721152.6250761449],[3109561.4998387992,1721153.1050620675],[3109568.2501533926,1721153.1349176466],[3109675.7499383837,1721153.6250741482],[3109675.1787452996,1721215.249294728],[3109674.323760137,1721298.7914504707],[3109674.2499413937,1721306.0000974834],[3109673.3683814704,1721381.251259312],[3109672.5199579746,1721463.3754388988],[3109671.7499463856,1721534.7499680668],[3109670.8605124652,1721610.126457721],[3109669.9999498874,1721692.8749798983],[3109669.1137968004,1721768.2514695674],[3109667.4999548942,1721920.1248534769],[3109667.2463464737,1721939.6395782232],[3109666.8487094641,1721970.2510655671],[3109664.9999598861,1722128.3750931472],[3109664.2043578029,1722204.8746120632],[3109662.8175495565,1722332.7267185599],[3109662.4999648929,1722361.9999539703],[3109660.7499683946,1722520.4999650568],[3109659.0859297216,1722674.500969395],[3109658.8313370496,1722700.4477678984],[3109658.4999728948,1722734.2498656362],[3109657.3638202995,1722831.7513110638],[3109657.0547658056,1722862.3755936474],[3109656.7949237972,1722886.2502178103],[3109655.9999778867,1722960.1250700653],[3109655.3260947168,1723041.1324539781],[3109654.870386973,1723298.7480804771],[3109652.5396829695,1723489.2919907272],[3109650.3913933039,1723664.9277943075],[3109637.5000148863,1724718.8167626411],[3109636.8251474649,1724780.1260232329],[3109649.7043868005,1724915.3613170534],[3109635.3874863088,1724928.1096511483],[3107981.4465684742,1726400.8655638993]]]]},"properties":{"OBJECTID":3,"Articulation Area":"Arvada West","Shape_Length":118498.69708232598,"Shape_Area":462599748.44076967}},{"type":"Feature","id":4,"geometry":{"type":"MultiPolygon","coordinates":[[[[3118057.9999061376,1656452.8748827279],[3118057.5665080547,1656469.1488003135],[3118053.4999151379,1656580.1249563098],[3118053.4999151379,1656703.8750368953],[3118045.1186982989,1656703.8980027288],[3117870.9999520481,1656704.3750358969],[3117870.6761338115,1656671.5450490564],[3117868.6226602197,1656463.4962525666],[3117868.4999570549,1656450.999886483],[3118057.9999061376,1656452.8748827279]]],[[[3123141.9999087155,1662623.6250083894],[3123142.540261969,1662795.8749919832],[3123142.5717579722,1662806.6548260599],[3123142.8358650506,1662897.2497892231],[3123143.249906227,1662994.6249225587],[3122894.4525035471,1662992.8828000575],[3122875.5001136363,1662992.7499263138],[3122876.0001126379,1662620.5000146478],[3123141.9999087155,1662623.6250083894]]],[[[3122792.4999515563,1663220.1251277328],[3122792.1580887139,1663268.6683377326],[3122791.9376167208,1663295.4996488988],[3122562.0000844747,1663294.3749792278],[3122562.5000834763,1663219.1251297295],[3122792.4999515563,1663220.1251277328]]],[[[3112459.419567883,1678796.4132008106],[3112458.8178630471,1678840.4009737223],[3112458.749949798,1678845.3750451505],[3112117.7394769639,1678844.4856112301],[3111709.7744136304,1678843.4216369838],[3111314.9549933076,1678842.3917833865],[3111124.0009788871,1678841.8937528878],[3110984.3585416377,1678841.5295803994],[3110709.1510868073,1678840.8117340654],[3110433.6519658864,1678840.0932315588],[3110161.4999511391,1678839.3832592219],[3109841.5058404654,1678838.5486152321],[3109823.0019404739,1678838.5003869832],[3109745.8321473002,1678838.2992718965],[3109134.6955742985,1678836.7054430544],[3109020.9999355525,1678829.3750771433],[3108467.0522245467,1678822.5870329738],[3108398.7498677224,1678821.7500923872],[3107984.2050931305,1678816.6500369757],[3107591.7337652147,1678811.8216345608],[3107231.6039080471,1678807.3908691406],[3107179.5000096411,1678806.7701354772],[3107077.0799388885,1678805.5867388994],[3107058.7499230504,1678805.37512514],[3106860.4891647249,1678803.2645650655],[3106601.852870971,1678800.5112897307],[3106307.2501137257,1678797.3751411438],[3105967.0001380593,1678793.7501484007],[3105824.2960271388,1678792.2183273137],[3105605.9998757988,1678789.8751561493],[3105516.2500552982,1678788.875158146],[3105449.234769389,1678796.6782921404],[3105383.504585892,1678804.3318201452],[3104845.8422753811,1678790.7655743062],[3104789.8555107266,1678789.3528474718],[3104668.9141515493,1678786.3013443947],[3104288.2019864768,1678776.56415914],[3104288.3145190477,1678633.7658883035],[3104292.7471901709,1678605.7394516529],[3104299.413188755,1678578.1587666089],[3104308.2695740894,1678551.2015011054],[3104319.2592955371,1678525.0413071627],[3104332.3115600361,1678499.846702263],[3104347.3422881365,1678475.7799838036],[3104418.5225919634,1678376.8215203136],[3104435.354810515,1678353.2742575072],[3104450.1518530827,1678328.3976681454],[3104462.8093549437,1678302.367208801],[3104473.2380417255,1678275.3664743842],[3104481.3643590664,1678247.5859032325],[3104487.1309914012,1678219.2214339345],[3104490.4972662111,1678190.4731233593],[3104491.4394408911,1678161.5437356383],[3104491.0057147145,1678059.7338998914],[3104496.4046540558,1677740.5567167252],[3104500.1198697239,1677520.9187045544],[3104500.1434917152,1677517.8580151498],[3104505.3281926364,1676842.0991960615],[3104505.3281926364,1676123.3493212312],[3104505.3281926364,1675891.5984723866],[3104505.3281926364,1675706.7025167197],[3104505.3281926364,1674651.127200067],[3104506.3557496369,1674472.3276888877],[3104507.0644096434,1674349.0438147336],[3104505.2702620365,1674319.847247934],[3104501.1092872503,1674290.8930639988],[3104494.6090122708,1674262.3728097272],[3104485.812439756,1674234.4751612509],[3104474.7777635506,1674207.3846758441],[3104461.5779837067,1674181.2805709832],[3104446.3004235476,1674156.33553873],[3104373.3839027137,1674050.4325353056],[3104358.7235671035,1674027.0546110293],[3104346.2231143555,1674002.4539715098],[3104335.983672698,1673976.8296350657],[3104328.0880788574,1673950.3889016875],[3104322.6002079137,1673923.3456759891],[3104319.5644565523,1673895.918736726],[3104319.8403746337,1673868.3295530528],[3104322.7002770603,1673582.3199544698],[3104323.0365624726,1673548.6966621429],[3104561.9698116332,1673549.7511219829],[3104755.0009216368,1673550.7281541377],[3105662.5000908822,1673555.5001262277],[3105981.00011006,1673557.250122726],[3106014.8133626431,1673557.4295843095],[3106240.9175692201,1673558.6297131479],[3106338.8635675609,1673559.1497252285],[3106632.2330595553,1673561.2389598936],[3106788.5696891397,1673562.3524747342],[3106910.5822403878,1673563.2215674818],[3106917.1626078039,1672744.6293726414],[3106920.9782665106,1672586.7068686243],[3106927.1805819743,1672428.8600827549],[3106935.7681370019,1672271.1250821205],[3106946.7389693861,1672113.5379082668],[3106960.0905723544,1671956.1345689611],[3106975.8198951418,1671798.9510299659],[3106993.9233436882,1671642.0232068205],[3107014.3967814595,1671485.3869566347],[3107037.2355303913,1671329.0780698955],[3107051.2314112275,1671242.8768220216],[3107067.7316783983,1671157.119717367],[3107086.7223355491,1671071.8794994156],[3107108.1872738497,1670987.2284732012],[3107132.1082856623,1670903.2384439758],[3107158.4650799823,1670819.9806563004],[3107187.2352996538,1670737.5257336125],[3107218.3945403313,1670655.9436183185],[3107251.9163711816,1670575.3035124664],[3107287.7723573046,1670495.6738190439],[3107325.9320838517,1670417.1220839561],[3107366.3631818262,1670339.7149387305],[3107409.0313555403,1670263.5180439949],[3107453.900411706,1670188.5960337829],[3107500.9322901363,1670115.0124607061],[3107550.0870960299,1670042.8297420472],[3107601.3231338114,1669972.1091068136],[3107654.5969425002,1669902.9105437996],[3107709.8633325766,1669835.292750702],[3107767.0754243121,1669769.3130843295],[3107826.1846875376,1669705.0275119483],[3107887.1409828067,1669642.4905638099],[3108440.556542635,1668933.0812214762],[3108483.9310946418,1668863.7791498627],[3108525.2318908572,1668793.2215625762],[3108564.4226190238,1668721.4704948666],[3108601.4688220881,1668648.5890313094],[3108636.3379284926,1668574.6412503403],[3108668.9992808155,1668499.6921679166],[3108699.4241627236,1668423.8076803542],[3108727.5858242214,1668347.0545063913],[3108738.3380993009,1668317.8895384818],[3108765.5158664733,1668244.1701977253],[3108198.3956096321,1667896.9094093144],[3107986.6499855183,1667776.5379741255],[3107773.7211114001,1667658.2722296868],[3107559.6299265069,1667542.1238061427],[3107344.3974843682,1667428.1041254215],[3107128.0449507432,1667316.2244001138],[3106910.5936015411,1667206.4956323686],[3106692.0648207264,1667098.9286128113],[3106472.4800982177,1666993.5339194834],[3106410.7054669722,1666962.4312275038],[3106348.0612939247,1666933.1192828889],[3106284.5994766797,1666905.6223691378],[3106220.3725902187,1666879.9632660856],[3106155.4338433463,1666856.1632310322],[3106089.8370346078,1666834.2419811315],[3106023.6365077198,1666814.2176770568],[3106014.0587709695,1666811.3292313963],[3105946.1103598801,1666795.2516681587],[3105877.6288173413,1666781.6225471019],[3105808.7023403742,1666770.4594210996],[3105739.4196990277,1666761.7766670834],[3105669.8701220537,1666755.5854675272],[3105600.143181988,1666751.8937960442],[3105530.3286797926,1666750.7064071186],[3105460.5165291997,1666752.0248299828],[3105390.7966409135,1666755.8473666466],[3105321.2588068126,1666762.1690940855],[3105251.9925843105,1666770.9818705791],[3105183.0871810126,1666782.2743461991],[3105114.631339828,1666796.0319774251],[3105046.7132246764,1666812.2370458755],[3104979.4203069429,1666830.8686811279],[3104912.8392528249,1666851.9028875963],[3104847.055811713,1666875.3125754364],[3104782.1547057582,1666901.0675954334],[3104718.2195207542,1666929.1347778321],[3104655.3325984925,1666959.4779750544],[3104593.5749307112,1666992.058108256],[3104533.026054787,1667026.8332176532],[3104473.7639513016,1667063.758516565],[3103622.3794992268,1667619.4568802267],[3103523.3130401475,1667675.2820413338],[3103423.0298367059,1667728.8907256552],[3103321.5794715676,1667780.2564276406],[3103219.0121044735,1667829.3537507299],[3103115.3784474405,1667876.1584199094],[3103010.7297396855,1667920.6472937141],[3102905.1177222957,1667962.7983756689],[3102798.5946126422,1668002.5908251656],[3102691.2130785654,1668040.0049677654],[3102583.0262123332,1668075.0223049279],[3102474.0875043902,1668107.6255231565],[3102364.4508169121,1668137.7985025586],[3102254.1703571742,1668165.5263248158],[3102143.3006507494,1668190.7952805602],[3102031.8965145499,1668213.5928761526],[3101920.0130297239,1668233.9078398591],[3101807.7055144231,1668251.7301274252],[3101695.02949645,1668267.0509270409],[3101582.040685805,1668279.8626636979],[3101468.7949471413,1668290.1590029355],[3101355.3482721448,1668297.934853971],[3101245.6812768457,1668301.1599084339],[3101135.9696732843,1668301.9440502033],[3101026.2677833387,1668300.2868910246],[3100916.6299240752,1668296.1892514124],[3100807.1103808577,1668289.6531602452],[3100697.7633804684,1668280.6818537593],[3100588.6430642563,1668269.2797739485],[3100479.8034613323,1668255.4525663629],[3100371.2984618167,1668239.2070773146],[3100263.1817901568,1668220.5513504874],[3100155.5069785253,1668199.4946229544],[3100048.327340316,1668176.0473206043],[3099941.6959437444,1668150.2210529789],[3099835.6655855747,1668122.0286075256],[3099730.288764976,1668091.4839432652],[3099625.6176575297,1668058.6021838803],[3099521.7040893952,1668023.3996102274],[3099418.5995116481,1667985.8936522761],[3099316.3549748063,1667946.1028804779],[3099312.9176457226,1667944.8663343936],[3099229.5921940426,1667915.0479350728],[3099146.9878084422,1667883.2865856783],[3099065.1497868006,1667849.5997032244],[3098984.1230067429,1667814.0057606318],[3098903.9519010349,1667776.5242765991],[3098824.6804332137,1667737.1758048981],[3098434.0010964721,1667503.9571112245],[3096711.6630057245,1666340.4459868073],[3096709.0786933005,1666338.700255394],[3095192.2457689643,1665274.3880795538],[3095126.3970177104,1665231.7362792629],[3095061.9928488662,1665186.9329630325],[3094999.1035323893,1665140.0270147652],[3094937.7976854159,1665091.0696124989],[3094878.1421973933,1665040.1141725678],[3094820.2021570993,1664987.21629132],[3094764.0407816241,1664932.4336844587],[3094709.7193473973,1664875.8261240688],[3094657.2971233283,1664817.4553734018],[3094606.8313061413,1664757.3851194868],[3094558.3769579679,1664695.6809036434],[3093750.9612499774,1663419.553206563],[3093722.1361661814,1663376.9213197639],[3093691.2798187761,1663335.7357755436],[3093658.4646535935,1663296.0932710574],[3093623.7677154602,1663258.0868806462],[3093587.2704673088,1663221.8058373139],[3093549.0585989146,1663187.335323222],[3093509.2218257124,1663154.756269695],[3093467.8536781548,1663124.1451672064],[3093425.0512821213,1663095.5738857917],[3093380.9151308788,1663069.1095063086],[3093335.5488491426,1663044.8141629414],[3093289.0589497788,1663022.7448973204],[3093241.5545837306,1663002.953524597],[3093193.1472837497,1662985.486511789],[3093143.9507025322,1662970.3848686849],[3093094.080345884,1662957.6840515584],[3092993.3827604982,1662943.4232063771],[3092892.4212007001,1662931.1700904039],[3092791.2356929732,1662920.9295614194],[3092689.8663525842,1662912.7056793091],[3092588.3533676816,1662906.5017044533],[3092486.7369833621,1662902.3200964346],[3092385.0574857146,1662900.1625130624],[3092278.2701575994,1662900.0763144912],[3092171.5043651857,1662902.2225778489],[3092064.8067745119,1662906.6003650292],[3091958.2240218073,1662913.2077625543],[3091467.3257253915,1662996.2699323893],[3090572.8052047193,1663210.1851869822],[3090540.4641662221,1663218.4040928755],[3090507.6068648589,1663224.225684779],[3090474.4107530299,1663227.6185220261],[3090441.0551129482,1663228.5642809235],[3090407.7200883911,1663227.057853712],[3090374.5857117982,1663223.1073761515],[3090341.8309319695,1663216.7341835832],[3090309.6326476163,1663207.9726957027],[3090278.1647519865,1663196.8702306703],[3090247.597193718,1663183.4867495596],[3089921.817005381,1663048.6251426488],[3088875.6744126379,1662615.5587515533],[3088833.5100403884,1662605.5595170902],[3088790.9036133653,1662597.653104922],[3088747.9589423924,1662591.8587790714],[3088704.7806624263,1662588.1906574487],[3088661.4739776147,1662586.6576774556],[3088618.1444049627,1662587.2635742072],[3088574.8975172439,1662590.0068714321],[3088531.8386857673,1662594.8808850695],[3088489.0728236437,1662601.8737395555],[3088442.0322353095,1662663.8175133169],[3087507.0432916433,1663895.022071898],[3087503.0971053094,1664088.1434048116],[3087502.7499931306,1664105.1249981374],[3087490.500017643,1665477.2498785555],[3087356.9999565482,1665476.2498805672],[3086666.5000252277,1667707.7500107288],[3086635.0000882149,1668125.1251602322],[3086778.7501288056,1669427.1248528063],[3086760.7239181399,1670184.9238621444],[3086746.9998642206,1670761.8751360625],[3086735.2498877198,1671223.4998689741],[3086672.6525719762,1671243.979814887],[3086553.1288608909,1671283.0843954831],[3086536.4674768895,1671288.5355000645],[3086525.9317367971,1671292.3678414822],[3086476.250077635,1671314.0000160635],[3086317.250067547,1671612.875074476],[3086283.5001350492,1671733.5001613051],[3086156.0000619739,1671923.0001103878],[3086139.6838216335,1672413.937776804],[3085692.2352414727,1673392.8803727329],[3085686.0580884665,1673406.3947813958],[3084900.7499478012,1675986.2498578876],[3084900.7909582257,1675993.4608014822],[3084905.9428507984,1676899.8569545597],[3084908.499932304,1677349.7500836402],[3084618.5743310601,1677349.7500836402],[3083614.4998956323,1678692.2500233054],[3083379.9242493063,1678685.1539088935],[3083254.9999584705,1678681.3750450611],[3082718.2500477135,1678665.1250775605],[3082428.8884217143,1678656.3810005635],[3082422.9678298831,1678656.2021951377],[3082308.662940383,1678655.1218167245],[3082305.9168828875,1678652.6651287228],[3082262.9927025717,1678614.0394812962],[3082218.4202991305,1678577.3280832518],[3082172.2849694262,1678542.6011880841],[3082124.6750012469,1678509.9252516038],[3082075.6815043511,1678479.362804764],[3082025.398236115,1678450.9723339966],[3081973.9214221109,1678424.8081692883],[3081921.3495719633,1678400.9203802117],[3081867.7832908351,1678379.354680107],[3081813.3250869014,1678360.1523386035],[3081758.0791751826,1678343.3501026428],[3081702.1512781125,1678328.9801261562],[3081645.6484232191,1678317.0699085342],[3081588.67873831,1678307.6422420007],[3081531.3512445516,1678300.715167996],[3081473.7756478377,1678296.3019426533],[3081416.0621288493,1678294.4110114279],[3081358.3211322059,1678295.0459929383],[3081300.6631551092,1678298.2056720397],[3081243.1985358894,1678303.8840021491],[3080673.0172615498,1678472.5765781403],[3080616.0762884985,1678491.4491895789],[3080558.5157219442,1678508.3379743947],[3080500.4046557518,1678523.2226598305],[3080441.8128445861,1678536.0853787859],[3080382.8106201845,1678546.9106912639],[3080323.4688069308,1678555.6856029057],[3080263.8586368398,1678562.3995805881],[3080204.0516640544,1678567.0445650667],[3079670.8119168878,1678584.1577198058],[3079641.7033793032,1678585.0917730629],[3079592.5486219674,1676501.671071142],[3079572.805551216,1675664.8581122309],[3079520.1301316321,1673432.2018163949],[3079115.9655856341,1673431.6795077324],[3078203.2498913854,1673430.5000481457],[3076778.0132405609,1673488.0904841423],[3073864.2008267194,1673605.8304061443],[3073198.0000593811,1673632.7499717325],[3068423.7294242233,1673386.6392434835],[3068425.6739741415,1673330.4986077249],[3068587.1687298864,1668667.7090488076],[3068405.7501294762,1668692.699484393],[3067986.9123844653,1668750.3942508996],[3067594.8895464689,1668755.9155653119],[3066899.1868696362,1668789.0444360673],[3066645.2005009651,1668755.9155653119],[3066474.035488978,1668645.4866523147],[3066153.791378811,1668413.5858693868],[3065888.7620532215,1668198.2493578047],[3065640.2966708839,1667933.22003223],[3065535.389072299,1667734.4477919787],[3065436.0031162202,1667607.4546076506],[3065342.1384745538,1667607.4546076506],[3065242.7525184751,1667668.1903785616],[3065110.2376916409,1667762.055020228],[3065021.8943643868,1667894.5698470622],[3064940.7032538056,1667933.0671453923],[3064813.250096634,1667993.5000953972],[3064775.1943984777,1667991.3875668049],[3064558.0508038849,1667979.3344413042],[3064518.2500304729,1667977.12512815],[3064419.9998988807,1667946.7498608083],[3064392.7499533892,1667882.4999893159],[3064350.4449198842,1667768.2485773861],[3064277.4998558015,1667571.2499556392],[3064210.4999898076,1667479.7501386404],[3064207.1801145524,1667477.4161538035],[3064196.6942431331,1667467.9798209816],[3064191.0000288039,1667463.124843806],[3064154.0001028031,1667443.8748823106],[3064117.9998467267,1667436.2498975545],[3064081.4999197274,1667437.8748943061],[3064026.5000297278,1667459.7498505563],[3063911.4999316335,1667636.1251539737],[3063827.2501001358,1667696.000034228],[3063543.5000114739,1667897.9999583066],[3063479.2501399666,1667950.124854058],[3063391.2499878854,1667998.1250861436],[3063293.4998553097,1668021.750038892],[3063199.2500438094,1668020.2500418872],[3063102.2499097139,1667993.5000953972],[3063055.9094512165,1667970.1923992336],[3063055.8845168948,1667963.6277798116],[3063055.5337958038,1667870.8756687343],[3063055.24869138,1667769.5297428071],[3063055.2316310555,1667763.4355948865],[3063054.5679184645,1667527.2549648881],[3063054.0000062138,1667325.2501195669],[3063053.2398371398,1667076.8569155633],[3063048.1650441438,1665418.390088141],[3063047.7500187159,1665282.7499394715],[3063051.8717296422,1664179.2186819762],[3063053.54429847,1663731.4502205551],[3063058.861873135,1662672.4047664702],[3065662.5000385493,1662729.375124976],[3068322.2499683946,1662705.1248454005],[3070873.0001162142,1662741.1251014769],[3073361.7333277166,1662836.5031915605],[3078467.5840083808,1662822.3696896434],[3076995.3326878101,1656021.3376880586],[3076756.9516028911,1654920.141071558],[3076386.7623826414,1653210.0598460585],[3075602.2052247226,1649585.8157822341],[3075403.5717637241,1649330.2739704698],[3075490.2198843807,1649268.9328858107],[3077031.2079441398,1648178.014463976],[3086126.000121966,1641739.50011006],[3086530.9222123921,1641736.5293154716],[3087489.0000206381,1641729.5001300573],[3088858.7499058098,1641719.375150308],[3089212.6806283891,1641724.9978424758],[3089330.7981743068,1641726.8744791448],[3089585.1441223025,1641730.9151534736],[3089743.8091593087,1641733.4358177334],[3090172.7499024719,1641740.250108555],[3090196.499854967,1642930.5000246465],[3090202.5926905572,1643924.4166719764],[3090212.7501505613,1644389.3750596493],[3090724.750110805,1644400.6250371486],[3091377.250774309,1644415.0921998173],[3091565.7500692159,1644419.2503279746],[3092243.0000270605,1644434.2499698997],[3092788.2495927215,1644446.2676623911],[3093234.750012055,1644456.1249261498],[3093617.0002318025,1644464.6029275656],[3094160.2501295507,1644476.6248851418],[3094893.1210391372,1644476.732824564],[3096690.2371955514,1644476.9969316423],[3096709.7499518096,1644476.9998843968],[3097424.0018041432,1644479.1521110535],[3097622.3435990512,1644479.7498788983],[3097603.0599816721,1644577.6236538412],[3097586.2962217969,1644675.960371682],[3097572.0633771904,1644774.6951672465],[3097560.3708361653,1644873.7629127805],[3097551.2263113922,1644973.0982609075],[3097544.6358348113,1645072.635687734],[3097540.6037536534,1645172.3095360713],[3097539.1327275722,1645272.0540587434],[3097540.223726891,1645371.8034619561],[3097543.8760319613,1645471.4919486961],[3097550.0872336379,1645571.0537621314],[3097558.853234869,1645670.4232289873],[3097570.1682533971,1645769.534802865],[3097584.0248255739,1645868.3231074782],[3097600.4138112846,1645966.7229797759],[3097619.3243999747,1646064.6695129264],[3097640.7441177829,1646162.0980991309],[3097664.6588357673,1646258.9444722407],[3097691.0527792275,1646355.1447501481],[3097957.3865641356,1647124.9627643079],[3098521.8388473094,1648688.0531420559],[3098548.3937606285,1648780.2632271098],[3098572.5945956483,1648873.1189366346],[3098594.4256917262,1648966.5601826189],[3098613.8729217048,1649060.5264981431],[3098630.9237010563,1649154.9570765093],[3098645.5669960212,1649249.7908105894],[3098657.7933307537,1649344.9663323693],[3098667.5947934496,1649440.4220526591],[3098674.9650414684,1649536.09620095],[3098679.8993054363,1649631.9268653854],[3098682.3943923344,1649727.8520328254],[3098682.4486875618,1649823.8096289763],[3098680.0621559843,1649919.7375585593],[3098675.2363419542,1650015.5737454931],[3098667.9743683115,1650111.2561730638],[3098658.2809343641,1650206.7229240579],[3098646.1623128466,1650301.9122208278],[3098631.6263458594,1650396.7624652702],[3098614.6824397971,1650491.2122786865],[3098595.3415592583,1650585.2005415016],[3098573.6162199522,1650678.6664328154],[3098549.5204805988,1650771.5494697602],[3098523.0699338326,1650863.7895466399],[3098494.28169611,1650955.3269738262],[3098463.1743966355,1651046.1025163827],[3098429.7681653053,1651136.0574323982],[3098401.6262162188,1651204.9842820524],[3098371.5459092902,1651273.0875494978],[3098339.5513153584,1651340.3127371941],[3098305.6680371109,1651406.6060502569],[3098269.923188596,1651471.9144395061],[3098232.3453735276,1651536.1856439163],[3098192.9646623936,1651599.3682324374],[3098151.812568394,1651661.4116451505],[3098108.9220222235,1651722.2662337273],[3097656.3609194756,1652405.0968890637],[3097693.6830233037,1652405.3331090659],[3097712.1744561344,1652405.4502348155],[3097716.9992496371,1652405.4807465672],[3098088.2488352209,1652407.8311355561],[3098139.5410554707,1652408.1559380591],[3098528.3516295552,1652410.6172192246],[3099247.623813048,1652415.1706878096],[3099264.4958265573,1652415.2776429802],[3099295.4458958805,1652415.4735087305],[3099642.9268282205,1652417.6733074784],[3100596.4987399727,1652425.2956675589],[3101068.4987802207,1652429.1634419709],[3101228.7491158843,1652430.476759553],[3101476.4979642183,1652432.5069392323],[3101925.4973943084,1652436.1863938123],[3102059.974487558,1652437.2884257287],[3102316.9513358027,1652439.3940645605],[3102359.7501347214,1652439.7447856367],[3102651.4975827187,1652442.1355288923],[3102944.7486366332,1652444.5384112298],[3103545.4994036406,1652449.4613016397],[3103791.2492402196,1652451.4750771374],[3104132.7459325492,1652454.2736279815],[3104143.9998470545,1652454.3658193946],[3104341.3875756413,1652455.9832702279],[3104587.4999442995,1652457.9999984801],[3104600.6544455588,1652458.0679117292],[3105275.2492249757,1652461.5423142314],[3105632.2501513809,1652462.9999884814],[3105904.249935478,1652464.3749857247],[3105937.7180443853,1652464.5298410654],[3106336.5000552237,1652466.3749817312],[3106858.0022930503,1652468.9471550584],[3107223.4999216348,1652470.7499729842],[3107322.0689502209,1652471.0839618146],[3107885.8703160584,1652472.9947191477],[3108182.4999721348,1652473.9999664724],[3108512.8769360483,1652475.1144655645],[3108552.571738556,1652475.2483235598],[3108657.2096526325,1652475.6010131389],[3108890.5956688076,1652476.3884131461],[3109109.0000876337,1652477.1249602288],[3109372.614389807,1652478.0498271435],[3109572.2501453906,1652478.7499569803],[3109761.2500954717,1652479.3749557287],[3109861.2495673895,1652479.775217399],[3109872.7561060488,1652479.9031699002],[3109882.2229506373,1652480.0084846467],[3109961.2444461435,1652480.8877479732],[3110277.3264911324,1652484.4048013091],[3110464.8188983053,1652486.4910832196],[3110542.499845311,1652487.3555828035],[3110542.499845311,1652508.1248982251],[3110539.4998513013,1652539.1248362213],[3110539.7498508096,1653152.6249215603],[3110540.6750458032,1653308.5557120591],[3110541.9998463094,1653531.8751473129],[3110483.7040311396,1653531.8876144737],[3110282.7237900496,1653531.9312495589],[3109962.2500215471,1653532.0001470596],[3109873.8355002254,1653531.5592030585],[3109861.9998939633,1653531.5001480579],[3109862.5622287989,1654126.8513195664],[3109863.275810048,1654882.0738904774],[3109863.4998909682,1655119.3749250621],[3109863.5271218866,1655154.9237384796],[3109863.6829614639,1655359.5266757309],[3109863.708880052,1655393.3701119721],[3109864.2078948021,1656048.7779219002],[3109864.2246270478,1656070.9383106381],[3109864.4998889714,1656432.6249232292],[3109864.5185897201,1656448.6977257282],[3109864.5507418811,1656476.4092844725],[3109864.7456233799,1656643.7501571476],[3109864.7505446374,1656649.255395472],[3109865.2452943027,1657379.9471755624],[3109865.4831547141,1657663.9659644812],[3109865.5458186418,1657738.6383873075],[3109865.5779708028,1657759.614395231],[3109878.061213553,1657758.6691871434],[3110069.5349119753,1657760.2374254763],[3110350.6652552187,1657762.5402423888],[3110682.0048156381,1657765.214777723],[3111245.7841998935,1657769.7652935535],[3111603.6420799643,1657772.6537392288],[3111890.8770698011,1657774.9719760567],[3112468.4366102219,1657779.6337121427],[3112510.7587040514,1657779.9752468914],[3112512.7498418093,1657632.1251488924],[3112514.2498387992,1657420.999914974],[3112513.2498408109,1657280.1248686463],[3112512.9998413026,1657246.6249356419],[3112523.8502133042,1657218.7598338872],[3112525.6517188847,1657212.4383242279],[3112533.2501288801,1657185.125058651],[3112542.0001113862,1657182.0000648946],[3112606.4999823868,1657092.7499153167],[3112682.2501589656,1657022.3750560582],[3112740.7500419766,1656983.7501333058],[3112810.7499019653,1656936.8748989701],[3112857.4670001417,1656885.7076784819],[3112897.0000575483,1656882.1250084788],[3112910.009545967,1656885.7148963064],[3112935.2499810606,1656892.624987483],[3112925.999999553,1656774.3748959005],[3112926.2499990612,1656703.8750368953],[3112936.7499780506,1656633.3748498112],[3112937.2499770522,1656561.2499940544],[3112937.7499760538,1656481.3751538098],[3112937.7499760538,1656457.1248742342],[3113071.8163089752,1656458.2679165602],[3113098.9999816418,1656458.4998714775],[3113213.0030344725,1656459.1156838983],[3113260.9999857247,1656459.374869734],[3113410.2500153035,1656460.124868229],[3113558.2507035583,1656460.8200768083],[3113596.4999708831,1656460.9998664707],[3113909.500001058,1656463.7498609722],[3114125.0094125569,1656465.1219054759],[3114204.0000682175,1656465.624857232],[3114491.5001493841,1656466.7498549819],[3114794.4998714775,1656468.1248522252],[3114935.8729483038,1656468.7196673155],[3115002.5001116395,1656468.9998504817],[3115139.9932749718,1656468.7803627253],[3115159.0001267195,1656468.7498509735],[3115158.9013736397,1656526.432806477],[3115158.311151728,1656871.6909742206],[3115157.3688963801,1657422.9359347224],[3115156.7501312196,1657784.8748433888],[3115629.9296310544,1657787.537239641],[3115727.9934113026,1657788.0890758038],[3115887.2906648815,1657788.9853994697],[3115891.6518766433,1657789.0100057274],[3115931.2315218896,1657789.2327743173],[3116085.5865281373,1657790.1012108922],[3116767.3538653851,1657793.9371612221],[3117040.4917705506,1657795.4739035666],[3117227.6934958845,1657796.5270510614],[3117231.7141571343,1657796.5496888161],[3117271.9991815537,1657796.776394397],[3117799.294714883,1657799.7432519794],[3117822.750048548,1657799.8751414716],[3117822.750048548,1657773.6248658895],[3117820.9003147185,1657602.023831144],[3117817.5915943086,1657295.10941872],[3117816.7431707978,1657216.4173188955],[3117815.2316908836,1657076.2043447196],[3117814.3921256363,1656998.3081750572],[3117814.2500655502,1656985.125130564],[3117813.250067547,1656900.1249724776],[3117822.7129751444,1656900.1640143991],[3117860.0596852154,1656900.3175573945],[3117873.9999460578,1656900.3749719709],[3117926.9998400509,1656874.8750229776],[3118046.9999281317,1656866.8750389814],[3118114.2501217276,1656868.3750359714],[3118204.9999402165,1656891.2499902248],[3118239.9998702258,1656948.624875471],[3118253.9250392169,1656971.5956300646],[3118301.0000763088,1657049.2500023097],[3118362.749952808,1657062.999974817],[3118442.3826675564,1657080.6072230637],[3118500.0000063926,1657078.9999428093],[3118566.4998733848,1657077.3749460578],[3118605.9036659747,1657068.4195833951],[3118789.2500840575,1657026.7500473112],[3118938.5001136363,1656990.0001208037],[3119090.7501372248,1656968.8751630634],[3119121.0000767261,1656972.0001568049],[3119258.2501303107,1656978.3751440644],[3119293.250060305,1656983.5001338124],[3119436.7501013875,1657004.5000918061],[3119462.7500493824,1657008.2500843108],[3119598.0001069754,1657007.6250855625],[3119632.7500374764,1657008.6250835657],[3119753.0001250505,1657069.1249625534],[3119759.0001130551,1657041.3750180602],[3119923.0001131445,1657093.749913305],[3120161.0767367184,1657031.4908514768],[3120178.2499307245,1657027.0000468045],[3120176.4999342263,1657122.2498563081],[3120176.5658789724,1657142.6881356388],[3120177.2499327213,1657355.12504673],[3120177.2499327213,1657517.0000510663],[3120177.7499317229,1657817.8751054704],[3119977.4573533088,1657816.3541111499],[3119901.2937917262,1657815.7757002264],[3119874.8909573853,1657815.5752413124],[3119594.0024115592,1657813.4423715621],[3119222.9998727143,1657810.6251199841],[3119222.8587968946,1657815.7189418077],[3119219.2498802245,1657945.8748494834],[3119221.7498752177,1658004.500060305],[3119229.4998597205,1658062.2499448061],[3119242.7501613051,1658119.0001593977],[3119261.2501243055,1658174.125049144],[3119272.6418337971,1658200.6889723986],[3119284.9256018847,1658229.3322878033],[3119453.7500673831,1658623.0001356453],[3119468.5000378937,1658670.5000406504],[3119483.2500083894,1658766.124849394],[3119485.0000048876,1658812.500084728],[3119484.7500053942,1658897.1249154806],[3119489.9999948889,1658948.0001418144],[3119492.7362098843,1658959.4348302335],[3119503.2499683946,1659003.375031054],[3119524.4999258816,1659056.6249245554],[3119865.9998990595,1659759.6251589805],[3119895.4998400509,1659810.1250579804],[3119931.5000961423,1659857.8749624789],[3119952.5000541359,1659881.1249159724],[3119974.7500096411,1659901.374875471],[3119998.9999611378,1659920.4998372197],[3120023.7499116361,1659937.500131309],[3120358.7498978078,1660122.1250901371],[3120398.7501458824,1660147.750038892],[3120434.75007388,1660178.6249771416],[3120451.2500408888,1660195.8749426454],[3120479.9999833852,1660233.3748676479],[3120503.7499358803,1660274.5001134723],[3120514.7499138862,1660300.6250612289],[3120527.9998873919,1660340.9999804795],[3120536.2931778878,1660396.4965886474],[3120546.2498508841,1660463.1250643134],[3121075.819657892,1660466.0981554836],[3122356.076611802,1660473.2854770571],[3122847.5159176439,1660476.0443298072],[3122906.5427024662,1660476.3756939769],[3122995.4998736382,1660476.8750368059],[3122996.6829421371,1661522.64230223],[3122996.9834664762,1661788.127991721],[3122996.999870643,1661802.8750094771],[3123120.7601218075,1661803.994101733],[3123135.2499222159,1661804.1250069737],[3123159.7219861448,1661812.5544520617],[3123182.4138698876,1661820.3703813106],[3123191.5001378059,1661823.4999682307],[3123929.312638551,1661829.266032815],[3124705.8770302981,1661835.3349183053],[3124711.000051558,1661835.3749444783],[3124716.5230063945,1662030.182297647],[3124719.4747721404,1662134.3031523973],[3124726.5203617215,1662382.8315267265],[3124727.0000195503,1662399.7501280606],[3125117.7498942167,1662396.3751348108],[3125117.6596713066,1662388.4276441485],[3125117.4998947233,1662374.3748507202],[3125694.7500525564,1662371.7498559803],[3125685.9538103044,1662396.6989530623],[3125668.6543042213,1662445.7664402276],[3125666.3134296387,1662450.0275865644],[3125528.0000579655,1662490.9999455661],[3125488.0001379699,1662494.9999375641],[3125413.9999578893,1662514.6248983145],[3125381.5000228882,1662529.1248693168],[3125337.0001118928,1662556.1251433939],[3125309.7554157227,1662579.8481930643],[3125303.7098241448,1662585.112290144],[3125300.2498573065,1662588.1250793934],[3125269.2499193102,1662625.0000056475],[3125242.4999728054,1662666.7499221414],[3124734.4947552234,1662665.9280733913],[3124734.1161470562,1662706.3079138994],[3124733.4904921353,1662773.0348145664],[3124731.50001055,1662985.2499413043],[3124696.9118251354,1662984.53078264],[3124671.6612194777,1662984.0058493167],[3124622.0809380561,1662982.9750114828],[3124484.9998473823,1662980.1249515563],[3124440.9999353886,1662981.6249485612],[3124443.1898916364,1662852.9411508143],[3124449.4999183863,1662482.1249633133],[3124407.550527215,1662482.6416945606],[3124398.7500198931,1662482.7499620616],[3124398.5223300606,1662478.0265463144],[3124395.2579008937,1662410.3363929838],[3124394.5000283867,1662394.6251383126],[3124303.2400403023,1662394.5214639753],[3124064.7500317246,1662394.2501390576],[3123705.4472726434,1662393.8915439695],[3123563.5000499636,1662393.750140056],[3123360.5001278818,1662393.750140056],[3123359.8859558851,1662442.8150025606],[3123359.2501303852,1662493.6249403059],[3123292.0169971436,1662494.0176560581],[3123188.0001448095,1662494.6249383092],[3123166.9998587221,1662493.9999395609],[3123167.689817965,1662481.3103323877],[3123162.6192900538,1662481.3641380668],[3123149.2515346408,1662481.5058700591],[3123147.6645955592,1662389.8797409832],[3123146.8263426423,1662329.7315673083],[3123144.3716231436,1662153.6023263931],[3123142.9260879755,1662049.8754997253],[3123137.5652063042,1662049.8289119005],[3123137.4999177158,1662041.3748605549],[3122801.7499330491,1662041.3748605549],[3122801.5402878076,1662030.182297647],[3122797.2499420494,1661801.1250129789],[3122791.0645869672,1661801.0718634725],[3122776.1305617243,1661800.9439109713],[3121719.2215863019,1661791.8756876439],[3120844.99990955,1661784.3750464767],[3120845.4598823935,1661916.8918418139],[3120845.4999085516,1661928.5000863075],[3121095.7195524722,1661932.5079523176],[3121134.2499872148,1661933.1250770539],[3121165.2331929654,1662030.182297647],[3121187.9998797178,1662101.5000683963],[3121324.2499352992,1662354.7498899698],[3121337.9999078065,1662411.7501040548],[3121436.9429513812,1662541.8892794698],[3121578.2500834763,1662727.7501282245],[3121625.2499894649,1662728.6251264811],[3121625.8175736368,1662807.8201780617],[3121625.9642268866,1662828.271252647],[3121625.9999879748,1662833.249917224],[3121629.3638263941,1662833.2636967301],[3121665.9270734638,1662833.4136308134],[3121839.2498895526,1662834.1249154806],[3121838.3552063107,1662941.922928229],[3121837.999892056,1662984.7499423176],[3121838.0773197263,1663016.7712037265],[3121838.2160989642,1663074.0791599751],[3121838.2498915493,1663088.0000638962],[3121839.5684584677,1663140.0875581503],[3121839.7498885542,1663147.2499453872],[3121839.41557163,1663207.1884738058],[3121839.2498895526,1663236.87509422],[3121836.5481233001,1663684.248871401],[3121835.9998960495,1663775.0000022203],[3121832.6399946362,1664330.8338643163],[3121831.9999040514,1664436.7499910593],[3121473.984872058,1664434.2460590601],[3121253.8809815496,1664432.7066920549],[3121027.7498721331,1664431.1250023097],[3121023.7105101347,1664523.5880719721],[3121020.9998856336,1664585.6250213981],[3121026.2498751432,1664635.4999216497],[3121027.7629954666,1664655.062874645],[3121041.9998436421,1664839.1248424798],[3121060.250135228,1665231.6250417233],[3121045.693405807,1665236.7326430529],[3120681.2285835594,1665364.6214948893],[3120668.749933973,1665369.0000950545],[3120644.3162558079,1665377.4945006371],[3120508.7499258816,1665424.6249838173],[3120507.7233531326,1665549.1303122342],[3120507.499928385,1665576.2500086427],[3120504.3742784709,1665575.6873457283],[3120392.924042061,1665555.621112898],[3119840.9999490529,1665456.2499205619],[3119526.2446730584,1665386.4308344722],[3119184.4999497235,1665310.6248837262],[3119184.4543461353,1665319.7078708112],[3119183.9999507219,1665410.2500125617],[3119183.2791516334,1665516.1054438949],[3119183.2499522269,1665520.3751203865],[3118990.0193675607,1665666.1061281413],[3118764.7501330525,1665836.0001453161],[3118729.0379341394,1665886.8127077222],[3118724.2498859763,1665893.6250300556],[3118610.5834466368,1666055.3947196454],[3118596.5103120506,1666075.4235509783],[3118582.0884248912,1666095.9487724006],[3118561.4998833835,1666125.2498948872],[3118479.750046894,1666301.3748707324],[3118353.5780551434,1666300.9273650646],[3118323.8658442199,1666300.8220503032],[3118303.5000713021,1666300.7498719841],[3118248.9998522252,1666303.1248672307],[3118176.9999962151,1666304.1248652339],[3117898.4998970479,1666308.124857232],[3117851.9999900609,1666304.6248642206],[3117851.9560268819,1666311.8840360641],[3117851.4999910593,1666387.0000275671],[3117850.4127228856,1666608.7328518033],[3117849.7499945611,1666743.8749699742],[3117848.2499975562,1667052.3750091493],[3117847.2814955562,1667317.5198200643],[3117847.0396981388,1667383.7135853171],[3117847.0000000596,1667394.6249808073],[3117846.4862215519,1667577.029143557],[3117844.2500055581,1668371.2499960661],[3117844.2598480582,1668375.6292523891],[3117844.954072386,1668679.9078433067],[3117846.0439652205,1669157.611612305],[3117846.2158808857,1669232.9589025676],[3117846.2500015497,1669247.8748832196],[3117850.9530761391,1669245.8381418884],[3117874.2499455512,1669235.7499074787],[3117922.8945333064,1669215.6679266393],[3118004.7500126362,1669181.875015229],[3118076.7498686314,1669157.6250637323],[3118149.5000512153,1669138.1251027286],[3118222.4999052137,1669123.3751322329],[3118276.9039958864,1669115.0257394761],[3118298.2500818074,1669111.7501554787],[3118353.5780551434,1669105.3453126401],[3118375.9999262989,1669102.7498454005],[3118461.2500838935,1669100.9998488873],[3118460.7500848919,1669076.6248976439],[3118456.705801636,1669011.6368386447],[3118453.5000993907,1668960.1251306385],[3118638.7500569671,1668956.3751381487],[3118639.7500549704,1668962.3751261383],[3118750.7501610518,1668943.6251636446],[3118824.0000145584,1668929.24986431],[3118923.7501431406,1668914.3748940676],[3118996.749997139,1668898.1249265671],[3119091.2501362264,1668878.3749660552],[3119169.7499792278,1668861.9999988079],[3119170.1348209679,1668915.2449710667],[3119170.7499772161,1669000.3750501424],[3119331.3618607223,1668968.58738406],[3119362.749921307,1668962.3751261383],[3119387.7498712987,1669201.999974981],[3119562.2498503923,1669235.7499074787],[3119655.7499914765,1669386.2499345541],[3119788.2500545532,1669292.625121817],[3120184.7499177158,1669132.8751132339],[3120243.0001292974,1669131.9718998075],[3120253.6805541366,1669131.80621773],[3120278.2543238848,1669131.425312981],[3120281.5000523031,1669131.3751162291],[3120288.6978725493,1669112.2163618952],[3120301.442597717,1669078.2928733081],[3120323.7854008079,1669018.8215355575],[3120332.4999503046,1668995.6250596493],[3120427.1841441393,1668979.1103288978],[3120482.99997738,1668969.3751121461],[3120488.9999653846,1668400.9999365658],[3120496.7732437998,1668401.0406188965],[3120641.0160655528,1668401.7945543975],[3121469.4999728948,1668406.1249263138],[3121807.9999520481,1668407.874922812],[3122018.6163287163,1668408.9707211405],[3122426.017416805,1668411.0907956362],[3122963.2551874667,1668413.886065647],[3122974.8201249689,1668413.946104899],[3123030.8426507264,1668414.2377709746],[3123129.2499342263,1668414.7499090582],[3123144.5579744726,1668414.8286490589],[3123632.920842886,1668417.3417674005],[3123712.2500805557,1668417.749903053],[3123833.8738530576,1668418.373589471],[3124137.1307924688,1668419.9280483127],[3124144.715422973,1668419.9670902342],[3124407.6932434738,1668421.3151846379],[3124435.0009316355,1668421.455276221],[3124710.637191385,1668422.8683311492],[3124728.3333502263,1668422.9588821381],[3124823.3551418036,1668423.4460859001],[3124858.2500851303,1668423.6248913109],[3125236.1482794732,1668425.5947036445],[3125251.9379460514,1668425.6770525575],[3125309.9286437184,1668425.9792173058],[3125363.4154133946,1668426.2580881417],[3125523.8747381419,1668427.0947006494],[3125577.3615078032,1668427.3735714704],[3125614.5205542147,1668427.5671406388],[3125725.9973653853,1668428.148176223],[3125763.1570679694,1668428.3420734704],[3125768.9129619747,1668428.4969288111],[3125744.2447042167,1670360.1928685606],[3125744.1915547252,1670364.3614953905],[3125700.5794372261,1670371.3066914827],[3125599.2499154657,1670397.7498800606],[3125506.2501014769,1670419.6248363107],[3125479.7501544654,1670421.3751608878],[3125343.0000998825,1670430.5001426488],[3125255.6016526371,1670443.1300386488],[3125204.2500493079,1670453.3750968874],[3125123.2426653802,1670469.7143030614],[3125051.0000277162,1670484.2500351369],[3124958.4998846352,1670494.3750148863],[3124888.3261404634,1670502.0255901366],[3124858.750084132,1670505.2499931455],[3124757.7499580532,1670515.9999716431],[3124661.0001515597,1670526.3749509007],[3124619.7387511432,1670530.6406903863],[3124575.2499949634,1670535.1249333918],[3124476.9998633862,1670527.374948889],[3124440.2499368936,1670524.6249543875],[3124378.5000603944,1670493.3750168979],[3124274.2499407977,1670440.2501231432],[3124169.2501507998,1670386.8749018162],[3124097.4999662191,1670350.1249753088],[3124036.0000892282,1670318.6250383109],[3123928.99997513,1670264.2501470596],[3123891.7500496358,1670245.2498569787],[3123789.2499265522,1670193.1249612272],[3123729.0000470579,1670150.8750457317],[3123677.0001510531,1670095.5001564771],[3123658.4998599738,1670075.6248681396],[3123657.909966141,1670014.9848975539],[3123664.4680238813,1669998.9868980646],[3123671.7501615584,1669981.125057146],[3123713.2500785589,1669868.7499538064],[3123687.7501295507,1669821.7500478029],[3123635.2499064654,1669814.3750625551],[3123571.2500344664,1669816.3750585616],[3123364.0001208931,1669824.7500418127],[3123267.4999857992,1669829.6250320673],[3123058.7500752211,1669840.750009805],[3122850.7501631379,1669853.2499848157],[3122652.9999024719,1669865.3749605566],[3122594.0000204742,1669868.9999533147],[3122580.8678288907,1669835.3051388115],[3122575.0000584722,1669820.250050813],[3122563.2500819713,1669789.6251120567],[3122464.4999513924,1669780.8751295656],[3122461.4999573827,1669807.0000773072],[3122261.2500298023,1669786.7501178086],[3122064.0000962168,1669765.750159815],[3122064.0000962168,1669799.4764703065],[3122064.0000962168,1669805.8750795573],[3121888.7537275553,1669827.6151935607],[3121844.6284877211,1669833.0892639756],[3121842.7977827191,1670057.7230010629],[3121842.3410907239,1670113.7360123992],[3121806.2483151406,1670123.9889446497],[3121677.9808551371,1670160.4258796424],[3121431.4731460512,1670260.8669517338],[3121246.9269272238,1670358.3070455641],[3121059.7750705481,1670439.7265021503],[3121012.317160219,1670460.3731143922],[3120987.7141910493,1670475.3455253989],[3120972.1610725522,1670484.8110576421],[3120879.6930816323,1670571.249861151],[3120823.2949004769,1670661.1889857203],[3120784.9130874723,1670720.0648522228],[3120678.9749791324,1670719.5041578114],[3120556.92699489,1670699.1288704723],[3120467.0121484697,1670692.0678609759],[3120294.7070468813,1670728.8820918053],[3120178.9500605613,1670785.9866364002],[3120130.2539637238,1670810.0088980645],[3120106.1060461402,1670836.1351581365],[3120073.9033546448,1670932.0965803862],[3120047.2951401323,1671011.3880884796],[3119996.6790996343,1671132.5771505535],[3119941.9380673915,1671275.0171543956],[3119929.4781185538,1671378.3929318935],[3119931.268141225,1671425.956156984],[3119949.7543247193,1671486.3113512248],[3119956.71264413,1671500.8910464793],[3119961.1404568106,1671509.1374210566],[3119957.4098212272,1671509.2410953939],[3119929.0181457251,1671510.0301358104],[3119869.2498925477,1671509.4999531507],[3117827.4288449734,1671504.8749623895],[3117805.9764600545,1671504.8264060616],[3117797.3787082136,1673649.276841566],[3117797.3606636375,1673653.8125936389],[3115273.5008819699,1673630.0206464827],[3115168.3137563914,1673629.0291786492],[3114879.8264724761,1673626.3913886398],[3114587.1019923091,1673623.7148848176],[3114294.6875508875,1673621.0410056412],[3113398.5617184639,1673612.8471243978],[3112661.6317618936,1673606.1086208075],[3112514.8272654712,1673604.7661038041],[3112509.8344933093,1674005.3394496441],[3112508.9998493046,1674086.3750487268],[3112508.5536559671,1674125.8877649754],[3112501.2921875566,1674768.7027523071],[3112500.9017683864,1674803.2535362244],[3112499.6570202261,1674913.4646018893],[3112499.2498688102,1674949.4999628961],[3112492.0550013036,1675556.3842478096],[3112491.8397786319,1675574.5272561461],[3112489.4998883009,1675771.8749585599],[3112485.4470748901,1675772.8825024813],[3112445.7499758005,1675782.7499368042],[3112443.2499808073,1676199.6250873059],[3112441.1741975546,1676239.9826181382],[3112438.999989301,1676282.2499220669],[3112437.499992311,1676613.2499162257],[3112436.571844548,1676828.592005223],[3112436.5022908896,1676844.730752483],[3112436.3165957183,1676887.7848002315],[3112435.9999953061,1676961.2498763949],[3112453.9999593049,1676961.3748761415],[3112453.5199733824,1676979.8036450595],[3112449.249968797,1677143.7498394698],[3112449.1243128926,1677244.9159757197],[3112448.9999693036,1677345.2500926405],[3112449.2837613821,1677368.5692717284],[3112451.5691898912,1677556.3841848075],[3112457.3916848004,1678034.9189888984],[3112463.2499407977,1678516.3750469834],[3112460.5937781334,1678710.5780706406],[3112459.419567883,1678796.4132008106]]]]},"properties":{"OBJECTID":4,"Articulation Area":"Bear Creek","Shape_Length":264139.09095352615,"Shape_Area":1071051248.0232494}},{"type":"Feature","id":5,"geometry":{"type":"Polygon","coordinates":[[[3111174.7557986379,1641925.0364843905],[3111140.552654773,1641924.333730387],[3111106.3765344881,1641925.8639969316],[3111072.3730696579,1641929.6207632255],[3111038.6871564356,1641935.5880208712],[3111005.4623378175,1641943.7403420876],[3110972.8401919752,1641954.0429880619],[3110940.0841897577,1641966.8174154852],[3110908.2507891073,1641981.7431074386],[3110877.4810898914,1641998.7539065804],[3110847.9114771783,1642017.7744134411],[3110819.6730167144,1642038.7203206285],[3110792.8908739858,1642061.4987865144],[3110767.6837594258,1642086.0088467514],[3110744.1634022393,1642112.1418617915],[3110722.4340551677,1642139.7819984248],[3110702.5920323948,1642168.8067432048],[3110684.7252826393,1642199.0874454826],[3110560.8718558103,1642521.1064864695],[3110550.842258391,1642551.0945026455],[3110538.4565432789,1642580.1886257587],[3110523.7933738353,1642608.2040750759],[3110506.945877844,1642634.9629206676],[3110488.0210560439,1642660.2952134653],[3110467.1391025521,1642684.0400646322],[3110444.432641496,1642706.0466673884],[3110420.0458846977,1642726.1752548064],[3110394.1337157679,1642744.2979874897],[3110366.860706415,1642760.2997654977],[3110338.4000712321,1642774.0789593619],[3110308.9325675839,1642785.5480555475],[3110278.6453475947,1642794.6342122646],[3110247.7307695183,1642801.2797220962],[3110216.3851760449,1642805.4423785051],[3110184.8076473027,1642807.0957438946],[3109862.788606301,1642811.5993438065],[3109889.8098777235,1647199.2529700547],[3109889.8761505485,1647210.0400219709],[3107221.7892951369,1647191.8871711493],[3107221.8099643886,1647187.3665108979],[3107227.7194013894,1645891.3759926409],[3107228.5766831338,1645703.3776809722],[3107231.0149984658,1645168.6399053037],[3107230.8466917276,1645130.7784324735],[3107230.4956425577,1645051.8448633105],[3107229.957913965,1644930.8884123117],[3107229.8338984698,1644902.9675363898],[3107228.2499121428,1644546.6250732243],[3107224.9585801363,1643863.7931055576],[3107223.4746592194,1643555.9164247215],[3107982.0531945527,1643555.875086233],[3108116.4256292135,1643555.8701649755],[3108541.9687413871,1643555.8547450602],[3108541.4766163826,1642902.8065104783],[3108541.2085722983,1642547.1769723892],[3108540.7499118,1641962.4999921471],[3108540.9634940475,1641920.7103775591],[3108541.0054887235,1641912.5014044791],[3108543.3480037153,1641453.803174898],[3107730.1317823827,1641539.3614027202],[3107218.8765712976,1641552.2718099803],[3106734.8565419763,1641359.6527726501],[3106360.0446275473,1640938.2641797215],[3106086.5553451329,1640849.927414149],[3105589.5730713904,1640787.970845148],[3105602.3829602911,1640744.5679419769],[3105613.0994231338,1640700.6013332666],[3105621.6978643066,1640656.1719278384],[3105628.1585493213,1640611.3816966882],[3105632.4666501037,1640566.3334389529],[3105634.6122790282,1640521.1305459719],[3105634.5905116107,1640475.8767639918],[3105632.4013978094,1640430.6759560555],[3105627.6153415916,1640381.5686390821],[3105620.2739771423,1640332.777868618],[3105610.3972975179,1640284.4365186777],[3105598.0122003057,1640236.6762393496],[3105583.1524143773,1640189.6270982672],[3105565.8584080297,1640143.41722639],[3105546.1772787781,1640098.1724690602],[3105524.1626250925,1640054.0160432814],[3105499.8744004313,1640011.0682021568],[3105473.3787499666,1639969.4459073991],[3104771.0481336415,1639432.3698818088],[3104743.9858597135,1639413.5294718391],[3104718.3574337922,1639392.7807007248],[3104694.2971527209,1639370.2322951776],[3104671.9310960257,1639346.0024122666],[3104651.376465241,1639320.2180202575],[3104632.7409697529,1639293.0142332807],[3104616.1222623885,1639264.5336033106],[3104575.5009525567,1639264.1579478979],[3102935.9999664724,1639248.9998417199],[3101948.7499724776,1639253.0001618117],[3099704.6957335472,1639263.3046031445],[3099623.2493741363,1639488.0374213904],[3099511.1026168019,1639797.4816843867],[3099408.8728343844,1640080.2448983938],[3099242.7386522144,1640539.7656328976],[3098905.8557958007,1641470.475385651],[3098500.4547037184,1642441.1542185545],[3097963.7261183858,1643446.0924973935],[3097922.3578795725,1643536.2618295413],[3097883.0040991688,1643627.32839646],[3097845.684222756,1643719.2472001242],[3097810.4166909195,1643811.9728213982],[3097777.2189301355,1643905.4594424805],[3097746.1073441585,1643999.6608695423],[3097717.097305919,1644094.530555553],[3097690.2031499255,1644190.0216232813],[3097665.4381651809,1644286.086888456],[3097642.814588618,1644382.6788830827],[3097622.3435990512,1644479.7498788983],[3097424.0018041432,1644479.1521110535],[3096709.7499518096,1644476.9998843968],[3096690.2371955514,1644476.9969316423],[3094893.1210391372,1644476.732824564],[3094160.2501295507,1644476.6248851418],[3093617.0002318025,1644464.6029275656],[3093234.750012055,1644456.1249261498],[3092788.2495927215,1644446.2676623911],[3092243.0000270605,1644434.2499698997],[3091565.7500692159,1644419.2503279746],[3091377.250774309,1644415.0921998173],[3090724.750110805,1644400.6250371486],[3090212.7501505613,1644389.3750596493],[3090202.5926905572,1643924.4166719764],[3090196.499854967,1642930.5000246465],[3090172.7499024719,1641740.250108555],[3089743.8091593087,1641733.4358177334],[3089585.1441223025,1641730.9151534736],[3089330.7981743068,1641726.8744791448],[3089212.6806283891,1641724.9978424758],[3088858.7499058098,1641719.375150308],[3087489.0000206381,1641729.5001300573],[3086530.9222123921,1641736.5293154716],[3086126.000121966,1641739.50011006],[3086152.2500694692,1639081.124849394],[3086154.6749333888,1638867.5908276439],[3086175.750022471,1637011.6250513941],[3086181.2500114739,1636457.6248470545],[3086301.0001000613,1631218.1251554787],[3086266.3341588825,1630684.3112624735],[3086141.7500904649,1628765.8751387298],[3086146.6546082199,1628562.2141287327],[3086146.7500804663,1628558.2498978078],[3087466.750065133,1628563.8748865575],[3088865.9998913109,1628569.9998743087],[3090102.2500434667,1628530.6249530613],[3091303.770934388,1628492.3120375574],[3091340.9998625517,1628491.1283129007],[3092547.3176598847,1628452.8321296424],[3093408.2106231302,1628425.5041003078],[3093493.7242316306,1628422.7895388156],[3093878.6424250603,1628410.5707312226],[3093904.4999848902,1628409.749866724],[3093905.8169113845,1628301.3747553974],[3093906.331017971,1628259.0677533895],[3093911.0600111336,1627869.8775868863],[3093916.0554079711,1627458.7704694718],[3093918.5947729647,1627249.7784333974],[3093936.4999208897,1625776.2498843968],[3093965.2498633862,1624399.7500127256],[3093988.4250138849,1623274.1784449816],[3093989.5290143043,1623220.5545364767],[3093990.1969919652,1623188.1133283973],[3093990.5044060498,1623173.1779908091],[3094007.8531246334,1622330.5868282318],[3094020.2500814646,1621728.5001058877],[3094047.7500264645,1620377.3748553991],[3094051.7391917259,1620377.3620601445],[3094700.0170946419,1620375.2613425553],[3096670.7500298023,1620368.8748723865],[3097950.6460920572,1620363.7981108874],[3097994.2500074655,1620363.6248828918],[3097972.1647498012,1619228.7186881453],[3097967.5000609756,1618989.0000074804],[3097974.9934843034,1618988.7411497235],[3098519.4848493934,1618969.9301637262],[3099291.7500371337,1618943.2500989735],[3099320.6630370468,1617728.2298912257],[3099383.2498541325,1615098.1249152273],[3101916.0000379682,1615077.6249562204],[3101914.2431517243,1615732.524565056],[3101909.0000519753,1617686.8749870658],[3104044.3530647159,1617686.8749870658],[3104550.2500188053,1617686.8749870658],[3104548.4147206396,1618157.6371688992],[3104540.0000393093,1620316.2499776483],[3106925.3368040472,1620377.5346319824],[3107104.0001606345,1620382.1248458922],[3107117.8652903885,1619907.9574871361],[3107314.7021670491,1619424.243887648],[3107993.2250882238,1617717.0921182334],[3108462.5889788866,1616533.2608244717],[3108669.0764268041,1616012.4403438121],[3109685.3880424649,1614076.7837820649],[3112922.3759910613,1608007.9980193973],[3113058.9747992158,1607709.493367061],[3114892.6774966419,1605165.0906474739],[3114887.2838066369,1605086.5189542323],[3114735.9159991443,1604778.4080218971],[3114569.9773546308,1604477.0145958066],[3114580.6909158826,1603481.9759034812],[3114604.6124559641,1603285.8178312331],[3114645.7705101371,1603182.547040388],[3114772.569469139,1602927.8103451431],[3114844.0076464713,1602939.1226584762],[3114877.9393371344,1602949.6232936382],[3114922.570809558,1602963.4349458069],[3115024.2599106431,1603026.9978108108],[3115153.3315028846,1603126.8532541394],[3115159.0119377226,1603131.2479303926],[3115258.1705320477,1603251.5613380671],[3115346.0709467977,1603360.5617762208],[3115391.5718400478,1603427.9372976422],[3115449.7144403011,1603539.1880593896],[3115483.3469189703,1603601.8234328032],[3115496.9197264761,1603627.1006132215],[3115524.9816782176,1603679.3613354713],[3115541.5685873032,1603710.2520217299],[3115596.335538134,1603794.5025094002],[3115655.3213125467,1603870.3153498918],[3115721.2447371334,1603941.513042137],[3115739.5806584656,1603961.3158240616],[3115755.4303643107,1603977.0611993968],[3115797.6993086338,1604019.0509448051],[3115861.7628287971,1604082.6915655583],[3116065.1584193856,1604388.505914554],[3116238.2161441445,1604546.0065838099],[3116451.2114530504,1604701.3195933998],[3116512.9334424734,1604777.9234428108],[3116652.0909725577,1604950.6333992332],[3116675.6083139777,1604994.8636257201],[3116720.9008743018,1605080.0471823961],[3116788.0090077966,1605206.2601845562],[3116786.9801384658,1605422.0123777241],[3116707.8021472245,1605598.0769862235],[3116570.2089184672,1605715.0790488124],[3116471.8029472977,1605812.580494225],[3116448.4358680546,1605915.7426894754],[3116431.8519117236,1605988.9574380666],[3116436.8532140553,1606004.2349665612],[3116487.596222803,1606159.2408901453],[3116489.7136726379,1606165.7087249756],[3116497.8557167202,1606175.6014217287],[3116501.7372706383,1606180.3172915578],[3116531.6187725514,1606216.6233213097],[3116538.1135102212,1606224.5143816471],[3116548.965522632,1606237.6997227222],[3116587.0907744765,1606284.0221366435],[3116699.772963807,1606369.4337112308],[3116743.1790449768,1606402.3348921388],[3116774.4476832151,1606433.9850913137],[3116782.2032451332,1606441.8351412266],[3116782.1622347236,1606450.3334838152],[3116781.7455688864,1606536.5344268978],[3116781.6343486309,1606559.5235541463],[3116761.4716593027,1606677.1499593109],[3116731.9720463902,1606735.4008270651],[3116702.1833920479,1606794.4640291482],[3116662.4114899635,1606931.4653955549],[3116681.5456380546,1607029.7165113986],[3116739.6022804677,1607167.2798845619],[3116817.3698414713,1607285.3432967216],[3116972.2635605484,1607418.6419146508],[3116987.1693706363,1607431.4693168104],[3116989.2326867133,1607438.7393153906],[3117022.7910185605,1607556.9762836397],[3117026.1243452281,1607568.7210108042],[3117045.4540309757,1607686.5347515643],[3117084.4011315554,1607804.2234925628],[3117103.8321950585,1607902.3499367237],[3117103.7003055513,1608004.41370897],[3117103.6694657207,1608019.9763418883],[3117110.3928774744,1608145.5774686486],[3117113.5247609764,1608204.0852256417],[3117118.3262605518,1608293.7851774842],[3117122.5719869733,1608373.1058849841],[3117181.1365023851,1608490.9819615632],[3117181.0512007177,1608549.7954922318],[3117161.2631825507,1608647.7966085672],[3117110.7485198081,1608790.4764413089],[3117089.2531559765,1608851.1902306378],[3117043.3208331317,1608980.9268478155],[3117028.3628578037,1609128.020057559],[3117023.3700856417,1609177.1167441458],[3117037.4930888861,1609229.3492512256],[3117081.7400476336,1609392.9942651391],[3117218.2597877234,1609648.2470354736],[3117394.1534648091,1609825.1233221442],[3117491.6250546426,1610001.8752652258],[3117518.3156180531,1610054.660264641],[3117528.0865958929,1610062.7412852198],[3117561.4999148846,1610090.3750882298],[3117714.4999369681,1610197.9998729825],[3117714.3559083939,1610214.5418346375],[3117714.0196229666,1610253.2090801448],[3117711.6265831441,1610528.246259734],[3117705.4999549687,1611232.3751008064],[3117688.6938862205,1613890.7542984784],[3117613.5001389682,1625784.7498673946],[3117615.0234298855,1626305.0988923162],[3117616.500132978,1626809.5001144707],[3117617.2822836339,1627068.9848317206],[3117617.362335965,1627140.779635638],[3117617.4410759658,1627211.1899278909],[3117617.4942254722,1627258.8351738155],[3117618.0486863106,1627293.1166013032],[3117640.557171464,1628684.4917713106],[3117649.9232944697,1631390.1956774741],[3117649.9879268855,1631408.8390128911],[3117650.9885810614,1631551.7744225562],[3117637.5046841353,1632697.465044558],[3117636.878284411,1632817.4758035257],[3117633.7197532426,1632937.4466263347],[3117628.0304970448,1633057.3240929767],[3117619.8130491022,1633177.0548250128],[3117609.0710684378,1633296.5855093412],[3117595.8093381878,1633415.8629219362],[3117580.0337634687,1633534.833951548],[3117561.7513687499,1633653.4456233513],[3117540.9702947242,1633771.6451225334],[3117517.699794685,1633889.3798178129],[3117491.9502304043,1634006.5972848728],[3117463.7330675186,1634123.2453297053],[3117433.0608704253,1634239.2720118526],[3117399.9472966874,1634354.6256675331],[3117364.4070909512,1634469.2549326483],[3117326.4560783817,1634583.1087656517],[3117286.1111576166,1634696.1364702778],[3117243.3902932401,1634808.2877181154],[3117198.3125077854,1634919.5125710175],[3117150.8978732629,1635029.7615033374],[3117101.1675022244,1635138.9854239821],[3116372.4616105556,1636662.0404487252],[3116370.9662067145,1636665.1657705605],[3115640.3288884759,1638267.3777892292],[3115593.5397171332,1638388.0244675369],[3115549.0176248299,1638509.5260347638],[3115506.7782203178,1638631.8398943548],[3115466.8363120733,1638754.9231649784],[3115429.2059031064,1638878.7326955593],[3115393.9001860516,1639003.2250804061],[3115360.9315385432,1639128.3566744304],[3115330.3115188745,1639254.0836084469],[3115302.0508619472,1639380.3618045524],[3115276.1594755067,1639507.1469915807],[3115252.6464366694,1639634.3947206223],[3115231.5199887403,1639762.0603806078],[3115212.7875383226,1639890.0992139475],[3115196.4556527212,1640018.4663322228],[3115182.5300576403,1640147.116731924],[3115171.0156351766,1640276.0053102269],[3115161.9164221068,1640405.0868808059],[3115155.2356084734,1640534.3161896754],[3115150.9755364656,1640663.6479310542],[3115150.6422038078,1641011.4694138914],[3115149.4716024697,1641553.1694459766],[3115149.2777052224,1641642.9642138928],[3115148.6363023072,1641939.8005624712],[3112502.0041283816,1641931.0282703042],[3112472.159699887,1641930.9295172244],[3112441.5042493939,1641930.8278113902],[3112100.7467288077,1641929.6982204765],[3111839.2502045482,1641928.8314243108],[3111513.5402260572,1641927.0656798035],[3111184.3154907972,1641925.3012476414],[3111174.7557986379,1641925.0364843905]]]},"properties":{"OBJECTID":5,"Articulation Area":"Chatfield","Shape_Length":162694.30682444089,"Shape_Area":745134801.94616127}},{"type":"Feature","id":6,"geometry":{"type":"MultiPolygon","coordinates":[[[[3115139.1205732971,1647232.2430615574],[3115139.1405863911,1647222.2073204815],[3115139.1504288912,1647217.3379076421],[3115139.297082141,1647144.3426468074],[3115141.5050829649,1646045.2506848872],[3115142.1248323917,1645736.794608891],[3115142.7924819738,1645404.4294599742],[3115144.1468099654,1644730.3359918892],[3115144.4292897135,1644589.7519554794],[3115146.308879137,1643654.1544172317],[3115149.7386623025,1641946.9639339745],[3115148.6363023072,1641939.8005624712],[3115149.2777052224,1641642.9642138928],[3115149.4716024697,1641553.1694459766],[3115150.6422038078,1641011.4694138914],[3115150.9755364656,1640663.6479310542],[3115155.2356084734,1640534.3161896754],[3115161.9164221068,1640405.0868808059],[3115171.0156351766,1640276.0053102269],[3115182.5300576403,1640147.116731924],[3115196.4556527208,1640018.4663322228],[3115212.7875383226,1639890.0992139475],[3115231.5199887403,1639762.0603806078],[3115252.6464366694,1639634.3947206223],[3115276.1594755067,1639507.1469915807],[3115302.0508619468,1639380.3618045524],[3115330.3115188745,1639254.0836084466],[3115360.9315385427,1639128.3566744304],[3115393.9001860516,1639003.2250804061],[3115429.2059031059,1638878.732695559],[3115466.8363120733,1638754.9231649784],[3115506.7782203178,1638631.8398943548],[3115549.0176248299,1638509.5260347638],[3115593.5397171332,1638388.0244675369],[3115640.3288884759,1638267.3777892292],[3116370.9662067145,1636665.1657705605],[3116372.4616105556,1636662.0404487252],[3117101.1675022244,1635138.9854239821],[3117150.8978732629,1635029.7615033374],[3117198.3125077849,1634919.5125710175],[3117243.3902932401,1634808.2877181154],[3117286.1111576166,1634696.1364702778],[3117326.4560783817,1634583.1087656517],[3117364.4070909508,1634469.2549326483],[3117399.9472966869,1634354.6256675331],[3117433.0608704248,1634239.2720118524],[3117463.7330675181,1634123.2453297053],[3117491.9502304038,1634006.5972848726],[3117517.699794685,1633889.3798178127],[3117540.9702947242,1633771.6451225334],[3117561.7513687494,1633653.445623351],[3117580.0337634683,1633534.833951548],[3117595.8093381873,1633415.8629219362],[3117609.0710684378,1633296.5855093412],[3117619.8130491017,1633177.0548250128],[3117628.0304970448,1633057.3240929767],[3117633.7197532426,1632937.4466263347],[3117636.878284411,1632817.4758035257],[3117637.5046841353,1632697.465044558],[3117650.9885810614,1631551.7744225562],[3117649.9879268855,1631408.8390128911],[3117649.9232944697,1631390.1956774741],[3117640.557171464,1628684.4917713106],[3117618.0486863106,1627293.1166013032],[3117617.4942254722,1627258.8351738155],[3117617.4410759658,1627211.1899278909],[3117617.362335965,1627140.779635638],[3117617.2822836339,1627068.9848317206],[3117616.500132978,1626809.5001144707],[3117615.0234298855,1626305.0988923162],[3117613.5001389682,1625784.7498673946],[3117688.6938862205,1613890.7542984784],[3117705.4999549687,1611232.3751008064],[3117711.6265831441,1610528.246259734],[3117714.0196229666,1610253.2090801448],[3117714.3559083939,1610214.5418346375],[3117714.4999369681,1610197.9998729825],[3117836.0000220537,1610266.875063315],[3117898.2498975545,1610334.3749283105],[3117943.2501356304,1610400.5001241416],[3118015.4212511331,1610496.2889745533],[3118403.4335984737,1610880.9069717228],[3118439.7297857255,1610916.885574311],[3118478.5000493824,1610910.5000883937],[3118482.4997133017,1610903.8875688165],[3118497.2500118911,1610879.5001503974],[3118590.5001534671,1610858.9998633116],[3118652.2500299662,1610899.8751096427],[3118709.9999144673,1610953.3750026375],[3118746.9998404682,1610985.2499388903],[3118793.5000755489,1611049.6251382232],[3118815.5000315607,1611133.1249712259],[3118819.8632118106,1611148.5320926458],[3118825.8989608884,1611169.8460263908],[3118829.8444910496,1611183.7790693939],[3118831.499999553,1611189.6248582304],[3118862.4999375492,1611236.7500920594],[3118883.112429142,1611276.7670723945],[3118888.8273127228,1611287.862194553],[3118901.2675765604,1611312.0140491426],[3118922.2501461357,1611352.7498600632],[3118974.5000416338,1611476.749940142],[3118979.8957001418,1611505.6498167217],[3118992.7500051409,1611574.5000727326],[3118986.0000186414,1611650.7499202341],[3118966.5000576377,1611726.8750960529],[3118856.8162218928,1611935.773300305],[3118820.2500220537,1612014.9998478889],[3118842.9999765605,1612107.4999909699],[3118884.6849325597,1612135.5435700566],[3118945.7500991374,1612176.6248527318],[3118967.5000556409,1612195.500143066],[3118963.2500641346,1612315.9999020547],[3118968.7500531375,1612368.6251248866],[3118986.500017643,1612438.3749853969],[3119031.7499271333,1612547.5000952333],[3119033.2499241382,1612576.5000372231],[3119036.9999166429,1612640.4999092221],[3119034.2499221414,1612708.500101313],[3119000.4999896437,1612899.5000474006],[3118997.499995634,1612988.9998683929],[3118968.5390955508,1613102.2352062315],[3118957.25007613,1613146.3748817295],[3118945.5516087264,1613169.0287078172],[3118941.6375745535,1613176.6080889702],[3118894.2498740554,1613268.3749658167],[3118847.9845466316,1613321.0730231404],[3118822.5000175536,1613391.500047639],[3118893.2498760521,1613629.9998987317],[3118905.2511643916,1613672.8869520575],[3118910.2498420477,1613690.7501053065],[3118915.2501601428,1613765.6249555647],[3118939.7524077147,1613812.7967772335],[3118970.2684227973,1613842.9594465643],[3118981.6092793941,1613854.1687417328],[3119040.7499091327,1613912.6249896437],[3119047.8463516384,1613927.662361145],[3119056.4998776317,1613945.9999228865],[3119047.9998946339,1614038.625065729],[3119026.9999366403,1614095.4999519736],[3119007.0432836413,1614130.5284252316],[3118955.0000806302,1614221.8750273138],[3118916.5001576394,1614271.2499285638],[3118882.3919581324,1614288.5422168076],[3118878.2548273057,1614299.1452139765],[3118790.7500810474,1614347.2501046509],[3118767.5001275539,1614442.7499136478],[3118768.2501260489,1614526.2500747293],[3118773.725836888,1614567.0403474718],[3118783.0000965595,1614636.1248549819],[3118777.7501070499,1614672.5001103133],[3118748.9998364747,1614789.624876067],[3118743.6845583916,1614851.6382034719],[3118738.4998574704,1614912.124959141],[3118733.9998664707,1615021.1250692308],[3118747.4998394698,1615090.3749307245],[3118806.0000505596,1615154.500130564],[3118828.7500050515,1615197.3750448078],[3118832.1794601381,1615212.4836103916],[3118841.9999785572,1615255.7499280572],[3118839.0705224723,1615272.1960893869],[3118827.4921335578,1615337.196287483],[3118782.7500970513,1615588.3749189824],[3118775.5775392205,1615589.2033293992],[3118773.3009689748,1615613.8158129752],[3118714.3181473017,1615770.5057883114],[3118701.3286719769,1616008.446585387],[3118701.0629244745,1616013.4465753883],[3118674.4868621379,1616182.2611983865],[3118693.4438452274,1616515.7654526383],[3118732.1035448015,1616770.831215471],[3118829.7460660487,1616888.5819642246],[3118947.0758838803,1616967.3947987258],[3119103.4292457253,1617026.6446802318],[3119181.749955222,1617026.7070160657],[3119220.7505333871,1617066.0196014792],[3119259.8767674714,1617124.9578038156],[3119259.6822140515,1617203.3336313069],[3119220.3007311374,1617340.5856533945],[3119161.4110851437,1617458.2127147317],[3119161.2247337997,1617556.2138310671],[3119180.4612438828,1617732.7161027342],[3119433.2468275577,1618615.7884835601],[3119448.3458787203,1618644.0305530578],[3119569.7117777169,1618871.0409258157],[3119608.4571070522,1619125.981360808],[3119608.1775800586,1619263.3583826423],[3119568.6015437245,1619478.9238963872],[3119470.0436699688,1619910.1799236387],[3119469.5617155582,1620125.9327729791],[3119410.6720695496,1620243.4345064759],[3119332.2896803916,1620321.6859903932],[3119234.2744564712,1620399.9374743104],[3119155.876647383,1620497.8142470568],[3119116.5643900484,1620556.6277777255],[3119116.3859127164,1620654.6288940609],[3119172.3808794767,1620880.5775891393],[3119175.1754933,1620889.9128723145],[3119177.1708961427,1620894.1592548937],[3119350.2998149693,1621184.6343957335],[3119349.9189102203,1621341.4490427226],[3119357.1318223029,1621483.2460032254],[3119359.8276830614,1621536.2442568094],[3119366.952668801,1621676.3210763931],[3119368.8765494674,1621714.1412107199],[3119388.1904872209,1621812.2046628892],[3119485.7398328036,1621969.3313171417],[3119622.2825387269,1622204.8961347342],[3119700.4011488855,1622283.4589697272],[3119798.2224755585,1622322.9588907212],[3119934.9512047172,1622440.959638983],[3119974.3464671373,1622500.4411473125],[3120091.0096196383,1622676.5867923945],[3120090.7304207236,1622833.5261110663],[3120051.3410637975,1622990.3410861492],[3120090.3501721323,1623068.9042492211],[3120129.1880209744,1623206.1559432298],[3120187.4178913832,1623461.158714056],[3120282.6939475536,1623617.035042733],[3120310.2280132174,1623662.0858056396],[3120343.4687603861,1623716.4734921455],[3120386.0697250515,1623754.5846363902],[3120519.3155215532,1623873.7871538997],[3120790.1998223066,1624012.0224417299],[3120836.6272228807,1624049.3557003886],[3120871.4270220548,1624080.6843778938],[3120896.77277188,1624102.1305292249],[3120911.3951179683,1624114.8034041375],[3120933.8163329661,1624136.2498835623],[3120987.1574336439,1624230.2792230546],[3121070.2927660495,1624428.6994298995],[3121162.9018328041,1624652.9109237343],[3121197.9959227145,1624722.1240398884],[3121243.812760219,1624799.135696888],[3121575.2559949756,1624958.0333449841],[3121659.0914572179,1625059.416016221],[3121671.7643321306,1625082.8119668067],[3121738.0529134721,1625191.9931788892],[3121823.838174969,1625346.0164928883],[3121933.3510793,1625453.370608896],[3121965.3959627151,1625485.41582039],[3122100.1164938062,1625593.1593713164],[3122214.5634433925,1625691.7474287301],[3122257.5627012253,1625722.4845719784],[3122302.6876109689,1626037.8677994758],[3122342.935233891,1626313.2465138137],[3122346.1773533821,1626335.4298684001],[3122356.3141441345,1626405.4057783037],[3122372.8272344768,1626531.4609723985],[3122444.5085215569,1626651.7195901424],[3122451.9592940509,1626664.2195651382],[3122573.9268978834,1626750.3817943931],[3122679.2787213027,1626830.2431832254],[3122737.9131184667,1626874.8018211424],[3122764.6168052256,1626898.5133878887],[3122822.9306649715,1626951.8082288057],[3122883.7510813922,1627016.5525218993],[3122886.725156799,1627025.8700885624],[3122921.84582147,1627135.9043173045],[3122920.5315196365,1627140.0178261399],[3122897.975462392,1627210.6220156401],[3122859.3902377188,1627273.7311413884],[3122841.0789226443,1627393.2466503978],[3122851.0273935497,1627412.7203647196],[3122852.7435974777,1627416.0796099752],[3122866.8318238854,1627443.6566545665],[3122870.4656748921,1627450.7695012242],[3122879.5004337281,1627468.4545052201],[3122932.3093832135,1627529.6020207256],[3122982.9930088818,1627587.8063006401],[3123084.1968747228,1627631.7868557274],[3123195.8643023074,1627683.2877369821],[3123314.192477718,1627704.1029840559],[3123349.1723946333,1627710.3733127266],[3123424.2677168846,1627723.8348999768],[3123507.4870386422,1627753.9181731492],[3123604.4399287254,1627784.3282173127],[3123682.1005345583,1627825.038765803],[3123704.4994398803,1627868.2014091462],[3123722.1076723933,1628002.7854575664],[3123723.1073423028,1628015.1833986491],[3123724.7986118942,1628036.1538291425],[3123730.6414479762,1628108.6044716388],[3123740.881913051,1628197.3559345603],[3123775.0170153826,1628280.9870008975],[3123862.0617887974,1628359.4976706505],[3123868.0315931439,1628362.2322452217],[3123946.3093237281,1628398.0907693058],[3123996.17569381,1628471.5003993958],[3124036.7225287259,1628605.2399613112],[3124034.4439899772,1628810.0817432255],[3124032.6352665573,1628867.323426649],[3124010.5496807992,1629001.2385131419],[3124031.5473422259,1629120.9941791445],[3124086.5551062226,1629191.1662828922],[3124091.3300310522,1629197.2578061372],[3124251.8828595579,1629255.952570647],[3124361.0978642255,1629278.024376899],[3124407.0403576344,1629276.8800222278],[3124444.4231568873,1629275.4354713112],[3124478.9782058895,1629274.100500226],[3124504.2353732139,1629289.5197607279],[3124553.7175577134,1629319.7283617258],[3124581.8169109672,1629336.8828549832],[3124675.5001225471,1629534.7128398865],[3124699.4620168805,1629685.888390556],[3124706.5496011376,1629730.6028680652],[3124715.7198583931,1629788.4580673128],[3124802.2872705609,1629944.2205510587],[3124812.6730765551,1629962.9078496397],[3124934.7371368855,1630031.4090249836],[3124935.7630534768,1630036.0527164787],[3124940.7499201447,1630058.6248498112],[3125056.0000177175,1630206.8748813868],[3125242.7499722987,1630255.6251119822],[3125417.9999498874,1630268.500086233],[3125550.5630049706,1630306.0495518148],[3125585.249943465,1630315.8749914765],[3125655.7501305491,1630361.9998992234],[3125756.9999280572,1630395.0001613051],[3125846.0000781417,1630386.8748494834],[3125974.0001502186,1630368.9998852313],[3126018.2500617206,1630372.8748774827],[3126078.9999402165,1630443.6250640601],[3126151.5001233071,1630579.5001203865],[3126227.4999713004,1630738.2501309812],[3126386.2499818802,1631106.6250503957],[3126430.3847361356,1631261.4334678054],[3126451.7498508841,1631336.3749189824],[3126463.018529132,1631383.6760054827],[3126463.9712831378,1631387.6759974808],[3126471.5785513818,1631419.60834831],[3126473.2501359731,1631426.6250665635],[3126367.9586798847,1631426.180841729],[3125714.1378090531,1631423.421988979],[3125703.0000360608,1631423.3750730604],[3125703.8950473815,1631684.9923319817],[3125704.1250338107,1631752.1942973137],[3125704.6283136308,1631899.3173626363],[3125704.8989823908,1631978.4093960673],[3125705.8596103936,1632259.1670366377],[3125706.3008824736,1632388.1267524809],[3125708.7500245571,1633103.9999926388],[3125709.3543540537,1633270.4973630607],[3125711.1899802983,1633776.1853280663],[3125712.2500175536,1634068.2500326484],[3125713.5141226351,1634391.0164474696],[3125714.0712081343,1634533.2809267342],[3125715.1535550505,1634809.6278149784],[3125715.6286197156,1634930.8828218132],[3125717.0000080466,1635280.9999037236],[3125721.4596448094,1636497.6513418108],[3125722.2499975562,1636713.2499919832],[3125722.2880552262,1636721.1709078997],[3125722.3090525568,1636725.541634053],[3125722.5816898048,1636779.584176898],[3125724.8392312229,1637226.9569698125],[3125724.9560288936,1637250.1012804806],[3125724.9999920577,1637258.7984415591],[3125727.2066805512,1637696.0954672247],[3125734.2279919684,1639087.5546265543],[3125734.3477423936,1639111.2635686398],[3125734.5439362228,1639150.1299607307],[3125734.6308782995,1639167.3503987342],[3125734.9300903082,1639226.66097565],[3125735.1423602253,1639268.7885160595],[3125736.2548907995,1639489.2703585625],[3125737.212237969,1639679.0606613904],[3125737.573129639,1639750.6199014783],[3125737.5964235514,1639755.2324250638],[3125737.79983522,1639795.5824099779],[3125737.8861211389,1639812.6525858045],[3125739.4832307994,1640129.1932913065],[3125740.3500269651,1640300.9855986387],[3125740.8408396393,1640398.2475432307],[3125740.9117056429,1640412.2731057256],[3125741.0970727205,1640449.0584652275],[3125741.2801432163,1640485.3500593156],[3125742.7594709694,1640778.5751946419],[3125743.8664241433,1640997.9855169803],[3125744.0613056421,1641036.6409514695],[3125744.5980499685,1641143.0223003924],[3125745.7499505579,1641371.37486206],[3125749.2502716333,1641995.872628808],[3125749.2761902213,1642008.432314977],[3125750.2489573061,1642476.7998165637],[3125751.7607652992,1643204.8246072233],[3125751.9999380559,1643319.9999018162],[3125753.4999350607,1643988.9998761415],[3125753.5944230556,1644038.4043048918],[3125753.6072183102,1644045.0722705573],[3125754.7499325573,1644642.8748807311],[3125756.2499295473,1645132.124886483],[3125758.253534466,1645815.5431390554],[3125759.4999230504,1646215.0000173151],[3125760.9999200553,1646715.5000005662],[3125761.4913888872,1646881.2247347236],[3125761.6757717282,1646943.3492823988],[3125761.9999180585,1647052.6249824762],[3125762.5816098005,1647237.6751373112],[3125762.6452579647,1647257.9497030675],[3125762.7171082199,1647280.7829907238],[3125649.1753405482,1647290.9187972248],[3125622.0740168095,1647293.3380837291],[3125432.7466395497,1647303.173365891],[3124820.5057380497,1647310.5496634841],[3120436.1001368016,1647281.6717684716],[3120429.0000853837,1647281.624852553],[3119522.1698780507,1647273.1376648098],[3117784.4997969717,1647256.9247707278],[3117460.3547759652,1647253.9004985541],[3115241.7493050545,1647233.2007368058],[3115139.1205732971,1647232.2430615574]]],[[[3115139.1205732971,1647232.2430615574],[3115145.0214801431,1648929.3121739775],[3115145.0001547188,1648934.1176105589],[3115145.0001547188,1648952.8311558068],[3115145.0001547188,1648966.7500912249],[3115111.4601955563,1648968.2136709839],[3115044.750027135,1648971.1250824779],[3114924.2499400526,1648971.5000817329],[3114812.249835968,1648974.2500762343],[3114707.7500449717,1648980.8750629723],[3114492.250147894,1648998.6250274777],[3114370.5000633001,1649006.5000117272],[3114248.7499787211,1649010.1250044703],[3114177.167116642,1649010.2372089773],[3114169.0001382232,1649010.2500042319],[3113575.6381359696,1649004.1220637262],[3113559.721173048,1649003.9576939791],[3113527.5001088828,1649003.6250174791],[3113525.1024758816,1649517.0101455599],[3113525.0532633811,1649527.5777097195],[3113524.1546431333,1649719.9946477264],[3113522.6218378097,1650048.2288993895],[3113521.7694773078,1650230.7646235675],[3113521.0001218915,1650395.4998583943],[3113526.132329464,1650395.5598976463],[3113526.2071324736,1650428.2386380583],[3113613.0691634715,1650428.9797783047],[3113815.4240737259,1650430.7068089843],[3113987.1510924697,1650432.1723572314],[3114016.44270055,1650432.3839709759],[3114147.3945383877,1650433.3304913938],[3114635.1392977983,1650436.8550906479],[3114700.5299150497,1650436.5027291477],[3114720.4800063819,1650436.3951178044],[3114733.249993965,1650414.6251482219],[3115052.5000116378,1650416.1251452267],[3115119.7931841314,1650414.7448986471],[3115150.0001447201,1650414.1251492202],[3115150.0674018115,1650434.2127074748],[3115151.8774375468,1650974.3212073147],[3115152.0723190606,1651032.4300149828],[3115153.6100456417,1651491.2430737317],[3115153.7166727185,1651523.022865817],[3115155.1579428017,1651953.1017300636],[3115155.1786120534,1651959.2847885638],[3115156.9394353032,1652484.6623467207],[3115157.0001307279,1652502.7499089837],[3115137.2767449766,1652502.6842923164],[3115055.2503342181,1652502.4106708169],[3115023.8983628005,1652502.3060122281],[3111154.1646324694,1652489.3962611407],[3110542.499845311,1652487.3555828035],[3110464.8188983053,1652486.4910832196],[3110277.3264911324,1652484.4048013091],[3109961.2444461435,1652480.8877479732],[3109882.2229506373,1652480.0084846467],[3109872.7561060488,1652479.9031699002],[3109861.2495673895,1652479.775217399],[3109864.5815817267,1651866.3866803944],[3109889.8761505485,1647210.0400219709],[3115128.8331923038,1647232.1994264722],[3115139.1205732971,1647232.2430615574]]]]},"properties":{"OBJECTID":6,"Articulation Area":"Columbine","Shape_Length":115633.56671325375,"Shape_Area":244358645.17136315}},{"type":"Feature","id":7,"geometry":{"type":"Polygon","coordinates":[[[3066105.4857011437,1644355.3328048885],[3066042.499934718,1644355.3433035612],[3064327.8521173,1644355.6251271367],[3062585.6656410545,1644355.9118719697],[3062531.5601062179,1644355.9207302332],[3062517.3665650487,1646934.1468729824],[3062516.9223402143,1647014.8602942228],[3060045.5001177192,1646900.8749578893],[3058766.5000510514,1646878.8750018924],[3058097.2500772178,1646867.2500251383],[3057487.2499848902,1646856.7500461489],[3057488.7499818802,1646145.6251560599],[3057491.4999763817,1644715.1250643134],[3057493.7499718815,1643940.1249738932],[3057495.2499688864,1643606.749984473],[3057496.8142702281,1643277.8740018159],[3057497.0462251306,1643229.0660285652],[3057497.734872058,1643073.6919954717],[3057504.5517875552,1641583.1191892326],[3054911.4496902972,1641563.0257254839],[3054914.6193033904,1641926.0896319002],[3054916.4011239707,1642130.1935543865],[3054916.5645094663,1642148.9231757224],[3054916.6114253849,1642154.3001334816],[3054918.0300577134,1642316.7699528933],[3054928.6999838948,1642329.939874053],[3054918.4660804719,1642338.3138730675],[3054919.4401598871,1642411.0899742246],[3054889.280115217,1642410.6798700541],[3054885.1731680483,1642623.0268863142],[3054879.830002889,1642899.2999558151],[3054604.9998438805,1642897.1582278162],[3054358.9898372144,1642895.2415649742],[3054109.3200609684,1642893.297015056],[3054006.3999912143,1642892.4951793998],[3053984.3199828863,1642892.3232637197],[3053605.099284634,1642889.3695294708],[3053531.9698377252,1642888.8003048897],[3053363.0098738074,1642887.4863311499],[3052705.750033468,1642882.3751208931],[3052184.7500912249,1642878.2501291484],[3052181.8288372159,1643080.382270813],[3052180.7500992268,1643156.2499012202],[3052135.0599018931,1643159.4979262203],[3052127.9998766333,1643159.9998937249],[3052097.4999376386,1643167.8748779744],[3052067.2499981374,1643188.124837473],[3051899.7500050515,1643311.3749190569],[3051850.1940018088,1643341.7078636438],[3051744.7499869764,1643406.2500573993],[3051663.2501499653,1643435.624998644],[3051660.3367699683,1643459.0767233968],[3051646.7219678015,1643568.6765698045],[3051640.7498668879,1643616.7499644756],[3051686.9909161329,1643625.9576232284],[3051811.4998534769,1643650.7498964816],[3051852.2501000613,1643693.000140056],[3051902.0000005513,1643655.2498874813],[3052173.000114724,1643704.7501165569],[3052166.0001287162,1644194.3751215637],[3052161.4624081403,1646037.3478135616],[3052161.3879332244,1646067.6489340663],[3052159.5001417249,1646834.3750908971],[3052149.8269327134,1646834.3527812213],[3051220.450510636,1646832.2064600587],[3051047.348494634,1646831.8065264821],[3050698.2501114756,1646831.0000976473],[3050651.6202834696,1646830.8931424767],[3049552.7501058877,1646828.3751028925],[3049472.7233630568,1646827.4630312324],[3048324.499937728,1646814.3751308918],[3047027.5914423019,1646799.507050395],[3047027.603253305,1646728.9629001468],[3047027.7499065548,1645855.6250799],[3047028.2499055564,1645494.6251457334],[3047029.2499035597,1644194.625121057],[3047060.7498405576,1642864.0001576394],[3045827.4324253052,1642858.9171625674],[3045127.7556750476,1642856.0333100557],[3045127.7087591439,1642532.9063316435],[3045127.5673552155,1641563.3898979723],[3045127.0000991374,1637667.7500514835],[3045124.7501036376,1637647.7500914782],[3045109.2465257198,1637647.8285034001],[3044145.5598047972,1637636.4587754756],[3043621.7852618098,1637630.2793258876],[3043177.499076888,1637625.0375384837],[3041865.2763076425,1637609.555942148],[3041859.7500719726,1636319.1251240671],[3041840.2501109689,1635664.0001219809],[3041819.7501519769,1634993.3751508892],[3041780.9999013841,1633721.1250707209],[3041771.5566788018,1633186.6241712272],[3041757.249948889,1632372.7501428127],[3041734.7499938905,1631096.1250713915],[3041241.0246033818,1631095.3865558058],[3039143.7499265522,1631092.2500791401],[3037886.8036215603,1631092.0699613988],[3037824.5071582198,1631092.0611031502],[3036526.2499122173,1631091.8750799],[3034405.059928894,1631075.0998509824],[3034308.5102532208,1631074.3364010602],[3033918.2498788834,1631071.2501211464],[3033899.1692083925,1630730.6425346434],[3033738.7499098033,1627866.9999679774],[3033519.794639051,1625247.1505488902],[3033519.565964967,1625243.6069208086],[3032261.6291763932,1625113.4756193906],[3032214.7234303057,1625108.9041062295],[3030892.2500253916,1624984.1251563132],[3029563.7352939695,1624929.749936983],[3028695.9210847169,1624902.5780753046],[3028678.7606859654,1624902.0406748056],[3028677.335820049,1624446.3959168047],[3028675.9654159695,1624008.2143784761],[3028683.8928935528,1622576.8799708039],[3028684.4532598853,1622276.2503227293],[3028685.7245828062,1621938.6453548968],[3028685.7636247277,1621928.2949818969],[3028691.1087583899,1620508.9733454734],[3028692.0602000505,1619515.2253329754],[3028708.7501273006,1619515.3749389797],[3028717.230753392,1617124.9092474729],[3028718.0001088083,1616908.1249041408],[3028718.7153304666,1616640.515531227],[3028719.3928225487,1616387.0334266424],[3028720.1962986439,1616084.4024702311],[3028722.1047593802,1615618.6264988929],[3028727.5000898093,1614301.8748673052],[3028735.4935121387,1612045.699261561],[3028737.2500703037,1611549.8751219809],[3028742.0000607967,1610248.0001010597],[3028746.3038579673,1609062.8905946463],[3028746.8885024637,1608901.9378325641],[3028747.0000507981,1608871.2499018162],[3028749.6634313017,1608131.3901610672],[3028751.2362627983,1607694.5248930603],[3028752.9541071355,1607217.2975010574],[3028754.8510849774,1606690.2923214734],[3028755.8756892234,1606405.6475495547],[3028756.7500313073,1606162.7500694841],[3028760.2500243038,1605174.0000784695],[3028778.7499873042,1603503.5001386404],[3028779.3192118853,1602896.0617209822],[3028779.5688832998,1602629.8506392241],[3028780.1764936447,1601981.4185371399],[3028781.2499822974,1600836.124895975],[3028782.1423689723,1600255.3268449754],[3028784.2919709682,1598856.2512310594],[3028785.2499743104,1598232.6248536408],[3028780.8280671388,1597517.5396696478],[3028778.6404074728,1597163.7746291459],[3028776.207997635,1596770.4230536371],[3028774.9232233018,1596562.6505033076],[3028774.2686970532,1596456.791791141],[3028769.3418696374,1595660.0466654748],[3028767.7831457257,1595407.9835213125],[3028767.7500092983,1595402.624936223],[3028766.0295403004,1595114.7265618891],[3028762.9747563899,1594603.5615737289],[3028760.8346688002,1594245.443523556],[3028759.5610492975,1594032.2940154821],[3028758.8107227236,1593906.7417731434],[3028753.9291708022,1593089.8123046458],[3028752.1683475524,1592795.1642718911],[3028752.0574553907,1592776.6144402325],[3028753.5056152195,1592685.8941492289],[3028756.3701108098,1592506.4466734827],[3028774.2457312196,1591386.6126270592],[3028795.4999538064,1590055.1251325607],[3028797.3772466332,1589559.9784850627],[3028798.5389897227,1589253.5450428128],[3028802.9221830517,1588097.467958644],[3028805.9999328107,1587285.7500938922],[3028803.4011847228,1586778.2950720638],[3028793.1141318083,1584769.6527638882],[3028792.9999587983,1584747.374921307],[3028789.5245720595,1584453.8312170655],[3028770.0856345594,1582811.9319418073],[3028761.5000218004,1582086.74999322],[3028777.4999898076,1581755.7499990612],[3028796.9595965594,1581118.1600668877],[3028811.749921307,1580647.2499194741],[3028841.611410141,1579682.4769146442],[3028843.0215122998,1579636.9231999815],[3028849.4998458028,1579427.6250621378],[3028851.4762198031,1579284.4498235583],[3028864.7918099761,1578319.7877108902],[3028868.0001368821,1578087.3751179725],[3028872.509642303,1577761.0713086426],[3028886.5000998825,1576748.7498424798],[3028878.250116393,1575425.2498648167],[3028869.0001348853,1573973.5001436472],[3028869.0001348853,1573753.499927476],[3028873.2501263916,1572828.0001380593],[3028869.5001338869,1571529.2501108944],[3028870.1914054751,1570423.6817839742],[3028870.3666019738,1570143.4517013878],[3028871.1579389721,1568877.7580385655],[3028871.2501303852,1568730.7501304746],[3028873.4748634696,1567887.8285879791],[3028875.0791909695,1567202.3916386366],[3028877.708778888,1566078.8545156419],[3028830.0225225538,1566077.8059613109],[3028823.956917882,1566077.6727594733],[3028713.7501173019,1566075.2498640567],[3028742.0000607967,1564749.374891147],[3028750.4705163091,1564350.5663055629],[3028771.0000028014,1563383.9999972284],[3028827.9998888075,1560691.8751321435],[3028843.5008420497,1559961.96943973],[3028853.7498373091,1559479.3749324828],[3028858.1540279686,1559272.7546108067],[3028878.5224255472,1558317.1640023142],[3028880.5001118928,1558224.3751458973],[3028880.1011625528,1558043.7357433885],[3028879.1769518107,1557625.2602023929],[3028878.6156012267,1557371.1918128878],[3028878.3613366336,1557256.0867281407],[3028877.7501173913,1556979.3750112206],[3028880.9033263028,1556275.9876384735],[3028883.2501063943,1555752.4998403043],[3028882.250108391,1554306.6251073927],[3028869.2501343936,1552953.749860391],[3028869.6540049762,1552652.9335328937],[3028873.0001268834,1550159.4998714775],[3028875.0995321423,1548697.1110639721],[3028876.7143583,1547572.2947440594],[3028876.7501193881,1547547.3748463988],[3028876.8521533012,1547479.603000313],[3028878.7501153946,1546220.3748757243],[3028880.5001118928,1544935.0001498908],[3028880.5549018085,1544896.6331006438],[3028884.2501043826,1542311.8751468062],[3028887.6707012206,1539919.8884609789],[3028887.6762786359,1539915.8884689808],[3028888.0000968874,1539689.5001422316],[3028888.3901879638,1539398.0076149702],[3028891.5000898838,1537075.2501213998],[3028895.2500823885,1534461.1251003146],[3028898.4712045491,1532141.8882689774],[3028899.0000748932,1531761.1249228865],[3028902.5000678897,1529266.2499913871],[3028906.2500603944,1526675.499923557],[3028909.7500533909,1524167.8750175536],[3028913.5000458807,1521494.0001159757],[3028913.770058468,1521305.0779216439],[3028917.2500383854,1518869.3751158863],[3028921.2500303835,1516119.8750374764],[3028921.2916969657,1516089.5289695561],[3028925.0000228882,1513384.7499303073],[3028925.7779084742,1512847.2204935551],[3028928.7500153929,1510793.9998624772],[3028930.9609689713,1509157.4430962205],[3028932.2500083894,1508203.1251229793],[3028933.8162782192,1507151.0917939842],[3028935.7500013858,1505852.1249037236],[3028938.9999948889,1503514.2499863058],[3028939.5246001333,1503145.6883874834],[3028940.9934292138,1502113.9302803874],[3028942.7499873936,1500879.875005722],[3028944.4471624643,1499695.0604462326],[3028944.5488682985,1499624.1672153175],[3028945.5265566409,1498941.58360672],[3028946.4999798834,1498261.9999921471],[3028948.5088341385,1496825.0638896376],[3028948.5613274723,1496787.41173397],[3028950.2499723881,1495579.6251075566],[3028953.7499653846,1492956.125105232],[3028957.4999578893,1490323.2501216382],[3028961.4999498874,1487640.4999097288],[3028965.2499423921,1484931.7500778884],[3028965.3598503023,1484855.2961625606],[3028968.9999348819,1482324.8750423044],[3028969.1925197989,1482183.5590519756],[3028969.549146384,1481922.0051131397],[3028971.4382502139,1480536.5908892304],[3028971.9500602186,1480161.3708391488],[3028972.2226974666,1479961.4578531384],[3028972.4999278933,1479758.2499262244],[3028972.7007148862,1479615.8834130615],[3028975.9999208897,1477274.6249722242],[3028977.6380409747,1476087.7815454006],[3028979.0504397154,1475064.5513083935],[3028979.4999138862,1474739.0001222342],[3028982.9848150611,1472397.9719958901],[3028983.0209042281,1472373.7623986453],[3028983.4303522259,1472098.8262687325],[3028983.4890791327,1472059.3588279784],[3028983.4999058843,1472052.0163229704],[3031151.2501635551,1472086.4998498112],[3031160.9925981313,1472086.6241934001],[3032117.7272332162,1472098.8147858083],[3033725.1744776368,1472119.2970283031],[3033843.8156445473,1472120.8088363111],[3033849.0000173897,1472120.875109151],[3036642.7500073016,1472114.0001228899],[3037676.6199868023,1472119.6418439001],[3037733.6684291363,1472119.9531949759],[3037889.8856363893,1472120.8055554777],[3039502.7997333854,1472129.6070470661],[3039529.0001403093,1472129.7500913888],[3040519.1454697251,1472129.9574400634],[3040801.5494324714,1472130.0164950639],[3041547.4524682164,1472130.1729908139],[3042510.5000828058,1472130.3750901371],[3044505.7966171354,1472105.7583414763],[3045084.4211160541,1472098.6195762306],[3045124.5001041442,1472098.1251546443],[3046518.0399679691,1472078.4513094723],[3048099.6266998053,1472056.201682061],[3048572.6129585505,1472049.5478239805],[3048576.6129505485,1472049.4913936406],[3048637.2562019676,1472174.2709997296],[3048672.4018009752,1472246.5871280581],[3048720.3921905607,1472308.4784084707],[3048749.3120802194,1472345.7752498984],[3048845.2219933867,1472484.3701170534],[3048927.1092967987,1472569.2662727237],[3048961.804437384,1472605.2363451421],[3048973.4822355509,1472626.4010009766],[3048991.5113989711,1472659.0764605552],[3049010.9664125592,1472694.3365606368],[3049113.682742551,1472880.4985898882],[3049509.7541288882,1473377.91524598],[3049556.0814640522,1473436.0968881398],[3049632.1397108883,1473594.0985406488],[3049658.2653148025,1473624.3947398961],[3049786.2299538851,1473772.7871596366],[3050050.7527188063,1474045.4631234705],[3050210.7419001311,1474210.3840534836],[3050267.8959853053,1474284.0843653977],[3050441.4530528933,1474507.8864112198],[3050515.5421435535,1474803.1085898131],[3050569.2011569738,1475156.893971473],[3050584.559722051,1475451.2099839002],[3050557.0817586333,1475529.9601544738],[3050541.4571179748,1475574.738936305],[3050523.2895033807,1475626.8060893863],[3050402.7178941369,1475840.6219347268],[3050344.0634838939,1475916.6135806441],[3050283.0058632195,1475995.7184093148],[3050276.8516760468,1476029.6894699782],[3050261.7358926386,1476113.1263109744],[3050259.9799906313,1476234.7320389003],[3050259.7549254745,1476250.3153410554],[3050260.8018393815,1476255.978387475],[3050296.0944197178,1476446.911404565],[3050381.3006141335,1476689.2071798146],[3050427.7929752171,1476821.4152487218],[3050445.6830313057,1476939.3228213042],[3050439.0833069682,1476986.6386715621],[3050430.8054363877,1477045.9882903993],[3050429.4120664746,1477055.9780998081],[3050423.8543348014,1477095.8251329809],[3050406.3622438014,1477140.5648728907],[3050399.403268218,1477158.363393724],[3050389.9337989688,1477182.5838177204],[3050362.8613465577,1477251.8271175623],[3050267.760158807,1477489.13996315],[3050261.3093843013,1477505.2373718917],[3050253.1935868859,1477515.093651399],[3050181.5900555551,1477602.0514827222],[3050145.2669654638,1477706.11098589],[3050140.7495860606,1477719.0528891385],[3050119.7607828826,1477816.8355019838],[3050157.5107073933,1477915.4304491431],[3050234.4091756344,1478014.5562351495],[3050310.346031636,1478066.8960254788],[3050350.7491660565,1478094.7440668941],[3050363.8190218061,1478097.8552811444],[3050526.390547052,1478136.555991143],[3050643.5704308003,1478157.8371165544],[3050741.7388696373,1478139.7423364818],[3050879.9118216336,1478063.3343528062],[3050958.7833830565,1478025.2399408072],[3051076.2526362985,1478027.0516169816],[3051252.1751847267,1478049.2385804802],[3051330.4840832204,1478050.4255859703],[3051526.5434023887,1478033.6431392282],[3051754.7132216394,1477996.3157860637],[3052076.1361352205,1477943.7328859717],[3052096.3575514704,1477948.5465246439],[3052217.4629523009,1477977.3761913925],[3052251.7771881372,1477985.5448102206],[3052264.5954039693,1478006.7613032311],[3052347.4059338868,1478143.8276301473],[3052383.1867022216,1478379.6427753121],[3052363.8773576319,1478562.924560979],[3052360.5059733093,1478594.9267935604],[3052259.5166739672,1478809.1488060653],[3052200.9275522977,1478894.4698296487],[3052194.3035498112,1478904.115807727],[3052179.5158497244,1478925.6505415589],[3052151.6989762187,1479005.3419832289],[3052138.675380215,1479042.652276054],[3052121.0671477169,1479124.6721251458],[3052118.4683996439,1479136.7767597288],[3052117.6829681396,1479140.4348888993],[3052125.0763260573,1479153.189784646],[3052175.0148744732,1479239.3421714008],[3052184.3314568847,1479258.6784188151],[3052213.0341553837,1479318.2491658032],[3052240.8703858107,1479354.1483722329],[3052289.9444346428,1479417.4372876436],[3052289.2718638033,1479463.8814204782],[3052289.0927302986,1479476.2504902333],[3052298.4024229646,1479526.5975023955],[3052307.2721558809,1479574.5642699748],[3052242.3785848916,1479770.421489805],[3052184.4498949647,1479945.2570981383],[3052196.7067602277,1479997.5398019701],[3052221.3520521373,1480102.6649198085],[3052263.7807730585,1480362.0915663093],[3052311.3505598009,1480652.9525331408],[3052348.2484518886,1480810.454514727],[3052361.1739509702,1480911.3827905655],[3052365.8576686382,1480947.9558801502],[3052324.4466622174,1481104.1770243943],[3052342.055878967,1481241.6783898175],[3052379.805475384,1481340.2733369768],[3052456.9854391366,1481419.8676659763],[3052709.2474018037,1481580.4621610641],[3052805.7281799763,1481679.8691144735],[3052893.3375848085,1481841.2690541446],[3052937.1619722247,1481922.0051131397],[3052954.1078044772,1481953.2238827199],[3052977.4269835502,1481996.1844267249],[3052984.709777385,1482023.1742021441],[3053014.6063711345,1482133.9672876447],[3052993.054905057,1482270.875150308],[3052980.4633948058,1482380.8988803923],[3052977.9351846427,1482402.9897154719],[3052970.6556716412,1482466.5965436399],[3052945.3637274653,1482527.3690598905],[3052898.4471546412,1482640.1014459729],[3052871.5325103104,1482704.7722483873],[3052848.974484548,1482758.975880146],[3052864.3530627191,1482860.3621603101],[3052871.8287695497,1482909.6481509805],[3052876.2536294758,1482938.8196805567],[3052884.7434418947,1482994.7910253108],[3052889.2713199705,1483009.0672434717],[3052922.2141674757,1483112.9321932197],[3052940.9424764663,1483171.9806315601],[3053037.42292656,1483271.4810887277],[3053250.5248625576,1483431.4820810556],[3053299.3003555536,1483463.0194195658],[3053420.4195358902,1483541.3332393169],[3053560.9550159723,1483632.2018239796],[3053657.7130245566,1483711.9834885597],[3053714.7634353936,1483830.4845638871],[3053732.2519174665,1483925.1011725664],[3053732.9353150576,1483928.7983436435],[3053862.3635338843,1484460.1165067255],[3053867.4166733921,1484468.831712395],[3053915.8227445483,1484552.3200624734],[3053919.6915032268,1484558.9926213175],[3053977.8636309654,1484599.1178691387],[3054095.0513887256,1484620.3986664712],[3054211.6728746444,1484680.992377311],[3054269.845002383,1484720.9926254004],[3054327.1729717255,1484819.899907887],[3054340.1424339712,1484856.1170270592],[3054387.0432588011,1484987.0875656456],[3054390.666611135,1484997.2056556493],[3054440.1215647161,1485135.3093820661],[3054498.5827338845,1485155.8093410581],[3054596.1921187192,1485176.8089709729],[3054691.8238172233,1485178.2843617201],[3054713.6538260579,1485178.6209752262],[3054812.1034322977,1485140.8074025661],[3054911.4050709754,1485044.2121233046],[3054955.0398262143,1484983.0222850591],[3054992.420985058,1484930.601786226],[3055091.2659317255,1484791.989202559],[3055150.8484897166,1484734.1130059808],[3055197.9566632211,1484725.3699132204],[3055249.0169285536,1484715.8935542256],[3055338.404216975,1484717.2590370625],[3055386.0563526303,1484717.9867258966],[3055444.2284803838,1484757.9869739711],[3055617.6641571373,1485038.7059007287],[3055884.3762221336,1485470.3995911479],[3055921.2882218063,1485516.058948651],[3055980.5794418007,1485589.4006654769],[3056019.1771336347,1485629.213249892],[3056029.8132672161,1485632.0462494791],[3056097.1966626346,1485649.9943763167],[3056214.6698528826,1485651.7125487328],[3056371.0104194731,1485673.6183448136],[3056410.7609961331,1485697.1612767279],[3056413.5779196322,1485698.8295804709],[3056418.3633431345,1485701.6638923883],[3056506.9284547269,1485754.1185119003],[3056557.6796655506,1485832.7338402271],[3056559.8938999772,1485836.1636233926],[3056568.4286597967,1485849.3843974769],[3056583.5109787136,1485872.7478678077],[3056592.099872306,1485890.5887113959],[3056595.6431723088,1485897.9486048073],[3056640.5882923901,1485991.3083262295],[3056627.9544593841,1486081.9410189837],[3056618.7595958859,1486147.9041416496],[3056400.8676432222,1486321.1262361407],[3056183.8270668089,1486435.5039601475],[3056123.6861109734,1486532.7242381424],[3056136.3399570584,1486586.7064136416],[3056160.5840030611,1486690.1320598125],[3056369.743361637,1487124.5114403963],[3056601.8649446368,1487324.012681812],[3056717.6343981326,1487443.4199233055],[3056849.8916795552,1487778.7358537316],[3057025.243691057,1487840.1418989003],[3057200.8847439736,1487881.9226552248],[3057301.0164334774,1487868.3977478892],[3057429.1037757248,1487851.0966013968],[3057439.9472579658,1487849.6320373863],[3057449.0128566325,1487848.4076303989],[3057593.2848778069,1487828.920136556],[3057691.1760862172,1487830.325645566],[3057721.0808820575,1487839.350561887],[3057827.6567843854,1487871.5128991455],[3058002.7276284695,1487952.5130652338],[3058103.1349079758,1487954.0058443993],[3058433.448223725,1487958.9172518998],[3058490.7683190554,1488057.8245343864],[3058494.8106338084,1488075.0672820657],[3058527.6701481342,1488215.2323560566],[3058448.2280497998,1488292.515009895],[3058318.5373643041,1488367.8626282215],[3058250.7661743909,1488407.2362371385],[3058171.3280130476,1488484.4250591397],[3058171.1695488095,1488495.3679506481],[3058170.7049828023,1488527.4499074817],[3058170.6544579715,1488530.9371052235],[3058170.4763087183,1488543.2382617295],[3058173.3673790544,1488549.2428428978],[3058181.8899998069,1488566.9429387301],[3058189.4956276417,1488582.7388388962],[3058305.5544506311,1488682.5207915604],[3059100.926875636,1489204.023029387],[3059178.1065113097,1489283.6485263109],[3059333.0363195539,1489403.5242708176],[3059426.063364476,1489461.7899023145],[3059720.9029978812,1489646.4575119764],[3060070.5181123018,1489865.4324677289],[3060243.6194721311,1490083.6531598866],[3060279.3963034749,1490319.4371371418],[3060277.9773430526,1490418.0324123949],[3060275.7273475528,1490574.3464042246],[3060290.8044171333,1490888.2565375566],[3060281.9537130594,1490972.2678524703],[3060280.2289789766,1490988.6392108053],[3060268.123688221,1491103.540555805],[3060206.8534695506,1491279.1681573093],[3060087.422606051,1491414.6705109775],[3060052.5135551393,1491452.1077720672],[3059847.2216428816,1491672.2687490582],[3059789.2407877147,1491723.9572939724],[3059728.2596104741,1491879.9592785537],[3059724.305878222,1491894.9362827241],[3059707.6107016355,1491958.1792664826],[3059726.0089588016,1492036.7739255577],[3059842.0599078089,1492136.4620463997],[3059884.6221586317,1492162.8868623078],[3060036.1500708014,1492256.962461561],[3060404.1893609762,1492536.9641981423],[3060519.4004166424,1492695.4655215591],[3060614.4704364687,1492892.967423141],[3060622.7637269646,1492941.0641117245],[3060668.6999868006,1493207.471059233],[3060703.3472272158,1493521.6935278922],[3060679.398128137,1493908.2114556432],[3060677.8574488014,1493933.0739387274],[3060714.7553408891,1494090.4820884764],[3060828.5556382239,1494347.0783600658],[3060843.9135471433,1494393.8522166461],[3060881.7684583068,1494509.1423403919],[3060895.6132468879,1494551.3082665652],[3061008.274110809,1494894.4270028919],[3061011.9847332984,1494905.7281613946],[3061016.1753417253,1494918.4909311384],[3061016.637283057,1494921.5384972245],[3061034.0539148897,1495036.3985037208],[3061018.0857709646,1495082.1451313943],[3060993.2134453803,1495153.4002382308],[3060987.8174588084,1495171.3303204775],[3060910.9622975588,1495426.7162926495],[3060901.3291147202,1495487.8992411494],[3060889.4108314663,1495563.5933154821],[3060925.7503257245,1495760.2205468863],[3061003.5894088894,1496000.8168504834],[3061053.0630632192,1496165.0967056453],[3061281.1068984717,1496922.3268184811],[3061356.8875868022,1497099.9225918949],[3061361.5434173942,1497127.8434678167],[3061392.9377115518,1497316.1124482304],[3061454.577352047,1497598.9783523083],[3061457.6131071448,1497612.910082981],[3061511.8623424768,1497861.8616848141],[3061521.5339110494,1497906.244141981],[3061673.9355091304,1498202.6221581399],[3061828.0136130601,1498381.3426012248],[3062041.963316381,1498482.530062899],[3062237.7454051375,1498485.4355688989],[3062252.6492467225,1498484.9099793881],[3062629.5864849687,1498471.6206358969],[3062640.7186805606,1498476.4595369697],[3062750.5189858824,1498524.1841790676],[3062863.106687218,1498573.1207609773],[3062998.4581225514,1498692.7465059757],[3062996.4400819689,1498833.3249649704],[3062996.2711190581,1498845.1070936471],[3062996.2077989727,1498849.5299850553],[3062996.7832571417,1498853.4958563894],[3063067.475701049,1499340.7543963045],[3063129.165538311,1499501.8754651397],[3063134.5556193888,1499515.9535209835],[3063136.4332403094,1499520.8573825657],[3063142.9752219766,1499537.9439625591],[3063156.1031484753,1499548.7851482332],[3063159.165478304,1499551.314014554],[3063179.0889948905,1499567.7670656443],[3063183.0000763088,1499570.9967179745],[3063239.7368394732,1499617.8506269008],[3063296.4945999682,1499755.9458231479],[3063288.1445510536,1499822.4502833039],[3063274.3844079673,1499932.0419276506],[3063289.172436133,1500265.6400137246],[3063326.6329911351,1500383.7660898119],[3063403.5429423004,1500482.9545397311],[3063500.3048878908,1500562.8612040579],[3063564.1827128828,1500575.4353258908],[3063715.0944845527,1500605.141959399],[3063930.4546181411,1500608.3598007262],[3064440.0346357226,1500576.6380793899],[3064500.474803552,1500610.5323685557],[3064523.268393144,1500623.3148233145],[3064529.1948904693,1500626.638307482],[3064654.265834555,1500658.2629161477],[3064730.6052488089,1500796.6392798126],[3064806.0968957245,1500993.8600139767],[3064814.0306068808,1501004.0919488966],[3064883.0071749687,1501093.0484638959],[3064924.1091268808,1501117.363703981],[3064943.3610568941,1501128.7527888119],[3065018.9252102226,1501173.4551272243],[3065174.9764073044,1501215.0485479832],[3065390.0593104661,1501237.766350314],[3065508.0908985585,1501200.3592728972],[3065567.3804781437,1501161.9521974772],[3065665.5449799746,1501143.8577454835],[3065758.6668409705,1501163.8901857287],[3065763.1622388065,1501164.8573753983],[3065769.3085519671,1501164.9521914721],[3065785.1224967241,1501165.1962854713],[3065821.8970294744,1501165.7635415643],[3065900.4910323918,1501147.2629223913],[3066057.9526597261,1501090.7613949776],[3066310.5138343871,1501035.1745638996],[3066391.9152463824,1501017.258589223],[3066450.5253653824,1500979.3725101501],[3066558.6681937277,1500909.4681223929],[3066629.0962024778,1500863.9429509789],[3066787.4177362174,1500748.6282209754],[3066944.5978680551,1500711.7519823909],[3066954.060119465,1500711.8953548074],[3067062.0517013818,1500713.5328187197],[3067159.3877928108,1500754.1265695542],[3067178.1141332984,1500813.2521074712],[3067194.035033226,1501068.3490382284],[3067279.7481163889,1501231.2873606384],[3067308.4019304663,1501285.7573960572],[3067404.3157806396,1501424.4460950643],[3067462.4875802994,1501464.4463431388],[3067599.534878388,1501466.5395148098],[3067795.0279257149,1501489.0388136506],[3067893.0500393808,1501532.8015213907],[3067931.2389393896,1501549.8513560593],[3068008.1216596365,1501649.0398059785],[3068017.0392927229,1501667.5509238094],[3068066.0562550575,1501769.301048398],[3068084.1917174757,1501806.9476266503],[3068086.1018186361,1501831.9885870665],[3068094.3567233831,1501940.209499225],[3068096.5709578097,1501969.2399529815],[3068097.1998935491,1501977.4873118103],[3068100.6674063057,1502022.9501473904],[3068066.1986432225,1502078.5989862233],[3068064.1281093061,1502081.9414992332],[3068061.8275889754,1502085.6557306498],[3068043.1084662974,1502115.8767988086],[3068040.5264504701,1502120.0454256386],[3068015.2053068876,1502180.8510783166],[3067999.9632113874,1502217.4533673078],[3067998.8342766315,1502296.0975669771],[3067997.9940552264,1502354.6423973888],[3067977.8238199651,1502393.6291960627],[3067924.8642802238,1502495.995461151],[3067917.4305680543,1502510.3635426462],[3067889.0536563098,1502542.5570478141],[3067797.9921586365,1502645.8658963144],[3067788.4606816322,1502655.1349066496],[3067639.1161640584,1502800.3685400635],[3067626.4114650488,1502820.8970423043],[3067583.1116828918,1502890.860485062],[3067578.967006132,1502897.5576501489],[3067577.7875465602,1502902.532049641],[3067570.8282428831,1502931.882384643],[3067537.2787692994,1503073.3725872338],[3067566.0841578841,1503180.1010483056],[3067574.4023827165,1503210.9205404818],[3067660.5596907139,1503335.6729156375],[3067670.3795529753,1503349.8753150553],[3067727.4263548851,1503468.3767184764],[3067778.0781564713,1503628.1339448988],[3067805.2283646315,1503713.7659914792],[3067839.8237678856,1503822.8806026429],[3067830.1728685498,1503884.2207030654],[3067818.2686928809,1503959.8822971433],[3067760.1985990554,1504030.3752663881],[3067738.5414901376,1504056.6652400643],[3067692.5845610499,1504123.5903030634],[3067688.13115789,1504130.075526312],[3067658.5406658947,1504173.1669755578],[3067655.8198707998,1504176.6928871423],[3067616.7654869705,1504227.3043344766],[3067538.8365089744,1504328.2946180552],[3067527.2768208086,1504411.1422213912],[3067522.3900195509,1504446.1661014706],[3067516.9999384731,1504484.7966016382],[3067397.842696473,1504600.6736664772],[3067337.7014125586,1504697.8001126498],[3067236.7429530472,1504763.0850870609],[3067219.1071615517,1504774.4892637283],[3067215.2659618855,1504782.9449554831],[3067140.6686701328,1504947.1509918869],[3067077.5506861359,1505086.0877218992],[3067064.2390329689,1505131.5236546397],[3066995.4383175522,1505366.3584868163],[3066974.59583956,1505437.4987644702],[3066992.1971822977,1505575.0942898095],[3067029.9467787147,1505673.6889088899],[3067036.7676312178,1505678.9635046422],[3067080.7117690593,1505712.9457201362],[3067107.4154558033,1505733.5956132263],[3067282.2048043907,1505834.1899002343],[3067301.3277976364,1505873.9079966396],[3067339.2594802976,1505952.6909755617],[3067361.2026778907,1505966.3152921498],[3067464.7595573813,1506030.6124076396],[3067533.3378323019,1506073.1917188168],[3067588.8288630545,1506149.5888757259],[3067590.9469690472,1506152.5048803985],[3067591.3780705482,1506155.3477224708],[3067608.8294792175,1506270.4124529809],[3067572.4365073889,1506319.8972621411],[3067563.6524042189,1506331.8414639831],[3067539.2728597969,1506364.9910039753],[3067508.9691146314,1506406.1959740669],[3067370.2338277996,1506521.8230393976],[3067329.1003798842,1506658.4185667336],[3067318.590230301,1506725.2219108045],[3067317.0292098075,1506735.1431508064],[3067307.5607248098,1506795.3267574757],[3067325.4432349652,1506913.2031621486],[3067359.5550433844,1506984.0626004785],[3067371.6222764701,1507009.1294794828],[3067420.5208007246,1507110.7050637305],[3067451.5318935513,1507111.1834092289],[3067479.2555913925,1507111.6112298965],[3067537.7010125518,1507132.1111888885],[3067556.4352270514,1507191.2055588961],[3067556.1996632218,1507207.6264578104],[3067555.0034713894,1507290.9691388905],[3067552.2150911391,1507485.2092359811],[3067492.0741353035,1507582.3356821388],[3067239.0506912172,1507881.8055556417],[3067232.7669111341,1507889.2428767234],[3067072.6730712205,1508078.7244531363],[3067060.8755226433,1508092.6876798123],[3067055.9634589702,1508098.5013164729],[3067033.8906684667,1508124.6259361506],[3067032.4441490471,1508130.7273018956],[3067028.0206014663,1508149.3860572278],[3066992.2103056312,1508300.4408732206],[3066994.8257859647,1508324.1754058152],[3067009.52227889,1508457.5366876423],[3067053.0336748064,1508594.8116755635],[3067065.7249223888,1508634.8509655595],[3067135.2050983906,1508731.8901415616],[3067319.8461333066,1508989.7682347298],[3067392.068101719,1509090.6364713162],[3067417.4049933106,1509152.2833296508],[3067448.8255341351,1509228.7316675633],[3067584.4660108835,1509328.7321237326],[3067758.6926965564,1509468.6393242329],[3067801.7254188806,1509483.6976930648],[3067875.591412887,1509509.5457384735],[3067972.9120843858,1509550.2329930663],[3068167.2948977202,1509651.1396153867],[3068325.0557370484,1509706.3678513914],[3068459.5534995496,1509753.4520748109],[3068634.342848137,1509854.046361804],[3068682.3850748837,1509920.1797597259],[3068749.5535757244,1510012.641517058],[3068756.8711463809,1510031.7566363066],[3068774.1952587217,1510077.0108108968],[3068825.0530966371,1510209.8622512221],[3068880.6852032244,1510426.3647709787],[3068969.7309568822,1510525.2257937342],[3069131.2552401423,1510704.5545033067],[3069188.8565028906,1510783.7426651418],[3069206.3974782974,1510843.8954319805],[3069252.4469268918,1511001.8127670586],[3069338.1600100547,1511295.7485308945],[3069366.4073288888,1511329.0486611426],[3069472.9566564709,1511454.6560214758],[3069520.885694474,1511533.9996948093],[3069568.5890111327,1511612.970009312],[3069571.6893986315,1511622.7518138885],[3069606.0495661348,1511731.1587493122],[3069605.6489763856,1511759.0671580583],[3069604.3619054705,1511848.7539865673],[3069591.5138340592,1511875.6259800643],[3069529.5795747191,1512005.1627944708],[3069461.3966402262,1512131.3377389759],[3069382.8124798089,1512276.7606764734],[3069361.2570767254,1512413.7623709738],[3069378.5090107173,1512443.5270752311],[3069418.5850460529,1512512.6696534753],[3069553.9368094653,1512632.2642305642],[3069593.4646175504,1512673.1394768953],[3069783.0826766342,1512869.2214338034],[3069785.7631174773,1512871.9930818081],[3069806.7581542134,1512949.7806558907],[3069822.6783979684,1513008.7677426487],[3069789.6354850531,1513062.1826620549],[3069762.9836354703,1513105.2665653974],[3069739.0125548095,1513380.0852414817],[3069781.5767741352,1513483.6618059725],[3069795.7621132135,1513518.1804377288],[3069824.3122529685,1513559.4625073969],[3069891.6995853931,1513656.9006327242],[3070047.4653499722,1513717.9943425655],[3070125.7781854719,1513719.1813480556],[3070244.083395049,1513662.0863178968],[3070339.94573614,1513568.8440503031],[3070363.2485110611,1513546.1780851483],[3070385.6828493923,1513532.1961577237],[3070628.846733138,1513380.6462639719],[3070639.8828003109,1513373.7683249712],[3070878.9558129758,1513156.2713846415],[3071019.3118314743,1513028.5820074826],[3071049.444645226,1513001.1686764807],[3071088.6148424745,1512923.7508523166],[3071148.3607859761,1512805.6657866389],[3071172.0959747136,1512789.2160163969],[3071241.6414393038,1512741.0172939003],[3071280.326729387,1512714.205995813],[3071344.7311281413,1512669.5699302256],[3071707.3544186354,1512544.9530534744],[3071711.6536226422,1512543.4756942242],[3071736.6666959673,1512534.8795828074],[3071798.1058775485,1512555.9123491496],[3071853.785556227,1512574.9733346403],[3071881.8278229684,1512595.3361548036],[3071944.6577498019,1512640.9597512335],[3071990.1228819638,1512673.9741209],[3072243.2585305572,1512942.3390697241],[3072390.9442588091,1513098.9099508077],[3072437.2289431393,1513147.9790783972],[3072573.7933025509,1513207.7604548931],[3072612.6843008846,1513247.2610320598],[3072699.8622761369,1513389.1081893146],[3072709.5600913912,1513404.8876853138],[3072743.654839471,1513412.7426564842],[3072885.3514064699,1513445.3876043111],[3072937.8014328033,1513475.9075563997],[3072946.0254977196,1513480.6929798871],[3073004.1126518846,1513514.4931091368],[3073020.0424100608,1513523.7624475658],[3073280.4083591402,1513675.2650973052],[3073294.6924512982,1513683.5767604709],[3073298.486406967,1513689.3638224006],[3073313.1113777161,1513711.6731609702],[3073365.0259720534,1513790.8626351506],[3073372.2556163818,1513801.8908283114],[3073469.4752382189,1513900.6727829725],[3073516.2884647995,1513900.9719949812],[3073547.6952261329,1513901.1727819741],[3073605.6137454659,1513862.9185933918],[3073665.7284546345,1513784.2645512223],[3073725.2647528946,1513764.7685272247],[3073761.3306256384,1513752.9581833929],[3073783.3003979772,1513745.76364398],[3073810.3485722244,1513751.9808231443],[3073895.1285863817,1513771.4679888934],[3073959.0920411348,1513786.1700592339],[3074154.3131073862,1513846.3890988976],[3074167.3160341382,1513847.4104223102],[3074189.2710427195,1513849.1348283142],[3074196.7497023046,1513849.7224255651],[3074266.4847990572,1513855.2001048923],[3074280.7085238844,1513856.317556724],[3074295.9184672236,1513857.512436226],[3074428.0123631358,1513867.8883997202],[3074460.1559996307,1513873.4792678058],[3074662.4764611423,1513908.6694861501],[3074779.5949933082,1513948.7635660619],[3074877.0495228022,1514008.26377514],[3074954.2609825581,1514185.3910455555],[3075129.2629291415,1514363.173826471],[3075245.810924381,1514501.3940224797],[3075256.9473850578,1514519.509143725],[3075342.6945888847,1514658.9895078093],[3075380.8975964636,1514816.2726578116],[3075340.9905240536,1514953.274680391],[3075261.7465880513,1515129.4019528031],[3075122.1336783022,1515599.4082306474],[3075115.9033758044,1515674.9458092302],[3075108.5976161361,1515763.5220756382],[3075105.3387643844,1515803.0347918868],[3075101.1012400538,1515854.4116576463],[3075022.5452948064,1515912.7875251472],[3075005.9511678815,1515917.4233426452],[3074990.9656335562,1515921.6096859723],[3074885.4025244713,1515951.1010968089],[3074748.6193334758,1515930.5073059797],[3074670.7277569771,1515871.1006006449],[3074573.1639757156,1515831.1941843927],[3074455.8108639717,1515830.4133460671],[3074396.9648530483,1515859.43494156],[3074377.3641704768,1515869.10158889],[3074375.7896985561,1515882.6114043891],[3074374.5311708897,1515893.4079707265],[3074369.1237013936,1515939.8058438152],[3074364.9928041399,1515975.2496705651],[3074358.9419632256,1516027.1688580662],[3074356.3389500529,1516045.5313541442],[3074355.2005008906,1516050.6451890618],[3074279.6829353869,1516289.6830968112],[3074277.5641732216,1516298.1899695545],[3074276.7964582145,1516355.6075056493],[3074315.5007771403,1516395.2954183966],[3074363.3546840549,1516395.7921365649],[3074393.7519329637,1516396.1077527255],[3074477.9738773853,1516413.9843573868],[3074881.8073873073,1516499.7010494769],[3074992.1142532974,1516551.4712871462],[3075095.9447543025,1516600.2018327266],[3075231.1990769655,1516758.6093243062],[3075269.466716975,1516837.5163187236],[3075269.0543162227,1516875.2183430642],[3075269.00149481,1516880.0605249703],[3075268.3915878832,1516935.7917127311],[3075268.1793179661,1516955.2053878158],[3075230.8476997167,1517080.957104817],[3075227.5635855496,1517092.0194186419],[3075220.3195055574,1517106.1542328894],[3075186.797590971,1517171.5632228106],[3075107.589087978,1517326.1163913906],[3075099.8781453818,1517452.9609539807],[3075094.7275651395,1517537.6894590557],[3075083.7587550581,1517718.1208567321],[3075120.7389960587,1517914.7165921479],[3075159.0220559686,1517993.6235865653],[3075221.0603177249,1518009.917189151],[3075237.0780022144,1518014.123873651],[3075241.5271403044,1518012.2705308944],[3075267.3509075493,1518001.5133345574],[3075270.8089058846,1518000.0727206469],[3075339.9363923073,1517971.2768464833],[3075349.7700340599,1517967.1803979725],[3075369.2181578875,1517959.0790362209],[3075374.664997384,1517956.8100118935],[3075398.5363407135,1517935.5295426399],[3075809.3527763039,1517569.304553315],[3075938.8731865585,1517506.1928028911],[3075959.4433553815,1517496.1695289761],[3075966.736647889,1517492.6157303154],[3075970.1050794721,1517492.0917812288],[3076201.9425422996,1517456.0206591487],[3076867.3578781337,1517443.9248828143],[3076938.8662652969,1517456.7024163157],[3077076.0093637258,1517481.2082728148],[3077101.7058346421,1517485.7997990549],[3077159.9727784693,1517525.6123834699],[3077179.0206406415,1517585.6549143046],[3077196.9605653882,1517722.2084469795],[3077195.9005281329,1517819.4270845652],[3077192.5373458862,1518127.8221370578],[3077192.3093279749,1518148.7256385535],[3077192.2499448806,1518154.1741184741],[3077191.8273735493,1518192.9325711429],[3077197.805051893,1518211.5821401477],[3077199.8490110487,1518217.9590958953],[3077206.2518853843,1518237.934121564],[3077214.4789030552,1518263.6007368863],[3077229.6809723824,1518311.0274793059],[3077307.0817362219,1518390.4344727248],[3077359.2279573828,1518408.4908670634],[3077424.0450849682,1518430.9347198159],[3077471.2493868917,1518431.449810639],[3077507.2676875591,1518431.84285447],[3077541.4372386336,1518432.2155571431],[3077584.4309190512,1518390.0840797275],[3077632.5325288922,1518342.9470348954],[3077640.3277888894,1518335.3079425544],[3077651.9878705591,1518330.9106416404],[3077742.9830953926,1518296.5931249708],[3077758.5919880569,1518290.7063257247],[3077889.6176446378,1518241.2917263955],[3077993.9871865511,1518201.9302565604],[3078033.1006253809,1518205.9325451404],[3078071.810193643,1518209.8934952319],[3078179.0593229681,1518220.8678827286],[3078208.9828195572,1518223.9298844784],[3078222.168488726,1518234.0853759795],[3078286.6017588079,1518283.7115890533],[3078313.3697498888,1518329.5730458945],[3078344.221394226,1518382.4312078953],[3078379.5083971322,1518735.8100943118],[3078366.427714631,1518894.9833323956],[3078356.957589224,1519010.2196504772],[3078336.0996913016,1519127.7210558951],[3078276.1240894645,1519244.7224623114],[3078177.9789445549,1519327.1491347253],[3078159.8661198914,1519342.3610465676],[3078155.9842378944,1519345.6212106496],[3078137.8894578069,1519360.8180306405],[3078116.0053152144,1519371.4994397312],[3078111.7139852196,1519373.5939237326],[3078094.0106085539,1519382.234982565],[3077980.5134602189,1519437.6318533868],[3077803.7854672223,1519494.4453880638],[3077781.662151888,1519568.9869056493],[3077763.1618608087,1519631.3220828176],[3077763.0453912169,1519642.0369563997],[3077762.0768892169,1519731.2277228981],[3077761.0319437981,1519827.4493152201],[3077818.862208724,1519906.5439733118],[3077876.7551375479,1519926.636452809],[3077915.0654283911,1519939.9326860607],[3077935.8252293915,1519947.1377241462],[3078033.6472122222,1519948.2312258929],[3078182.4369408935,1519906.1607719809],[3078381.2833279669,1519849.9368030578],[3078441.2458064705,1519832.9824406505],[3078449.4203308076,1519830.6710935533],[3078593.2619066387,1519789.9995869696],[3078596.2973336428,1519789.1413209736],[3078621.0456437171,1519782.1436315626],[3078700.9893814772,1519759.539674148],[3078796.9632708877,1519760.6318635643],[3078857.4995671362,1519761.3205104768],[3078883.9302885532,1519744.0675922334],[3078944.4583827257,1519704.5575006455],[3078975.7499867976,1519684.1316884756],[3079056.4844053835,1519656.2390277237],[3079250.7290956378,1519589.1299099773],[3079293.2319633812,1519589.599725306],[3079375.600565061,1519590.510156557],[3079444.2946533859,1519591.2696694732],[3079505.0684819669,1519591.9415841401],[3079693.3879872262,1519645.7265815586],[3079719.634981975,1519653.2229576409],[3079894.8652745485,1519733.6296209842],[3080010.97002922,1519852.6306953132],[3080068.589664638,1519951.3191462308],[3080067.7622384727,1520027.2071178108],[3080067.7031834722,1520032.6296791434],[3080067.631333217,1520039.2100465596],[3080067.0916361362,1520088.7266798168],[3080034.0096812993,1520230.5571048111],[3080026.0392248034,1520264.7289524823],[3079965.6420358866,1520421.043272391],[3079908.0706287175,1520509.4443423152],[3079882.9318994731,1520548.0449868888],[3079865.3121840507,1520637.6931015551],[3079855.9519665539,1520685.3183344007],[3079848.2233074754,1520724.6407623142],[3079864.6337077171,1520983.4561895579],[3079862.6645515561,1521006.580487147],[3079856.086152643,1521083.833941564],[3079853.2839928865,1521116.739059478],[3079814.3391888887,1521183.5522460639],[3079755.8393058926,1521258.1472412199],[3079715.8590708822,1521280.8450304717],[3079693.3076068014,1521293.6478263885],[3079690.2803818882,1521302.048072055],[3079684.1294755489,1521319.1166074723],[3079641.4809388071,1521437.4621713161],[3079639.7653910518,1521594.650177151],[3079638.4852098823,1521711.9652312249],[3079701.0467645526,1522079.7253224701],[3079704.2826504707,1522098.7482503057],[3079712.0395247191,1522144.3449438959],[3079691.6186338067,1522222.6581074744],[3079632.0721649677,1522300.3469284773],[3079494.6879253089,1522338.0663412213],[3079260.4610315561,1522418.0428873152],[3079160.8099841326,1522452.0687378943],[3079081.47451289,1522549.2575199008],[3079076.7300997972,1522571.7512413114],[3079065.6950168908,1522624.0677377284],[3079060.8429924697,1522647.0713006407],[3079078.0496509671,1522863.0734933168],[3079288.7001482993,1523277.1917595565],[3079482.0645909756,1523495.2671108097],[3079598.3881772161,1523594.6740642339],[3079618.2929930538,1523604.9351985604],[3079688.1097825468,1523640.9272525609],[3079715.1405683905,1523654.8619359732],[3079780.9478514642,1523695.4277997315],[3079812.3224606365,1523714.7683122307],[3079870.9568578005,1523782.4003948122],[3079894.6684245467,1523809.7507338077],[3079966.9133588076,1523893.0825881362],[3080005.8279791325,1523913.0825481415],[3080195.7938065529,1523972.5522454828],[3080395.8354012221,1524035.1764640659],[3080511.9559038877,1524154.1775383949],[3080519.0654697269,1524171.3215329796],[3080568.2947019637,1524290.0322535634],[3080569.1355795562,1524293.0440585613],[3080567.4462784678,1524448.2622520626],[3080534.2786938846,1524524.3280448169],[3080507.2511888891,1524585.6822528094],[3080310.5235639662,1524681.5590295643],[3080277.0098514706,1524700.6554480642],[3080170.2256162167,1524761.5024392307],[3080133.1646667272,1524782.6201791465],[3080074.2566480488,1524816.1863849759],[3080049.8538097143,1524871.6078620553],[3080028.6750463098,1524919.7068472207],[3080023.4706603885,1524931.5267054737],[3080014.0704167187,1524952.8754160553],[3079993.2125188112,1525070.3144856393],[3080009.3745599687,1525129.4702072293],[3080026.4617961347,1525192.0114207268],[3080030.8479422182,1525208.0658505559],[3080065.3685424775,1525255.2921340615],[3080111.5328202248,1525318.4471914768],[3080146.5238919705,1525366.3171744794],[3080192.3331835568,1525407.7439288944],[3080312.813585639,1525516.6974511445],[3080475.9156216383,1525664.1945314705],[3080500.8657029718,1525728.759034887],[3080513.9798499644,1525762.6956468076],[3080496.6859213114,1525875.2977838069],[3080492.919196561,1525899.8223410547],[3080430.4239147156,1525936.4354568124],[3080394.450233385,1525957.5105458945],[3080315.7699445486,1525995.8864533901],[3080295.5596831441,1526054.5119923055],[3080297.3690627217,1526064.1356607229],[3080314.0455385596,1526152.8257720619],[3080355.7186835557,1526294.0111852288],[3080386.3843046427,1526397.903693974],[3080389.5348888934,1526408.5782133043],[3080394.0804834664,1526410.9289303869],[3080467.3647857159,1526448.8284608871],[3080564.7573074698,1526489.0787084699],[3080607.5862900615,1526489.547539562],[3080701.7120860517,1526490.578049317],[3080858.4404471368,1526472.8274286389],[3080956.2699758857,1526473.8270985633],[3081014.1081148088,1526553.0155884773],[3081032.5152302235,1526595.774361223],[3081068.5689638853,1526679.5251779705],[3081078.6355448067,1526702.909317553],[3081090.4396550506,1526730.3295383155],[3081147.434947893,1526887.8938557208],[3081166.41522488,1526901.28523314],[3081170.3164637983,1526904.0375242233],[3081323.1340715587,1527011.8552219719],[3081458.1065706313,1527107.0827218145],[3081514.9643965513,1527126.8310418874],[3081633.555038631,1527168.0202639699],[3081691.3853035569,1527247.0834260583],[3081699.9531998038,1527283.1410967261],[3081710.0975364745,1527325.8342528045],[3081709.9298858941,1527341.2213611454],[3081709.3711599708,1527392.4863504767],[3081708.9459639639,1527431.4902094752],[3081703.3360670507,1527946.0744821429],[3081702.186463058,1528051.5299798995],[3081682.1943770498,1528090.5305580646],[3081624.7899643034,1528124.1613963097],[3081583.7254138887,1528148.2190909833],[3081568.3094342202,1528171.5353173167],[3081449.6531754732,1528350.9998533875],[3081385.916426301,1528447.3999230564],[3081375.5811451375,1528463.0317815542],[3081364.8682400584,1528479.93299447],[3081363.8068904728,1528577.349466309],[3081382.3088219762,1528675.6005821377],[3081457.6603773087,1528818.7728679776],[3081463.0950777233,1528829.0989628136],[3081566.62767905,1529025.8167452216],[3081631.5143603086,1529149.1052125543],[3081841.7787035555,1529409.6073162258],[3081873.7359887213,1529478.063872233],[3081885.6601774693,1529503.6071282327],[3081902.9268752187,1529540.5945870578],[3081997.6455178112,1529742.7168862224],[3082013.486037299,1529761.6646829844],[3082049.922316134,1529805.2476010621],[3082112.719106555,1529880.3616240621],[3082144.7108404636,1529910.8123505563],[3082188.4952017218,1529952.4874640554],[3082215.5246752203,1529978.2151028961],[3082218.9383822978,1529981.4644402266],[3082383.8435643017,1530138.4260685593],[3082470.3601235598,1530216.0725668073],[3082492.2380325496,1530235.7073700577],[3082538.8632673919,1530277.552430734],[3082542.1483658105,1530286.7246564776],[3082595.676802054,1530436.1853155643],[3082590.3579150587,1530470.7872804701],[3082574.7821588069,1530572.1181145608],[3082561.3254927993,1530598.3729833066],[3082520.9636968821,1530677.1218415648],[3082514.814430967,1530689.1195209771],[3082454.4096961319,1530845.3715050668],[3082453.332926631,1530943.4349572212],[3082491.1789795607,1531061.5610333085],[3082588.1502422988,1531141.1241943985],[3082665.9722651392,1531181.2494422197],[3082705.1132629663,1531181.6244414747],[3082744.457344383,1531162.561487481],[3082767.8496860564,1531087.3848005533],[3082794.8522567153,1531000.6067588925],[3082805.291212216,1530967.0592538118],[3082813.0592413098,1530951.9047565609],[3082845.2747280598,1530889.0580974817],[3082923.7443873882,1530870.2451429814],[3082949.2312130481,1530873.730700314],[3082967.8968581408,1530876.2831886411],[3082973.709182471,1530877.0781345665],[3083023.6204999685,1530883.9035802335],[3083032.2684485614,1530885.0863206387],[3083048.0984693915,1530887.2510144711],[3083080.0436154753,1530891.6197721362],[3083098.8897063881,1530919.8949780613],[3083133.6878651381,1530972.1032069772],[3083330.3259233087,1531267.1232862324],[3083342.9285883904,1531320.162222147],[3083349.0381562263,1531345.8741129786],[3083308.8361368924,1531443.4378942251],[3083252.2361844778,1531483.0083531439],[3083170.8042607158,1531539.9393416494],[3083028.690371722,1531617.0582818985],[3082993.6628827155,1531636.0661178976],[3082933.6872808933,1531753.0675243139],[3082933.2236991376,1531756.8703382313],[3082912.197494477,1531929.3821323067],[3082935.1042727977,1531962.2892187238],[3083008.5211207271,1532067.7581678927],[3083105.9211883843,1532108.0707513094],[3083282.2203764766,1532090.4451303929],[3083439.3775424659,1532033.3815962225],[3083656.939771384,1531820.0657498986],[3083703.2799018025,1531797.4906638116],[3083711.6788351387,1531793.3988084793],[3083720.7782263905,1531788.9660745561],[3083774.9716875553,1531762.5648806393],[3083909.5665627271,1531753.6744784713],[3083915.4996217191,1531753.2827469707],[3084029.5217033923,1531745.7512659729],[3084165.618544057,1531825.7517621368],[3084203.2536393851,1531963.4407912344],[3084202.2592187971,1531973.2209553868],[3084181.3268459737,1532179.0679846406],[3084159.2957220525,1532229.063619554],[3084121.1484886408,1532315.6323440671],[3084060.2011039704,1532393.6052852273],[3083904.8736587167,1532411.3841210604],[3083669.8708478808,1532428.2600715607],[3083563.3248011321,1532427.1117798984],[3083513.3531163037,1532426.5730670542],[3083354.2776470482,1532473.6769754738],[3083305.2938211411,1532488.1815396398],[3083258.1633379757,1532502.1372203976],[3083040.8120666444,1532695.8901137263],[3083033.2789452225,1532711.8982838094],[3083001.2918044776,1532779.8735415637],[3082855.6749697179,1533089.3207573146],[3082820.4644102156,1533164.1460669786],[3082797.1471996307,1533235.455635637],[3082787.3247127235,1533265.4952737242],[3082731.9104534686,1533434.964422971],[3082699.0076321363,1533535.5882374793],[3082723.8166376352,1533612.9578333944],[3082742.1646980494,1533670.1778633147],[3082755.7844214737,1533712.6525158882],[3082791.5002292991,1533767.6622483879],[3082796.1626215577,1533774.8433363885],[3082802.4887243807,1533784.5864271373],[3082909.7427749634,1533949.7796663046],[3082959.8834227175,1533981.4994191378],[3083162.3656293005,1534109.5929949731],[3083435.4172485471,1534191.0928319842],[3083748.4527117163,1534194.5918407291],[3083914.4838757217,1534150.3494751453],[3084101.6901942194,1534100.4647323936],[3084454.7091732174,1534025.9625848085],[3084572.0934528857,1534027.274918139],[3084574.9638539702,1534030.9517480582],[3084615.089757964,1534082.3505953997],[3084647.0572137237,1534123.2993323952],[3084649.2832591385,1534126.1507046372],[3084649.7773526311,1534129.912508145],[3084666.0230550468,1534253.5664603114],[3084667.3481836319,1534263.6520700604],[3084663.8501591384,1534272.1605832279],[3084657.0729417205,1534288.646114558],[3084644.2970486432,1534319.7224959731],[3084627.1615842134,1534361.4035149813],[3084548.4658754766,1534399.6540946364],[3084528.4737894684,1534438.6546728164],[3084527.1867185533,1534556.4057496488],[3084531.7943208814,1534570.7843298167],[3084606.4854444712,1534803.8642442226],[3084611.1301202178,1534818.3586378098],[3084613.138646394,1534824.6263418049],[3084621.8013587147,1534851.6587680578],[3084631.1789646447,1534859.6751562208],[3084636.9063153863,1534864.571143806],[3084655.4666457176,1534880.437253803],[3084738.1246168911,1534951.0972174704],[3084854.8691340536,1535011.159761399],[3085030.9652385563,1535013.1594293118],[3085048.0478815585,1535010.9097618908],[3085579.619653061,1534940.9066210538],[3085589.0415502191,1534941.0119358152],[3085775.2705084682,1534943.093624562],[3085911.7964821309,1534983.9058788866],[3085926.4568858892,1534995.1804626435],[3085960.9000584781,1535021.6695828885],[3085989.4075473845,1535043.5937516391],[3086030.2906677276,1535127.8386618942],[3086046.8240992278,1535161.9074914008],[3086013.9478526413,1535347.1813990623],[3086007.8313950598,1535381.651146397],[3086005.1237232983,1535396.9103022218],[3086003.0620476305,1535404.1717706472],[3085951.9666773826,1535584.13335298],[3085948.8823659718,1535594.9961921424],[3085946.6720685512,1535602.780625388],[3085944.0792259723,1535611.9128249735],[3085941.5011471361,1535615.071611315],[3085920.2367539704,1535641.1237245649],[3085864.7516287267,1535709.10160698],[3085593.4749403,1535980.8008667231],[3085590.8397749662,1535983.4402971417],[3085565.9005203843,1536008.4185936451],[3085557.0468635559,1536022.4884473979],[3085448.5424873829,1536194.9208453149],[3085447.4735918939,1536292.9219616503],[3085461.9450196326,1536307.7378768921],[3085524.8819016367,1536372.1727873981],[3085622.0637938827,1536432.1729954779],[3085621.0910267979,1536455.7339719832],[3085619.8443101346,1536485.9212475568],[3085618.7603228092,1536512.1738197207],[3085623.4161533862,1536533.7849969715],[3085727.3706698865,1537016.3040450662],[3085731.6610156447,1537036.2183753103],[3085732.8240710497,1537041.6169865578],[3085754.283673808,1537094.8691766411],[3085757.1114240587,1537101.8865510672],[3085764.4841127247,1537120.1821181476],[3085791.5772343874,1537187.4145952314],[3085811.7737163007,1537237.5326052308],[3085828.0788018107,1537277.9941384792],[3085825.120802477,1537292.0170763135],[3085813.7048148066,1537346.1399995536],[3085808.5105994642,1537370.7656064779],[3085807.4469532967,1537375.807919234],[3085787.6294076443,1537395.2521060556],[3085731.7794537246,1537450.049896732],[3085728.329985559,1537453.4340763092],[3085702.3178984672,1537464.408135727],[3085379.4448565543,1537600.6240706444],[3085362.8376063108,1537623.6168068051],[3085357.249362886,1537631.3536679745],[3085294.0785574764,1537718.8134668171],[3085302.5798528045,1537816.9392548054],[3085311.5804909766,1537874.2376966476],[3085315.0913107246,1537896.5877175629],[3085320.8757479638,1537933.4124470651],[3085331.0515806377,1537998.1911888868],[3085388.889391467,1538077.3170148879],[3085392.5147123039,1538080.2940430641],[3085485.8527802229,1538156.9425118119],[3085755.3279630542,1538360.9909882247],[3086300.9423573911,1538774.1341908127],[3086398.3424250484,1538814.4467742294],[3086574.2042780519,1538836.0087389797],[3086769.2074969709,1538897.1336167306],[3086828.3222081363,1538950.9714355618],[3086943.5870694667,1539055.9472754747],[3087002.0967949778,1539125.9110463113],[3087003.9717912227,1539128.153167814],[3087055.102594465,1539189.2941216379],[3087059.4654466361,1539194.5109747201],[3087137.6926523894,1539426.6903003901],[3087148.2894159704,1539458.1413529813],[3087182.9973518103,1539561.1545984],[3087192.1525172144,1539588.327444315],[3087444.6077209711,1539941.59117347],[3087495.2221210599,1540012.4164911509],[3087513.405811727,1540037.8609940559],[3087517.5075095594,1540043.6008119732],[3087572.3466387242,1540120.3378632218],[3087580.9217528105,1540132.3375111371],[3087594.6316991448,1540151.522184059],[3087616.1585589647,1540181.6448272318],[3087720.2971302271,1540264.6712359786],[3087790.7408869714,1540320.8335252255],[3087984.4721267968,1540499.6471439749],[3088004.2289770544,1540523.2596295625],[3088040.8217516392,1540566.9934659749],[3088100.3583779633,1540638.1481793076],[3088111.5578306317,1540793.3749029785],[3088117.3544069678,1540873.7133249789],[3088087.0890475512,1540944.3555721492],[3088016.965828225,1541108.0288012326],[3087956.990226388,1541225.0302076489],[3087916.62022838,1541343.1205226481],[3087929.3528144658,1541609.935933888],[3087932.5040548891,1541675.972875312],[3087935.9535230547,1541686.0004143119],[3087947.2139992267,1541718.7332884818],[3087990.5495424718,1541844.7044932246],[3088090.6100378931,1542135.5684128106],[3088217.0038139671,1542502.9807357341],[3088313.3274402171,1542641.357099399],[3088410.5090043843,1542701.2323077321],[3088566.3790994734,1542761.9825143069],[3088610.130652383,1542781.3509138972],[3088769.233024478,1542851.7845000625],[3088839.0012576431,1542882.6702650636],[3088875.3066312224,1542948.0224965662],[3088879.8010448068,1542956.1127034724],[3088915.76980488,1543020.8589650542],[3088953.1785227209,1543178.1729548872],[3088912.5473703891,1543315.0496496409],[3088884.5841717273,1543362.8904332221],[3088832.7981860489,1543451.4890093058],[3088812.5957986414,1543510.0522123873],[3088830.2473381311,1543644.4712348878],[3088836.7506059706,1543693.994101733],[3088848.7249914706,1543785.1802710593],[3088834.8414890468,1543818.8796787262],[3088810.3838607967,1543878.2457017303],[3088808.5308461338,1543882.743724227],[3088690.2883004695,1543959.8702103943],[3088608.6680568904,1543986.1441079825],[3088395.7468948066,1544054.684653312],[3088336.1134838909,1544075.6603331417],[3088240.9433986396,1544109.1356598884],[3088179.6751484722,1544130.6861417294],[3088128.5610774755,1544197.4894858152],[3088120.1365536302,1544208.4999624789],[3088121.2910788804,1544218.6702177227],[3088137.9826465547,1544365.6889525652],[3088176.0393289775,1544464.1900678873],[3088214.5326903015,1544523.5029413998],[3088262.1234743893,1544547.9858320653],[3088296.6926309764,1544565.7699172199],[3088331.285081476,1544583.5658133924],[3088585.4056362212,1544606.0024483055],[3088718.0366045535,1544640.8406332284],[3088897.5825053006,1544688.0022843033],[3088963.8281077147,1544738.9975891411],[3089052.8203838021,1544807.5030295551],[3089088.1529903114,1544819.7005117238],[3089111.2979571372,1544827.6906532198],[3089188.9168963879,1544887.5035257339],[3089199.9119531363,1544889.0048350543],[3089501.5225703865,1544930.1904482245],[3089526.5546725541,1544944.6736869812],[3089784.3966765553,1545093.855475232],[3089812.630543977,1545110.1910724789],[3089816.0622956306,1545128.4282407314],[3089816.6485805511,1545131.5443762243],[3089868.1196062267,1545405.0690916479],[3089899.0263685584,1545604.2783388942],[3089904.6861341447,1545640.7592370659],[3089887.0906968862,1545724.2528364807],[3089884.0464116335,1545738.6976894736],[3089869.3135014772,1545744.4194628149],[3089687.5451642275,1545815.0118413121],[3089489.1288943887,1545953.7933878899],[3089295.3943737149,1546089.3003347218],[3089270.7444886416,1546106.541441977],[3088997.4346678108,1546297.707070142],[3088978.2371996343,1546302.9567315578],[3088936.7966657281,1546314.2884018123],[3088921.6231396347,1546318.437671721],[3088860.0665042251,1546335.2703152299],[3088796.8363157213,1546327.5183622241],[3088684.1889032274,1546313.7083504796],[3088671.5701620579,1546317.3527001441],[3088490.8533318937,1546369.5438687205],[3088487.8982852995,1546370.3972134739],[3088430.3924947977,1546418.7087966502],[3088393.5310199708,1546449.6769105643],[3088377.309595719,1546463.3048360646],[3088349.6718557179,1546486.5239497274],[3088303.1345472187,1546562.3384306431],[3088289.8993374705,1546583.9000673145],[3088283.5033528805,1546625.5430286378],[3088274.0417576432,1546687.1465799809],[3088268.8383559734,1546721.0267615616],[3088289.8343769759,1546746.8508569002],[3088315.324811548,1546778.2025002241],[3088365.3880316317,1546839.7778363973],[3088475.4448981434,1546861.1071900576],[3088580.1645049751,1546881.4024250656],[3088759.2045012265,1546921.2904686481],[3088951.0295768827,1546964.0269317329],[3089007.5747393817,1546993.1682776362],[3089140.2158783078,1547061.5264086425],[3089268.4423278868,1547127.6089536399],[3089301.2706743032,1547144.527554974],[3089310.8520199656,1547160.523914054],[3089380.6054893881,1547276.9810302258],[3089425.3721321374,1547351.7216943949],[3089455.0180702209,1547401.2173303068],[3089461.382230714,1547425.676598981],[3089511.3499785513,1547617.7195219696],[3089578.6805525571,1547686.7226648033],[3089641.2102831304,1547750.8058699816],[3089646.7988546342,1547756.5332207233],[3089743.7776633054,1547836.0337179005],[3089759.7490880489,1547891.5946303904],[3089800.8917223066,1548033.9312879741],[3089816.4733840525,1548066.0526148081],[3089896.0194848031,1548230.0371949822],[3089934.0761672258,1548328.5383103043],[3090051.0388597995,1548369.1008932292],[3090225.8393632174,1548488.7889740616],[3090291.3326705545,1548511.4683906436],[3090459.749656558,1548569.7888120562],[3090464.2781908065,1548573.8527803123],[3090614.7769055516,1548708.9148461372],[3090650.7532115579,1548772.3284332305],[3090749.1644320488,1548945.7919970602],[3090825.0668393075,1549162.4188603908],[3090843.7790722251,1549241.1073513031],[3090783.8113443851,1549358.1087577343],[3090707.0631383061,1549566.3150342256],[3090682.9936326444,1549631.6121477336],[3090623.8923728913,1549688.8003535569],[3090592.6115955561,1549750.2218186408],[3090583.6585294753,1549767.8015078902],[3090584.4561000466,1549820.3020590544],[3090586.6230904758,1549832.670144558],[3090620.0140998065,1550023.2416138053],[3090677.6412811428,1550121.9300647229],[3090795.3116494715,1550182.4748911411],[3090950.2631112188,1550242.7428152263],[3090992.7679474652,1550267.0298401415],[3091125.2745722234,1550342.7432713956],[3091221.8163738847,1550461.5566820651],[3091238.0994777977,1550506.5723400563],[3091278.7880447209,1550619.0580074787],[3091292.4215476364,1550696.6254376471],[3091318.4792383015,1550844.8780938983],[3091322.398193717,1550867.1756214797],[3091334.0664774776,1550933.5613154769],[3091386.1746409684,1551114.8588531464],[3091390.6165612191,1551130.3132185638],[3091416.887177974,1551277.3178458065],[3091462.2463392168,1551531.1391885579],[3091464.3890514672,1551543.1299782246],[3091463.3201559633,1551641.2560943067],[3091284.033112973,1551933.3224393129],[3091204.4948862195,1552050.2615098953],[3091202.1307177246,1552265.9513672292],[3091278.6883073896,1552423.7650279701],[3091473.2623933107,1552524.0781475604],[3091659.6770467162,1552582.3913511485],[3091669.0169230551,1552585.832945317],[3091775.1243223846,1552692.4052387327],[3092353.8052516431,1553273.6212678999],[3092507.8200354725,1553428.3109191507],[3092636.0320493877,1553557.0846117288],[3092751.4888394773,1553734.8362247199],[3092749.817254886,1553887.7201053053],[3092749.7723074704,1553891.8378792256],[3092727.2211714685,1554166.2786033154],[3092662.8184131384,1554383.1830251366],[3092629.4812094718,1554495.4600315541],[3092605.3349322975,1554576.7833597213],[3092662.935538888,1554756.5480920672],[3092740.6007378846,1554998.9321217239],[3092753.6016961336,1555039.506515637],[3092775.6410221308,1555108.288530305],[3092849.6621995568,1555165.3290986419],[3092853.2599613816,1555168.1014028043],[3092872.9269168079,1555179.3385850638],[3093131.20428738,1555326.9134211391],[3093203.2901012152,1555368.1019870639],[3093228.129290387,1555419.3079213947],[3093268.1475830525,1555501.80611597],[3093394.6568444669,1555762.6054631472],[3093453.1344178021,1555782.8554226458],[3093468.4247415513,1555783.0263540596],[3093535.111944139,1555783.7717593908],[3093570.5262433887,1555784.1677559763],[3093740.1896179765,1555804.0154853165],[3093905.1594323814,1555823.3143312335],[3093941.8279942274,1555827.6040208042],[3093951.9680657983,1555859.2532357275],[3093998.5965814739,1556004.7932989746],[3093977.3174245507,1556161.3576183915],[3093976.1058128029,1556272.4945352226],[3093976.0677551329,1556275.9876384735],[3093975.8528605551,1556295.6923234761],[3093975.8190679699,1556298.7966479808],[3093980.1451748013,1556309.2247767299],[3094007.9567989707,1556376.2646688968],[3094033.0171163082,1556436.6726845652],[3094056.841871798,1556478.6781779826],[3094111.4375631362,1556574.9361875653],[3094167.4046428055,1556673.612499401],[3094248.7798081338,1556841.3014684767],[3094263.095724389,1556870.8017375618],[3094270.0153299719,1556927.5486713052],[3094289.9037416428,1557090.6523477286],[3094299.0142877251,1557165.3670933098],[3094225.6358255595,1557591.7891407311],[3094223.8159473091,1557602.3649069816],[3094194.5607564747,1557772.3740813881],[3094193.7024904639,1557850.8122447282],[3094181.4574362189,1557862.8204228133],[3094134.3666511327,1557909.0007766485],[3094055.670942381,1557947.3140202314],[3093937.0071377158,1558063.6907559782],[3093896.812992394,1558161.3168730587],[3093895.9543983042,1558239.8177003115],[3093896.9625983834,1558242.962707147],[3093941.6465641409,1558382.3328352273],[3093952.7233136445,1558416.8819787204],[3093945.103250131,1558448.0124938935],[3093924.0839352161,1558533.8833851367],[3093814.5834980607,1558588.6969238073],[3093802.3692836314,1558592.0893054754],[3093740.7483438849,1558609.2041006386],[3093735.3720422983,1558610.6972078979],[3093656.4735780507,1558668.63574031],[3093596.9271092266,1558746.3868971467],[3093593.4349902272,1558786.1899671406],[3093574.5711828023,1559001.2020043135],[3093573.2457261384,1559008.2781056464],[3093564.7962679714,1559053.3813618869],[3093550.9409807175,1559127.3418438882],[3093523.7970061302,1559272.2382076383],[3093515.6283873022,1559315.8427792341],[3093512.2468323857,1559333.8935961425],[3093521.8334273845,1559384.8993996382],[3093530.7484358102,1559432.3320475668],[3093568.8047901392,1559530.83283481],[3093668.3524913043,1559666.957234472],[3093684.487957716,1559689.0214948058],[3093916.9074403942,1559907.3980265558],[3093944.3814668059,1559964.0189763159],[3093974.3161182255,1560025.7114382237],[3094068.50129731,1560360.2147062272],[3094105.2781266421,1560576.4045625627],[3094084.6466062218,1560674.3430149704],[3094050.4754147232,1560749.1594664007],[3094004.4604148865,1560849.9076244831],[3093883.2142663002,1561201.661842227],[3093882.5922203064,1561259.5984061509],[3093882.4813281447,1561269.9356558174],[3093882.4304752201,1561274.6803969741],[3093882.3714202195,1561280.1629975587],[3093875.3845575601,1561287.0078001469],[3093865.6906792969,1561296.5048283935],[3093859.931832552,1561302.0897909701],[3093841.8564093858,1561319.6189553887],[3093790.2016570568,1561357.5473572314],[3093763.910699144,1561376.8517805636],[3093626.5346615613,1561414.540353477],[3093612.0353467166,1561414.3809049726],[3093274.3670587987,1561410.666673556],[3093215.2575969696,1561449.1672527343],[3093154.6264846325,1561625.0445256382],[3093164.3725281358,1561642.3322207332],[3093188.731731385,1561685.5414518863],[3093206.386223644,1561716.8576622307],[3093206.6211313009,1561775.6708648056],[3093148.1294503808,1561834.6717310548],[3092991.839736715,1561913.6732134819],[3092933.5124255568,1562011.7369937301],[3092718.6368710548,1562130.1767174751],[3092639.1311245561,1562162.3147765547],[3092620.9175783098,1562169.6772946417],[3092592.5882386416,1562212.6217625588],[3092581.9960682243,1562228.6781608909],[3092573.6988407224,1562256.043263644],[3092541.4889313877,1562362.2776312232],[3092504.7176794708,1562483.5562600642],[3092485.943766892,1562502.488636896],[3092465.7335054725,1562522.8695016503],[3092446.6462733001,1562580.9661702216],[3092446.8280314654,1562688.4213358909],[3092447.0330835581,1562738.4343592227],[3092473.3847368807,1562764.5812885612],[3092486.3387792259,1562777.4346093088],[3092525.5736088902,1562796.9345703125],[3092584.3871395588,1562816.3721954823],[3092623.7007092237,1562855.3724455535],[3092637.8771900535,1562876.4485188872],[3092663.0923627168,1562913.9353205562],[3092671.0306670517,1562919.8457418084],[3092685.9873300493,1562930.9815463126],[3092898.7221408039,1563089.3736179769],[3092918.7788592279,1563206.8750233948],[3092938.749291718,1563304.6884760559],[3092958.5546983033,1563363.3763508052],[3093037.1112997234,1563421.876561895],[3093135.2301979661,1563480.2517732233],[3093233.2706843019,1563519.06435965],[3093351.0463673919,1563596.9398600608],[3093360.7441826314,1563616.1661995649],[3093377.3757110536,1563649.1385745555],[3093385.7031222135,1563665.6473998129],[3093390.5167608857,1563675.1903597265],[3093386.3182784766,1563683.6821406484],[3093378.1562213004,1563700.1909658909],[3093371.1109597981,1563714.4409373999],[3093362.2920798063,1563727.7952414006],[3093339.0513126403,1563762.9880843908],[3093332.1894497275,1563773.3791397214],[3093254.2758916318,1563871.6932475567],[3093250.8415153027,1563878.632210061],[3093196.0269923806,1563989.3819885552],[3093179.4735478014,1564035.517066896],[3093118.5917797983,1564205.1971737295],[3093079.5997318029,1564244.447751388],[3093069.8966672271,1564249.3683452308],[3093049.5164586306,1564259.7032983154],[3093040.5292718858,1564264.2607038915],[3092962.2236542255,1564264.4483675659],[3092886.7100257277,1564245.96546489],[3092883.8320787251,1564245.2610699832],[3092878.0079433918,1564240.4425100535],[3092765.9779837281,1564147.7606088072],[3092706.718259722,1564168.1883894801],[3092676.9437129647,1564198.1581458151],[3092661.3590984643,1564213.8451223075],[3092648.8371418864,1564226.4494278133],[3092644.029736802,1564226.4697689712],[3092627.8470263928,1564226.5386664718],[3092582.0659499764,1564226.7338760644],[3092531.3751064688,1564226.9497548938],[3092465.6672326326,1564249.147545144],[3092414.0774407983,1564266.5756599009],[3092402.4347475469,1564272.4775509834],[3092376.095889464,1564285.8289022297],[3092336.0854708105,1564345.2644788921],[3092298.4418452978,1564717.5809914768],[3092338.2337604761,1564874.2076467276],[3092358.0470410585,1564932.8955214769],[3092397.2821988016,1564952.2708108127],[3092397.5958464742,1565030.7089741379],[3092378.660188809,1565187.4609572291],[3092396.4337753057,1565358.3126496375],[3092399.0305548906,1565383.2751981467],[3092438.7358560562,1565520.2765645534],[3092458.4710528105,1565559.4018143862],[3092497.7058824748,1565578.9021034837],[3092576.0820380598,1565598.214400813],[3092634.8171568066,1565597.9017373919],[3092674.0598604679,1565617.2766986489],[3092733.1007528901,1565695.4648624808],[3092831.8610540479,1565800.7779720575],[3092910.0032862276,1565871.2158233076],[3092949.6380494684,1565988.4669011384],[3092932.2630842179,1566188.730280146],[3092930.9300816357,1566204.0944226384],[3092957.2485985607,1566230.227244392],[3093058.9101406336,1566331.1712682247],[3093068.5272473842,1566340.7204617262],[3093074.488521561,1566343.0764281452],[3093166.575607717,1566379.4703842252],[3093245.7588483095,1566594.7222503126],[3093265.7998187244,1566712.2233276367],[3093284.9736648947,1566750.2052070647],[3093305.2702122182,1566790.4114914834],[3093403.3106985539,1566829.2240778953],[3093481.8590978831,1566887.724617064],[3093579.907458216,1566926.4745395631],[3093736.5889033824,1566945.4741734713],[3093815.0592188835,1566984.4117596447],[3093874.0292453021,1567042.9119707197],[3093952.7974604666,1567160.2253843993],[3094011.7753608823,1567218.7259235531],[3094129.5510439724,1567296.6010958999],[3094286.6399686337,1567413.4768463969],[3094371.5748381317,1567455.6102923155],[3094482.807555303,1567510.7893158048],[3094580.6912178099,1567510.413988471],[3094756.951035887,1567529.4136223942],[3094874.3346593827,1567509.2876783907],[3094913.5619431436,1567528.7253035605],[3094952.8833868057,1567567.7882175595],[3094953.045131892,1567608.1969293952],[3094953.1182944775,1567626.4760923088],[3094949.325651139,1567638.0416859835],[3094933.7909052968,1567685.4142946452],[3094894.8693952262,1567744.2901611477],[3094797.4562042207,1567862.2292297333],[3094794.9020754695,1567867.3922771364],[3094779.5146390498,1567898.4968737215],[3094763.7935418934,1567930.276009649],[3094706.2916883826,1568046.5136380643],[3094564.4524051398,1568333.235505566],[3094545.5092015564,1568489.9871605635],[3094526.1736102998,1568548.9253628999],[3094520.6723089665,1568551.6970108896],[3094497.3314763904,1568563.4565018117],[3094487.0956044644,1568568.6133156419],[3094428.3683597147,1568568.9259790629],[3094404.4976725578,1568557.079874143],[3094349.9062463045,1568529.9883928895],[3094286.214116469,1568514.3480042219],[3094271.5143427253,1568510.7384313941],[3094232.3657989651,1568510.8010953069],[3094173.7953780591,1568550.2393366396],[3094156.4066333026,1568564.2629306465],[3094076.225035131,1568628.9281556457],[3094056.7037487179,1568661.7860295624],[3094053.4642538875,1568667.2384464741],[3094033.6142279655,1568700.6497969776],[3094027.6322845519,1568710.7186744809],[3094017.8898499757,1568727.1169356406],[3093996.4656802267,1568836.6400105655],[3093992.7524330467,1568855.6219279766],[3093987.9604478925,1568880.1202385575],[3093972.8492576331,1568957.37074022],[3093960.3545319736,1569021.2452843934],[3093966.4640998095,1569062.8170516491],[3093980.4893342257,1569158.246650815],[3093941.4972862154,1569197.4972284734],[3093981.202587381,1569334.498594895],[3094036.5292483866,1569739.9400412291],[3094067.7883722186,1569822.4408604801],[3094099.1016298085,1569857.8161178082],[3094138.2816695571,1569850.0034693927],[3094150.2714749724,1569866.0638047308],[3094161.7511108071,1569881.4410705566],[3094189.1191662997,1569940.3166089803],[3094200.8002452999,1570011.0047878176],[3094191.6122715473,1570048.2648838907],[3094141.8029879779,1570250.2575901449],[3094137.3075901419,1570295.7342052311],[3094122.0320301354,1570450.2598148137],[3094129.7600330561,1570560.1359073967],[3094102.2377783805,1570654.2620314807],[3093874.9167107195,1570767.5141015649],[3093772.9720327258,1570869.3282023966],[3093541.5135061443,1571210.2704338878],[3093435.5619463921,1571402.2730026394],[3093400.1729095578,1571539.4620327204],[3093405.9228980541,1571618.2450116426],[3093415.6367893815,1571751.3392336369],[3093454.7321836352,1571837.7773809731],[3093472.0713877976,1571948.5048498064],[3093478.0940135568,1571986.9663870633],[3093447.8384966403,1572055.9764196426],[3093423.1262757182,1572112.3431048095],[3093336.8147685528,1572241.6571506411],[3093246.6587808877,1572308.1583299786],[3093191.7448487282,1572370.8468528986],[3093140.7531528026,1572441.3476961404],[3093123.1406552196,1572535.6434393078],[3093077.7493418008,1572778.663950637],[3093038.4846565574,1572872.6650749743],[3093030.4561292976,1573068.8549713045],[3092947.4690905511,1573292.2629890591],[3092940.0908244699,1573312.1264663935],[3092939.0993566364,1573314.7954243124],[3092936.9431929737,1573332.222226724],[3092928.2880265564,1573402.171233803],[3092975.2190350592,1573476.7970688045],[3093018.665470466,1573475.4453654736],[3093033.7313852161,1573474.9765343964],[3093057.5948545486,1573474.2340818048],[3093087.379243806,1573502.0201154798],[3093127.9401863068,1573539.859606728],[3093153.6927594692,1573694.985936895],[3093266.2355133891,1573889.3625166416],[3093373.8222404718,1573970.8728523105],[3093388.2457680553,1573981.8006519824],[3093417.502599299,1573981.8006519824],[3093478.8607442975,1573981.8003238887],[3093539.8251893073,1573981.7999958098],[3093699.9639766365,1573950.7984173894],[3093763.2066323012,1573938.5553316474],[3093769.0534053892,1573937.423444137],[3093874.5991260558,1573908.8372152299],[3093946.5153208077,1573889.3595638871],[3094032.5479571372,1573865.2556094825],[3094083.7112406343,1573850.9209924787],[3094100.6488708109,1573846.1710019708],[3094162.2826057971,1573853.1706598997],[3094178.7668247968,1573851.6083270609],[3094182.4899144769,1573852.7083904743],[3094294.041856721,1573885.6705949008],[3094334.7146756351,1573915.233199805],[3094347.5309229642,1573943.711161226],[3094367.9895434678,1573989.1713721454],[3094369.0548300594,1574010.498101145],[3094372.2306767255,1574063.6564593911],[3094438.2420276403,1574122.2974182218],[3094620.2754562199,1574254.4218259007],[3094667.4649943858,1574288.6733978093],[3094680.5125404745,1574314.5483460575],[3094864.4098104686,1574679.4888891429],[3094868.9275179654,1574684.1522656381],[3094919.8719698936,1574736.739430815],[3094922.0100889653,1574738.6682327241],[3095136.0175349712,1574931.740681231],[3095273.4496748,1575029.3034782261],[3095282.4470321387,1575055.8864303082],[3095293.2711574733,1575087.8663532287],[3095332.725474894,1575166.1795168072],[3095359.8389377147,1575242.0363204777],[3095418.1524693817,1575405.1839600652],[3095431.3597920537,1575442.1350016445],[3095437.54678756,1575459.4453344792],[3095438.9237533063,1575463.2973608971],[3095451.6609325558,1575498.9327883124],[3095469.4053196311,1575514.7798694819],[3095511.0463124663,1575551.9687714726],[3095577.244342804,1575611.0887319744],[3095648.1730067134,1575674.4337496459],[3095680.1834413856,1575716.740751639],[3095707.237193048,1575752.4965856373],[3095741.4251168072,1575769.4342158139],[3095825.5535574704,1575811.165759638],[3095864.1459999681,1575830.3094221503],[3096001.5860138088,1575927.7472193986],[3096099.6343741417,1575966.4971418977],[3096111.7045599669,1575962.9971488863],[3096236.4710427225,1575926.9339008033],[3096647.1532922238,1575846.8684441447],[3096705.253897801,1575838.330403477],[3097194.9697818905,1575766.3653243035],[3097353.6863279641,1575814.5965270549],[3097359.3001618832,1575816.302560389],[3097449.7701252997,1575843.8025053889],[3097791.4403737187,1576059.5533862263],[3097960.888525635,1576166.5538283885],[3098099.382999301,1576241.6790062338],[3098249.2298124731,1576359.3044271469],[3098346.8096698076,1576419.929633975],[3098408.6500973105,1576449.1205204725],[3098453.2645093948,1576470.1798615605],[3098505.0075161308,1576511.5551068932],[3098520.3890470564,1576529.3913573176],[3098570.0638164729,1576586.9929481447],[3098609.3245647252,1576642.5305667222],[3098624.5797835588,1576664.1102479696],[3098630.682789728,1576672.7434328049],[3098676.5199683905,1576730.368973732],[3098727.4011002183,1576798.4278927296],[3098741.5290247202,1576817.3254927248],[3098743.7242303044,1576820.2618385553],[3098858.3765600473,1576973.6207838058],[3099023.9661238939,1577139.9340994805],[3099044.0261231363,1577155.9855765551],[3099111.7202134728,1577210.1524629742],[3099127.4603394717,1577222.7472540587],[3099223.5634937137,1577280.372466892],[3099328.3542946428,1577327.7473721504],[3099510.3880513012,1577400.8722258955],[3099568.0526341349,1577406.8095499724],[3099659.718133226,1577431.9344997257],[3099680.1842996329,1577448.4203591496],[3099712.9457170516,1577474.8097420633],[3099767.6500039697,1577533.9349518865],[3099815.8766135573,1577552.3561748862],[3099832.1629983038,1577558.5772910565],[3099839.5140334666,1577561.3850282282],[3099848.9713636339,1577564.9975538105],[3099853.3860529661,1577566.2692048103],[3099936.1913335472,1577590.1225035638],[3100046.5585668832,1577613.7605796456],[3100132.873354882,1577632.2470912337],[3100314.7666918933,1577701.1842893064],[3100331.6492040604,1577710.6353859007],[3100426.7451424748,1577763.8721560538],[3100529.43653813,1577838.4681354761],[3100700.0940052271,1577962.4354072213],[3100854.4017674774,1578102.748774901],[3100910.3872198015,1578140.1863640547],[3101056.2957206368,1578221.8741928041],[3101085.1322771311,1578231.5615094006],[3101131.8359238803,1578240.7488269806],[3101253.5013629645,1578258.8111268133],[3101295.5875648856,1578268.436107561],[3101330.3929414749,1578291.6860610545],[3101345.0008518845,1578302.2503443956],[3101362.4214207232,1578314.8490724713],[3101375.1595842242,1578324.0613243878],[3101413.3402821422,1578377.249210149],[3101436.0364309698,1578427.2494382262],[3101446.091528967,1578465.625017643],[3101447.0695453882,1578573.4384503067],[3101456.1643434763,1578626.1890009791],[3101471.9618840516,1578685.3145388961],[3101480.7053048909,1578702.8663410544],[3101511.695400387,1578765.0775027275],[3101523.4785133004,1578788.7316548973],[3101530.2763999701,1578802.3779530674],[3101561.4807338864,1578852.190845564],[3101600.9189752191,1578892.3787573129],[3101659.3965485543,1578930.378681317],[3101746.6010985523,1578971.5039271414],[3101809.3519573063,1578997.0662119836],[3101894.1188481301,1579023.9411582202],[3101968.1508523077,1579038.3784653097],[3102115.3559384644,1579083.315711394],[3102220.2868309766,1579115.8783103079],[3102270.0692117214,1579151.8159024715],[3102314.6793587208,1579187.0034961402],[3102347.7035708874,1579229.0664041489],[3102376.4154557139,1579287.2542798966],[3102395.4246040583,1579360.8801168948],[3102406.3396084756,1579423.1306485534],[3102446.0219438076,1579605.3199167252],[3102494.4847733825,1579719.0083376467],[3102600.8254399747,1579900.4384209812],[3102626.3637747169,1579944.0098561496],[3102657.8338561356,1580007.698048979],[3102693.4049792141,1580064.7609269768],[3102741.6729273051,1580198.0119728148],[3102780.0022469759,1580275.1378028095],[3102873.8803400546,1580424.4514805675],[3102912.83433038,1580468.2017211467],[3102953.4677793086,1580508.7019682229],[3102977.8276387155,1580527.5769304782],[3102999.8594188094,1580536.2645771503],[3103024.7970329672,1580541.514566645],[3103051.4770977199,1580535.7015861422],[3103085.40681988,1580524.3889447302],[3103309.7200195491,1580431.4494980574],[3103361.2202446312,1580413.9492049813],[3103402.5833508819,1580404.3084762245],[3103422.36119847,1580399.6985773146],[3103539.1122772992,1580399.3232499808],[3103591.0035777241,1580408.8229028881],[3103638.1918035597,1580441.9481647313],[3103680.255695805,1580507.3236901462],[3103698.6158953011,1580553.8239252269],[3103708.8192869723,1580579.0742028058],[3103734.258212477,1580676.3876564801],[3103767.2830808014,1580769.0757913142],[3103787.4401927143,1580817.8263499737],[3103813.4489989728,1580875.6392264813],[3103841.6451368034,1580921.2021274716],[3103891.3733838052,1581001.9526221454],[3103924.2023863941,1581057.4531673044],[3103951.3204423934,1581111.953714475],[3103998.4939044714,1581205.8918468058],[3104077.09742181,1581304.3299701363],[3104152.2006180584,1581366.3305023164],[3104245.2256944776,1581421.0803928077],[3104283.9759450555,1581432.643033728],[3104319.6720678806,1581453.9556551427],[3104378.9777235538,1581493.0182410628],[3104414.6580983847,1581522.2058467269],[3104485.2143877149,1581602.518678233],[3104531.0361464769,1581685.2694969773],[3104566.2952623069,1581754.7073502243],[3104645.6103923917,1581913.5213370621],[3104672.0637515485,1581958.1482163072],[3104708.2218157202,1582019.1471100599],[3104749.0822983086,1582087.2726299763],[3104777.9657707214,1582114.7102391422],[3104781.6143854707,1582126.1478803158],[3105035.6355309635,1582380.336676389],[3105269.0924131423,1582528.9623633921],[3105514.7451370507,1582688.9003637284],[3105568.2617623061,1582725.2165640593],[3105652.9046376348,1582782.6550974697],[3105668.7399078012,1582793.4008108974],[3105722.9599437267,1582841.9633778036],[3105776.5343116373,1582896.4950928986],[3105845.2749878019,1582966.4641130567],[3105933.4572261423,1583012.9748468101],[3106083.6928180605,1583092.2145177275],[3106216.0777238905,1583163.1520399004],[3106256.0031689703,1583193.7415456474],[3106294.0634603053,1583222.902248472],[3106310.130685389,1583271.8152083904],[3106316.7671550512,1583292.0179238915],[3106332.2917302996,1583339.2783280611],[3106293.8551273942,1583418.6541535556],[3106242.4552958012,1583490.1917401403],[3106065.8181818873,1583736.0334400535],[3105958.6783042997,1583885.3481020629],[3105914.7732083946,1584007.1621629],[3105910.331288144,1584033.5656533986],[3105902.8867492229,1584077.8198299706],[3105898.6338049769,1584103.1006193161],[3105876.4563558847,1584287.6652108133],[3105870.2066964656,1584332.5404491425],[3105806.5221125484,1584582.4808941483],[3105787.2367180586,1584633.2166850567],[3105720.258505553,1584809.4210570604],[3105644.244221881,1584968.235700056],[3105597.7997609675,1585063.6744855642],[3105591.7722139657,1585171.8789935559],[3105579.5724352151,1585398.5734220594],[3105584.9477525502,1585418.8000876456],[3105586.1324614733,1585423.2580839843],[3105598.1990383863,1585468.6641611457],[3105600.4441126436,1585477.1116508096],[3105604.4050627202,1585492.0158204734],[3105610.6104308814,1585515.3664955646],[3105655.7760229707,1585686.7985673994],[3105657.7537093014,1585694.3054421395],[3105688.8888176382,1585843.6817838103],[3105706.2982316315,1585918.0467925668],[3105712.8119981438,1585945.8702277243],[3105746.8670481443,1585998.6424318999],[3105790.0096783936,1586065.4963008165],[3105869.1597825587,1586143.9967999756],[3105907.8017656356,1586222.8722983897],[3105922.6281795502,1586280.8488884717],[3105947.2806892991,1586377.2486300617],[3105946.6222260594,1586414.0418635607],[3105945.8676343858,1586456.1871204823],[3105926.1419520527,1586555.563234061],[3105925.3926097155,1586688.0678903162],[3105925.1599986404,1586729.1898553073],[3105934.4155575484,1586755.5838313997],[3106022.6486487985,1587007.1922520548],[3106022.2303425521,1587091.4132122248],[3106022.1443847269,1587108.7294505537],[3106022.064004302,1587124.8809930533],[3106147.6323227137,1587443.8409850597],[3106177.1017519683,1587518.6968064755],[3106184.1128928065,1587681.1275839806],[3106184.2992441356,1587685.4484414756],[3106191.7913551331,1587834.2188132256],[3106194.6768480539,1587891.512989983],[3106155.6391964704,1588027.1396872252],[3106170.3976971358,1588065.1399393082],[3106188.9219383001,1588111.4528388083],[3106209.127278477,1588120.8524263054],[3106351.080406636,1588186.8903519809],[3106360.4088000506,1588206.2748276442],[3106373.9399409741,1588234.3928816468],[3106407.3394804746,1588303.7982546389],[3106427.3952146322,1588323.4540552199],[3106388.4435208887,1588460.0180865675],[3106380.6794288009,1588470.5695746392],[3106367.7864099741,1588488.0915212333],[3106286.1133449674,1588599.087034151],[3106259.6878728867,1588634.9996919781],[3106240.2246572226,1588661.4507545531],[3106230.515359059,1588674.6459381431],[3106229.5435762256,1588679.4989468157],[3106210.8132987171,1588773.0220537335],[3106249.1350724697,1588852.085215807],[3106329.3396364748,1588913.7104206383],[3106405.091125384,1588990.2109238058],[3106410.402466476,1589028.9316468984],[3106412.0527256429,1589040.9614784718],[3106419.5221988857,1589095.1493622214],[3106424.31976147,1589127.8996248096],[3106418.5645236373,1589182.5642136484],[3106404.7636982203,1589313.6518779695],[3106403.6186873913,1589324.5268562287],[3106396.2085972279,1589348.6796950549],[3106362.3205416352,1589459.1338704824],[3106335.8845708817,1589545.298724398],[3106286.3023209721,1589706.9063408077],[3106268.3876586407,1589763.2362806499],[3106218.5485194772,1589919.9462690651],[3106176.4600209743,1590052.2868836373],[3106163.798628971,1590092.098155722],[3106160.600472644,1590168.5297613889],[3106153.9968113005,1590326.350639984],[3106145.6083766371,1590503.5399181396],[3106130.542461887,1590566.4823775589],[3106065.002566725,1590840.2938378155],[3105959.3170825541,1591069.6093240529],[3105945.4319397211,1591094.3359806389],[3105828.5456905514,1591302.4871391505],[3105751.1629713029,1591366.4256595671],[3105558.0088300556,1591515.1697846502],[3105440.0700895488,1591605.9921095669],[3105436.2108453065,1591614.2624342293],[3105411.8673900515,1591666.4303088933],[3105409.8680502176,1591723.806178391],[3105358.5249770582,1591806.3696615547],[3105348.3583307266,1591823.9765817225],[3105291.0730122179,1591923.1837323904],[3105282.2091848105,1591943.973060891],[3105255.151824221,1592007.4345481396],[3105181.1762503833,1592122.4986224771],[3105085.8322809637,1592166.8745179772],[3104995.4177636355,1592186.6251346469],[3104827.9509069771,1592244.8950312287],[3104735.6745167226,1592277.0025785565],[3104531.3304372281,1592361.8793773055],[3104484.0257418007,1592391.3799744695],[3104419.688272059,1592444.2109055668],[3104299.2213213891,1592543.1322956383],[3104270.6400137246,1592562.6309443116],[3104147.6209028065,1592646.5563014001],[3104089.9586165547,1592685.8941492289],[3104064.8700840473,1592703.0099286437],[3103978.7298363894,1592785.9487391412],[3103949.741377309,1592824.1629015654],[3103900.167985633,1592889.5128364712],[3103843.8252505511,1592996.0142638981],[3103788.2948497981,1593089.1403899789],[3103730.5853195488,1593238.3920599818],[3103701.7346554697,1593317.4555501491],[3103672.8767735511,1593456.7072401494],[3103665.3544788808,1593554.5833567232],[3103667.8633321375,1593618.5212209821],[3103674.7402868867,1593654.1277770549],[3103689.1930138916,1593728.9599764794],[3103740.6331997216,1593900.8362731487],[3103768.2358348072,1593973.5871118903],[3103776.9326678067,1594075.9628913999],[3103773.8473721445,1594145.2137371451],[3103736.9353724718,1594312.9030343145],[3103672.2261843085,1594493.0302987248],[3103643.8689575493,1594676.094893232],[3103638.5730363876,1594750.4707287252],[3103626.6455668062,1594916.5350291431],[3103622.6931468844,1594986.9105445594],[3103635.9286847264,1595069.9113628119],[3103657.0966213942,1595118.3791136444],[3103675.6723716408,1595160.9121650606],[3103726.8848676383,1595255.350296393],[3103738.6122063845,1595299.4758643061],[3103742.745728299,1595360.3513987213],[3103737.4261851311,1595412.9769496471],[3103714.0299064666,1595487.0686649829],[3103693.2845411301,1595533.1955412328],[3103690.7399268001,1595538.8533383161],[3103682.1769518107,1595557.7200984806],[3103668.1569667161,1595588.6111128032],[3103646.9985444695,1595635.2297859788],[3103541.0699505508,1595774.856475234],[3103512.6326714754,1595811.1070588976],[3103352.6110098809,1596046.54786098],[3103223.8862017244,1596257.0507208109],[3103108.4737028927,1596440.3029789776],[3103094.5655942261,1596492.6768899709],[3103089.8182283938,1596510.553822726],[3103077.7486987263,1596579.6796687245],[3103088.7181649655,1596626.8675664812],[3103104.0862444639,1596667.4928133041],[3103147.9778889716,1596722.3056958169],[3103198.4633523077,1596795.8688688874],[3103311.4893729687,1596906.681967482],[3103489.2813402265,1597036.1823646426],[3103590.2437367141,1597095.4325742275],[3103694.4951686412,1597133.8698333055],[3103844.8403403908,1597157.9944569767],[3104004.9748626351,1597216.6190116405],[3104090.0389969647,1597279.6818776429],[3104192.6972562224,1597379.3699984699],[3104318.8252848089,1597534.8083359003],[3104494.8144341409,1597798.8101044744],[3104708.6017362177,1598168.3753102273],[3104739.1269376427,1598230.5060914755],[3104792.3702694774,1598338.8766096383],[3104827.997166723,1598456.5653506368],[3104860.3038606346,1598603.1916978061],[3104865.275635466,1598832.6315276474],[3104890.9566864669,1598927.8823213875],[3104945.6376794726,1598994.5075162202],[3105014.3891823888,1599057.9453814775],[3105124.5703924745,1599131.6955620646],[3105252.9786002189,1599206.2584050596],[3105325.8783888072,1599259.2586271465],[3105349.3786698878,1599275.460694477],[3105614.6077982187,1599458.3195807338],[3105715.2362058908,1599527.696738556],[3105877.0354229659,1599625.7595345676],[3105966.427304551,1599682.634748891],[3106189.8999547213,1599845.1977439821],[3106302.3160684705,1599948.1355302334],[3106361.9110936373,1600014.4483897239],[3106471.6162548065,1600114.6988453865],[3106592.1576803923,1600220.3242903054],[3106819.060113728,1600441.9731252342],[3106825.1152197272,1600447.8881396502],[3106906.3821175545,1600508.8256818056],[3106960.4220357239,1600525.2551108897],[3106968.6720192134,1600527.7633079737],[3107025.5629815608,1600529.1379771382],[3107068.9070549756,1600518.3250066489],[3107106.8285670578,1600483.0744209737],[3107305.6943110526,1600252.2586096376],[3107380.2561698109,1600168.3824650645],[3107423.7403348088,1600106.2566050589],[3107479.6618108898,1600047.2557388097],[3107505.4370218068,1600024.8453505635],[3107544.916601643,1599990.5189756453],[3107551.1147519648,1599985.1298788041],[3107583.5228236318,1599981.622996062],[3107666.0607163012,1599972.6915834695],[3107721.9753026366,1599988.1915524751],[3107815.172294721,1600069.0043829829],[3107923.9089538902,1600180.8174795657],[3107976.7221684754,1600221.1923988163],[3108160.0137966424,1600305.0675591379],[3108386.7987761348,1600485.2555189729],[3108476.8875067234,1600656.1318176389],[3108520.3824984729,1600861.1337042302],[3108501.7427719682,1600938.8221971393],[3108480.0006894767,1600963.6974754781],[3108414.7583658844,1600988.5107460618],[3108312.2421667278,1600994.7610616386],[3108212.8270112276,1600976.0740911365],[3108014.0045742244,1600920.199530974],[3107911.4883750528,1600920.1998590529],[3107877.3165273815,1600935.7001561373],[3107849.3556253016,1600963.7007563114],[3107827.6138708889,1601019.5763007253],[3107818.3028658926,1601119.0150782317],[3107849.3602184653,1601327.1419585645],[3107836.9396396428,1601426.5804079771],[3107832.4931262136,1601436.5862934738],[3107799.6667483002,1601510.4565525651],[3107799.6683887243,1601625.3952990621],[3107815.1926358938,1601687.520830974],[3107852.4753697217,1601777.5839710534],[3107930.1412248909,1601867.7094469815],[3108048.1898733079,1601964.02224648],[3108131.2615575492,1602003.4598316401],[3108143.7224906385,1602007.897158727],[3108209.8716365546,1602031.4597756416],[3108303.0915944725,1602061.8343868107],[3108427.6894423813,1602104.9593005627],[3108446.2254945487,1602111.3749701381],[3108450.9836871326,1602113.0216203928],[3108496.1607621312,1602119.8359112293],[3108499.0934990495,1602120.2781675607],[3108503.0117983073,1602120.869045645],[3108519.4550068825,1602123.349355638],[3108554.570750311,1602128.6462610662],[3108638.4462387264,1602128.6459329724],[3108688.1574253887,1602125.5206111372],[3108762.7045203894,1602106.8949922323],[3108824.8448160589,1602041.6441384703],[3108849.6951600611,1601932.9553794712],[3108849.6941758096,1601836.641923815],[3108893.1852305532,1601724.7655071467],[3108967.7467612177,1601606.7641027272],[3109141.6991692185,1601454.5117825568],[3109424.4026720524,1601333.3840720654],[3109613.9114793837,1601289.8825186491],[3109787.8734018058,1601286.7568687201],[3109919.4768131375,1601298.0763998926],[3109968.0702198893,1601302.2558534741],[3110064.7485042214,1601323.7020048052],[3110158.2771885544,1601344.4496667236],[3110205.8617390543,1601355.0054198951],[3110493.8414780498,1601447.1299075633],[3110852.2990944684,1601596.0046098083],[3110903.9485974759,1601653.6921584755],[3110953.4639183879,1601679.7783923894],[3111019.3797970563,1601714.5047008991],[3111207.7173468918,1601744.8793120533],[3111234.6093534678,1601744.1155340672],[3111341.2456231415,1601741.0866687298],[3111401.5601350516,1601739.3734175563],[3111423.3986740559,1601738.7530119717],[3111575.2907587141,1601775.2526108921],[3111722.4426953942,1601768.5547896475],[3111775.7919981331,1601766.1266448945],[3111795.2778515518,1601761.1837413907],[3111918.9357407242,1601729.8163500577],[3111979.3161973804,1601714.5001077205],[3112140.3171877265,1601696.2491599768],[3112148.1173689663,1601696.6382668167],[3112261.841550976,1601702.3108276427],[3112359.0378788859,1601717.4981332272],[3112404.073549971,1601736.789433226],[3112444.1013570577,1601753.9353963137],[3112544.3449229747,1601820.8105906397],[3112626.3700213879,1601908.8737347275],[3112673.3745205551,1601931.6968518049],[3112732.6916591376,1601960.4986314774],[3112809.2026609778,1601977.9943313897],[3112839.0132968873,1601984.810918808],[3112870.8472227156,1601983.5891364813],[3112996.9752513021,1601978.7476107329],[3113120.6393740475,1601941.9350203127],[3113139.7489158809,1601936.2463833988],[3113181.7898423076,1601923.7857783884],[3113221.7805759758,1601911.9331118166],[3113331.1255016327,1601930.120411396],[3113424.6978210509,1601957.9550013989],[3113443.5327571332,1601963.5576804727],[3113780.7259803861,1602239.9961039722],[3113903.1584783047,1602366.6395514756],[3113956.9169009775,1602422.2470518053],[3114142.2246012241,1602555.9351046383],[3114440.3627844751,1602744.4455543905],[3114577.6449902207,1602831.2478742301],[3114621.1449032277,1602855.8948065639],[3114679.3495112211,1602888.8730870634],[3114762.1702117175,1602923.4665218145],[3114772.569469139,1602927.8103451431],[3114645.7705101371,1603182.547040388],[3114604.6124559641,1603285.8178312331],[3114580.6909158826,1603481.9759034812],[3114569.9773546308,1604477.0145958066],[3114735.9159991443,1604778.4080218971],[3114887.2838066369,1605086.5189542323],[3114892.6774966419,1605165.0906474739],[3113058.9747992158,1607709.493367061],[3112922.3759910613,1608007.9980193973],[3109685.3880424649,1614076.7837820649],[3108669.0764268041,1616012.4403438121],[3108462.5889788866,1616533.2608244717],[3107993.2250882238,1617717.0921182334],[3107314.7021670491,1619424.243887648],[3107117.8652903885,1619907.9574871361],[3107104.0001606345,1620382.1248458922],[3106925.3368040472,1620377.5346319824],[3104540.0000393093,1620316.2499776483],[3104548.4147206396,1618157.6371688992],[3104550.2500188053,1617686.8749870658],[3104044.3530647159,1617686.8749870658],[3101909.0000519753,1617686.8749870658],[3101914.2431517243,1615732.524565056],[3101916.0000379682,1615077.6249562204],[3099383.2498541325,1615098.1249152273],[3099320.6630370468,1617728.2298912257],[3099291.7500371337,1618943.2500989735],[3098519.4848493934,1618969.9301637262],[3097974.9934843034,1618988.7411497235],[3097967.5000609756,1618989.0000074804],[3097972.1647498012,1619228.7186881453],[3097994.2500074655,1620363.6248828918],[3097950.6460920572,1620363.7981108874],[3096670.7500298023,1620368.8748723865],[3094700.0170946419,1620375.2613425553],[3094051.7391917259,1620377.3620601445],[3094047.7500264645,1620377.3748553991],[3094020.2500814646,1621728.5001058877],[3094007.8531246334,1622330.5868282318],[3093990.5044060498,1623173.1779908091],[3093990.1969919652,1623188.1133283973],[3093989.5290143043,1623220.5545364767],[3093988.4250138849,1623274.1784449816],[3093965.2498633862,1624399.7500127256],[3093936.4999208897,1625776.2498843968],[3093918.5947729647,1627249.7784333974],[3093916.0554079711,1627458.7704694718],[3093911.0600111336,1627869.8775868863],[3093906.331017971,1628259.0677533895],[3093905.8169113845,1628301.3747553974],[3093904.4999848902,1628409.749866724],[3093878.6424250603,1628410.5707312226],[3093493.7242316306,1628422.7895388156],[3093408.2106231302,1628425.5041003078],[3092547.3176598847,1628452.8321296424],[3091340.9998625517,1628491.1283129007],[3091303.770934388,1628492.3120375574],[3090102.2500434667,1628530.6249530613],[3088865.9998913109,1628569.9998743087],[3087466.750065133,1628563.8748865575],[3086146.7500804663,1628558.2498978078],[3084061.4999858886,1628511.6249910593],[3083549.50002563,1628500.1250140667],[3082609.7499366403,1628466.8750805557],[3082236.2500274777,1628453.7501068115],[3082051.7500683814,1628447.2501198053],[3082016.5001388937,1628446.0001223087],[3081976.9405067265,1628496.8126847297],[3081919.6804506332,1628570.514637053],[3081917.0712038875,1628573.9926484823],[3081889.7389094681,1628615.1572643071],[3081871.3514790535,1628642.9813556373],[3081853.2501372993,1628670.8750006407],[3081836.3331763893,1628699.4444973171],[3081819.5953489691,1628728.0766578913],[3081802.9999097139,1628756.8751567304],[3081787.5717909634,1628786.416764304],[3081772.3953121305,1628816.0791065544],[3081746.0000237226,1628868.6249332279],[3081730.1188218892,1628902.2501940578],[3081726.634248808,1628909.5700613111],[3081724.9003283828,1628913.2022718936],[3081723.3124050498,1628916.6609263867],[3081721.092265144,1628921.3000247329],[3081718.9039493054,1628925.8295432329],[3081716.3760672212,1628931.1914091408],[3081713.7340121418,1628936.6175794005],[3081712.0000917166,1628940.2501180619],[3081710.2500952184,1628943.7501110584],[3081708.0000997186,1628948.2501020581],[3081705.4000393003,1628953.5748945624],[3081702.6835093051,1628958.9669441432],[3081699.9669793099,1628964.3583375663],[3081698.6500528008,1628967.0751956403],[3081695.9502550513,1628972.4127833992],[3081694.1251274645,1628976.0000465661],[3081692.2566928864,1628979.7283855677],[3081689.2501372248,1628985.7500270605],[3081687.6064397246,1628988.7742992342],[3081684.9532297999,1628993.7247486413],[3081682.1172774732,1628999.0531500578],[3081680.7773851305,1629001.629260391],[3081677.4545571357,1629007.8395498097],[3081675.0191945583,1629012.2499740571],[3081672.6704459637,1629016.6961593926],[3081669.8695985526,1629021.91858989],[3081667.9214397222,1629025.4467980564],[3081665.6077960581,1629029.7870124727],[3081662.1635772139,1629036.0675117224],[3081659.8499335498,1629040.4077261388],[3081657.9017747194,1629043.9359343052],[3081654.6137235612,1629050.0402528048],[3081652.6655647159,1629053.5684609711],[3081650.2305302173,1629057.9788852334],[3081645.9687277228,1629065.8473078161],[3081643.5333651304,1629070.2574039698],[3081642.0724100471,1629072.9033960551],[3081639.6721523851,1629077.2075213045],[3081637.334558636,1629081.4414367229],[3081510.7498380542,1629308.3750379831],[3081473.7499120533,1629396.8748609722],[3081442.7499740571,1629504.2499743104],[3081411.0000375509,1629693.3749241382],[3081390.5000785589,1629784.0000709742],[3081360.0001395494,1629878.8748812228],[3081309.9999114722,1630011.9999430627],[3081258.500014469,1630144.1250068992],[3081217.0000974685,1630280.8750614822],[3081192.7501459718,1630381.1248609722],[3081160.2498828918,1630481.8749875575],[3081134.4999343902,1630543.7498638034],[3081058.2500868887,1630707.9998633862],[3081011.4998522997,1630801.0000054836],[3080972.249930799,1630910.0001155585],[3080946.4999822974,1631040.9998535663],[3080932.916348055,1631079.7697891444],[3080910.5000542998,1631143.7499761432],[3080894.5220678896,1631173.8529343158],[3080867.9935776442,1631211.5201818049],[3080788.0819920599,1631334.3483482301],[3080735.3921367973,1631424.8652275652],[3080716.250114724,1631457.7500043064],[3080713.6421803087,1631461.8379226476],[3080662.4998941422,1631542.0001638979],[3080665.8017248064,1631544.307902053],[3080686.9998451322,1631559.1251296401],[3080579.2500606328,1631713.2501494735],[3080518.7498535514,1631810.749954477],[3080499.2498925477,1631865.7498444766],[3080422.7500455528,1632208.2501437217],[3080410.5000700504,1632251.625056982],[3080387.3091715574,1632304.7364993095],[3080385.5339126438,1632308.5432502329],[3080279.000004977,1632511.99986431],[3080219.2501244694,1632619.12497814],[3080107.5000198931,1632802.2499399781],[3080066.5001018941,1632875.8751208037],[3080048.0001388937,1632937.2499980628],[3080020.2498663068,1633071.000058651],[3079995.7499153018,1633178.6248433888],[3079896.0001147985,1633510.2498363107],[3079881.5001438111,1633558.0000688881],[3079842.2498942167,1633597.499989897],[3079808.2499622256,1633625.2499343902],[3079798.7178290486,1633630.6206585616],[3079759.0000607222,1633652.9998788983],[3079723.0001327246,1633662.4998598993],[3079699.79283005,1633648.3273160607],[3079655.249940142,1633621.1249426454],[3079652.2499461323,1633557.3750701398],[3079649.2499521375,1633496.4998638034],[3079645.2499601394,1633427.7500013113],[3079640.7499691397,1633329.3748699725],[3079643.4999636412,1633150.2499001473],[3079639.4999716431,1633089.5000216365],[3079621.0000086427,1633017.3748378158],[3079593.2500641346,1632958.1249563098],[3079563.5001236349,1632923.2500260621],[3079369.2498559654,1632764.250015974],[3079256.5000814646,1632642.9999303967],[3079235.8892303109,1632621.7017446458],[3079222.7501489669,1632608.125000149],[3079170.8181662261,1632533.8515266478],[3078861.499887228,1632183.3748653978],[3078847.3099549711,1632167.3995036483],[3078787.1470175534,1632099.6663713902],[3078748.2501137257,1632055.8751203865],[3078707.1307733804,1632001.1974082291],[3078699.5422058851,1631991.1065491438],[3078643.9999941438,1631917.2500695586],[3078630.6991677135,1631890.6507133096],[3078569.0001441389,1631767.6250407249],[3078545.3705982268,1631701.581537649],[3078534.5746880472,1631671.407385394],[3078499.4999550581,1631573.3751011491],[3078476.9061682224,1631469.6482744813],[3078458.2500375509,1631384.000151813],[3078462.7500285506,1631216.0001597255],[3078256.0001139641,1631215.3751609772],[3077946.7500763088,1631214.6251624823],[3077859.4999227226,1631214.375162974],[3077528.9999275506,1631213.6248364002],[3076872.7499277145,1631211.9998396486],[3076450.0001170486,1631210.9998416454],[3075770.7501632273,1631209.3748448938],[3074782.9998421371,1631206.6248503923],[3074463.2501535565,1631205.4998526424],[3074449.4614672214,1631200.1327373981],[3074406.2758580595,1631183.3762092292],[3074278.7498663813,1631134.2499951422],[3074254.96218431,1631123.5400428176],[3074223.6312102228,1631109.4340998977],[3074182.1362144649,1631198.8213883042],[3074179.5000648946,1631204.4998546392],[3074161.2501013875,1631233.1251254827],[3074149.5001248866,1631245.5001007318],[3074136.7501503825,1631255.7500802279],[3074086.9999217987,1631281.5000287294],[3073828.7501102239,1631406.2501073033],[3073704.4636133909,1631436.8530644774],[3073697.8041778803,1631438.4928249717],[3073629.7498520613,1631455.2500093132],[3073639.7993726432,1631548.9050057232],[3073647.7501441389,1631623.0000018924],[3073648.2501431406,1631785.2500054836],[3073642.250155136,1631855.7498644739],[3073628.4998545498,1631948.7500065565],[3073608.4998945594,1632040.5001511425],[3073588.2499350607,1632112.6250068992],[3073516.7500780523,1632358.1248439699],[3073408.999965474,1632722.6250992268],[3073327.5001284778,1632989.9998925626],[3073148.2501588911,1633538.7501073927],[3073118.9998892993,1633673.7498373985],[3073111.9999033064,1633807.74989748],[3073122.9998812973,1633942.6249558032],[3073142.2498428077,1634047.1250748932],[3073174.5001063943,1634164.999839142],[3073228.9999973923,1634294.1249089837],[3073370.0000434667,1634538.8750756383],[3073472.2498389781,1634683.750113979],[3073520.6096503884,1634743.32282947],[3073751.4999366403,1635027.7500821501],[3074046.0000037998,1635260.1249454767],[3074498.2500835508,1635606.624908641],[3074680.250047639,1635770.9999079704],[3074884.0308080614,1635945.6419471502],[3075079.7499048114,1636113.37487939],[3075485.0000785589,1636461.8748385608],[3075611.500153631,1636604.2498818934],[3075869.4999657273,1636835.0000765622],[3075994.2500443012,1636951.8748428077],[3076857.7499577254,1637599.9998589009],[3077580.5001526326,1638109.1251529753],[3078138.5000208914,1638500.8750256449],[3078253.0001199692,1638598.3751587272],[3078372.9998799711,1638757.4998404831],[3078442.500069052,1638849.8749838173],[3078496.4999610484,1638977.0000576377],[3078536.9998800606,1639098.1251434833],[3078550.9998520613,1639171.8749959767],[3078555.9998420477,1639342.9999818057],[3078502.7499485612,1639583.1251577288],[3078503.2499475479,1639683.4999569803],[3078482.7499885559,1639815.8750203103],[3078420.7501125485,1639980.500019148],[3078358.7499084771,1640083.0001422316],[3078245.5001349747,1640255.8751245588],[3078162.6417048872,1640557.6881692261],[3078090.2501173913,1640821.3749778122],[3078090.0385036319,1640827.0862524807],[3078079.5001388937,1641111.6250534803],[3077927.7501143068,1641716.2501565665],[3077853.499934718,1641819.1249508113],[3077323.7500099689,1642615.8749977201],[3076749.7498456389,1643487.3748951405],[3076612.2501206398,1643752.0000220537],[3076489.2500385493,1643907.0000401437],[3076429.5001580566,1644006.8748403937],[3076384.4999199659,1644104.7499727309],[3076351.499985978,1644216.2500778139],[3076328.0000329763,1644331.6248470545],[3076214.4805749655,1644584.2762446404],[3076176.750007391,1644668.2501580566],[3076124.7501113862,1645034.2500822246],[3076090.499851808,1645374.125058651],[3076065.249902308,1645618.4998979717],[3075883.499937728,1646043.1250329763],[3075753.749869138,1646182.6250820607],[3075650.5000756383,1646310.2501548976],[3075528.9999905527,1646487.7501279712],[3075408.7499029636,1646662.7501060665],[3075398.7499229759,1646808.2501431406],[3075392.9999344647,1646932.4998946488],[3074864.2500077188,1646815.1251293868],[3074545.2499895543,1646839.2500811368],[3074495.7500885576,1646946.9998656362],[3074160.4597486407,1646972.8564412296],[3073849.0000697225,1646996.8750939816],[3073849.69298172,1646972.5959430635],[3073852.0000637174,1646891.7499761432],[3073432.455299139,1646923.5711067319],[3073342.7500979751,1646930.3748988956],[3072761.7371523827,1646966.7514665574],[3070676.2915201336,1646975.0519748926],[3070233.4357785583,1646976.8147666454],[3070061.2500993013,1646977.5001327246],[3070153.9976172149,1645622.1245626509],[3070154.8040460497,1645610.3260298073],[3069419.7500699759,1645573.2499884814],[3069149.2499548048,1645385.6250356436],[3068728.2501406372,1645106.6249374747],[3068283.2500463873,1644948.3749258965],[3068016.7499232143,1645410.9999848902],[3067740.2501481324,1645560.7500134706],[3067679.3001388013,1645566.7093191445],[3066513.563625142,1645567.8205373883],[3066316.4652660489,1645569.6620691419],[3066307.8186298013,1645117.2302312255],[3066293.2566510588,1644355.3019650578],[3066105.4857011437,1644355.3328048885]]]},"properties":{"OBJECTID":7,"Articulation Area":"Conifer","Shape_Length":562860.54203789402,"Shape_Area":9503555771.9279156}},{"type":"Feature","id":8,"geometry":{"type":"MultiPolygon","coordinates":[[[[3109889.8761505485,1647210.0400219709],[3109889.8098777235,1647199.2529700547],[3109862.788606301,1642811.5993438065],[3110184.8076473027,1642807.0957438946],[3110216.3851760449,1642805.4423785044],[3110247.7307695178,1642801.279722095],[3110278.6453475938,1642794.6342122632],[3110308.9325675829,1642785.5480555457],[3110338.4000712312,1642774.07895936],[3110366.8607064141,1642760.2997654958],[3110394.1337157665,1642744.2979874876],[3110420.0458846963,1642726.1752548045],[3110444.4326414946,1642706.0466673865],[3110467.1391025507,1642684.0400646306],[3110488.0210560425,1642660.2952134639],[3110506.9458778426,1642634.9629206664],[3110523.7933738343,1642608.204075075],[3110538.4565432779,1642580.1886257583],[3110550.8422583905,1642551.0945026453],[3110560.8718558103,1642521.1064864695],[3110684.7252826393,1642199.0874454826],[3110702.5920323948,1642168.8067432048],[3110722.4340551677,1642139.7819984248],[3110744.1634022393,1642112.1418617915],[3110767.6837594258,1642086.0088467514],[3110792.8908739858,1642061.4987865144],[3110819.6730167144,1642038.7203206285],[3110847.9114771783,1642017.7744134413],[3110877.4810898919,1641998.7539065804],[3110908.2507891073,1641981.7431074388],[3110940.0841897577,1641966.8174154854],[3110972.8401919752,1641954.0429880619],[3111005.4623375307,1641943.7403408608],[3111038.6871560626,1641935.5880188898],[3111072.3730693352,1641929.6207609798],[3111106.3765342883,1641925.8639949251],[3111140.5526547027,1641924.3337291293],[3111174.7557986379,1641925.0364843905],[3111184.3154907972,1641925.3012476414],[3111513.5402260572,1641927.0656798035],[3111839.2502045482,1641928.8314243108],[3112100.7467288077,1641929.6982204765],[3112441.5042493939,1641930.8278113902],[3112472.159699887,1641930.9295172244],[3112502.0041283816,1641931.0282703042],[3115148.6363023072,1641939.8005624712],[3115149.7386623025,1641946.9639339745],[3115146.308879137,1643654.1544172317],[3115144.4292897135,1644589.7519554794],[3115144.1468099654,1644730.3359918892],[3115142.7924819738,1645404.4294599742],[3115142.1248323917,1645736.794608891],[3115141.5050829649,1646045.2506848872],[3115139.297082141,1647144.3426468074],[3115139.1504288912,1647217.3379076421],[3115139.1405863911,1647222.2073204815],[3115139.1205732971,1647232.2430615574],[3115128.8331923038,1647232.1994264722],[3109889.8761505485,1647210.0400219709]]],[[[3115139.1205732971,1647232.2430615574],[3115241.7493050545,1647233.2007368058],[3117460.3547759652,1647253.9004985541],[3117784.4997969717,1647256.9247707278],[3119522.1698780507,1647273.1376648098],[3120429.0000853837,1647281.624852553],[3120436.1001368016,1647281.6717684716],[3124820.5057380497,1647310.5496634841],[3125432.7466395497,1647303.173365891],[3125622.0740168095,1647293.3380837291],[3125649.1753405482,1647290.9187972248],[3125762.7171082199,1647280.7829907238],[3125762.7404021323,1647291.2501613945],[3125762.8237352967,1647328.7205588967],[3125763.4297052175,1647637.1749944836],[3125765.7499105483,1648818.0000606477],[3125765.7705798,1648828.1519432217],[3125765.951025635,1648916.4998636395],[3125767.170183301,1649512.8211775571],[3125767.2049601376,1649529.8329545557],[3125767.9818614721,1649909.9585066438],[3125767.9999060482,1649918.8751554787],[3125768.3007584661,1650009.7332414836],[3125768.7446552217,1650143.8126977235],[3125768.9605340511,1650209.0881577283],[3125772.8269961327,1651377.2764381468],[3125772.9998960495,1651429.5000869781],[3125699.0000440478,1651426.3895289004],[3125573.7499664724,1651421.125103727],[3125314.2501573861,1651501.1249437332],[3125050.2500292212,1651527.6248907298],[3124793.7498860508,1651408.0001299828],[3124783.6331083924,1651371.6744152308],[3124753.7499660552,1651264.3750891387],[3124814.9896729738,1651211.7137771398],[3125004.5001207143,1651048.7498642206],[3124975.571372807,1651017.3476960659],[3124973.2393564731,1651014.8165331483],[3124953.0491081327,1650992.8995822221],[3124899.2500031441,1650934.5000927299],[3124852.3121048808,1650883.3929114789],[3124847.9085703939,1650878.5983016491],[3124823.250155136,1650851.7499301434],[3124794.413270548,1650786.3035387248],[3124779.2499150485,1650768.0000976473],[3124762.1216684729,1650727.8095612228],[3124514.0135688931,1650145.6397938132],[3124494.1468107253,1650099.0237453133],[3124493.1353297979,1650024.3851150572],[3124492.000161469,1649940.6251119822],[3124496.4348638803,1649153.6801635623],[3124497.5001504719,1648964.6250954717],[3124479.0969720483,1648965.7546864003],[3124218.5000523031,1648981.7500612289],[3124190.8737952262,1648981.1240782291],[3123761.802802965,1648971.4006724805],[3123529.0001189709,1648966.1250924766],[3123216.7500873059,1648966.8750909716],[3123098.4999957234,1648967.1250904799],[3122917.2500301301,1648967.3750899732],[3122864.6343217194,1648967.2625573874],[3122780.6003690511,1648967.0824396461],[3122683.7498409748,1648966.8750909716],[3122226.7500988096,1648960.8751029819],[3121834.3726027161,1648956.9823942333],[3121785.7499965578,1648956.5001117289],[3121704.5526523888,1648961.5975424796],[3121684.7498704642,1648961.6251014769],[3121379.6586171389,1648958.2471554726],[3121334.7499143034,1648957.7501092255],[3121163.9940222204,1648956.1221597195],[3120568.738979131,1648950.4476303905],[3120444.7763005495,1648949.2658742219],[3120430.0000833869,1648949.1251264811],[3120342.7499298006,1648949.1251264811],[3119296.9610108882,1648945.4259869009],[3118752.50015755,1648943.5001377314],[3118184.5275402218,1648934.786900565],[3117791.0001120567,1648928.749839142],[3117548.4999408871,1648936.6251514703],[3117127.1405473948,1648932.5920230597],[3116836.9984111339,1648929.8151257336],[3115604.4998918921,1648920.4998556376],[3115398.4999758005,1648925.4998456389],[3115342.8445753008,1648925.8466297239],[3115261.93955338,1648926.3505657315],[3115238.0045618862,1648926.7009587288],[3115153.0506635606,1648928.4424250573],[3115145.0214801431,1648929.3121739775],[3115139.1205732971,1647232.2430615574]]],[[[3109889.8761505485,1647210.0400219709],[3109864.5815817267,1651866.3866803944],[3109861.2495673895,1652479.775217399],[3109761.2500954717,1652479.3749557287],[3109572.2501453906,1652478.7499569803],[3109372.614389807,1652478.0498271435],[3109109.0000876337,1652477.1249602288],[3108890.5956688076,1652476.3884131461],[3108657.2096526325,1652475.6010131389],[3108552.571738556,1652475.2483235598],[3108512.8769360483,1652475.1144655645],[3108182.4999721348,1652473.9999664724],[3107885.8703160584,1652472.9947191477],[3107322.0689502209,1652471.0839618146],[3107223.4999216348,1652470.7499729842],[3106858.0022930503,1652468.9471550584],[3106336.5000552237,1652466.3749817312],[3105937.7180443853,1652464.5298410654],[3105904.249935478,1652464.3749857247],[3105632.2501513809,1652462.9999884814],[3105275.2492249757,1652461.5423142314],[3104600.6544455588,1652458.0679117292],[3104587.4999442995,1652457.9999984801],[3104341.3875756413,1652455.9832702279],[3104143.9998470545,1652454.3658193946],[3104132.7459325492,1652454.2736279815],[3103791.2492402196,1652451.4750771374],[3103545.4994036406,1652449.4613016397],[3102944.7486366332,1652444.5384112298],[3102651.4975827187,1652442.1355288923],[3102359.7501347214,1652439.7447856367],[3102316.9513358027,1652439.3940645605],[3102059.974487558,1652437.2884257287],[3101925.4973943084,1652436.1863938123],[3101476.4979642183,1652432.5069392323],[3101228.7491158843,1652430.476759553],[3101068.4987802207,1652429.1634419709],[3100596.4987399727,1652425.2956675589],[3099642.9268282205,1652417.6733074784],[3099295.4458958805,1652415.4735087305],[3099264.4958265573,1652415.2776429802],[3099247.623813048,1652415.1706878096],[3098528.3516295552,1652410.6172192246],[3098139.5410554707,1652408.1559380591],[3098088.2488352209,1652407.8311355561],[3097716.9992496371,1652405.4807465672],[3097712.1744561344,1652405.4502348155],[3097693.6830233037,1652405.3331090659],[3097656.3609194756,1652405.0968890637],[3098108.9220222235,1651722.2662337273],[3098151.812568394,1651661.4116451505],[3098192.9646623936,1651599.3682324374],[3098232.3453735276,1651536.1856439163],[3098269.923188596,1651471.9144395061],[3098305.6680371109,1651406.6060502569],[3098339.5513153584,1651340.3127371941],[3098371.5459092902,1651273.0875494978],[3098401.6262162188,1651204.9842820524],[3098429.7681653053,1651136.0574323982],[3098463.1743966355,1651046.1025163827],[3098494.28169611,1650955.3269738262],[3098523.0699338326,1650863.7895466399],[3098549.5204805988,1650771.5494697602],[3098573.6162199522,1650678.6664328154],[3098595.3415592583,1650585.2005415016],[3098614.6824397971,1650491.2122786865],[3098631.6263458594,1650396.7624652702],[3098646.1623128466,1650301.9122208278],[3098658.2809343641,1650206.7229240579],[3098667.9743683115,1650111.2561730638],[3098675.2363419542,1650015.5737454931],[3098680.0621559843,1649919.7375585593],[3098682.4486875618,1649823.8096289763],[3098682.3943923344,1649727.8520328254],[3098679.8993054363,1649631.9268653854],[3098674.9650414684,1649536.09620095],[3098667.5947934496,1649440.4220526591],[3098657.7933307537,1649344.9663323693],[3098645.5669960212,1649249.7908105894],[3098630.9237010563,1649154.9570765093],[3098613.8729217048,1649060.5264981431],[3098594.4256917262,1648966.5601826189],[3098572.5945956483,1648873.1189366346],[3098548.3937606285,1648780.2632271098],[3098521.8388473094,1648688.0531420559],[3097957.3865641356,1647124.9627643079],[3097691.0527792275,1646355.1447501481],[3097664.6588357673,1646258.9444722407],[3097640.7441177829,1646162.0980991309],[3097619.3243999747,1646064.6695129264],[3097600.4138112846,1645966.7229797759],[3097584.0248255739,1645868.3231074782],[3097570.1682533966,1645769.534802865],[3097558.8532348685,1645670.4232289873],[3097550.0872336379,1645571.0537621314],[3097543.8760319608,1645471.4919486961],[3097540.223726891,1645371.8034619561],[3097539.1327275718,1645272.0540587434],[3097540.6037536529,1645172.3095360713],[3097544.6358348108,1645072.635687734],[3097551.2263113917,1644973.0982609075],[3097560.3708361648,1644873.7629127805],[3097572.0633771899,1644774.6951672465],[3097586.2962217969,1644675.960371682],[3097603.0599816721,1644577.6236538412],[3097622.3435990512,1644479.7498788983],[3097642.814588618,1644382.6788830827],[3097665.4381651809,1644286.0868884558],[3097690.2031499255,1644190.0216232813],[3097717.097305919,1644094.530555553],[3097746.1073441585,1643999.660869542],[3097777.2189301355,1643905.4594424802],[3097810.4166909195,1643811.9728213982],[3097845.684222756,1643719.247200124],[3097883.0040991688,1643627.32839646],[3097922.3578795725,1643536.2618295413],[3097963.7261183858,1643446.0924973935],[3098500.4547037184,1642441.1542185545],[3098905.8557958007,1641470.475385651],[3099242.7386522144,1640539.7656328976],[3099408.8728343844,1640080.2448983938],[3099511.1026168019,1639797.4816843867],[3099623.2493741363,1639488.0374213904],[3099704.6957335472,1639263.3046031445],[3101948.7499724776,1639253.0001618117],[3102935.9999664724,1639248.9998417199],[3104575.5009525567,1639264.1579478979],[3104616.1222623885,1639264.5336033106],[3104632.7409697529,1639293.0142332809],[3104651.3764652405,1639320.2180202578],[3104671.9310960253,1639346.0024122668],[3104694.2971527204,1639370.2322951779],[3104718.3574337922,1639392.780700725],[3104743.9858597135,1639413.5294718393],[3104771.0481336415,1639432.3698818088],[3105473.3787499666,1639969.4459073991],[3105499.8744004304,1640011.0682021573],[3105524.1626250907,1640054.0160432823],[3105546.1772787753,1640098.1724690613],[3105565.8584080269,1640143.4172263911],[3105583.1524143741,1640189.6270982681],[3105598.0122003029,1640236.6762393506],[3105610.3972975151,1640284.4365186784],[3105620.2739771404,1640332.7778686185],[3105627.6153415903,1640381.5686390824],[3105632.4013978094,1640430.6759560555],[3105634.5905116103,1640475.8767639918],[3105634.6122790277,1640521.1305459719],[3105632.4666501032,1640566.3334389529],[3105628.1585493209,1640611.3816966882],[3105621.6978643062,1640656.1719278381],[3105613.0994231333,1640700.6013332666],[3105602.3829602906,1640744.5679419767],[3105589.5730713904,1640787.970845148],[3106086.5553451329,1640849.927414149],[3106360.0446275473,1640938.2641797215],[3106734.8565419763,1641359.6527726501],[3107218.8765712976,1641552.2718099803],[3107730.1317823827,1641539.3614027202],[3108543.3480037153,1641453.803174898],[3108541.0054887235,1641912.5014044791],[3108540.9634940475,1641920.7103775591],[3108540.7499118,1641962.4999921471],[3108541.2085722983,1642547.1769723892],[3108541.4766163826,1642902.8065104783],[3108541.9687413871,1643555.8547450602],[3108116.4256292135,1643555.8701649755],[3107982.0531945527,1643555.875086233],[3107223.4746592194,1643555.9164247215],[3107224.9585801363,1643863.7931055576],[3107228.2499121428,1644546.6250732243],[3107229.8338984698,1644902.9675363898],[3107229.957913965,1644930.8884123117],[3107230.4956425577,1645051.8448633105],[3107230.8466917276,1645130.7784324735],[3107231.0149984658,1645168.6399053037],[3107228.5766831338,1645703.3776809722],[3107227.7194013894,1645891.3759926409],[3107221.8099643886,1647187.3665108979],[3107221.7892951369,1647191.8871711493],[3109889.8761505485,1647210.0400219709]]],[[[3125284.4697051346,1652565.1664508134],[3125648.6769819707,1652569.8498403877],[3125773.7820467204,1652571.4587610662],[3125776.9998880476,1652571.5000995547],[3125777.2298744768,1652619.2148991376],[3125778.2210142165,1652825.0698023885],[3125780.5924005508,1653317.7062843144],[3125781.0730426311,1653417.499719888],[3125783.2498755604,1653846.8748454005],[3125116.4998967201,1653201.8751511425],[3125115.9998977184,1652563.0001165569],[3125284.4697051346,1652565.1664508134]]],[[[3118140.3530878872,1654773.9550122321],[3118129.0000922233,1654812.7498821467],[3118099.2501517236,1654912.1250114739],[3118061.3082984686,1655035.3550799787],[3118040.2499416322,1655103.7499563098],[3118020.3356113881,1655104.4861753136],[3118016.3041233867,1655104.6351251453],[3117893.3926237971,1655109.1780950576],[3117870.7043489665,1655110.0166760534],[3117834.8156412244,1655111.3431169838],[3117795.7225435525,1655112.7387834787],[3117297.5040518045,1655107.2233745605],[3117254.7498722225,1655106.7499503046],[3117254.6248724759,1654712.2500831485],[3117303.5358638912,1654712.2500831485],[3117426.1494638026,1654712.2500831485],[3117579.1442365497,1654712.2500831485],[3117776.6254688948,1654712.2500831485],[3117791.7501105517,1654712.2500831485],[3117791.7369872183,1654708.5332270563],[3117791.6418430507,1654681.585446313],[3117789.4610731304,1654063.4446222335],[3117789.1687508821,1653980.5514153093],[3117788.3964427263,1653761.6266563088],[3117788.32492055,1653741.3389672339],[3117788.000118047,1653649.24991256],[3117269.8856687248,1653648.5527354777],[3117230.4999207258,1653648.499914065],[3117230.8650774658,1653669.9411441386],[3117232.0097602159,1653743.480367139],[3117237.4999067187,1654088.8750175536],[3117214.6603854746,1654088.8523798138],[3116752.6458895504,1654088.3970001489],[3116730.4999364763,1654088.3750185668],[3116730.4106978029,1654076.0108700544],[3116729.4999384731,1653949.9999672323],[3116728.7676564753,1653814.8991875648],[3116728.2492848039,1653719.2501006424],[3116726.999943465,1653486.4999099821],[3116725.9930557162,1653334.5405682325],[3116725.499946475,1653260.1250346452],[3116725.2499469668,1653194.7498373091],[3116325.0922827274,1653181.6990103871],[3116301.4348497242,1653180.9273583889],[3116226.9999592155,1653178.4998698086],[3116226.9956941307,1653181.6822781414],[3116226.79851605,1653331.5727263987],[3116226.1233205497,1653558.7491093129],[3116145.2041910589,1653558.5450414717],[3115946.8272912204,1653558.0443863124],[3115602.0897917151,1653557.174965471],[3115487.373813808,1653556.8855959773],[3115384.0000047982,1653556.6250978112],[3115350.0000728071,1653489.7499034703],[3115158.7501272261,1653485.7499114722],[3115158.0001287162,1653111.6250035614],[3115157.7248668075,1652943.9327536374],[3115157.5729642212,1652851.5129909813],[3115157.0001307279,1652502.7499089837],[3115156.9394353032,1652484.6623467207],[3115155.1786120534,1651959.2847885638],[3115155.1579428017,1651953.1017300636],[3115153.7166727185,1651523.022865817],[3115153.6100456417,1651491.2430737317],[3115152.0723190606,1651032.4300149828],[3115151.8774375468,1650974.3212073147],[3115150.0674018115,1650434.2127074748],[3115150.0001447201,1650414.1251492202],[3115397.9484677166,1650420.419427976],[3115539.0000228882,1650424.0001294762],[3116218.749975726,1650425.8751257211],[3116438.1999961436,1650426.4820798934],[3116589.9378816336,1650426.9020265639],[3116620.0040944666,1650426.9853597283],[3116737.4152769744,1650427.3101622313],[3117000.8091071397,1650428.0388353169],[3117031.9999896437,1650428.1251212209],[3117797.500099048,1650430.2501169741],[3117868.4412301332,1650430.5237384737],[3118290.9958312213,1650432.1543126404],[3118334.0616899729,1650432.3203228116],[3118370.8552515507,1650432.4623828977],[3118642.2930288911,1650433.5096248984],[3118655.8031724691,1650433.5617901385],[3118722.1524492204,1650433.8176951408],[3118980.7877587229,1650434.8157246411],[3119118.3622867167,1650435.3465634733],[3119492.8943460584,1650436.7917705625],[3119579.2501444668,1650437.1251032203],[3119642.6574979722,1650437.3609951437],[3119856.8762296438,1650438.1579095572],[3119915.2501286417,1650438.3751007318],[3120054.7498496324,1650439.5000984818],[3120102.7595961392,1650439.1677500606],[3120333.4369563013,1650437.5699842274],[3120433.7500758916,1650436.875103727],[3120493.6702316403,1650439.5863844007],[3120814.9999695569,1650454.1250692308],[3121349.9634665549,1650456.5030172318],[3121686.7498664707,1650458.0000614822],[3121765.4390135556,1650458.6116088033],[3121946.3973130584,1650460.0181020647],[3122169.249885723,1650461.750053972],[3122181.625189051,1650461.8337152302],[3122348.6353537142,1650462.9633061439],[3122496.7134696394,1650463.9649445564],[3122520.4998393804,1650464.1250492334],[3122519.7003003061,1650655.7539310604],[3122518.8072574735,1650869.7338180542],[3122518.4998433888,1650943.3750749826],[3122529.1392578036,1650944.4613588899],[3122566.2500759661,1650948.2500652224],[3122533.6372803003,1650977.3894426376],[3122449.1561500579,1651052.8728874773],[3122370.2501398921,1651123.3750430644],[3122143.7499367148,1651285.125047639],[3121599.9987276345,1651513.7374513149],[3121099.0000577271,1651724.3751533926],[3120814.4543669671,1651835.2906139791],[3120442.2500588894,1651980.3749694824],[3120124.0000392199,1652114.6250290573],[3119800.0712251365,1652310.3562648892],[3119583.3915403932,1652441.2831683904],[3119485.8868141323,1652500.1997172236],[3119434.5001058877,1652531.2498519719],[3119739.5001520514,1652533.2498479784],[3119603.8340848088,1652627.0603558868],[3119354.9999368042,1652799.1249723881],[3119133.5000517219,1653175.1248765588],[3119088.2501422167,1653244.7500653863],[3119035.3243950605,1653318.6272142231],[3118532.6160828918,1654020.3397215605],[3118247.9998542219,1654417.6250162274],[3118201.3772440553,1654569.806798473],[3118172.7500047237,1654663.2498530596],[3118140.3530878872,1654773.9550122321]]],[[[3112510.7587040514,1657779.9752468914],[3112468.4366102219,1657779.6337121427],[3111890.8770698011,1657774.9719760567],[3111603.6420799643,1657772.6537392288],[3111245.7841998935,1657769.7652935535],[3110682.0048156381,1657765.214777723],[3110350.6652552187,1657762.5402423888],[3110069.5349119753,1657760.2374254763],[3109878.061213553,1657758.6691871434],[3109865.5779708028,1657759.614395231],[3109865.5458186418,1657738.6383873075],[3109865.4831547141,1657663.9659644812],[3109865.2452943027,1657379.9471755624],[3109864.7505446374,1656649.255395472],[3109864.7456233799,1656643.7501571476],[3109864.5507418811,1656476.4092844725],[3109864.5185897201,1656448.6977257282],[3109864.4998889714,1656432.6249232292],[3109875.5323472172,1656433.3814833909],[3109964.7500165552,1656439.4999094754],[3110410.2300967276,1656442.4930137247],[3111257.7103571445,1656448.1875561476],[3111262.6804915518,1656448.2210206389],[3111907.651642561,1656452.5543453097],[3112438.7060266435,1656456.1225796491],[3112476.2499148101,1656456.3748757243],[3112504.1068144739,1656455.82205531],[3112507.749851808,1656455.749876976],[3112537.7501198947,1656455.8748767227],[3112589.2811848074,1656456.0359656364],[3112782.6387377232,1656456.6402951479],[3112857.3095201403,1656456.8735623956],[3112937.7499760538,1656457.1248742342],[3112937.7499760538,1656481.3751538098],[3112937.2499770522,1656561.2499940544],[3112936.7499780506,1656633.3748498112],[3112926.2499990612,1656703.8750368953],[3112925.999999553,1656774.3748959005],[3112935.2499810606,1656892.624987483],[3112910.009545967,1656885.7148963064],[3112897.0000575483,1656882.1250084788],[3112857.4670001417,1656885.7076784819],[3112810.7499019653,1656936.8748989701],[3112740.7500419766,1656983.7501333058],[3112682.2501589656,1657022.3750560582],[3112606.4999823868,1657092.7499153167],[3112542.0001113862,1657182.0000648946],[3112533.2501288801,1657185.125058651],[3112525.6517188847,1657212.4383242279],[3112523.8502133042,1657218.7598338872],[3112512.9998413026,1657246.6249356419],[3112513.2498408109,1657280.1248686463],[3112514.2498387992,1657420.999914974],[3112512.7498418093,1657632.1251488924],[3112510.7587040514,1657779.9752468914]]],[[[3125786.2656175494,1654482.124887228],[3125786.2813655585,1654485.5123476386],[3125787.9496693015,1654842.8197038919],[3125789.6947445571,1655216.5003869832],[3125789.7597050518,1655242.8631951362],[3125789.8095737249,1655374.1792054772],[3125789.9293241352,1655691.103440389],[3125790.015938133,1655919.6282458156],[3125790.1940873861,1656390.2854409814],[3125790.2150847167,1656445.3630867302],[3125790.2265676409,1656475.505742982],[3125790.2377224714,1656504.7090966403],[3125790.2816856354,1656621.318771556],[3125790.3210556358,1656725.8280769736],[3125790.4660684764,1657109.8269808888],[3125790.5861469656,1657427.0156509727],[3125790.7498605549,1657860.2500207275],[3125758.2499255538,1657860.0000212342],[3125427.4999308884,1657857.500026226],[3124650.7498439699,1657851.7500377297],[3124249.5127855539,1657848.8596235663],[3124164.7501598001,1657848.2500447333],[3124140.8548663855,1657671.1959368885],[3123968.4998961389,1656394.1250002235],[3124038.8183250576,1656270.4664548934],[3124099.9999612272,1656162.8751346469],[3124243.5679155588,1655948.4943298101],[3124340.2501368821,1655804.1248678863],[3124711.750050053,1655265.7499603927],[3124740.999991551,1655229.7500323951],[3124776.9999195486,1655196.1250996441],[3125779.6800007969,1654425.4826120585],[3125785.999870047,1654420.6250102222],[3125786.2656175494,1654482.124887228]]]]},"properties":{"OBJECTID":8,"Articulation Area":"Dakota Ridge","Shape_Length":147978.31561312015,"Shape_Area":205588976.56879857}},{"type":"Feature","id":9,"geometry":{"type":"Polygon","coordinates":[[[3030165.687174052,1691778.5876957327],[3028761.5157698095,1691795.6670578867],[3028733.5063113868,1691796.0076083988],[3028731.3783628941,1691637.7316782326],[3028726.2110503912,1691253.3836936504],[3028725.7517337203,1691219.232187137],[3028724.9909084737,1691162.6322347224],[3028721.2501023114,1690884.374917224],[3028720.8875702173,1690772.7091300637],[3028718.2425623834,1689957.6448153108],[3028714.4400765598,1688786.0001769811],[3028713.9840407223,1688645.4525578171],[3028712.2501202971,1688111.1248863041],[3028711.2068153024,1687781.3722649813],[3028709.3301786333,1687188.3271912336],[3028708.0001288056,1686767.9999478906],[3028706.9108921438,1686415.1804435551],[3028706.1231640577,1686160.0497202277],[3028705.717653051,1686028.7192742229],[3028705.434845224,1685937.1334993988],[3028703.6084053069,1685345.5985932201],[3028702.750139311,1685067.6250678152],[3028701.7120836377,1684757.7182073146],[3028701.490955472,1684691.7508195639],[3028700.6901040524,1684452.7191453874],[3028699.4250147194,1684075.1723283082],[3028698.750147298,1683873.7501589805],[3028698.5418143868,1683807.3218141496],[3028697.543128714,1683488.9120178968],[3028695.7501533031,1682917.3751032203],[3028695.5080278069,1682596.0420844704],[3028695.2321097255,1682229.4243793935],[3028695.1120312214,1682069.9345408976],[3028694.7685279697,1681613.8665553927],[3028694.7501552999,1681589.6251340657],[3028694.4896571338,1681234.6452009827],[3028694.2501562983,1680908.6248556376],[3028693.7501572967,1680231.8748968095],[3028693.7157085538,1680189.0859403908],[3028693.616955474,1680066.2594143897],[3028692.7501593083,1678986.5000909716],[3028692.5001598001,1678521.8750359714],[3028692.3259475529,1678308.8505276442],[3028691.9076413065,1677797.3049628139],[3028691.7501613051,1677604.4999022335],[3028691.5001617968,1677454.8748733997],[3028691.4834295511,1677433.2613995671],[3028690.7501633018,1676487.749839142],[3028690.2498362213,1675748.5000053048],[3028690.0792328864,1675519.119230479],[3028689.7498372197,1675075.6250387281],[3028689.9840887189,1675040.2343614697],[3028691.5490462184,1674803.9802408069],[3028692.0001607984,1674735.8750620633],[3028698.750147298,1673649.2499387264],[3028706.5001318008,1672404.1251323968],[3028709.7645609677,1671871.4067096412],[3028711.4840457141,1671590.7999873906],[3028714.7501153052,1671057.874872148],[3028719.5703156441,1670287.1703768075],[3028722.6241153032,1669798.8557366431],[3028723.0000988096,1669738.749885723],[3028725.8695156425,1669271.437500149],[3028727.322268635,1669034.8103487343],[3028734.2264543027,1667910.3073484004],[3028738.5000678003,1667214.2500134706],[3028749.0705847144,1665515.9768352211],[3028754.7500353009,1664603.4999856502],[3028763.4645847976,1663180.6596554816],[3028770.7500033081,1661991.1249610633],[3028770.3658177257,1661862.0018597245],[3028681.125510633,1631860.144868806],[3028678.833520472,1631089.61950697],[3028677.7803729773,1630735.5309763104],[3028673.4998697191,1629296.5000617206],[3028674.7498672158,1628950.3750978112],[3028677.5461214781,1628141.3009285629],[3028678.2498602271,1627937.6251548082],[3028679.0605541319,1627731.3227458894],[3028679.2800418884,1626585.4411793947],[3028678.7606859654,1624902.0406748056],[3028695.9210847169,1624902.5780753046],[3029563.7352939695,1624929.749936983],[3030892.2500253916,1624984.1251563132],[3032214.7234303057,1625108.9041062295],[3032261.6291763932,1625113.4756193906],[3033519.565964967,1625243.6069208086],[3033519.794639051,1625247.1505488902],[3033738.7499098033,1627866.9999679774],[3033899.1692083925,1630730.6425346434],[3033918.2498788834,1631071.2501211464],[3034308.5102532208,1631074.3364010602],[3034405.059928894,1631075.0998509824],[3036526.2499122173,1631091.8750799],[3037824.5071582198,1631092.0611031502],[3037886.8036215603,1631092.0699613988],[3039143.7499265522,1631092.2500791401],[3041241.0246033818,1631095.3865558058],[3041734.7499938905,1631096.1250713915],[3041757.249948889,1632372.7501428127],[3041771.5566788018,1633186.6241712272],[3041780.9999013841,1633721.1250707209],[3041819.7501519769,1634993.3751508892],[3041840.2501109689,1635664.0001219809],[3041859.7500719726,1636319.1251240671],[3041865.2763076425,1637609.555942148],[3043177.499076888,1637625.0375384837],[3043621.7852618098,1637630.2793258876],[3044145.5598047972,1637636.4587754756],[3045109.2465257198,1637647.8285034001],[3045124.7501036376,1637647.7500914782],[3045127.0000991374,1637667.7500514835],[3045127.5673552155,1641563.3898979723],[3045127.7087591439,1642532.9063316435],[3045127.7556750476,1642856.0333100557],[3045827.4324253052,1642858.9171625674],[3047060.7498405576,1642864.0001576394],[3047029.2499035597,1644194.625121057],[3047028.2499055564,1645494.6251457334],[3047027.7499065548,1645855.6250799],[3047027.603253305,1646728.9629001468],[3047027.5914423019,1646799.507050395],[3048324.499937728,1646814.3751308918],[3049472.7233630568,1646827.4630312324],[3049552.7501058877,1646828.3751028925],[3050651.6202834696,1646830.8931424767],[3050698.2501114756,1646831.0000976473],[3051047.348494634,1646831.8065264821],[3051220.450510636,1646832.2064600587],[3052149.8269327134,1646834.3527812213],[3052159.5001417249,1646834.3750908971],[3052161.3879332244,1646067.6489340663],[3052161.4624081403,1646037.3478135616],[3052166.0001287162,1644194.3751215637],[3052173.000114724,1643704.7501165569],[3051902.0000005513,1643655.2498874813],[3051852.2501000613,1643693.000140056],[3051811.4998534769,1643650.7498964816],[3051686.9909161329,1643625.9576232284],[3051640.7498668879,1643616.7499644756],[3051646.7219678015,1643568.6765698045],[3051660.3367699683,1643459.0767233968],[3051663.2501499653,1643435.624998644],[3051744.7499869764,1643406.2500573993],[3051850.1940018088,1643341.7078636438],[3051899.7500050515,1643311.3749190569],[3052067.2499981374,1643188.124837473],[3052097.4999376386,1643167.8748779744],[3052127.9998766333,1643159.9998937249],[3052135.0599018931,1643159.4979262203],[3052180.7500992268,1643156.2499012202],[3052181.8288372159,1643080.382270813],[3052184.7500912249,1642878.2501291484],[3052705.750033468,1642882.3751208931],[3053363.0098738074,1642887.4863311499],[3053531.9698377252,1642888.8003048897],[3053605.099284634,1642889.3695294708],[3053984.3199828863,1642892.3232637197],[3054006.3999912143,1642892.4951793998],[3054109.3200609684,1642893.297015056],[3054358.9898372144,1642895.2415649742],[3054604.9998438805,1642897.1582278162],[3054879.830002889,1642899.2999558151],[3054885.1731680483,1642623.0268863142],[3054889.280115217,1642410.6798700541],[3054919.4401598871,1642411.0899742246],[3054918.4660804719,1642338.3138730675],[3054928.6999838948,1642329.939874053],[3054918.0300577134,1642316.7699528933],[3054916.6114253849,1642154.3001334816],[3054916.5645094663,1642148.9231757224],[3054916.4011239707,1642130.1935543865],[3054914.6193033904,1641926.0896319002],[3054911.4496902972,1641563.0257254839],[3057504.5517875552,1641583.1191892326],[3057497.734872058,1643073.6919954717],[3057497.0462251306,1643229.0660285652],[3057496.8142702281,1643277.8740018159],[3057495.2499688864,1643606.749984473],[3057493.7499718815,1643940.1249738932],[3057491.4999763817,1644715.1250643134],[3057488.7499818802,1646145.6251560599],[3057487.2499848902,1646856.7500461489],[3058097.2500772178,1646867.2500251383],[3058766.5000510514,1646878.8750018924],[3060045.5001177192,1646900.8749578893],[3062516.9223402143,1647014.8602942228],[3062517.3665650487,1646934.1468729824],[3062531.5601062179,1644355.9207302332],[3062585.6656410545,1644355.9118719697],[3064327.8521173,1644355.6251271367],[3066042.499934718,1644355.3433035612],[3066105.4857011437,1644355.3328048885],[3066293.2566510588,1644355.3019650578],[3066307.8186298013,1645117.2302312255],[3066316.4652660489,1645569.6620691419],[3066513.563625142,1645567.8205373883],[3067679.3001388013,1645566.7093191445],[3067740.2501481324,1645560.7500134706],[3068016.7499232143,1645410.9999848902],[3068283.2500463873,1644948.3749258965],[3068728.2501406372,1645106.6249374747],[3069149.2499548048,1645385.6250356436],[3069419.7500699759,1645573.2499884814],[3070154.8040460497,1645610.3260298073],[3070153.9976172149,1645622.1245626509],[3070061.2500993013,1646977.5001327246],[3070233.4357785583,1646976.8147666454],[3070676.2915201336,1646975.0519748926],[3072761.7371523827,1646966.7514665574],[3073342.7500979751,1646930.3748988956],[3073432.455299139,1646923.5711067319],[3073852.0000637174,1646891.7499761432],[3073849.69298172,1646972.5959430635],[3073849.0000697225,1646996.8750939816],[3074160.4597486407,1646972.8564412296],[3074495.7500885576,1646946.9998656362],[3074545.2499895543,1646839.2500811368],[3074864.2500077188,1646815.1251293868],[3075392.9999344647,1646932.4998946488],[3075398.7499229759,1646808.2501431406],[3075408.7499029636,1646662.7501060665],[3075528.9999905527,1646487.7501279712],[3075650.5000756383,1646310.2501548976],[3075753.749869138,1646182.6250820607],[3075883.499937728,1646043.1250329763],[3076065.249902308,1645618.4998979717],[3076090.499851808,1645374.125058651],[3076124.7501113862,1645034.2500822246],[3076176.750007391,1644668.2501580566],[3076214.4805749655,1644584.2762446404],[3076328.0000329763,1644331.6248470545],[3076351.499985978,1644216.2500778139],[3076384.4999199659,1644104.7499727309],[3076429.5001580566,1644006.8748403937],[3076489.2500385493,1643907.0000401437],[3076612.2501206398,1643752.0000220537],[3076749.7498456389,1643487.3748951405],[3077323.7500099689,1642615.8749977201],[3077853.499934718,1641819.1249508113],[3077927.7501143068,1641716.2501565665],[3078079.5001388937,1641111.6250534803],[3078090.0385036319,1640827.0862524807],[3078090.2501173913,1640821.3749778122],[3078162.6417048872,1640557.6881692261],[3078245.5001349747,1640255.8751245588],[3078358.7499084771,1640083.0001422316],[3078420.7501125485,1639980.500019148],[3078482.7499885559,1639815.8750203103],[3078503.2499475479,1639683.4999569803],[3078502.7499485612,1639583.1251577288],[3078555.9998420477,1639342.9999818057],[3078550.9998520613,1639171.8749959767],[3078536.9998800606,1639098.1251434833],[3078496.4999610484,1638977.0000576377],[3078442.500069052,1638849.8749838173],[3078372.9998799711,1638757.4998404831],[3078253.0001199692,1638598.3751587272],[3078138.5000208914,1638500.8750256449],[3077580.5001526326,1638109.1251529753],[3076857.7499577254,1637599.9998589009],[3075994.2500443012,1636951.8748428077],[3075869.4999657273,1636835.0000765622],[3075611.500153631,1636604.2498818934],[3075485.0000785589,1636461.8748385608],[3075079.7499048114,1636113.37487939],[3074884.0308080614,1635945.6419471502],[3074680.250047639,1635770.9999079704],[3074498.2500835508,1635606.624908641],[3074046.0000037998,1635260.1249454767],[3073751.4999366403,1635027.7500821501],[3073520.6096503884,1634743.32282947],[3073472.2498389781,1634683.750113979],[3073370.0000434667,1634538.8750756383],[3073228.9999973923,1634294.1249089837],[3073174.5001063943,1634164.999839142],[3073142.2498428077,1634047.1250748932],[3073122.9998812973,1633942.6249558032],[3073111.9999033064,1633807.74989748],[3073118.9998892993,1633673.7498373985],[3073148.2501588911,1633538.7501073927],[3073327.5001284778,1632989.9998925626],[3073408.999965474,1632722.6250992268],[3073516.7500780523,1632358.1248439699],[3073588.2499350607,1632112.6250068992],[3073608.4998945594,1632040.5001511425],[3073628.4998545498,1631948.7500065565],[3073642.250155136,1631855.7498644739],[3073648.2501431406,1631785.2500054836],[3073647.7501441389,1631623.0000018924],[3073639.7993726432,1631548.9050057232],[3073629.7498520613,1631455.2500093132],[3073697.8041778803,1631438.4928249717],[3073704.4636133909,1631436.8530644774],[3073828.7501102239,1631406.2501073033],[3074086.9999217987,1631281.5000287294],[3074136.7501503825,1631255.7500802279],[3074149.5001248866,1631245.5001007318],[3074161.2501013875,1631233.1251254827],[3074179.5000648946,1631204.4998546392],[3074182.1362144649,1631198.8213883042],[3074223.6312102228,1631109.4340998977],[3074254.96218431,1631123.5400428176],[3074278.7498663813,1631134.2499951422],[3074406.2758580595,1631183.3762092292],[3074449.4614672214,1631200.1327373981],[3074463.2501535565,1631205.4998526424],[3074782.9998421371,1631206.6248503923],[3075770.7501632273,1631209.3748448938],[3076450.0001170486,1631210.9998416454],[3076872.7499277145,1631211.9998396486],[3077528.9999275506,1631213.6248364002],[3077859.4999227226,1631214.375162974],[3077946.7500763088,1631214.6251624823],[3078256.0001139641,1631215.3751609772],[3078462.7500285506,1631216.0001597255],[3078458.2500375509,1631384.000151813],[3078476.9061682224,1631469.6482744813],[3078499.4999550581,1631573.3751011491],[3078534.5746880472,1631671.407385394],[3078545.3705982268,1631701.581537649],[3078569.0001441389,1631767.6250407249],[3078630.6991677135,1631890.6507133096],[3078643.9999941438,1631917.2500695586],[3078699.5422058851,1631991.1065491438],[3078707.1307733804,1632001.1974082291],[3078748.2501137257,1632055.8751203865],[3078787.1470175534,1632099.6663713902],[3078847.3099549711,1632167.3995036483],[3078861.499887228,1632183.3748653978],[3079170.8181662261,1632533.8515266478],[3079222.7501489669,1632608.125000149],[3079235.8892303109,1632621.7017446458],[3079256.5000814646,1632642.9999303967],[3079369.2498559654,1632764.250015974],[3079563.5001236349,1632923.2500260621],[3079593.2500641346,1632958.1249563098],[3079621.0000086427,1633017.3748378158],[3079639.4999716431,1633089.5000216365],[3079643.4999636412,1633150.2499001473],[3079640.7499691397,1633329.3748699725],[3079645.2499601394,1633427.7500013113],[3079649.2499521375,1633496.4998638034],[3079652.2499461323,1633557.3750701398],[3079655.249940142,1633621.1249426454],[3079699.79283005,1633648.3273160607],[3079723.0001327246,1633662.4998598993],[3079759.0000607222,1633652.9998788983],[3079798.7178290486,1633630.6206585616],[3079808.2499622256,1633625.2499343902],[3079842.2498942167,1633597.499989897],[3079881.5001438111,1633558.0000688881],[3079896.0001147985,1633510.2498363107],[3079995.7499153018,1633178.6248433888],[3080020.2498663068,1633071.000058651],[3080048.0001388937,1632937.2499980628],[3080066.5001018941,1632875.8751208037],[3080107.5000198931,1632802.2499399781],[3080219.2501244694,1632619.12497814],[3080279.000004977,1632511.99986431],[3080385.5339126438,1632308.5432502329],[3080387.3091715574,1632304.7364993095],[3080410.5000700504,1632251.625056982],[3080422.7500455528,1632208.2501437217],[3080499.2498925477,1631865.7498444766],[3080518.7498535514,1631810.749954477],[3080579.2500606328,1631713.2501494735],[3080686.9998451322,1631559.1251296401],[3080665.8017248064,1631544.307902053],[3080662.4998941422,1631542.0001638979],[3080713.6421803087,1631461.8379226476],[3080716.250114724,1631457.7500043064],[3080735.3921367973,1631424.8652275652],[3080788.0819920599,1631334.3483482301],[3080867.9935776442,1631211.5201818049],[3080894.5220678896,1631173.8529343158],[3080910.5000542998,1631143.7499761432],[3080932.916348055,1631079.7697891444],[3080946.4999822974,1631040.9998535663],[3080972.249930799,1630910.0001155585],[3081011.4998522997,1630801.0000054836],[3081058.2500868887,1630707.9998633862],[3081134.4999343902,1630543.7498638034],[3081160.2498828918,1630481.8749875575],[3081192.7501459718,1630381.1248609722],[3081217.0000974685,1630280.8750614822],[3081258.500014469,1630144.1250068992],[3081309.9999114722,1630011.9999430627],[3081360.0001395494,1629878.8748812228],[3081390.5000785589,1629784.0000709742],[3081411.0000375509,1629693.3749241382],[3081442.7499740571,1629504.2499743104],[3081473.7499120533,1629396.8748609722],[3081510.7498380542,1629308.3750379831],[3081637.334558636,1629081.4414367229],[3081639.6721523851,1629077.2075213045],[3081642.0724100471,1629072.9033960551],[3081643.5333651304,1629070.2574039698],[3081645.9687277228,1629065.8473078161],[3081650.2305302173,1629057.9788852334],[3081652.6655647159,1629053.5684609711],[3081654.6137235612,1629050.0402528048],[3081657.9017747194,1629043.9359343052],[3081659.8499335498,1629040.4077261388],[3081662.1635772139,1629036.0675117224],[3081665.6077960581,1629029.7870124727],[3081667.9214397222,1629025.4467980564],[3081669.8695985526,1629021.91858989],[3081672.6704459637,1629016.6961593926],[3081675.0191945583,1629012.2499740571],[3081677.4545571357,1629007.8395498097],[3081680.7773851305,1629001.629260391],[3081682.1172774732,1628999.0531500578],[3081684.9532297999,1628993.7247486413],[3081687.6064397246,1628988.7742992342],[3081689.2501372248,1628985.7500270605],[3081692.2566928864,1628979.7283855677],[3081694.1251274645,1628976.0000465661],[3081695.9502550513,1628972.4127833992],[3081698.6500528008,1628967.0751956403],[3081699.9669793099,1628964.3583375663],[3081702.6835093051,1628958.9669441432],[3081705.4000393003,1628953.5748945624],[3081708.0000997186,1628948.2501020581],[3081710.2500952184,1628943.7501110584],[3081712.0000917166,1628940.2501180619],[3081713.7340121418,1628936.6175794005],[3081716.3760672212,1628931.1914091408],[3081718.9039493054,1628925.8295432329],[3081721.092265144,1628921.3000247329],[3081723.3124050498,1628916.6609263867],[3081724.9003283828,1628913.2022718936],[3081726.634248808,1628909.5700613111],[3081730.1188218892,1628902.2501940578],[3081746.0000237226,1628868.6249332279],[3081772.3953121305,1628816.0791065544],[3081787.5717909634,1628786.416764304],[3081802.9999097139,1628756.8751567304],[3081819.5953489691,1628728.0766578913],[3081836.3331763893,1628699.4444973171],[3081853.2501372993,1628670.8750006407],[3081871.3514790535,1628642.9813556373],[3081889.7389094681,1628615.1572643071],[3081917.0712038875,1628573.9926484823],[3081919.6804506332,1628570.514637053],[3081976.9405067265,1628496.8126847297],[3082016.5001388937,1628446.0001223087],[3082051.7500683814,1628447.2501198053],[3082236.2500274777,1628453.7501068115],[3082609.7499366403,1628466.8750805557],[3083549.50002563,1628500.1250140667],[3084061.4999858886,1628511.6249910593],[3086146.7500804663,1628558.2498978078],[3086146.6546082199,1628562.2141287327],[3086141.7500904649,1628765.8751387298],[3086266.3341588825,1630684.3112624735],[3086301.0001000613,1631218.1251554787],[3086181.2500114739,1636457.6248470545],[3086175.750022471,1637011.6250513941],[3086154.6749333888,1638867.5908276439],[3086152.2500694692,1639081.124849394],[3086126.000121966,1641739.50011006],[3077031.2079441398,1648178.014463976],[3075490.2198843807,1649268.9328858107],[3075403.5717637241,1649330.2739704698],[3075602.2052247226,1649585.8157822341],[3076386.7623826414,1653210.0598460585],[3076756.9516028911,1654920.141071558],[3076995.3326878101,1656021.3376880586],[3078467.5840083808,1662822.3696896434],[3073361.7333277166,1662836.5031915605],[3070873.0001162142,1662741.1251014769],[3068322.2499683946,1662705.1248454005],[3065662.5000385493,1662729.375124976],[3063058.861873135,1662672.4047664702],[3063053.54429847,1663731.4502205551],[3063051.8717296422,1664179.2186819762],[3063047.7500187159,1665282.7499394715],[3063048.1650441438,1665418.390088141],[3063053.2398371398,1667076.8569155633],[3063054.0000062138,1667325.2501195669],[3063054.5679184645,1667527.2549648881],[3063055.2316310555,1667763.4355948865],[3063055.24869138,1667769.5297428071],[3063055.5337958038,1667870.8756687343],[3063055.8845168948,1667963.6277798116],[3063055.9094512165,1667970.1923992336],[3063056.3622062206,1668005.0072902292],[3063056.1998049766,1668012.1349006444],[3063097.7853517234,1670484.5984596461],[3061387.3875257969,1670475.8612723947],[3060534.9843749702,1670471.5069503933],[3060530.8118111342,1671736.4785018116],[3059456.2460468858,1672986.5094663054],[3057931.5181252211,1672965.4898233116],[3057912.1736757159,1672965.7752558142],[3056605.1520115584,1672985.0672119707],[3056630.7254512161,1675577.6555307209],[3052750.8739589751,1675484.7823568881],[3052728.7765622139,1675484.2534865588],[3052665.241584301,1677326.9469796419],[3052667.3961075544,1678120.9207853973],[3052598.4201956391,1678118.968361482],[3050020.8272537142,1678046.0055808872],[3050005.9998555481,1678045.5000044703],[3050005.7833205611,1678075.9287493974],[3049987.2498930544,1680679.7499853075],[3051191.0217637271,1680724.8361812234],[3051285.4999212176,1680728.3748880625],[3051272.0947643071,1682570.8075549006],[3051266.2499597222,1683374.1248458922],[3051226.1516147256,1683372.4217653126],[3047345.9999262244,1683207.6248508096],[3047345.9999262244,1683231.5027558059],[3047345.9999262244,1683289.1256720573],[3047345.9999262244,1683473.6476127207],[3047345.9999262244,1684563.2500923127],[3047345.9999262244,1685912.6250182241],[3047438.5204104781,1685915.2034251392],[3047479.2221007198,1685916.3376092315],[3049942.9999815524,1685984.9998734742],[3050264.8799152225,1685994.1199339777],[3051224.6250429749,1686021.3124648929],[3051223.8232073039,1686057.2877866477],[3051219.0036631376,1686273.4858450592],[3051166.7501587272,1688617.5625217259],[3051176.1956778914,1690975.4990788102],[3051178.500135228,1691550.7498968095],[3049880.5001065582,1691643.1250401437],[3048990.0461788028,1691642.6188075542],[3047242.0001342148,1691641.6250431389],[3045957.7500780523,1691642.0000423938],[3044643.0000828803,1691645.8750346452],[3043707.0856161416,1691647.2710292339],[3042045.000029549,1691649.7500268966],[3039474.0146859735,1691685.7335507274],[3039419.2500317246,1691686.4999533892],[3036784.7500513941,1691724.9998763949],[3036128.2500520498,1691731.2498638928],[3034131.500108555,1691755.0001444817],[3032509.3717911392,1691771.3898754716],[3031484.000154227,1691781.7500909716],[3031300.7885783911,1691764.7809648067],[3030165.687174052,1691778.5876957327]]]},"properties":{"OBJECTID":9,"Articulation Area":"Evergreen","Shape_Length":317219.27802716172,"Shape_Area":2002484452.3817165}},{"type":"Feature","id":10,"geometry":{"type":"Polygon","coordinates":[[[3044813.0000709742,1741335.7500641495],[3028813.9999168068,1741472.2501192242],[3028845.6543810517,1740170.9978004843],[3028850.0119838864,1739991.8728306442],[3028850.0802252144,1739989.0148967206],[3028859.07561405,1739611.518932566],[3028876.7635708004,1738869.2326874733],[3028880.6779330522,1738707.3048617244],[3028885.5299574733,1738506.5985702276],[3028886.2996409684,1738474.7626758963],[3028887.7592837214,1738413.0465919822],[3028902.375068143,1737852.8436441422],[3028907.2500583827,1737665.9998577237],[3028922.7375602275,1737039.0949435532],[3028941.4999898821,1736279.6250058115],[3028941.6312232167,1736236.2635439783],[3028941.7923121303,1736183.073689729],[3028942.1115372181,1736077.6962758154],[3028942.1299098879,1736071.6828363985],[3028942.1443455517,1736066.9453130662],[3028942.4274814725,1735920.918374151],[3028942.7841080576,1735737.105421558],[3028945.4999818802,1734959.3750216365],[3028949.2499743849,1733652.7500102222],[3028953.249966383,1732398.1248948127],[3028956.4796187282,1731351.476397559],[3028956.4884769768,1731348.595169723],[3028957.2499583811,1731101.8748626411],[3028975.8683594763,1729731.2086407244],[3028992.9998868853,1728469.9998770654],[3029053.5187947154,1725873.6756733954],[3029053.750093475,1725863.7498402297],[3029095.0000109673,1725864.6248384714],[3029076.5000479668,1723352.4999414831],[3029074.5000519753,1723085.5001473874],[3029066.2855014652,1721970.0072996467],[3029058.2500844747,1720878.8749674708],[3029049.1730028838,1719905.0176632255],[3029046.0001089722,1719564.6249713153],[3029034.000132978,1718250.9999738932],[3029024.5001519769,1716932.1249869764],[3029015.5103405565,1715683.865672484],[3029014.9998428822,1715613.0000005662],[3029009.9998528808,1714285.5000308901],[3029004.9998628944,1712953.3750704825],[3029001.2498703897,1711714.7499230653],[3028997.499877885,1710498.2500594705],[3028997.2902326435,1710342.517103225],[3028996.9559157193,1710094.0461434722],[3028995.7498813868,1709198.1250350624],[3028993.9998848885,1707885.6250353903],[3028993.6330877244,1707836.3049240559],[3028977.4999178946,1705667.2498789728],[3028976.4999198914,1705432.2500208914],[3028988.4998958856,1704552.5001399815],[3028983.2499063909,1703881.3748418093],[3028981.9999088943,1703495.6249571443],[3028979.6675644666,1702855.7112107277],[3028978.7499153912,1702604.0000999719],[3028975.7499213815,1701263.0001573116],[3028974.7968392968,1700866.1787724793],[3028972.7499273866,1700013.7500311434],[3028728.0000888109,1700022.3750138879],[3028729.187094301,1699021.3632363975],[3028729.8583528101,1698455.3374655545],[3028730.2271184772,1698144.3567883074],[3028730.2586144656,1698117.6616317332],[3028730.5040208101,1697910.7499720603],[3028730.5525771379,1697863.1339255571],[3028730.7717368007,1697648.5185411423],[3028730.8029047251,1697617.999901399],[3028731.0128780603,1697474.6248600632],[3028731.2586124688,1697277.8240725547],[3028731.3855807185,1697176.2501287311],[3028731.4892550558,1697093.2499666363],[3028731.5673388839,1697018.3997226506],[3028731.5788218081,1697005.6871496439],[3028731.9928629696,1696544.6011295617],[3028732.000080809,1696536.500095889],[3028732.0168130547,1696517.9099099785],[3028732.0492933095,1696481.8955463171],[3028732.0095952153,1696376.2113744766],[3028733.4866263866,1694886.0457196385],[3028733.500077799,1694871.3751453161],[3028732.1818389744,1694444.3914192319],[3028724.619518131,1691995.0236145556],[3028724.0000967979,1691794.375065729],[3028733.5063113868,1691796.0076083988],[3028761.5157698095,1691795.6670578867],[3030165.687174052,1691778.5876957327],[3031300.7885783911,1691764.7809648067],[3031484.000154227,1691781.7500909716],[3032509.3717911392,1691771.3898754716],[3034131.500108555,1691755.0001444817],[3036128.2500520498,1691731.2498638928],[3036784.7500513941,1691724.9998763949],[3039419.2500317246,1691686.4999533892],[3039474.0146859735,1691685.7335507274],[3042045.000029549,1691649.7500268966],[3043707.0856161416,1691647.2710292339],[3044643.0000828803,1691645.8750346452],[3045957.7500780523,1691642.0000423938],[3047242.0001342148,1691641.6250431389],[3048990.0461788028,1691642.6188075542],[3049880.5001065582,1691643.1250401437],[3051178.500135228,1691550.7498968095],[3051176.1956778914,1690975.4990788102],[3051166.7501587272,1688617.5625217259],[3051219.0036631376,1686273.4858450592],[3051223.8232073039,1686057.2877866477],[3051224.6250429749,1686021.3124648929],[3050264.8799152225,1685994.1199339777],[3049942.9999815524,1685984.9998734742],[3047479.2221007198,1685916.3376092315],[3047438.5204104781,1685915.2034251392],[3047345.9999262244,1685912.6250182241],[3047345.9999262244,1684563.2500923127],[3047345.9999262244,1683473.6476127207],[3047345.9999262244,1683289.1256720573],[3047345.9999262244,1683231.5027558059],[3047345.9999262244,1683207.6248508096],[3051226.1516147256,1683372.4217653126],[3051266.2499597222,1683374.1248458922],[3051272.0947643071,1682570.8075549006],[3051285.4999212176,1680728.3748880625],[3051191.0217637271,1680724.8361812234],[3049987.2498930544,1680679.7499853075],[3050005.7833205611,1678075.9287493974],[3050005.9998555481,1678045.5000044703],[3050020.8272537142,1678046.0055808872],[3052598.4201956391,1678118.968361482],[3052667.3961075544,1678120.9207853973],[3052665.241584301,1677326.9469796419],[3052728.7765622139,1675484.2534865588],[3052750.8739589751,1675484.7823568881],[3056630.7254512161,1675577.6555307209],[3056605.1520115584,1672985.0672119707],[3057912.1736757159,1672965.7752558142],[3057931.5181252211,1672965.4898233116],[3059456.2460468858,1672986.5094663054],[3060530.8118111342,1671736.4785018116],[3060534.9843749702,1670471.5069503933],[3061387.3875257969,1670475.8612723947],[3063097.7853517234,1670484.5984596461],[3063056.1998049766,1668012.1349006444],[3063056.3622062206,1668005.0072902292],[3063055.9094512165,1667970.1923992336],[3063102.2499097139,1667993.5000953972],[3063199.2500438094,1668020.2500418872],[3063293.4998553097,1668021.750038892],[3063391.2499878854,1667998.1250861436],[3063479.2501399666,1667950.124854058],[3063543.5000114739,1667897.9999583066],[3063827.2501001358,1667696.000034228],[3063911.4999316335,1667636.1251539737],[3064026.5000297278,1667459.7498505563],[3064081.4999197274,1667437.8748943061],[3064117.9998467267,1667436.2498975545],[3064154.0001028031,1667443.8748823106],[3064191.0000288039,1667463.124843806],[3064196.6942431331,1667467.9798209816],[3064207.1801145524,1667477.4161538035],[3064210.4999898076,1667479.7501386404],[3064277.4998558015,1667571.2499556392],[3064350.4449198842,1667768.2485773861],[3064392.7499533892,1667882.4999893159],[3064419.9998988807,1667946.7498608083],[3064518.2500304729,1667977.12512815],[3064558.0508038849,1667979.3344413042],[3064775.1943984777,1667991.3875668049],[3064813.250096634,1667993.5000953972],[3064940.7032538056,1667933.0671453923],[3065021.8943643868,1667894.5698470622],[3065110.2376916409,1667762.055020228],[3065242.7525184751,1667668.1903785616],[3065342.1384745538,1667607.4546076506],[3065436.0031162202,1667607.4546076506],[3065535.389072299,1667734.4477919787],[3065640.2966708839,1667933.22003223],[3065888.7620532215,1668198.2493578047],[3066153.791378811,1668413.5858693868],[3066474.035488978,1668645.4866523147],[3066645.2005009651,1668755.9155653119],[3066899.1868696362,1668789.0444360673],[3067594.8895464689,1668755.9155653119],[3067986.9123844653,1668750.3942508996],[3068405.7501294762,1668692.699484393],[3068587.1687298864,1668667.7090488076],[3068425.6739741415,1673330.4986077249],[3068423.7294242233,1673386.6392434835],[3073198.0000593811,1673632.7499717325],[3073864.2008267194,1673605.8304061443],[3076778.0132405609,1673488.0904841423],[3078203.2498913854,1673430.5000481457],[3079115.9655856341,1673431.6795077324],[3079520.1301316321,1673432.2018163949],[3079572.805551216,1675664.8581122309],[3079592.5486219674,1676501.671071142],[3079641.7033793032,1678585.0917730629],[3079670.8119168878,1678584.1577198058],[3080204.0516640544,1678567.0445650667],[3080263.8586368398,1678562.3995805881],[3080323.4688069308,1678555.6856029057],[3080382.8106201845,1678546.9106912639],[3080441.8128445861,1678536.0853787859],[3080500.4046557518,1678523.2226598305],[3080558.5157219442,1678508.3379743947],[3080616.0762884985,1678491.4491895789],[3080673.0172615498,1678472.5765781403],[3081243.1985358894,1678303.8840021491],[3081300.6631551092,1678298.2056720392],[3081358.3211322059,1678295.0459929374],[3081416.0621288493,1678294.4110114265],[3081473.7756478377,1678296.3019426514],[3081531.3512445521,1678300.7151679939],[3081588.6787383109,1678307.6422419981],[3081645.64842322,1678317.0699085316],[3081702.1512781135,1678328.9801261537],[3081758.0791751835,1678343.35010264],[3081813.3250869024,1678360.1523386007],[3081867.783290836,1678379.3546801042],[3081921.3495719642,1678400.9203802089],[3081973.9214221118,1678424.808169286],[3082025.3982361159,1678450.9723339945],[3082075.681504352,1678479.3628047621],[3082124.6750012478,1678509.9252516022],[3082172.2849694272,1678542.6011880829],[3082218.420299131,1678577.3280832509],[3082262.9927025721,1678614.0394812957],[3082305.9168828875,1678652.6651287228],[3082308.662940383,1678655.1218167245],[3082422.9678298831,1678656.2021951377],[3082428.8884217143,1678656.3810005635],[3082718.2500477135,1678665.1250775605],[3083254.9999584705,1678681.3750450611],[3083379.9242493063,1678685.1539088935],[3083614.4998956323,1678692.2500233054],[3084966.2947642207,1678693.4727898985],[3085070.0255278945,1678693.5666217208],[3085134.7501359731,1678693.6250205636],[3085665.8406092227,1678694.0899146497],[3085754.4998807162,1678694.1673423052],[3086160.5000529736,1678694.5384045541],[3086214.006835714,1678694.6010684818],[3086234.4999049753,1678694.6250185668],[3086703.2499517202,1678694.8559892327],[3086911.8331959695,1678694.9445717335],[3086986.4675611407,1678694.9747553915],[3087047.749918893,1678695.0000178069],[3088841.4999403059,1678695.7500163168],[3091492.4998876303,1678684.7500383109],[3094120.5697627217,1678723.8946450651],[3094120.4536212236,1678774.9309603125],[3094108.3434092253,1684096.5958418995],[3097289.2438715547,1684071.3613123149],[3097407.0572842211,1684070.4266029],[3097436.9975130558,1684070.1890705675],[3097460.4246315509,1684070.0033753961],[3097526.8834881335,1684069.4761454761],[3099219.615010798,1684056.0473665595],[3099210.7498710603,1684804.2499383986],[3099205.2498820573,1685784.1249471456],[3099200.7781062275,1686037.5591515601],[3099200.7817151397,1686045.6004740596],[3099200.999890551,1686550.6250545532],[3099200.249892056,1686688.7501063943],[3099217.4998575598,1687347.2501017302],[3099242.250136137,1688298.2498401403],[3099247.2501261383,1688483.5001258105],[3099261.5000976324,1689034.7500075549],[3099262.2897942215,1689280.0283883959],[3099267.9728537202,1689280.0634933114],[3103933.3988903016,1689308.7914542258],[3103973.3912643939,1689348.1194595546],[3104329.0585320592,1689697.8805710673],[3104455.6777013838,1689876.216500476],[3104497.5201373845,1689986.2887868881],[3104509.4065965563,1690061.3184924722],[3104509.9610573947,1690212.2502772212],[3104511.5000963062,1690652.2500533909],[3104511.5020648092,1690678.2486890554],[3104511.5555423945,1690683.5911980569],[3104511.7500957996,1690702.9999518991],[3104514.433817476,1691439.6064183116],[3104516.5000863075,1692006.7499690652],[3104516.7500858009,1692098.2501141429],[3104518.4262635559,1692623.3720953912],[3104518.8179950565,1692746.1559705585],[3104520.2149738818,1693183.8749113977],[3104520.750077799,1693351.4999042302],[3104520.852111727,1693385.0939971507],[3104521.7490915507,1693680.1806773096],[3104522.6263863891,1693968.764089644],[3104522.6496803015,1693978.6252903938],[3104522.7500738055,1694044.1251593977],[3104523.6788777262,1694313.1301988065],[3104523.8202816397,1694354.0874659717],[3104523.8360296339,1694358.7006457299],[3104525.0000693053,1694695.8748401403],[3103991.5670810491,1694691.1264900565],[3103865.0000769645,1694689.9998518974],[3103680.8341067135,1694688.3276111484],[3103544.369812727,1694687.0884403884],[3103204.2500861436,1694683.9998638928],[3103175.328227967,1694683.7478958964],[3103159.3007009774,1694683.6081323922],[3103046.5000735521,1694682.6248666495],[3103010.723898381,1694682.2875969708],[3102874.2500899732,1694680.999869898],[3102714.7500808835,1694679.6248726398],[3102557.0000683069,1694678.1248756498],[3102520.7501408011,1694677.8748761415],[3102017.3964887261,1694673.3187828958],[3101949.1751684695,1694672.7013300657],[3101885.5000989735,1694672.1248876452],[3101885.5000989735,1694667.3716163039],[3101676.0102049387,1694644.2733243366],[3101466.8087906237,1694618.6937417928],[3101257.9252444808,1694590.6364620719],[3101049.3889103085,1694560.1054266393],[3099246.6792611331,1694288.4701431394],[3099051.6287982166,1694259.0797819793],[3099009.2925968021,1694252.7809100598],[3098930.4200511426,1694241.8183335662],[3097511.5993979722,1694043.1350038946],[3097449.0550659024,1694036.0476233489],[3097386.8375025778,1694026.5082705901],[3097325.0427967254,1694014.5316781825],[3097263.7663840107,1694000.1363427606],[3097203.1028996482,1693983.344496462],[3097143.1460322472,1693964.1820725931],[3097083.988379118,1693942.6786655772],[3097025.7213032651,1693918.8674852489],[3096968.4347922867,1693892.785305565],[3096912.2173193996,1693864.4724078111],[3096857.1557067963,1693833.9725183907],[3096803.3349915636,1693801.3327412948],[3096750.838294345,1693766.6034853538],[3096699.7466909736,1693729.8383863866],[3095273.8870098889,1692328.1217016429],[3095151.9052984715,1692211.6685224771],[3095079.0274914652,1692305.2618392259],[3095062.2849107599,1692327.6410961093],[3095047.6518093655,1692351.4532251807],[3095035.2500077076,1692376.4999906998],[3095025.1827506628,1692402.5728785899],[3095017.5338480473,1692429.4548323154],[3095007.470876053,1692530.9818602204],[3094964.9247013032,1692528.5940697342],[3094186.7658245564,1692484.9199444801],[3094168.6005502078,1692484.1269121747],[3094150.6205672384,1692481.4201974133],[3094133.0269102021,1692476.8300640287],[3094116.0162941366,1692470.4078343958],[3094100.7116045104,1692462.6355716917],[3094086.3716683835,1692453.2011758983],[3094072.6147182761,1692442.6148622411],[3094060.0185424834,1692430.6708232046],[3094048.716526025,1692417.4955381192],[3094038.8283496448,1692403.2285243818],[3094030.4587224722,1692388.020860061],[3094029.6037373096,1692700.413279891],[3095738.3588499725,1694474.6794163883],[3097439.7478356361,1696266.3461086452],[3097521.4124591933,1696361.8204342567],[3097601.1955167623,1696458.8725919691],[3097679.0665302961,1696557.4655067392],[3097754.9957521702,1696657.561514938],[3097828.9541765465,1696759.1223787363],[3097900.9135504547,1696862.109300714],[3097970.8463845844,1696966.4829386801],[3098038.7259637876,1697072.2034207017],[3098104.5263572824,1697179.2303603366],[3098168.2224285603,1697287.5228720605],[3098114.4817223847,1697286.8128997236],[3097738.4162015468,1697281.8453899771],[3097611.2688180506,1697280.1659313887],[3097579.814484641,1697279.7505778968],[3097465.9967988878,1697278.2473000586],[3097450.4046384692,1697278.0412637293],[3096725.4762983024,1697268.4654954821],[3096725.2246583849,1697258.4054762274],[3096560.9999212176,1697255.2499707341],[3096555.6351025552,1697255.2519392222],[3095903.9999228865,1697255.4999702275],[3095646.9554894716,1697253.7729395628],[3095289.9998385608,1697251.3749784827],[3094960.9998403937,1697246.1249889731],[3094261.7532073855,1697237.97047773],[3094156.0135894716,1697236.5899030566],[3094118.1321035475,1697236.0689067245],[3094076.9737213105,1697235.5029629767],[3094075.7499704659,1697836.8751198053],[3094075.2499714643,1698240.8749679774],[3094074.7499724776,1698553.3749991506],[3094073.9999739677,1698934.1248938143],[3094072.7499764711,1699866.3749978095],[3093557.2815192193,1699865.6899598092],[3093529.4213387221,1699865.6528863907],[3093242.2250627279,1699865.2713254839],[3092749.2499988079,1699864.6161430627],[3092685.0378568918,1699864.5292009711],[3092506.1878208816,1699864.2877316475],[3091688.9742322266,1699863.153875649],[3091398.0000766367,1699862.7500050664],[3091139.1984288841,1699865.4330705553],[3089941.6785142273,1699877.8474158049],[3089429.443318218,1699883.1577726454],[3088834.6669487208,1699889.3237708062],[3088781.7815558016,1699889.8719980568],[3088782.2349669635,1700931.8482605666],[3088782.2425128818,1700953.0001211464],[3088782.2497307211,1701022.1994578093],[3088782.2644944638,1701154.25004673],[3088782.2884445488,1701255.9571923912],[3088782.3973682225,1701618.374446556],[3088782.4016333073,1701668.4688345641],[3088782.3852291405,1702471.5000368953],[3088782.2503868937,1702514.6974570602],[3088782.0748623013,1702548.7672708035],[3088781.508262381,1702649.7634598911],[3088780.7959934771,1702772.0716142207],[3088774.0305870473,1703723.89910689],[3088773.7500758022,1703763.3750778139],[3088770.4695705473,1704223.8052593172],[3088769.6464094669,1704339.3184797317],[3088767.7500877976,1704605.5000339746],[3088764.0000953078,1705150.4999282211],[3088750.2583248913,1705773.7145610601],[3088748.077554971,1705872.6202031374],[3088563.999839142,1705727.5000865608],[3088454.0000591427,1705689.0001635551],[3088246.2501465529,1705569.3750747293],[3088174.7499614656,1705548.7501159757],[3088042.7498973906,1705492.2499008924],[3087925.7501313835,1705426.2500328869],[3087861.249932304,1705394.6250961423],[3087724.9998767227,1705317.6249220669],[3087576.4998456389,1705221.3751145601],[3087533.7499311417,1705189.7498497218],[3087436.5001256317,1705105.8750174791],[3087310.250050053,1705014.7498716414],[3087234.7498729676,1704973.2499546409],[3087028.4999573827,1704906.8750873953],[3086901.2498838007,1704869.2501626462],[3086778.5001292974,1704834.1249048114],[3086697.4999632239,1704819.3749343157],[3086588.4998531342,1704796.4999800622],[3086460.7501086444,1704775.8750213087],[3086241.4998909682,1704743.8750853091],[3086110.0001539737,1704737.7500975579],[3086027.643363297,1704744.3353862315],[3085980.2500853837,1704748.1250768155],[3085796.5001247972,1704885.8751293868],[3085762.3151538074,1704964.4363239706],[3085672.534821555,1704985.063579306],[3085646.0896644741,1704989.1629805565],[3085594.7639797181,1704997.5359953046],[3085468.5158726424,1704995.5868522227],[3085248.5248427987,1704966.2548898906],[3084988.2104028016,1704932.694917649],[3084911.8640988022,1704907.4941806495],[3084895.9684613049,1704902.2471438944],[3084833.8967350572,1704881.7583397329],[3084753.2089043111,1704872.7809954733],[3084616.5205293894,1704857.5726925582],[3084557.1617242247,1704842.9831548035],[3084545.5921935588,1704840.1396565586],[3084261.2912529707,1704770.2628278136],[3084053.2024303079,1704704.5300196409],[3083683.5683270544,1704615.1420750618],[3083585.4999536425,1704500.2499163896],[3083433.2499300539,1704344.9998988062],[3083433.4641684741,1704384.5936516374],[3083433.6452704668,1704418.0460125655],[3083434.4034710526,1704558.1858241409],[3083441.2499140501,1705823.6248943061],[3083445.8768732995,1706173.0014921427],[3083449.7981252968,1706469.0855456442],[3083450.002193138,1706484.4998848885],[3083450.9953013808,1706559.5000629723],[3083461.1960683912,1707329.7508190572],[3083465.9998645484,1707695.6250873059],[3083470.9998545498,1709020.0000632256],[3083475.9998445511,1710327.5000728965],[3083476.749843061,1711209.9999483079],[3083478.728841722,1712911.1409029812],[3083478.7498390526,1712929.1251189709],[3083484.0578993112,1713642.6246762276],[3083492.5001396388,1714777.3750313967],[3083493.7967249751,1714955.2811716497],[3083496.1638462245,1715280.1256663054],[3083497.1595791429,1715416.7854979783],[3083499.75012514,1715772.2500101477],[3083491.3239608854,1717091.8753236383],[3083489.6828880608,1717348.8748096377],[3083487.4095986336,1717704.8744257241],[3083487.3623546362,1717712.2694240659],[3083487.1691135615,1717742.5597178042],[3083486.5851252228,1717834.0008078963],[3083483.6717452258,1718293.4785634726],[3083482.6271278858,1718347.2369861454],[3083481.9204363823,1718383.6017428041],[3083463.8040028065,1719315.9729095548],[3083479.514929384,1722185.5632989705],[3083479.7918317169,1722236.1248776466],[3083444.7002326627,1722255.401844034],[3083408.5607504337,1722272.6343592743],[3083371.4923718069,1722287.7656864882],[3083333.6171418866,1722300.7460068143],[3083295.0597622809,1722311.5325834348],[3083255.9471805273,1722320.0899022827],[3083216.4081721306,1722326.3897889704],[3080200.7829698026,1722328.9937863946],[3080157.1660826765,1722326.4579451173],[3080113.4755623834,1722326.415872823],[3080069.8538723174,1722328.8677066991],[3080026.4432514352,1722333.8054519542],[3079983.3852504524,1722341.2130078888],[3079940.8202702822,1722351.0662203943],[3079898.8871042258,1722363.3329607144],[3079857.722485404,1722377.9732302071],[3079817.4606409045,1722394.9392907713],[3079778.2328541041,1722414.1758205076],[3079740.1670365864,1722435.6200941084],[3079703.3873110563,1722459.2021873891],[3079424.7415428907,1722711.8063409775],[3079397.1286844998,1722743.2684295189],[3079367.8523884574,1722773.1888481982],[3079336.998591945,1722801.479769086],[3079304.657862715,1722828.058147456],[3079270.9251332381,1722852.8459655514],[3079235.8994220407,1722875.7704615989],[3079199.6835430479,1722896.7643433909],[3079162.3838037853,1722915.7659858151],[3079124.1096933233,1722932.7196117479],[3079084.9735608879,1722947.5754557801],[3079045.0902860705,1722960.2899102999],[3079004.5769416122,1722970.8256534962],[3078963.5524497507,1722979.151758913],[3078922.1372331381,1722985.2437862307],[3078254.6238043904,1722983.5295508057],[3078200.415579468,1722983.3904434741],[3078193.5212363005,1722983.3727269769],[3078186.6790583879,1722983.3550104797],[3078164.4750345498,1724595.3078233153],[3078157.4916016557,1724659.0601424291],[3078148.1503401245,1724722.5098655208],[3078136.4640836786,1724785.5698206243],[3078122.4488877691,1724848.1533712666],[3078106.1240075184,1724910.1745354945],[3078087.5118712662,1724971.5481040033],[3078066.6380497534,1725032.1897572035],[3078043.5312209949,1725092.0161810655],[3078018.2231308762,1725150.9451815826],[3077990.748549541,1725208.8957976953],[3077961.1452236199,1725265.7884125216],[3077929.4538243711,1725321.5448627409],[3077895.7178918053,1725376.0885459799],[3077859.9837748641,1725429.3445260555],[3077822.3005677448,1725481.2396359271],[3077782.7200424499,1725531.7025782194],[3077741.2965776594,1725580.6640231751],[3077698.0870840219,1725628.056703907],[3077653.1509259641,1725673.8155088127],[3077223.4664178938,1726047.6408766508],[3077075.4923043847,1726186.1980142295],[3077020.0771909398,1726232.6681240783],[3076966.1479798406,1726280.8546999854],[3076913.7578151794,1726330.7102568897],[3076862.9583244096,1726382.1856650468],[3076813.7995674666,1726435.2301984436],[3076766.3299874393,1726489.7915847851],[3076720.5963628315,1726545.8160570064],[3076676.643761463,1726603.2484062565],[3076634.5154960603,1726662.0320363045],[3076601.0933048241,1726720.1836617051],[3076569.7366753644,1726779.4746069899],[3076540.4843941582,1726839.8315324252],[3076513.3726447145,1726901.1797797182],[3076488.4349628203,1726963.4434643625],[3076465.7021950553,1727026.545569506],[3076445.2024606396,1727090.4080412143],[3076426.9611166506,1727154.9518850204],[3076411.0007266556,1727220.0972636361],[3076397.3410328049,1727285.7635957075],[3076385.9989314112,1727351.8696554885],[3076376.9884520471,1727418.3336733133],[3076286.7547086328,1728200.3590121418],[3076269.8513179673,1728305.3316622854],[3076250.4357962445,1728409.8688298878],[3076228.5193075323,1728513.9104053115],[3076204.1144539714,1728617.3965638876],[3076191.1490517831,1728668.9539294415],[3076177.4094548821,1728720.3104000539],[3076145.210372299,1728822.4814555645],[3076060.6071950495,1728820.2511450648],[3075634.7084405571,1728809.3892901391],[3075497.3438858837,1728805.9024204761],[3075460.1648263931,1728805.1104273051],[3075263.1163359731,1728803.1514417231],[3072834.7488173842,1728782.7587659806],[3072833.3620091379,1728848.6162458062],[3072803.9998631328,1728849.1251030564],[3072792.4142563939,1730097.1396673918],[3072783.1012828946,1730097.1340899765],[3070843.102538228,1730096.002202481],[3070843.102538228,1729436.0038505644],[3070183.1025458872,1729436.0038505644],[3070202.9440416396,1729155.4496216476],[3070229.7215471417,1728776.8230823129],[3068927.2044671327,1728773.8532719761],[3068926.8681817204,1728785.3338920623],[3068888.5329565555,1730093.8624429703],[3068853.9923432171,1730093.8345558941],[3068199.3601223081,1730093.3089663982],[3067582.3183773905,1730092.8132324815],[3067539.9487114698,1731414.7459560633],[3066179.3677712232,1731405.6583758146],[3066166.6371536404,1731405.573402226],[3066158.8359881341,1732696.5120933056],[3066158.6197812259,1732732.2945020646],[3067495.9737337977,1732741.9749289006],[3067517.9753302187,1732742.1340493113],[3067495.991122216,1734069.5414994806],[3064834.8976911306,1734048.698037222],[3062904.1951877177,1734033.5753640532],[3062872.8999747187,1734033.3302858174],[3062873.03776972,1734378.8443585634],[3062746.3739810586,1734505.2489613891],[3061563.0426862985,1735688.4034192264],[3061239.8005506396,1736011.5648463964],[3061104.764075309,1736146.5721223056],[3060663.191139549,1736588.0390871465],[3059294.9048341364,1736428.2808764726],[3059047.2908280492,1736399.3698450625],[3059835.252506718,1738075.5895897299],[3060199.449941054,1738850.341321066],[3060339.4250548035,1739148.108770147],[3059630.4999634773,1739062.7500169724],[3059526.503452301,1739062.8999510556],[3059259.2497217208,1739063.2851208895],[3059157.9858166426,1739063.4153699726],[3058704.4998469651,1739063.9987021387],[3057776.2500630468,1739065.2500119805],[3057256.2993313074,1739005.1713919789],[3055230.749904722,1738771.124944061],[3052724.74999547,1738530.8750964701],[3050227.5000687242,1738555.5000472218],[3047648.7499768883,1738579.9999982268],[3044811.0000749677,1738552.6250529736],[3044813.0000709742,1741335.7500641495]],[[3078925.391491726,1713075.0644596368],[3078854.4999012202,1713077.5995595604],[3078204.9998878837,1713100.9991190583],[3078204.499888882,1713358.3749166429],[3078203.9998898804,1713880.8748558909],[3078203.9998898804,1714026.181979984],[3078203.9998898804,1714046.9998517334],[3078203.9001525491,1714118.6998395622],[3078202.3722684681,1715431.224773556],[3078200.1721416414,1715607.4734368175],[3078199.3811327219,1715674.1215974838],[3078200.7328360528,1715677.9736238867],[3078200.7981246412,1717047.7504118979],[3078209.1107720584,1717047.8061860651],[3079262.3432456404,1717054.842261225],[3079533.2134388089,1717056.6545935571],[3079530.6199400574,1715726.5401278138],[3080859.9955621362,1715746.0738813877],[3080856.2035749704,1715195.7501788884],[3080853.5470842272,1714813.0954324007],[3080852.3640157133,1714642.7106025666],[3080849.1396127194,1714178.2938804775],[3080842.7515021414,1713258.1776104718],[3080841.0001932979,1713005.9458314776],[3080840.999865219,1713005.874965474],[3078925.391491726,1713075.0644596368]]]},"properties":{"OBJECTID":10,"Articulation Area":"Golden","Shape_Length":337377.36210009642,"Shape_Area":3315276152.2434697}},{"type":"Feature","id":11,"geometry":{"type":"Polygon","coordinates":[[[3101675.3938918859,1686881.1171757281],[3101515.8377805501,1686882.7805582285],[3101080.312076807,1686887.3209034801],[3100665.3880378902,1686884.074846983],[3100456.3546632975,1686878.1260399818],[3100441.3740502149,1686877.6998597234],[3100376.5831693113,1686865.9767860621],[3100371.2610014677,1686865.0138614774],[3100358.4309746325,1686858.1080354005],[3100329.9251261353,1686842.7648902237],[3100297.5734848082,1686825.3515392244],[3100292.5941640586,1686822.671426475],[3100288.5879384726,1686820.5149347335],[3100047.0959673822,1686629.7318517268],[3100039.7016252279,1686623.7859974802],[3099732.6343259662,1686376.8740897328],[3099324.129237473,1686048.3964002281],[3099200.7781062275,1686037.5591515601],[3099205.2498820573,1685784.1249471456],[3099210.7498710603,1684804.2499383986],[3099219.615010798,1684056.0473665595],[3097526.8834881335,1684069.4761454761],[3097460.4246315509,1684070.0033753961],[3097436.9975130558,1684070.1890705675],[3097407.0572842211,1684070.4266029],[3097289.2438715547,1684071.3613123149],[3094108.3434092253,1684096.5958418995],[3094120.4536212236,1678774.9309603125],[3094120.5697627217,1678723.8946450651],[3091492.4998876303,1678684.7500383109],[3088841.4999403059,1678695.7500163168],[3087047.749918893,1678695.0000178069],[3086986.4675611407,1678694.9747553915],[3086911.8331959695,1678694.9445717335],[3086703.2499517202,1678694.8559892327],[3086234.4999049753,1678694.6250185668],[3086214.006835714,1678694.6010684818],[3086160.5000529736,1678694.5384045541],[3085754.4998807162,1678694.1673423052],[3085665.8406092227,1678694.0899146497],[3085134.7501359731,1678693.6250205636],[3085070.0255278945,1678693.5666217208],[3084966.2947642207,1678693.4727898985],[3083614.4998956323,1678692.2500233054],[3084618.5743310601,1677349.7500836402],[3084908.499932304,1677349.7500836402],[3084905.9428507984,1676899.8569545597],[3084900.7909582257,1675993.4608014822],[3084900.7499478012,1675986.2498578876],[3085686.0580884665,1673406.3947813958],[3085692.2352414727,1673392.8803727329],[3086139.6838216335,1672413.937776804],[3086156.0000619739,1671923.0001103878],[3086283.5001350492,1671733.5001613051],[3086317.250067547,1671612.875074476],[3086476.250077635,1671314.0000160635],[3086525.9317367971,1671292.3678414822],[3086536.4674768895,1671288.5355000645],[3086553.1288608909,1671283.0843954831],[3086672.6525719762,1671243.979814887],[3086735.2498877198,1671223.4998689741],[3086746.9998642206,1670761.8751360625],[3086760.7239181399,1670184.9238621444],[3086778.7501288056,1669427.1248528063],[3086635.0000882149,1668125.1251602322],[3086666.5000252277,1667707.7500107288],[3087356.9999565482,1665476.2498805672],[3087490.500017643,1665477.2498785555],[3087502.7499931306,1664105.1249981374],[3087503.0971053094,1664088.1434048116],[3087507.0432916433,1663895.022071898],[3088442.0322353095,1662663.8175133169],[3088489.0728236437,1662601.8737395555],[3088531.8386857673,1662594.8808850697],[3088574.8975172439,1662590.0068714323],[3088618.1444049627,1662587.2635742077],[3088661.4739776147,1662586.6576774563],[3088704.7806624263,1662588.1906574492],[3088747.9589423924,1662591.8587790716],[3088790.9036133653,1662597.6531049223],[3088833.5100403884,1662605.5595170902],[3088875.6744126379,1662615.5587515533],[3089921.817005381,1663048.6251426488],[3090247.597193718,1663183.4867495596],[3090278.1647519865,1663196.8702306703],[3090309.6326476163,1663207.9726957027],[3090341.8309319695,1663216.7341835832],[3090374.5857117982,1663223.1073761515],[3090407.7200883911,1663227.057853712],[3090441.0551129482,1663228.5642809235],[3090474.4107530299,1663227.6185220261],[3090507.6068648589,1663224.225684779],[3090540.4641662221,1663218.4040928755],[3090572.8052047193,1663210.1851869822],[3091467.3257253915,1662996.2699323893],[3091958.2240218073,1662913.2077625543],[3092064.8067745119,1662906.6003650292],[3092171.5043651857,1662902.2225778489],[3092278.2701575994,1662900.0763144912],[3092385.0574857146,1662900.1625130624],[3092486.7369833621,1662902.3200964341],[3092588.3533676816,1662906.5017044528],[3092689.8663525842,1662912.7056793084],[3092791.2356929732,1662920.9295614187],[3092892.4212007001,1662931.1700904032],[3092993.3827604982,1662943.4232063766],[3093094.080345884,1662957.6840515584],[3093143.9507025322,1662970.3848686849],[3093193.1472837497,1662985.486511789],[3093241.5545837306,1663002.9535245968],[3093289.0589497788,1663022.7448973202],[3093335.5488491431,1663044.814162941],[3093380.9151308793,1663069.1095063081],[3093425.0512821213,1663095.5738857912],[3093467.8536781552,1663124.1451672059],[3093509.2218257128,1663154.7562696945],[3093549.0585989151,1663187.3353232215],[3093587.2704673093,1663221.8058373134],[3093623.7677154606,1663258.0868806457],[3093658.464653594,1663296.0932710569],[3093691.2798187765,1663335.7357755434],[3093722.1361661814,1663376.9213197636],[3093750.9612499774,1663419.553206563],[3094558.3769579679,1664695.6809036434],[3094606.8313061413,1664757.3851194868],[3094657.2971233283,1664817.4553734018],[3094709.7193473973,1664875.8261240688],[3094764.0407816241,1664932.4336844587],[3094820.2021570993,1664987.21629132],[3094878.1421973933,1665040.1141725678],[3094937.7976854159,1665091.0696124989],[3094999.1035323893,1665140.0270147652],[3095061.9928488662,1665186.9329630325],[3095126.3970177104,1665231.7362792629],[3095192.2457689643,1665274.3880795538],[3096709.0786933005,1666338.700255394],[3096711.6630057245,1666340.4459868073],[3098434.0010964721,1667503.9571112245],[3098824.6804332137,1667737.1758048981],[3098903.9519010349,1667776.5242765991],[3098984.1230067429,1667814.0057606318],[3099065.1497868006,1667849.5997032244],[3099146.9878084422,1667883.2865856783],[3099229.5921940426,1667915.0479350728],[3099312.9176457226,1667944.8663343936],[3099316.3549748063,1667946.1028804779],[3099418.5995116481,1667985.8936522761],[3099521.7040893952,1668023.3996102274],[3099625.6176575297,1668058.6021838803],[3099730.288764976,1668091.4839432652],[3099835.6655855747,1668122.0286075256],[3099941.6959437444,1668150.2210529789],[3100048.327340316,1668176.0473206043],[3100155.5069785253,1668199.4946229544],[3100263.1817901568,1668220.5513504874],[3100371.2984618167,1668239.2070773146],[3100479.8034613323,1668255.4525663629],[3100588.6430642563,1668269.2797739485],[3100697.7633804684,1668280.6818537593],[3100807.1103808577,1668289.6531602452],[3100916.6299240752,1668296.1892514124],[3101026.2677833387,1668300.2868910246],[3101135.9696732843,1668301.9440502033],[3101245.6812768457,1668301.1599084339],[3101355.3482721448,1668297.934853971],[3101468.7949471413,1668290.1590029355],[3101582.040685805,1668279.8626636979],[3101695.02949645,1668267.0509270409],[3101807.7055144231,1668251.7301274252],[3101920.0130297239,1668233.9078398591],[3102031.8965145499,1668213.5928761526],[3102143.3006507494,1668190.7952805602],[3102254.1703571742,1668165.5263248158],[3102364.4508169121,1668137.7985025586],[3102474.0875043902,1668107.6255231565],[3102583.0262123332,1668075.0223049279],[3102691.2130785654,1668040.0049677654],[3102798.5946126422,1668002.5908251656],[3102905.1177222957,1667962.7983756689],[3103010.7297396855,1667920.6472937141],[3103115.3784474405,1667876.1584199094],[3103219.0121044735,1667829.3537507299],[3103321.5794715676,1667780.2564276406],[3103423.0298367059,1667728.8907256552],[3103523.3130401475,1667675.2820413338],[3103622.3794992268,1667619.4568802267],[3104473.7639513016,1667063.758516565],[3104533.026054787,1667026.8332176532],[3104593.5749307112,1666992.058108256],[3104655.3325984925,1666959.4779750544],[3104718.2195207542,1666929.1347778321],[3104782.1547057582,1666901.0675954334],[3104847.055811713,1666875.3125754364],[3104912.8392528249,1666851.9028875963],[3104979.4203069429,1666830.8686811279],[3105046.7132246764,1666812.2370458755],[3105114.631339828,1666796.0319774251],[3105183.0871810126,1666782.2743461991],[3105251.9925843105,1666770.9818705791],[3105321.2588068126,1666762.1690940855],[3105390.7966409135,1666755.8473666466],[3105460.5165291997,1666752.0248299828],[3105530.3286797926,1666750.7064071186],[3105600.143181988,1666751.8937960442],[3105669.8701220537,1666755.5854675272],[3105739.4196990277,1666761.7766670834],[3105808.7023403742,1666770.4594210996],[3105877.6288173413,1666781.6225471019],[3105946.1103598801,1666795.2516681587],[3106014.0587709695,1666811.3292313963],[3106023.6365077198,1666814.2176770568],[3106089.8370346078,1666834.2419811315],[3106155.4338433463,1666856.1632310322],[3106220.3725902187,1666879.9632660856],[3106284.5994766797,1666905.6223691378],[3106348.0612939247,1666933.1192828889],[3106410.7054669722,1666962.4312275038],[3106472.4800982177,1666993.5339194834],[3106692.0648207264,1667098.9286128113],[3106910.5936015411,1667206.4956323686],[3107128.0449507432,1667316.2244001138],[3107344.3974843682,1667428.1041254215],[3107559.6299265069,1667542.1238061427],[3107773.7211114001,1667658.2722296868],[3107986.6499855183,1667776.5379741255],[3108198.3956096321,1667896.9094093144],[3108765.5158664733,1668244.1701977253],[3108738.3380993009,1668317.8895384818],[3108727.5858242214,1668347.0545063913],[3108699.4241627236,1668423.8076803542],[3108668.9992808155,1668499.6921679166],[3108636.3379284926,1668574.6412503403],[3108601.4688220881,1668648.5890313094],[3108564.4226190238,1668721.4704948666],[3108525.2318908572,1668793.2215625762],[3108483.9310946418,1668863.7791498627],[3108440.556542635,1668933.0812214762],[3107887.1409828067,1669642.4905638099],[3107826.1846875376,1669705.0275119483],[3107767.0754243121,1669769.3130843295],[3107709.8633325766,1669835.292750702],[3107654.5969425002,1669902.9105437996],[3107601.3231338114,1669972.1091068136],[3107550.0870960299,1670042.8297420472],[3107500.9322901363,1670115.0124607061],[3107453.900411706,1670188.5960337829],[3107409.0313555403,1670263.5180439949],[3107366.3631818262,1670339.7149387305],[3107325.9320838517,1670417.1220839561],[3107287.7723573046,1670495.6738190439],[3107251.9163711816,1670575.3035124664],[3107218.3945403313,1670655.9436183185],[3107187.2352996538,1670737.5257336125],[3107158.4650799823,1670819.9806563004],[3107132.1082856623,1670903.2384439758],[3107108.1872738497,1670987.2284732012],[3107086.7223355491,1671071.8794994156],[3107067.7316783983,1671157.119717367],[3107051.2314112275,1671242.8768220216],[3107037.2355303913,1671329.0780698955],[3107014.3967814595,1671485.3869566347],[3106993.9233436882,1671642.0232068205],[3106975.8198951418,1671798.9510299659],[3106960.0905723544,1671956.1345689611],[3106946.7389693861,1672113.5379082668],[3106935.7681370019,1672271.1250821205],[3106927.1805819743,1672428.8600827549],[3106920.9782665106,1672586.7068686243],[3106917.1626078039,1672744.6293726414],[3106910.5822403878,1673563.2215674818],[3106788.5696891397,1673562.3524747342],[3106632.2330595553,1673561.2389598936],[3106338.8635675609,1673559.1497252285],[3106240.9175692201,1673558.6297131479],[3106014.8133626431,1673557.4295843095],[3105981.00011006,1673557.250122726],[3105662.5000908822,1673555.5001262277],[3104755.0009216368,1673550.7281541377],[3104561.9698116332,1673549.7511219829],[3104323.0365624726,1673548.6966621429],[3104322.7002770603,1673582.3199544698],[3104319.8403746337,1673868.3295530528],[3104319.5644565523,1673895.918736726],[3104322.6002079146,1673923.3456759891],[3104328.0880788583,1673950.3889016872],[3104335.983672699,1673976.8296350653],[3104346.2231143564,1674002.4539715096],[3104358.723567104,1674027.0546110291],[3104373.3839027137,1674050.4325353056],[3104446.3004235476,1674156.33553873],[3104461.5779837081,1674181.2805709825],[3104474.777763553,1674207.3846758432],[3104485.8124397588,1674234.47516125],[3104494.6090122736,1674262.3728097263],[3104501.1092872526,1674290.8930639983],[3104505.2702620379,1674319.8472479337],[3104507.0644096434,1674349.0438147336],[3104506.3557496369,1674472.3276888877],[3104505.3281926364,1674651.127200067],[3104505.3281926364,1675706.7025167197],[3104505.3281926364,1675891.5984723866],[3104505.3281926364,1676123.3493212312],[3104505.3281926364,1676842.0991960615],[3104500.1434917152,1677517.8580151498],[3104500.1198697239,1677520.9187045544],[3104496.4046540558,1677740.5567167252],[3104491.0057147145,1678059.7338998914],[3104491.4394408911,1678161.5437356383],[3104490.4972662148,1678190.4731233597],[3104487.1309914077,1678219.2214339359],[3104481.3643590743,1678247.5859032348],[3104473.2380417334,1678275.366474387],[3104462.8093549511,1678302.367208804],[3104450.1518530888,1678328.3976681479],[3104435.3548105182,1678353.274257509],[3104418.5225919634,1678376.8215203136],[3104347.3422881365,1678475.7799838036],[3104332.3115600371,1678499.8467022632],[3104319.2592955381,1678525.041307163],[3104308.2695740908,1678551.2015011059],[3104299.4131887555,1678578.1587666092],[3104292.7471901714,1678605.7394516531],[3104288.3145190477,1678633.7658883035],[3104288.2019864768,1678776.56415914],[3104668.9141515493,1678786.3013443947],[3104668.9531934708,1678806.0532733947],[3104670.7527305484,1679718.8769070655],[3104669.8684817255,1679742.5640934443],[3104670.8275342449,1679766.2483690886],[3104673.6240884215,1679789.7865079117],[3104678.2412326336,1679813.036167562],[3104735.1741896421,1680008.063664645],[3104702.2989270459,1680019.1130445078],[3104668.7383099999,1680027.8627113365],[3104634.6529999855,1680034.2707787005],[3104600.2061702958,1680038.3065698817],[3104565.5627248925,1680039.9507647292],[3104530.8885089755,1680039.1954921484],[3104528.254984051,1680443.3767703921],[3104527.6959300488,1680529.204026565],[3104524.5000703037,1681431.5001222342],[3104522.9912150502,1681875.3069773912],[3104522.9767793864,1681908.3302053064],[3104522.6017801315,1682760.5306006372],[3104276.5632302165,1682757.3458957225],[3104270.2138334662,1682757.2635468096],[3104111.412313804,1682755.2081047297],[3104106.5789901316,1683980.0458781421],[3104036.9334351555,1683960.5651651851],[3103967.9242678853,1683938.937952284],[3103899.6176269422,1683915.1849670333],[3103832.0789776449,1683889.3289743757],[3103765.3730492657,1683861.3947547826],[3103699.5637729941,1683831.4090805054],[3103634.7142206659,1683799.4006899174],[3103570.8865443133,1683765.4002599691],[3103508.1419166001,1683729.4403767888],[3103446.5404721913,1683691.5555044517],[3103386.1412501223,1683651.781951949],[3103327.0021372139,1683610.1578383893],[3103295.0496272235,1683586.7793067642],[3103263.5767391324,1683562.7589830607],[3103254.7631854103,1683590.1314765422],[3103247.6645554998,1683617.9979722314],[3103242.3081903988,1683646.2511398681],[3103238.7147206189,1683674.782159891],[3103236.897986725,1683703.4811425656],[3103199.3547547162,1684337.2679327279],[3103154.3128500581,1685425.1614262313],[3103153.1537726093,1685482.5434393776],[3103154.5560330544,1685539.920024836],[3103158.51683862,1685597.1769101208],[3103165.0283008777,1685654.2000611431],[3103174.077451454,1685710.8759093245],[3103185.6462678588,1685767.091577783],[3103199.7117093801,1685822.7351061404],[3103262.9379608929,1686027.8114676476],[3103299.474305138,1686143.9588731378],[3103369.5525770485,1686580.4448768049],[3103374.2848510593,1686616.0514328927],[3103281.5278187245,1686623.7922310531],[3103264.7077913634,1686626.3902620452],[3103248.0465864688,1686629.8640693128],[3103231.5895716534,1686634.2040716908],[3103215.3819536418,1686639.3984990567],[3103194.2364447964,1686647.6286190751],[3103173.7158103031,1686657.3121607737],[3103153.9198062271,1686668.4020499736],[3102946.8867557198,1686775.0553799719],[3102835.7675553858,1686832.2987038046],[3102817.1345298081,1686842.4908649742],[3102797.7785340897,1686851.2324449939],[3102777.8122907281,1686858.4725359827],[3102757.3519722805,1686864.1689141344],[3102736.5168392737,1686868.2884514411],[3102715.4282291383,1686870.80715698],[3102625.4352988899,1686881.7969643921],[3102617.6790807992,1686882.7441409826],[3101921.0535055548,1686881.3858759701],[3101692.3928736448,1686880.9400107265],[3101675.3938918859,1686881.1171757281]]]},"properties":{"OBJECTID":11,"Articulation Area":"Green Mountain","Shape_Length":92297.996555493359,"Shape_Area":330041430.77856541}},{"type":"Feature","id":12,"geometry":{"type":"Polygon","coordinates":[[[3125649.5001430511,1692709.2498763949],[3125649.4693032205,1692739.0467328131],[3125649.4650381356,1692743.2927873135],[3125649.3049334735,1692899.6425402313],[3125649.2501435578,1692953.2500445545],[3125649.2501435578,1692971.0410194695],[3125649.2501435578,1692979.7755820602],[3125649.2501435578,1693006.6249378175],[3125649.2416133881,1693015.8529377282],[3125649.219631806,1693039.5179166496],[3125649.1586083025,1693105.1057119817],[3125649.1536870599,1693110.5499268174],[3125649.1317054778,1693134.2270448059],[3125649.053293556,1693218.736390233],[3125648.9722569734,1693306.2742728889],[3125648.8180578053,1693472.2654107213],[3125648.7501445562,1693545.4998443127],[3125648.7389897257,1693557.1264614761],[3125648.6198954731,1693682.8151864707],[3125648.5575596392,1693748.4482573122],[3125648.1422061324,1694186.6038770676],[3125647.6284276396,1694729.0056793988],[3125647.5851206332,1694774.4904965609],[3125647.5680603087,1694792.6236623973],[3125647.3872863948,1694863.8971418887],[3125647.0362372249,1694936.4773773104],[3125643.1694470495,1695536.2058366388],[3125642.6947104633,1695609.8142852336],[3125642.1235173941,1695698.4122051448],[3125642.0090163052,1695716.1582326442],[3125641.8118382245,1695746.7562685609],[3125640.5011453032,1695950.0143922269],[3125640.1560016423,1696003.5612011403],[3125639.9256871343,1696039.2589643896],[3125639.2281819731,1696147.4447716475],[3125638.997867465,1696183.1910912246],[3125637.3909153044,1696425.7227583975],[3125636.9798268825,1696487.7957969755],[3125636.0828470588,1696623.171182394],[3125635.9926241338,1696636.7899215668],[3125630.7173722237,1697433.0586702228],[3125630.6438815594,1697444.146246478],[3125630.2498534769,1697503.6251301467],[3125630.2219663858,1697507.9682973176],[3125630.0553000569,1697533.8271694779],[3125629.8574658036,1697564.5482366383],[3125629.7836470604,1697576.0229512304],[3125629.3449996412,1697644.1258333921],[3125628.9526119679,1697705.0292548984],[3125625.9001246393,1698178.9374278039],[3125622.540223226,1698700.5613845587],[3125621.698033303,1698831.3324484825],[3125621.1576800495,1698915.2148266435],[3125620.8558433801,1698962.1031843126],[3125618.3263208866,1699354.7795643061],[3125617.7446291447,1699445.0779401362],[3125617.481506303,1699485.9141445607],[3125613.2518559694,1700142.5981986374],[3125612.9998879731,1700174.0000387281],[3125611.6576990485,1700399.1245884746],[3125611.1494979709,1700484.3626069725],[3125608.647206381,1700903.9956259727],[3125607.9825095534,1701015.4606261402],[3125607.8880215585,1701031.3264080584],[3125607.7498984635,1701054.4999181479],[3125606.0038389713,1701350.5842997283],[3125605.7499024719,1701393.6248960644],[3125605.4999029636,1701425.7501598895],[3125605.4999029636,1701449.3423043042],[3125605.4999029636,1701459.2500928938],[3125605.4808741361,1701462.4147847295],[3125604.6770699769,1701595.007039234],[3125602.2653293908,1701992.7844588906],[3125601.4592286348,1702125.7431824803],[3125600.6685478091,1702256.1481053978],[3125598.9093649685,1702546.3164883107],[3125598.6646147966,1702586.6674574763],[3125598.2965053022,1702647.3697638959],[3125597.9831857234,1702699.0530594736],[3125597.5012312979,1702778.547323063],[3125549.9996858835,1702778.3967328072],[3125274.8781888932,1702777.5240311474],[3125129.5710648,1702777.0630740672],[3124953.4490417242,1702776.5043481439],[3124940.6026107222,1702776.4633377194],[3124627.6951000541,1702775.655924648],[3124604.1206721365,1702775.573903814],[3124600.1498795599,1702775.5601243079],[3124284.4999203086,1702775.5000850558],[3124275.1702145487,1702775.4912268072],[3123625.9999249727,1702774.8750863075],[3123621.2069555521,1702774.8386690617],[3123283.0475268811,1702772.2717450559],[3123263.7499933094,1702772.1250918061],[3123062.4167345613,1702767.7674889714],[3122980.5632237196,1702765.1818642318],[3122970.1787300557,1702764.9272715598],[3122952.7493029684,1702764.8987283111],[3121689.0999273807,1702762.819664225],[3121692.4342382997,1702073.9421049803],[3121692.5559572279,1702048.7607248873],[3121691.9923100471,1701964.1299886405],[3121688.5658077151,1701449.497159645],[3121688.519876048,1701442.5801787227],[3121682.3876704723,1701442.5296538919],[3117681.4068273008,1701409.5343130529],[3117662.5712350607,1701409.359444648],[3117686.5669219643,1700140.5391476452],[3117686.7483520508,1700095.9319534004],[3117687.3782720566,1700088.2305252254],[3117710.4605749696,1699805.961076647],[3117714.299958677,1699684.0191216543],[3117716.0622310909,1699562.0294677871],[3117715.7468811367,1699440.0274931756],[3117713.354000268,1699318.0485795229],[3117708.8842824432,1699196.1281018448],[3117702.3390239216,1699074.3014182094],[3117693.7201228887,1698952.6038594842],[3117692.531705454,1698913.1399177338],[3117692.0176984668,1698873.6614320576],[3117700.0157139748,1698009.9748392254],[3117701.2624306381,1697875.3363289833],[3117702.2253552228,1697771.3677048981],[3117705.2499554753,1697444.7499198169],[3117709.8011274636,1696793.4529940635],[3117714.4999369681,1696120.9999426454],[3117714.5245432258,1696117.3677320629],[3117718.9999279678,1695460.8749505579],[3117722.9812192172,1694801.1013357341],[3117722.9999199659,1694797.9999639839],[3117720.369019717,1694137.8244470656],[3117717.7499304712,1693480.6249740571],[3117717.5048522204,1693433.8068262339],[3117715.0448833853,1692798.6932670623],[3117712.5206102133,1692146.6994923055],[3117712.4999409765,1692141.375027895],[3117713.0048612207,1691879.7498949766],[3117712.6101769656,1691662.8526909798],[3117712.5744158924,1691641.9472209811],[3117712.4999409765,1691615.250095889],[3117712.378550142,1691584.6546846479],[3117711.9989577234,1691488.5242994726],[3117711.8342598826,1691382.9444581419],[3117711.7499424666,1691328.7500127256],[3117710.9999439716,1691011.9999900609],[3117710.7499444634,1690824.2500374764],[3117710.5724513829,1690683.7499903888],[3117710.49994497,1690575.4998788089],[3117710.49994497,1690485.5000588149],[3117709.749946475,1690383.2499352247],[3117708.1964718848,1690186.4776909798],[3117707.9999499768,1690161.6250503957],[3117707.2499514669,1690056.3749328107],[3117706.8884036392,1690000.0814102292],[3117706.6131417155,1689957.229461804],[3117706.4999529719,1689939.624838233],[3117705.3319763094,1689830.5016968995],[3117701.9199096411,1689511.7569275647],[3117701.7634138912,1689497.1276917309],[3117701.3195171356,1689455.6687851399],[3117701.1666302979,1689441.3820683062],[3120356.1928163022,1689468.7530765533],[3123002.9365385473,1689498.5223739743],[3123203.7068063021,1689500.780571565],[3124033.5680074692,1689504.2530055642],[3124568.2900351435,1689525.0862972289],[3125660.0001220554,1689539.9999813139],[3125659.9144923091,1689561.121330142],[3125659.8731538057,1689571.3276745528],[3125659.8410016447,1689579.273196727],[3125659.3482204676,1689700.9698037207],[3125658.7911349684,1689838.6352108121],[3125658.5001250505,1689910.4998964816],[3125658.0805064738,1690021.6007241458],[3125657.6881188005,1690125.4456608146],[3125656.0736207217,1690552.7866696417],[3125656.0001300573,1690572.2498853058],[3125655.9197496325,1690594.3902609795],[3125654.7248701304,1690923.0775957257],[3125652.4010558873,1691562.3909496367],[3125650.0129373074,1692219.4162103981],[3125650.0001420528,1692222.9998646379],[3125531.3698018938,1692221.8856936395],[3125478.6353273094,1692221.3906158954],[3125469.4982064664,1692221.3046580553],[3125405.1253037155,1692220.7003285587],[3125390.80807513,1692220.5658143908],[3125324.9548603892,1692219.9473773092],[3125317.2501513809,1692219.8748708963],[3125316.3895888031,1692360.3243931383],[3125316.2501533926,1692383.1248724759],[3125246.2499653101,1692382.4998737276],[3125245.7499663085,1692445.8750750571],[3125161.0175242275,1692445.316021055],[3125151.0001558065,1692445.2500763088],[3125152.5001528114,1692243.3751519769],[3125003.9486126304,1692242.1202332228],[3124989.7501502186,1692242.0001547337],[3124986.2501572222,1692709.2498763949],[3124992.5030974746,1692709.1829473972],[3125138.2498532236,1692707.6248796433],[3125315.7501543909,1692708.6248776466],[3125391.1256598085,1692708.7659534812],[3125649.5001430511,1692709.2498763949]]]},"properties":{"OBJECTID":12,"Articulation Area":"Jefferson","Shape_Length":44156.365194144732,"Shape_Area":99674806.945042029}},{"type":"Feature","id":13,"geometry":{"type":"Polygon","coordinates":[[[3117687.3782720566,1700088.2305252254],[3117686.7483520508,1700095.9319534004],[3117576.2046098858,1700094.6452105641],[3117169.5000427216,1700091.4998756498],[3117130.3449373096,1700091.2072253078],[3116700.99999547,1700087.9998826385],[3116369.0000033081,1700085.3748878986],[3115921.7771444768,1700081.9651178122],[3115262.2594346404,1700076.8568603098],[3115041.0010188818,1700075.1432810575],[3115001.1162561327,1700074.6606704742],[3114717.2503540516,1700071.2246537209],[3114040.9997380525,1700063.039630726],[3112914.568920061,1700049.4057997316],[3112823.6183145493,1700048.3050801456],[3112721.2966687977,1700047.2210928053],[3112449.412041977,1700044.3411773145],[3112393.2389259636,1700043.7460341454],[3112322.8952346444,1700043.000956893],[3112236.8416009694,1700042.0892133117],[3112230.9544736445,1700042.0268774778],[3111884.8373837173,1700038.3602181375],[3111323.0881791413,1700033.5101622343],[3111091.2644958049,1700031.489825055],[3110613.5079053938,1700027.3257913888],[3109765.8537608087,1700033.2900183052],[3109765.9456241429,1700019.9052025676],[3109784.0974907279,1697376.2556342334],[3109784.173606053,1697365.1634648144],[3109788.6634264737,1696711.2543395609],[3109789.3638843894,1696609.2538874],[3109789.6522696316,1696567.2552837282],[3109792.0633540601,1696216.1037550569],[3109792.2759520561,1696185.1284233034],[3109792.5098754764,1696151.0638588965],[3109792.5456365496,1696145.8443811387],[3109794.3993073851,1695875.8777294755],[3109796.7828328013,1695528.726520896],[3109798.2805332243,1695310.6081907302],[3109798.3888007253,1695294.8411618918],[3109800.3077601343,1695015.379778564],[3109800.9606459737,1694920.2923703045],[3109801.5702248067,1694831.4989127219],[3109802.2122838944,1694737.9662913978],[3109802.2500134706,1694732.87509422],[3109395.8246452212,1694729.9859923869],[3109323.7499862164,1694729.4735262245],[3109052.7695570588,1694727.5470208973],[3108783.5000824779,1694725.6329827309],[3108489.1821015477,1694723.5407953113],[3108309.8573289663,1694722.2658634782],[3108132.5361613035,1694721.0053673089],[3107838.2401619703,1694718.9131798893],[3107829.4993658066,1694718.8511721492],[3107591.8646704704,1694717.1618710607],[3107163.4990573823,1694714.1166015565],[3107145.586363554,1694713.989305228],[3106826.7503870577,1694711.7225774825],[3106707.6394048035,1694710.9023691416],[3105938.0999333858,1694705.6041513979],[3105849.5000449717,1694704.9942444712],[3105830.6539540589,1694704.8643234819],[3105448.0789318085,1694702.2301423997],[3105430.3506208062,1694702.1080953926],[3105251.4999286383,1694700.8767986447],[3105214.8553168923,1694700.6245025545],[3105191.9386960566,1694700.4666944742],[3105155.7504482269,1694700.2176792324],[3104719.8983015567,1694697.2170290649],[3104541.3507583886,1694695.9873727262],[3104525.0000693053,1694695.8748401403],[3104523.8360296339,1694358.7006457299],[3104523.8202816397,1694354.0874659717],[3104523.6788777262,1694313.1301988065],[3104522.7500738055,1694044.1251593977],[3104522.6496803015,1693978.6252903938],[3104522.6263863891,1693968.764089644],[3104521.7490915507,1693680.1806773096],[3104520.852111727,1693385.0939971507],[3104520.750077799,1693351.4999042302],[3104520.2149738818,1693183.8749113977],[3104518.8179950565,1692746.1559705585],[3104518.4262635559,1692623.3720953912],[3104516.7500858009,1692098.2501141429],[3104516.5000863075,1692006.7499690652],[3104514.433817476,1691439.6064183116],[3104511.7500957996,1690702.9999518991],[3104511.5555423945,1690683.5911980569],[3104511.5020648092,1690678.2486890554],[3104511.5000963062,1690652.2500533909],[3104509.9610573947,1690212.2502772212],[3104509.4065965563,1690061.3184924722],[3104497.5201373845,1689986.2887868881],[3104455.6777013838,1689876.216500476],[3104329.0585320592,1689697.8805710673],[3103973.3912643939,1689348.1194595546],[3103933.3988903016,1689308.7914542258],[3099267.9728537202,1689280.0634933114],[3099262.2897942215,1689280.0283883959],[3099261.5000976324,1689034.7500075549],[3099247.2501261383,1688483.5001258105],[3099242.250136137,1688298.2498401403],[3099217.4998575598,1687347.2501017302],[3099200.249892056,1686688.7501063943],[3099200.999890551,1686550.6250545532],[3099200.7817151397,1686045.6004740596],[3099200.7781062275,1686037.5591515601],[3099324.129237473,1686048.3964002281],[3099732.6343259662,1686376.8740897328],[3100039.7016252279,1686623.7859974802],[3100047.0959673822,1686629.7318517268],[3100288.5879384726,1686820.5149347335],[3100292.5941640586,1686822.671426475],[3100297.5734848082,1686825.3515392244],[3100329.9251261353,1686842.7648902237],[3100358.4309746325,1686858.1080354005],[3100371.2610014677,1686865.0138614774],[3100376.5831693113,1686865.9767860621],[3100441.3740502149,1686877.6998597234],[3100456.3546632975,1686878.1260399818],[3100665.3880378902,1686884.074846983],[3101080.312076807,1686887.3209034801],[3101515.8377805501,1686882.7805582285],[3101675.3938918859,1686881.1171757281],[3101692.3928736448,1686880.9400107265],[3101921.0535055548,1686881.3858759701],[3102617.6790807992,1686882.7441409826],[3102625.4352988899,1686881.7969643921],[3102715.4282291383,1686870.80715698],[3102736.5168392733,1686868.2884514409],[3102757.3519722801,1686864.1689141339],[3102777.8122907281,1686858.4725359827],[3102797.7785340897,1686851.2324449942],[3102817.1345298081,1686842.4908649744],[3102835.7675553858,1686832.2987038046],[3102946.8867557198,1686775.0553799719],[3103153.9198062271,1686668.4020499736],[3103173.7158103036,1686657.3121607744],[3103194.2364447969,1686647.6286190758],[3103215.3819536418,1686639.3984990567],[3103231.5895716534,1686634.2040716901],[3103248.0465864688,1686629.8640693128],[3103264.7077913634,1686626.3902620454],[3103281.5278187245,1686623.7922310531],[3103374.2848510593,1686616.0514328927],[3103369.5525770485,1686580.4448768049],[3103299.474305138,1686143.9588731378],[3103262.9379608929,1686027.8114676476],[3103199.7117093801,1685822.7351061404],[3103185.6462678593,1685767.091577783],[3103174.0774514545,1685710.8759093245],[3103165.0283008781,1685654.2000611431],[3103158.5168386204,1685597.1769101208],[3103154.5560330548,1685539.920024836],[3103153.1537726098,1685482.5434393776],[3103154.3128500581,1685425.1614262313],[3103199.3547547162,1684337.2679327279],[3103236.897986725,1683703.4811425656],[3103238.7147206189,1683674.782159891],[3103242.3081903993,1683646.2511398681],[3103247.6645555003,1683617.9979722314],[3103254.7631854103,1683590.1314765422],[3103263.5767391324,1683562.7589830607],[3103295.0496272235,1683586.7793067642],[3103327.0021372139,1683610.1578383893],[3103386.1412501223,1683651.7819519492],[3103446.5404721913,1683691.5555044522],[3103508.1419165996,1683729.4403767893],[3103570.8865443133,1683765.4002599695],[3103634.7142206654,1683799.4006899178],[3103699.5637729941,1683831.4090805061],[3103765.3730492652,1683861.394754783],[3103832.0789776449,1683889.3289743762],[3103899.6176269422,1683915.1849670338],[3103967.9242678853,1683938.9379522842],[3104036.9334351555,1683960.5651651854],[3104106.5789901316,1683980.0458781421],[3104111.412313804,1682755.2081047297],[3104270.2138334662,1682757.2635468096],[3104276.5632302165,1682757.3458957225],[3104522.6017801315,1682760.5306006372],[3104522.9767793864,1681908.3302053064],[3104522.9912150502,1681875.3069773912],[3104524.5000703037,1681431.5001222342],[3104527.6959300488,1680529.204026565],[3104528.254984051,1680443.3767703921],[3104530.8885089755,1680039.1954921484],[3104565.5627248925,1680039.9507647292],[3104600.2061702958,1680038.3065698817],[3104634.6529999855,1680034.2707787005],[3104668.7383099999,1680027.8627113365],[3104702.2989270459,1680019.1130445078],[3104735.1741896421,1680008.063664645],[3104678.2412326336,1679813.036167562],[3104673.6240884215,1679789.7865079117],[3104670.8275342444,1679766.2483690886],[3104669.8684817255,1679742.5640934443],[3104670.7527305484,1679718.8769070655],[3104668.9531934708,1678806.0532733947],[3104668.9141515493,1678786.3013443947],[3104789.8555107266,1678789.3528474718],[3104845.8422753811,1678790.7655743062],[3105383.504585892,1678804.3318201452],[3105449.234769389,1678796.6782921404],[3105516.2500552982,1678788.875158146],[3105605.9998757988,1678789.8751561493],[3105824.2960271388,1678792.2183273137],[3105967.0001380593,1678793.7501484007],[3106307.2501137257,1678797.3751411438],[3106601.852870971,1678800.5112897307],[3106860.4891647249,1678803.2645650655],[3107058.7499230504,1678805.37512514],[3107077.0799388885,1678805.5867388994],[3107179.5000096411,1678806.7701354772],[3107231.6039080471,1678807.3908691406],[3107591.7337652147,1678811.8216345608],[3107984.2050931305,1678816.6500369757],[3108398.7498677224,1678821.7500923872],[3108467.0522245467,1678822.5870329738],[3109020.9999355525,1678829.3750771433],[3109134.6955742985,1678836.7054430544],[3109745.8321473002,1678838.2992718965],[3109823.0019404739,1678838.5003869832],[3109841.5058404654,1678838.5486152321],[3110161.4999511391,1678839.3832592219],[3110433.6519658864,1678840.0932315588],[3110709.1510868073,1678840.8117340654],[3110984.3585416377,1678841.5295803994],[3111124.0009788871,1678841.8937528878],[3111314.9549933076,1678842.3917833865],[3111709.7744136304,1678843.4216369838],[3112117.7394769639,1678844.4856112301],[3112458.749949798,1678845.3750451505],[3112465.9162740558,1678845.3914493173],[3112546.1802211404,1678845.5758321434],[3112808.6455754638,1678846.1785212308],[3113165.0054270476,1678846.9970891476],[3113384.0000678003,1678847.5000408888],[3114071.5200182199,1678849.0882923156],[3114319.5772648901,1678849.6614538878],[3114419.558364138,1678849.8924245536],[3114473.3942144662,1678850.0167681426],[3114628.4998753816,1678850.3750351369],[3114715.9468789697,1678850.5626988113],[3115093.9956635535,1678852.5620386451],[3115091.5609571338,1679539.8913726509],[3115089.9999366403,1679980.6250712276],[3115089.749937132,1680055.3749217242],[3115089.4999376386,1680179.000002563],[3115972.5001401305,1680191.1249783039],[3115967.6573020518,1680243.226580143],[3115958.4998400509,1680341.7500051409],[3115955.4998460561,1680391.7499051392],[3115933.249890551,1680471.2500742227],[3116155.2501027137,1680589.4998377264],[3116584.2499008924,1680491.7500332296],[3117102.2498491406,1680452.2501122206],[3117445.5946348906,1680600.7265213132],[3117457.5001228899,1680605.8751330674],[3117479.8258656412,1680596.1523834765],[3117489.0286031365,1680592.1448455602],[3117575.6301359683,1680554.4313383102],[3117618.1566257179,1680535.9116903096],[3117674.2654373944,1680511.4770278931],[3117705.4999549687,1680497.8750209808],[3117705.4425403923,1680513.7929681391],[3117704.7771873921,1680698.550472647],[3117703.9796168059,1680919.9634156376],[3117702.9274535477,1681212.01532498],[3117701.8201723099,1681519.3588703871],[3117701.749962464,1681538.8749074787],[3117730.2010210603,1681539.080943808],[3117737.4726600498,1681539.3437385559],[3117735.9998939633,1681875.2498908937],[3117734.05960913,1682235.2035673112],[3117731.8840885609,1682638.8353059739],[3117731.7800861448,1682658.133823812],[3117731.6203095615,1682699.2475867271],[3117731.5947190523,1682705.8683083951],[3117729.4388834685,1683047.1159854829],[3117728.2233347148,1683239.5004432201],[3117728.2932164669,1683246.4955079705],[3117748.5090553015,1684145.7601136416],[3117748.4532811344,1684195.5129668862],[3117748.3394362181,1684296.8529873043],[3117747.3345169723,1685192.689778313],[3117721.7305655479,1686170.834475562],[3117714.0238880515,1686753.6512233168],[3117712.7574863881,1686849.4217010587],[3117712.5458726436,1686896.7483780533],[3117711.8578818887,1687050.6243826449],[3117711.3815048933,1687157.1609149724],[3117710.9635267258,1687250.6226703078],[3117707.2112376392,1688089.7036693096],[3117706.8336137235,1688174.1231198907],[3117706.7397818863,1688195.1122511476],[3117706.2525781393,1688304.0631487221],[3117703.8825041354,1688834.0361701399],[3117703.8680684716,1688837.24613747],[3117703.462229386,1688928.013672471],[3117701.5760783106,1689349.7946530581],[3117701.3021287173,1689411.0379688889],[3117701.1666302979,1689441.3820683062],[3117701.3195171356,1689455.6687851399],[3117701.7634138912,1689497.1276917309],[3117701.9199096411,1689511.7569275647],[3117705.3319763094,1689830.5016968995],[3117706.4999529719,1689939.624838233],[3117706.6131417155,1689957.229461804],[3117706.8884036392,1690000.0814102292],[3117707.2499514669,1690056.3749328107],[3117707.9999499768,1690161.6250503957],[3117708.1964718848,1690186.4776909798],[3117709.749946475,1690383.2499352247],[3117710.49994497,1690485.5000588149],[3117710.49994497,1690575.4998788089],[3117710.5724513829,1690683.7499903888],[3117710.7499444634,1690824.2500374764],[3117710.9999439716,1691011.9999900609],[3117711.7499424666,1691328.7500127256],[3117711.8342598826,1691382.9444581419],[3117711.9989577234,1691488.5242994726],[3117712.378550142,1691584.6546846479],[3117712.4999409765,1691615.250095889],[3117712.5744158924,1691641.9472209811],[3117712.6101769656,1691662.8526909798],[3117713.0048612207,1691879.7498949766],[3117712.4999409765,1692141.375027895],[3117712.5206102133,1692146.6994923055],[3117715.0448833853,1692798.6932670623],[3117717.5048522204,1693433.8068262339],[3117717.7499304712,1693480.6249740571],[3117720.369019717,1694137.8244470656],[3117722.9999199659,1694797.9999639839],[3117722.9812192172,1694801.1013357341],[3117718.9999279678,1695460.8749505579],[3117714.5245432258,1696117.3677320629],[3117714.4999369681,1696120.9999426454],[3117709.8011274636,1696793.4529940635],[3117705.2499554753,1697444.7499198169],[3117702.2253552228,1697771.3677048981],[3117701.2624306381,1697875.3363289833],[3117700.0157139748,1698009.9748392254],[3117692.0176984668,1698873.6614320576],[3117692.531705454,1698913.1399177338],[3117693.7201228887,1698952.6038594842],[3117702.3390239212,1699074.3014182094],[3117708.8842824427,1699196.1281018448],[3117713.3540002676,1699318.0485795231],[3117715.7468811362,1699440.0274931756],[3117716.0622310904,1699562.0294677871],[3117714.2999586766,1699684.0191216543],[3117710.4605749696,1699805.961076647],[3117687.3782720566,1700088.2305252254]]]},"properties":{"OBJECTID":13,"Articulation Area":"Lakewood","Shape_Length":80780.966194490204,"Shape_Area":265672669.16667634}},{"type":"Feature","id":14,"geometry":{"type":"Polygon","coordinates":[[[3113355.3849675506,1739284.2023299783],[3113102.8926903903,1739287.8620995581],[3113011.2173487991,1739281.6616526395],[3112943.8516698927,1739269.0419272333],[3112861.3987507969,1739232.5026302338],[3112815.1472028941,1739202.345866397],[3112774.257848978,1739159.0513335615],[3112738.178852886,1739118.1619796455],[3112708.2592933029,1739063.0085466504],[3112670.8318747133,1738942.5783413053],[3112675.9240561426,1738851.9161210656],[3112276.5226239711,1738858.1762791425],[3112011.5533376336,1738858.5939292312],[3111761.4039035589,1738853.5227451473],[3111606.0410253108,1738855.4902608991],[3111529.418803215,1738855.6149325669],[3111470.8956263065,1738853.2743860632],[3111390.4984773844,1738804.6570292264],[3111179.0815773904,1738687.7717643082],[3111047.7757376432,1738606.2174654752],[3111033.6940728873,1738597.4714199752],[3110980.7499530613,1738617.1249239743],[3110818.2499499768,1738616.6249249727],[3110513.4999033064,1738630.1248979717],[3110500.4326722175,1738593.4766773134],[3110404.7501208037,1738325.124851808],[3110288.750024721,1738129.1249157339],[3110152.4999691397,1737868.6251086444],[3110023.1081675589,1737262.2175288051],[3110012.4999210536,1737212.500108555],[3109887.2550927997,1737138.7502560616],[3109819.7499784678,1737099.0000074804],[3109685.7499183863,1736892.1250931472],[3109614.5000608861,1736597.500026226],[3109617.0000558943,1736439.5000141412],[3109546.2498693019,1736254.2500565648],[3109484.4999928027,1736178.4998799711],[3109484.5459244698,1736173.1517935544],[3109484.6187589765,1736164.3112600595],[3109485.530174464,1736053.4469804764],[3109485.7227593809,1736030.0402031392],[3109487.2975593805,1735825.3834602237],[3109487.3415225595,1735819.9986284822],[3109487.693555966,1735816.4438455552],[3109488.3303657174,1735807.1374337226],[3109488.986860469,1735782.73689197],[3109489.3146157265,1735754.9305171371],[3109488.9983433932,1735725.7662054002],[3109488.3585808873,1735666.8079899698],[3109487.7670466304,1735612.2608549744],[3109487.892046392,1735590.3163450658],[3109489.2499833107,1735352.249892056],[3109489.4287887216,1735287.9058606476],[3109489.8454545587,1735137.9698088169],[3109490.3930256367,1734940.8514366448],[3109491.0006359667,1734722.1415722221],[3109491.7499783039,1734452.3750513941],[3109490.3267527968,1733782.6696978956],[3109490.249981299,1733746.5001508147],[3109489.6791163087,1733629.9836515635],[3109487.3654726446,1733375.4401973933],[3109485.7414601445,1733166.524276644],[3109488.1354842186,1733022.0704973042],[3109488.5967693925,1732930.4381346405],[3109487.5390287191,1732408.3755304813],[3109487.3192128837,1732299.8727947325],[3109487.0380454659,1732161.124712646],[3109486.9999878109,1732142.3750782311],[3109493.917296797,1731801.5742506385],[3109509.7086037993,1731122.9433900565],[3109514.2653532177,1730696.5964737236],[3109515.477949217,1730560.6292259842],[3109519.8703288883,1730068.1416938901],[3109520.1291866302,1730039.1207545549],[3109520.4254458845,1729978.0575564802],[3109532.5556709766,1729691.1175135672],[3109542.1458748877,1729259.6134553105],[3109546.9956027269,1729212.601410225],[3109557.4263561368,1729111.4867830575],[3109571.6907633096,1728973.2354191393],[3109571.5221284777,1728861.4685823172],[3109570.9128777236,1728457.2932095528],[3109586.38725622,1728188.7904657274],[3109583.6828653067,1728070.5397179723],[3109594.9859922975,1727863.2875078171],[3109594.9850080609,1727748.0990898907],[3109594.9833676368,1727517.5342623144],[3109594.9820553064,1727406.4180147201],[3109594.9817272276,1727379.9403773993],[3109594.9817272276,1727363.7829293907],[3109595.2642069757,1727355.6851765662],[3109595.8819878846,1727337.9683484733],[3109596.7569861412,1727312.8775193989],[3109600.0000898838,1727190.3751397282],[3109610.0614214689,1726961.3286818117],[3109622.0020143837,1726710.7875162214],[3109617.7661304772,1726514.2974236459],[3109615.8727615476,1726426.4783735573],[3109621.676555723,1726293.6010146439],[3109651.1627172232,1725618.5167348981],[3109649.8467749655,1724984.0596704781],[3109649.7043868005,1724915.3613170534],[3110698.494612053,1723983.3215144724],[3110732.7789923102,1724021.1967668086],[3110775.1798261404,1724068.0391928107],[3110860.2961257249,1724143.7070204765],[3110868.4998494685,1724150.9999848902],[3110940.5243117213,1724141.2523009777],[3110968.2499780506,1724137.5000118911],[3110988.2499380559,1724130.7500253916],[3111015.7269172221,1724132.3727255613],[3111019.9998745471,1724132.6250216365],[3111053.0001366436,1724152.3749821484],[3111073.5000956357,1724160.8749651462],[3111111.2500201315,1724183.249920398],[3111143.7499551326,1724215.7498553991],[3111159.4999236315,1724230.6251537204],[3111176.9998886436,1724243.3751282245],[3111205.2501602173,1724260.5000939816],[3111223.7501232177,1724291.5000319779],[3111249.5000717193,1724326.3749622256],[3111255.0013730526,1724341.6665983051],[3111261.5266224742,1724359.8050134778],[3111264.250042215,1724367.3748802245],[3111279.7500112206,1724395.8751513064],[3111295.9999787211,1724422.8750973046],[3111312.6899059713,1724441.741857484],[3111313.9254678041,1724444.6722978055],[3111316.9999367148,1724455.1250328124],[3111312.4999457151,1724473.1249968112],[3111314.2499422133,1724483.9999750555],[3111321.0744036436,1724491.8805367202],[3111627.7499713898,1724845.9999072254],[3111628.4999698848,1724949.3750285655],[3111761.5000319779,1725136.4999823868],[3111754.0000469685,1725136.3749826401],[3111820.0248493105,1725255.8612922281],[3111875.2501325607,1725355.7498719841],[3111881.4637027979,1725408.5663673878],[3111892.4243108034,1725501.7302230597],[3111897.2500885576,1725542.7501541376],[3111871.0001410544,1725713.5001407266],[3111885.2100863904,1725713.5149044842],[3111916.3363364637,1725713.5470566452],[3111991.4999000579,1725713.6251404732],[3111982.7499175519,1725696.4998466372],[3111997.9998870492,1725690.2498591393],[3112008.2337904721,1725653.758134231],[3112036.0001391321,1725554.7501301467],[3112046.2035308033,1725555.6782778949],[3112122.252591297,1725562.5972273052],[3112155.7498996407,1725565.625108391],[3112240.5000582188,1725612.3750148863],[3112265.731635049,1725635.7696531415],[3112268.2500027269,1725638.1249633878],[3112326.1760679781,1725656.8522881418],[3112347.7498437166,1725663.9999116361],[3112387.6126248837,1725664.4982702285],[3112415.7500358075,1725678.3748828918],[3112450.4284441322,1725665.2646728903],[3112456.7499538064,1725662.8749138862],[3112463.2715943009,1725667.0812703073],[3112498.9998693019,1725690.1248593926],[3112522.2501508892,1725685.6248683929],[3112521.2501528859,1725792.2499832213],[3112921.7500080466,1725799.3749689758],[3112915.0239716321,1726252.508905232],[3112914.0836848021,1726315.8440803885],[3112913.2864423096,1726382.1805619001],[3113140.3522611409,1726359.8462889791],[3113436.2092809677,1726350.60090065],[3113625.7423664778,1726373.7146995664],[3113782.0950721353,1726388.6815331429],[3113880.8360163867,1726399.2326931506],[3114069.129931137,1726429.4777113944],[3114229.2483773082,1726450.9136921465],[3114368.7024947256,1726448.474720642],[3114613.4251023829,1726455.0518072248],[3114897.0337871313,1726462.6741673052],[3116095.4178733081,1726474.6442877203],[3117546.2755358815,1726483.1472234726],[3117553.8267018944,1726483.1915147305],[3117541.52652964,1726804.8326037228],[3117539.2063243091,1726865.5083353966],[3117509.6414228082,1727638.6396631449],[3117495.4888920486,1728143.1521055549],[3117486.8438962251,1728451.3345600665],[3117468.1559414715,1729248.0294889808],[3117465.0440710485,1729454.623892054],[3117451.9256589711,1730325.5466908962],[3117433.4640817195,1730539.2286782265],[3117433.5631628931,1730824.9138024002],[3117433.6612598002,1731107.8587745577],[3117421.0602351427,1731783.5237618089],[3117421.7150894701,1731791.4784703106],[3118103.1103802174,1731794.8951301426],[3119805.8116992265,1731802.5381594747],[3119919.3767608106,1731794.5522830635],[3119990.2676951438,1731775.8997613043],[3120030.8338869661,1731765.0277358145],[3120120.2070678025,1731741.0753558874],[3120414.4883033931,1731662.2067472339],[3120831.1469188929,1731586.4516493976],[3120948.5695843101,1731571.3250392228],[3121260.0167960525,1731560.1278831363],[3121432.5033277273,1731553.9267800599],[3121456.4999988824,1731554.7148362249],[3121665.1317994744,1731558.4733588994],[3121679.1006035507,1731558.7036733925],[3121754.7113447189,1731559.9487496465],[3121773.0003501326,1731559.959904477],[3122406.7861560583,1731560.3506517261],[3122510.9171813875,1731563.0908037275],[3122540.7665311396,1731563.8762352318],[3122552.4466258883,1731564.1836493164],[3122569.4757913053,1731565.1662588865],[3122628.5124186426,1731570.9710373133],[3122785.8615133911,1731595.1061596423],[3122811.8069995493,1731599.5769512206],[3122865.0193004613,1731609.3942190099],[3122917.8431433965,1731621.1232143943],[3122970.2098700614,1731634.7486925002],[3123022.0514163026,1731650.2529434822],[3123073.3004005756,1731667.6158155424],[3123123.890211524,1731686.8147411216],[3123173.755094558,1731707.8247662336],[3123238.5061201118,1731729.2750478433],[3123303.9697329523,1731748.4407799011],[3123370.0653566811,1731765.2983721166],[3123436.7116369852,1731779.8270751908],[3123503.8265417716,1731792.0090063568],[3123571.3274621367,1731801.8291713893],[3123612.4021831304,1731806.3163671494],[3123665.2663086653,1731811.4155876846],[3123718.2534576226,1731815.0183455236],[3123771.3212770815,1731817.1217609623],[3123824.4273496419,1731817.7241527289],[3124245.7778848857,1731816.9170677215],[3125399.9353534728,1731814.4154323041],[3125435.4175659716,1731814.3383327276],[3125455.4998748899,1731814.2743564695],[3125455.4998748899,1731819.0968533903],[3125455.4998748899,1731827.1250525564],[3125454.7712018043,1732435.3859751374],[3125454.5297324657,1732636.9032886475],[3125454.2009929717,1732911.1615983993],[3125453.999877885,1733078.9998454005],[3125453.8017155528,1733260.2202834785],[3125453.1632653922,1733844.4625533074],[3125452.4998808801,1734451.5000531375],[3125451.7167459726,1734675.7479642332],[3125449.5277739763,1735302.6325372308],[3125449.1642576307,1735406.7068041414],[3125448.7498883903,1735525.3748738915],[3125448.7242978811,1735532.7619982213],[3125445.6898551434,1735595.0978315622],[3125442.8486534655,1735653.4615599811],[3125432.236798048,1735871.4499691427],[3125427.8372005522,1735961.8303658068],[3125426.4123346359,1735991.099992305],[3125425.3949482143,1736012.0031657219],[3125425.4087277204,1736031.0369203091],[3125425.4316935539,1736062.9843629748],[3125425.5534124672,1736232.8173566461],[3125425.7174541354,1736280.0613566488],[3125426.2338573039,1736341.8584771454],[3125424.1508562267,1736372.6999508888],[3125425.6190291345,1736460.4911138862],[3125425.8568895608,1736474.7171353102],[3125426.6364155561,1736521.333511889],[3125426.987464726,1736542.3246116489],[3125428.0291293114,1736604.6145133078],[3125429.8585219681,1736714.0122603923],[3125431.212193802,1736794.9753530622],[3125432.6954585612,1736883.6838370562],[3125433.6452597976,1736940.4862168878],[3125433.7689472139,1736947.880559057],[3125434.069471553,1736965.8529640585],[3125434.284038052,1736978.6823347211],[3125434.6042473912,1736997.8246848881],[3125434.8526064754,1737012.6740646362],[3125435.16428563,1737031.3213370591],[3125435.3637603074,1737043.2442134768],[3125435.5717651397,1737055.6913670599],[3125435.8529325575,1737072.5105591416],[3125436.0927614719,1737086.868141979],[3125436.1984042972,1737093.1912920624],[3125436.2512257248,1737096.3392516375],[3125402.3434851319,1737096.7723216414],[3125310.1478033811,1737097.9498127252],[3125046.1352080554,1737101.3211970627],[3122830.7180509716,1737129.612150982],[3122786.8746347278,1737130.1721892208],[3122771.0816873014,1737130.342136398],[3122387.7497768104,1737135.3345804811],[3122276.3884509653,1737136.7594463974],[3122218.5001153052,1737137.4999304712],[3121616.4028943032,1737145.2653348893],[3121297.7499883026,1737149.3749067336],[3120098.0000912249,1737164.7498759776],[3119564.2951218933,1737159.4323013127],[3118855.2151752263,1737134.8942926377],[3117439.1372987181,1737108.791654557],[3117449.9082745612,1738209.9259352237],[3117306.7140071392,1738203.7458294779],[3117299.6920395494,1738203.4426804781],[3117115.7222631425,1738215.086357981],[3117057.503875643,1738231.3875064701],[3117001.6142236441,1738252.3461259753],[3116896.8211261332,1738319.879455477],[3116772.5073983818,1738374.3219318986],[3116711.0308153033,1738388.6011028141],[3116593.9851176441,1738393.2828519791],[3116500.348493889,1738390.9419773966],[3116416.075368464,1738379.2372763902],[3116379.9957162142,1738376.5591321439],[3116258.1275216341,1738341.4975224733],[3116097.2351268828,1738314.7492163926],[3115975.7340575606,1738303.6878868043],[3115884.9458533078,1738305.779746145],[3115767.94346264,1738304.9401808977],[3115718.5022885501,1738309.1908285618],[3115591.6531328112,1738325.5047723055],[3115503.8075079769,1738345.1369508952],[3115352.7690961361,1738386.0079321414],[3115247.0655673891,1738418.1345083117],[3115122.7206717134,1738469.3624242246],[3115050.598768726,1738487.254776895],[3114949.492999807,1738488.0897489786],[3114895.8041308075,1738487.9713108987],[3114809.2130966336,1738491.9932844788],[3114606.6833179742,1738490.8144810647],[3114481.3102091402,1738493.0185448974],[3114434.4930455536,1738490.432920143],[3114397.0383960605,1738504.4784957319],[3114361.924621135,1738534.9105214775],[3114333.8337980509,1738574.7057174742],[3114314.4594929665,1738628.9930104762],[3114256.9448442161,1738870.0181189775],[3114212.7995913029,1739038.0135178864],[3114169.7291393876,1739156.7714824826],[3114104.4241518825,1739230.1617556363],[3114034.1969301403,1739265.2755305618],[3113963.9693803042,1739276.9799034745],[3113857.9577812999,1739282.9241173118],[3113607.102968052,1739280.9946592301],[3113355.3849675506,1739284.2023299783]]]},"properties":{"OBJECTID":14,"Articulation Area":"Pomona","Shape_Length":59943.531119878608,"Shape_Area":144452843.43020546}},{"type":"Feature","id":15,"geometry":{"type":"Polygon","coordinates":[[[3073214.724435389,1757935.1870095581],[3073199.4314869642,1757935.2329412252],[3073170.4791170508,1757935.2988859713],[3073100.6321438849,1757934.577758804],[3073009.6976144761,1757933.6348473132],[3064745.4910458028,1757819.0140135586],[3060279.9330478013,1757757.2332972288],[3060276.059695974,1757757.1814600676],[3060067.5348505527,1757754.3852058053],[3060036.186816141,1757754.4088278115],[3058054.18454656,1757755.8966857195],[3057417.2501248866,1757756.3750312328],[3054814.2500815541,1757764.000015974],[3052870.8714223802,1757769.7854374796],[3052210.9993825555,1757771.2896995544],[3052113.249249965,1757771.3671272248],[3050917.7500005513,1757772.8749982268],[3049943.3142853826,1757773.5186977237],[3049593.2500248849,1757773.7499964833],[3049432.0574338883,1757773.7657444775],[3048307.4999717176,1757773.87499623],[3047754.500093475,1757773.87499623],[3047134.7500206381,1757773.87499623],[3047061.8407176435,1757773.5078709722],[3046861.7499104738,1757772.4999989718],[3046406.7498362213,1757767.1250097305],[3046055.2498830557,1757763.0000179708],[3045315.7500497252,1757754.2500354797],[3045188.6279286444,1757752.7602090538],[3044995.7500335574,1757750.5000429749],[3044963.395111382,1757750.1234033108],[3044662.7572612166,1757746.1519545615],[3044251.0904336423,1757740.1299849749],[3043617.5093517154,1757730.86228697],[3043190.9987218082,1757724.3652527332],[3042363.6932898015,1757711.7632438093],[3042190.500066638,1757709.1251257211],[3041773.260415554,1757702.6595874727],[3041706.5000503808,1757701.6251407266],[3041604.4287322164,1757699.2757359743],[3040855.7989958823,1757682.0457835644],[3040533.339667052,1757674.6242104769],[3039990.249873966,1757662.1248916388],[3039924.3113575578,1757660.5848684758],[3039875.461389631,1757659.4441227317],[3038277.5000186414,1757622.1249716431],[3037164.7358399779,1757595.6151821464],[3036997.249954477,1757591.6250326484],[3036447.7500692159,1757578.625058651],[3036370.1324423105,1757575.4610229731],[3036347.6649675518,1757574.5453424007],[3036113.5000815541,1757565.0000858903],[3035643.3819273114,1757557.184812814],[3035264.0651006401,1757550.8790511489],[3034842.7499983907,1757543.87512815],[3034527.9920977205,1757541.8367463946],[3034219.6738167256,1757539.8400312215],[3033937.2488566339,1757538.0109666437],[3033782.2934578806,1757537.0073597282],[3033723.2499407977,1757536.6251426488],[3033094.2482460588,1757527.0431408137],[3032845.250056386,1757523.2498413175],[3032222.518690303,1757513.7298472226],[3031177.2501115501,1757497.7498923093],[3030868.6831433922,1757490.5392768085],[3029882.7500758916,1757467.499952808],[3029388.6460772157,1757456.3789120615],[3029026.6149771363,1757448.9294518977],[3028657.1796923876,1757440.9163445532],[3028579.1306358874,1757439.2234345675],[3028528.5001597255,1757438.1250115633],[3028554.0631007254,1756043.8761596382],[3028558.9282484651,1755778.575181067],[3028560.3321170509,1755702.0346517265],[3028562.4997636378,1755583.8222897202],[3028570.976780802,1755121.6407993883],[3028573.1349129677,1755003.9746961445],[3028573.5046628863,1754983.8192246407],[3028577.3760462254,1754772.7523895651],[3028584.1972268075,1754267.718950808],[3028595.250026226,1753464.2500853091],[3028614.4999877214,1752092.1248768121],[3028661.1353931427,1750073.3031270653],[3028675.9749303907,1749418.9950524718],[3028689.5172261447,1748628.619008556],[3028721.7501012981,1746747.3750676364],[3028723.0512797982,1746713.36955823],[3028727.5929373801,1746598.5266120583],[3028749.2096920609,1746029.7016342282],[3028767.6204163879,1745548.5326490551],[3028780.2529370487,1745218.3712358922],[3028803.160043478,1744619.6824726462],[3028805.1052495539,1744568.8456320614],[3028818.0855385512,1744229.5969667286],[3028820.4999037981,1744166.4999800622],[3028821.999900803,1743918.5001479834],[3028818.4999078065,1742867.2499538958],[3028818.3217585534,1742812.0092507303],[3028817.179700464,1742457.9738695621],[3028815.1711743027,1741835.3248523921],[3028813.9999168068,1741472.2501192242],[3044813.0000709742,1741335.7500641495],[3044811.0000749677,1738552.6250529736],[3047648.7499768883,1738579.9999982268],[3050227.5000687242,1738555.5000472218],[3052724.74999547,1738530.8750964701],[3055230.749904722,1738771.124944061],[3057256.2993313074,1739005.1713919789],[3057776.2500630468,1739065.2500119805],[3058704.4998469651,1739063.9987021387],[3059157.9858166426,1739063.4153699726],[3059259.2497217208,1739063.2851208895],[3059526.503452301,1739062.8999510556],[3059630.4999634773,1739062.7500169724],[3060339.4250548035,1739148.108770147],[3060199.449941054,1738850.341321066],[3059835.252506718,1738075.5895897299],[3059047.2908280492,1736399.3698450625],[3059294.9048341364,1736428.2808764726],[3060663.191139549,1736588.0390871465],[3061104.764075309,1736146.5721223056],[3061239.8005506396,1736011.5648463964],[3061563.0426862985,1735688.4034192264],[3062746.3739810586,1734505.2489613891],[3062873.03776972,1734378.8443585634],[3062872.8999747187,1734033.3302858174],[3062904.1951877177,1734033.5753640532],[3064834.8976911306,1734048.698037222],[3067495.991122216,1734069.5414994806],[3067517.9753302187,1732742.1340493113],[3067495.9737337977,1732741.9749289006],[3066158.6197812259,1732732.2945020646],[3066158.8359881341,1732696.5120933056],[3066166.6371536404,1731405.573402226],[3066179.3677712232,1731405.6583758146],[3067539.9487114698,1731414.7459560633],[3067582.3183773905,1730092.8132324815],[3068199.3601223081,1730093.3089663982],[3068853.9923432171,1730093.8345558941],[3068888.5329565555,1730093.8624429703],[3068926.8681817204,1728785.3338920623],[3068927.2044671327,1728773.8532719761],[3070229.7215471417,1728776.8230823129],[3070202.9440416396,1729155.4496216476],[3070183.1025458872,1729436.0038505644],[3070843.102538228,1729436.0038505644],[3070843.102538228,1730096.002202481],[3072783.1012828946,1730097.1340899765],[3072792.4142563939,1730097.1396673918],[3072803.9998631328,1728849.1251030564],[3072833.3620091379,1728848.6162458062],[3072834.7488173842,1728782.7587659806],[3075263.1163359731,1728803.1514417231],[3075460.1648263931,1728805.1104273051],[3075497.3438858837,1728805.9024204761],[3075634.7084405571,1728809.3892901391],[3076060.6071950495,1728820.2511450648],[3076145.210372299,1728822.4814555645],[3076177.4094548821,1728720.3104000539],[3076191.1490242919,1728668.9539223078],[3076204.1144539714,1728617.3965638876],[3076228.519295013,1728513.9104026221],[3076250.4357794975,1728409.8688265693],[3076269.8513053688,1728305.3316599973],[3076286.7547086328,1728200.3590121418],[3076376.9884520471,1727418.3336733133],[3076385.9989314093,1727351.8696554881],[3076397.3410328021,1727285.7635957068],[3076411.0007266514,1727220.0972636351],[3076426.961116646,1727154.951885019],[3076445.2024606345,1727090.4080412127],[3076465.7021950502,1727026.5455695044],[3076488.4349628151,1726963.4434643609],[3076513.3726447104,1726901.1797797163],[3076540.4843941545,1726839.8315324236],[3076569.7366753616,1726779.4746069885],[3076601.0933048222,1726720.1836617044],[3076634.5154960603,1726662.0320363045],[3076676.643761463,1726603.2484062565],[3076720.5963628315,1726545.8160570064],[3076766.3299874393,1726489.7915847851],[3076813.7995674666,1726435.2301984436],[3076862.9583244096,1726382.1856650468],[3076913.7578151794,1726330.7102568897],[3076966.1479798406,1726280.8546999854],[3077020.0771909398,1726232.6681240783],[3077075.4923043847,1726186.1980142295],[3077223.4664178938,1726047.6408766508],[3077653.1509259641,1725673.8155088127],[3077698.0870840205,1725628.056703906],[3077741.2965776571,1725580.6640231735],[3077782.7200424466,1725531.702578217],[3077822.3005677406,1725481.2396359243],[3077859.983774859,1725429.3445260525],[3077895.7178917998,1725376.0885459767],[3077929.453824365,1725321.5448627374],[3077961.1452236134,1725265.7884125181],[3077990.748549534,1725208.8957976918],[3078018.2231308692,1725150.9451815793],[3078043.5312209879,1725092.0161810624],[3078066.6380497469,1725032.1897572009],[3078087.5118712597,1724971.548104001],[3078106.1240075128,1724910.1745354927],[3078122.448887764,1724848.1533712652],[3078136.4640836744,1724785.5698206231],[3078148.1503401217,1724722.5098655198],[3078157.4916016543,1724659.0601424288],[3078164.4750345498,1724595.3078233153],[3078186.6790583879,1722983.3550104797],[3078193.5212363005,1722983.3727269769],[3078200.415579468,1722983.3904434741],[3078254.6238043904,1722983.5295508057],[3078922.1372331381,1722985.2437862307],[3078963.5524497507,1722979.1517589125],[3079004.5769416117,1722970.8256534955],[3079045.09028607,1722960.289910299],[3079084.9735608874,1722947.575455779],[3079124.1096933228,1722932.7196117465],[3079162.3838037844,1722915.7659858139],[3079199.6835430474,1722896.7643433895],[3079235.8994220397,1722875.7704615975],[3079270.9251332371,1722852.8459655503],[3079304.6578627145,1722828.0581474549],[3079336.9985919446,1722801.4797690853],[3079367.8523884569,1722773.1888481975],[3079397.1286844993,1722743.2684295187],[3079424.7415428907,1722711.8063409775],[3079703.3873110563,1722459.2021873891],[3079740.167036586,1722435.6200941082],[3079778.2328541041,1722414.1758205071],[3079817.4606409045,1722394.9392907708],[3079857.722485404,1722377.9732302066],[3079898.8871042258,1722363.3329607137],[3079940.8202702818,1722351.0662203936],[3079983.385250452,1722341.2130078881],[3080026.4432514352,1722333.8054519538],[3080069.8538723174,1722328.8677066986],[3080113.475562383,1722326.4158728227],[3080157.1660826765,1722326.457945117],[3080200.7829698026,1722328.9937863946],[3083216.4081721306,1722326.3897889704],[3083255.9471805273,1722320.0899022818],[3083295.0597622804,1722311.5325834332],[3083333.6171418861,1722300.7460068124],[3083371.4923718064,1722287.7656864864],[3083408.5607504332,1722272.6343592729],[3083444.7002326623,1722255.401844033],[3083479.7918317169,1722236.1248776466],[3083519.1730610966,1722207.5315868119],[3083557.044277898,1722176.966435967],[3083593.3068509772,1722144.5090284636],[3083627.866338715,1722110.2438958138],[3084289.3246614635,1721274.3062632233],[3084321.1765192342,1721244.339408857],[3084354.7175206528,1721216.2760087082],[3084389.8340881877,1721190.2110918923],[3084426.40730908,1721166.2329202015],[3084464.3133380073,1721144.4226892302],[3084503.4238164532,1721124.8542534269],[3084543.6063073594,1721107.5938760082],[3084584.7247435865,1721092.7000045744],[3084626.6398886703,1721080.2230731933],[3084669.2098083058,1721070.2053316189],[3084712.2903509736,1721062.6807022244],[3084788.380093798,1721062.1554408073],[3084822.2504328936,1721061.921517387],[3085052.3894083053,1721060.3519667238],[3085397.2499390543,1721057.9999373108],[3086155.0000639707,1721052.7499478161],[3086163.2034596354,1721052.7420738041],[3086760.8062670529,1721052.1574293077],[3087368.958594054,1721051.5629423112],[3087433.5001316369,1721051.4999503046],[3088326.5915213078,1721050.1912258863],[3088823.9107366353,1721049.4625528157],[3088877.0166015476,1721049.3847970665],[3088883.7498558015,1721049.3749545664],[3088948.6854214668,1721048.6000217199],[3089057.1940627247,1721047.3047487289],[3089140.7506541312,1721046.3073753864],[3089433.5000686347,1721042.8749675602],[3089500.386745885,1721042.0668983161],[3089733.5001247972,1721039.249974817],[3090277.0000220537,1721032.8749875575],[3090427.75070481,1721031.0508442223],[3090926.5000353903,1721025.1250030547],[3091378.500115633,1721019.7500138134],[3091386.0693262219,1721019.6673368067],[3091428.0210139751,1721019.209332481],[3091435.7454079688,1721018.1368280649],[3091435.5590566397,1721040.4254973978],[3091429.7500131428,1721688.9999876469],[3091429.7821653038,1721882.0655463934],[3091429.8333463073,1722188.7499723881],[3091429.7815091312,1722284.9758298099],[3091429.775931716,1722295.1136048138],[3091429.7674015611,1722310.7923792303],[3091429.7500131428,1722342.7499924749],[3091429.7500131428,1722362.8749522269],[3091450.7496430576,1722362.7279708982],[3091474.4963147193,1722362.5462127328],[3091529.5001417249,1722362.1249537319],[3091583.4980652183,1722361.6239704788],[3091601.4996696413,1722361.4569760561],[3091646.830943808,1722361.0150478035],[3091713.0001028031,1722360.370364055],[3091724.2586104721,1722360.2601280659],[3091774.2503083944,1722359.7709558159],[3091829.7498693019,1722359.2499594837],[3091884.9997588098,1722358.7201048881],[3091920.4878768027,1722358.3556043059],[3091941.2503024638,1722358.1423501372],[3091993.9998688847,1722357.6292278171],[3092159.4998659641,1722355.9999659806],[3092258.7503236383,1722355.0226057321],[3092467.7499056309,1722352.9999719709],[3092521.9984848052,1722352.2722831368],[3092552.3829384744,1722351.9192654788],[3092663.0910503864,1722350.5829820633],[3092669.4929404706,1722350.5058824718],[3092681.5198193043,1722350.2404630631],[3092706.6624855548,1722349.6715665609],[3092725.5673033893,1722349.2437458932],[3092737.7500218004,1722348.9999799728],[3092737.0000233054,1722554.7498965561],[3092741.8930581361,1723127.7028189003],[3092742.7490275502,1723634.598130554],[3092742.7500118017,1723661.9999786466],[3093325.9801445603,1723656.6509079784],[3093386.8507577181,1723670.4851978868],[3093433.8641151339,1723676.0905016363],[3094031.9613441378,1723677.4527036399],[3094033.2572733015,1724089.2005678117],[3094051.031187892,1724087.5614634752],[3094299.8390892148,1724064.6159713119],[3094698.2500378042,1724082.6251216382],[3094739.2499558032,1724215.1248566508],[3094897.9363182187,1724360.64884381],[3094900.4999613911,1724362.9998889714],[3095145.3249310553,1724411.838373974],[3095480.5001137257,1724529.4998840541],[3095657.821937561,1724523.5993053168],[3095777.2498483062,1724519.624903813],[3095846.5000378937,1724517.2499085665],[3095947.2865817249,1724513.8946003169],[3096045.4999679774,1724510.6249218136],[3096189.5009922981,1724658.157435149],[3096203.4999800473,1724672.4999261498],[3096264.8364715576,1724789.1171469837],[3096267.7196678817,1724794.5990913957],[3096270.3860011399,1724799.6683069766],[3096272.3499079645,1724803.4022233933],[3096360.4999941438,1724970.9999853075],[3096437.0802215487,1725006.3985365629],[3096479.2897828072,1725025.909652397],[3096614.4712709635,1725088.3960759789],[3096675.0000213087,1725116.3750226498],[3096884.4999303818,1725199.7498558909],[3097043.7499399781,1725148.2499588877],[3097397.0612412244,1725147.9494345635],[3097615.109689638,1725041.2022727281],[3097639.5541945547,1725029.2351050675],[3097872.3729546368,1725014.4392028898],[3098011.6446577162,1725005.5881707221],[3098235.0726885498,1724969.4816156477],[3098274.6405228078,1724963.0872714818],[3098444.9472687989,1724935.5653448999],[3098734.0395383835,1724899.008659482],[3098764.750106886,1724895.1251370609],[3098983.6059683859,1724898.120537892],[3098987.57183972,1724898.1746716499],[3099061.1835691333,1724899.1822155565],[3099065.6576415598,1724899.2389739752],[3099064.6619086415,1725406.7363185585],[3099064.2750983834,1725603.8976696432],[3099064.2616469711,1725610.7500181496],[3099064.2281824648,1725626.7499861419],[3099064.1832350492,1725647.8175293058],[3099064.0382222235,1725715.5736273974],[3099063.822671473,1725816.2899613976],[3099063.2796935588,1726070.1250836402],[3099062.7498389781,1726331.8748882264],[3099082.2140388936,1726332.0356490612],[3099252.0959169716,1726318.7394158095],[3100345.5225358903,1726328.1688589007],[3101504.6747451425,1726351.0503748059],[3101703.1162773818,1726352.6218939722],[3101702.8948211372,1726362.4781734794],[3101702.4607668817,1726404.1247437298],[3101702.3305177987,1726415.1549053937],[3101700.7826206386,1726505.5159451365],[3101693.7501543909,1726832.6248709708],[3101682.9998477995,1727354.7501390576],[3101676.7498603016,1727585.8750048876],[3101676.4998608083,1727671.3751619756],[3101669.2498753071,1728023.000114888],[3101663.9998857975,1728285.874917224],[3101660.3512710482,1728431.4038256407],[3101646.249921307,1728993.8751416504],[3101645.5146865547,1729076.6010260582],[3101643.7499262989,1729275.1249072254],[3101643.3467118889,1729292.6268407255],[3101641.7499303073,1729373.7500380576],[3101639.4999348074,1729484.7501441389],[3101636.7499403059,1729612.9998876452],[3101634.2499452978,1729731.7499782294],[3101633.0009320527,1729795.6248504817],[3101631.9668133855,1729846.8744198978],[3101629.7499542981,1729951.7498663068],[3101628.2473326325,1730025.125047639],[3101626.7499603033,1730097.9999018908],[3101624.4917627275,1730209.0219895542],[3101622.9999677986,1730282.3748612255],[3101620.4999728054,1730405.749942556],[3101618.5793729722,1730504.7769754827],[3101618.4999767989,1730508.8750643879],[3101615.7421083003,1730636.6251369715],[3101615.0547737181,1730668.1654282212],[3101614.4999848008,1730693.6250229776],[3101595.7198386341,1731714.7427313924],[3101593.4993706346,1731835.4695240557],[3101590.9468823075,1731974.2628816366],[3101589.2559408098,1732066.2102043033],[3101589.0000358075,1732080.1248746365],[3104276.9638199657,1729687.7687669694],[3105751.9136259705,1728371.0407573879],[3105851.1522726417,1728282.4477587342],[3107213.5406239778,1727086.0646528155],[3107965.115564391,1726415.4075295627],[3107981.4465684742,1726400.8655638993],[3109635.3874863088,1724928.1096511483],[3109649.7043868005,1724915.3613170534],[3109649.8467749655,1724984.0596704781],[3109651.1627172232,1725618.5167348981],[3109621.676555723,1726293.6010146439],[3109615.8727615476,1726426.4783735573],[3109617.7661304772,1726514.2974236459],[3109622.0020143837,1726710.7875162214],[3109610.0614214689,1726961.3286818117],[3109600.0000898838,1727190.3751397282],[3109596.7569861412,1727312.8775193989],[3109595.8819878846,1727337.9683484733],[3109595.2642069757,1727355.6851765662],[3109594.9817272276,1727363.7829293907],[3109594.9817272276,1727379.9403773993],[3109594.9820553064,1727406.4180147201],[3109594.9833676368,1727517.5342623144],[3109594.9850080609,1727748.0990898907],[3109594.9859922975,1727863.2875078171],[3109583.6828653067,1728070.5397179723],[3109586.38725622,1728188.7904657274],[3109570.9128777236,1728457.2932095528],[3109571.5221284777,1728861.4685823172],[3109571.6907633096,1728973.2354191393],[3109557.4263561368,1729111.4867830575],[3109546.9956027269,1729212.601410225],[3109542.1458748877,1729259.6134553105],[3109532.5556709766,1729691.1175135672],[3109520.4254458845,1729978.0575564802],[3109520.1291866302,1730039.1207545549],[3109519.8703288883,1730068.1416938901],[3109515.477949217,1730560.6292259842],[3109514.2653532177,1730696.5964737236],[3109509.7086037993,1731122.9433900565],[3109493.917296797,1731801.5742506385],[3109486.9999878109,1732142.3750782311],[3109487.0380454659,1732161.124712646],[3109487.3192128837,1732299.8727947325],[3109487.5390287191,1732408.3755304813],[3109488.5967693925,1732930.4381346405],[3109488.1354842186,1733022.0704973042],[3109485.7414601445,1733166.524276644],[3109487.3654726446,1733375.4401973933],[3109489.6791163087,1733629.9836515635],[3109490.249981299,1733746.5001508147],[3109490.3267527968,1733782.6696978956],[3109491.7499783039,1734452.3750513941],[3109491.0006359667,1734722.1415722221],[3109490.3930256367,1734940.8514366448],[3109489.8454545587,1735137.9698088169],[3109489.4287887216,1735287.9058606476],[3109489.2499833107,1735352.249892056],[3109487.892046392,1735590.3163450658],[3109487.7670466304,1735612.2608549744],[3109488.3585808873,1735666.8079899698],[3109488.9983433932,1735725.7662054002],[3109489.3146157265,1735754.9305171371],[3109488.986860469,1735782.73689197],[3109488.3303657174,1735807.1374337226],[3109487.693555966,1735816.4438455552],[3109487.3415225595,1735819.9986284822],[3109487.2975593805,1735825.3834602237],[3109485.7227593809,1736030.0402031392],[3109485.530174464,1736053.4469804764],[3109484.6187589765,1736164.3112600595],[3109484.5459244698,1736173.1517935544],[3109484.4999928027,1736178.4998799711],[3109546.2498693019,1736254.2500565648],[3109617.0000558943,1736439.5000141412],[3109614.5000608861,1736597.500026226],[3109685.7499183863,1736892.1250931472],[3109819.7499784678,1737099.0000074804],[3109887.2550927997,1737138.7502560616],[3110012.4999210536,1737212.500108555],[3110023.1081675589,1737262.2175288051],[3110152.4999691397,1737868.6251086444],[3110288.750024721,1738129.1249157339],[3110404.7501208037,1738325.124851808],[3110500.4326722175,1738593.4766773134],[3110513.4999033064,1738630.1248979717],[3110447.5020038038,1738678.2110878974],[3110382.485254243,1738884.1568070203],[3110315.1329224738,1739089.3505699709],[3110245.4537023152,1739293.7658904011],[3110173.4565879391,1739497.3763824443],[3110099.1508727111,1739700.1557641204],[3110022.5461479896,1739902.0778607293],[3109943.6523018898,1740103.1166082288],[3109862.4795180047,1740303.2460565986],[3109779.0382740926,1740502.4403731916],[3109693.3393407231,1740700.673846066],[3109605.3937798887,1740897.9208873063],[3108160.949162215,1743363.1987651438],[3108127.4777454822,1743412.4252138212],[3108091.9132666881,1743460.161435243],[3108054.321982441,1743506.3184968494],[3108014.7739252867,1743550.8104080558],[3107973.3427732373,1743593.5542804513],[3107930.1057125106,1743634.4704822209],[3107885.1432937323,1743673.4827864987],[3107838.5392818674,1743710.5185133799],[3107790.3805001699,1743745.5086653214],[3107740.756668428,1743778.3880556861],[3107689.7602358181,1743809.0954301844],[3107637.4862086717,1743837.5735809912],[3107584.0319734775,1743863.7694533246],[3107529.4971154518,1743887.6342442858],[3107473.9832330109,1743909.1234937801],[3107417.5937484927,1743928.1971673456],[3107360.4337154818,1743944.8197307365],[3107302.6096230941,1743958.960216125],[3107244.2291975878,1743970.592279793],[3107185.4012016691,1743979.6942512114],[3107126.2352318685,1743986.2491734109],[3107066.8415143606,1743990.2448345749],[3107007.3306996156,1743991.6737907883],[3106947.8136562537,1743990.5333799061],[3106888.4012645008,1743986.8257265138],[3106829.2042096155,1743980.5577379672],[3106770.332775685,1743971.741091527],[3106711.8966401638,1743960.3922126011],[3106654.0046695471,1743946.5322441459],[3104194.9400338829,1743233.8499424756],[3104200.5122012198,1743875.8240522295],[3104211.1201196313,1745097.9407024831],[3103826.0385407209,1744984.8113355637],[3098971.1007440537,1745001.1659616381],[3098953.3235486448,1745001.2260008901],[3097627.7500843108,1744975.3750027269],[3095093.0464923084,1744937.2546721399],[3093676.0749168098,1744915.9443473071],[3085908.499900803,1744799.1250271499],[3081595.6984870583,1744818.7496598065],[3073075.0701871365,1744857.5215638876],[3072707.8025489748,1744859.1928204],[3072655.3718795478,1744859.431336984],[3072655.3525226414,1744867.1527782232],[3072651.1025311351,1746571.2294225544],[3072646.5821989775,1748383.7720573097],[3072651.8413747996,1751545.5970984697],[3072654.0096775591,1752849.0889140666],[3072637.2823487967,1754089.6671415567],[3072638.274144724,1754510.7627560645],[3072638.2918612212,1754592.0719766468],[3072638.2941578031,1754602.6237928122],[3072638.4221103042,1755191.0209099799],[3072638.452622056,1755331.8854576498],[3072640.091162818,1755432.6455919826],[3072643.8415964744,1755533.3492350844],[3072649.7022746969,1755633.9521273756],[3072657.6706216992,1755734.410053557],[3072667.7431353657,1755834.678862042],[3072679.9153887946,1755934.7144843626],[3072694.1820322406,1756034.4729545363],[3072710.5367954671,1756133.9104283899],[3072714.5200552195,1756155.9481139779],[3072734.4921302116,1756260.4252781742],[3072756.7711458416,1756364.4349271522],[3072781.3461922687,1756467.926128281],[3072808.2052353024,1756570.8482028097],[3072831.0126701412,1756652.0754410585],[3072855.2422147244,1756732.8898734748],[3072890.5521834642,1756856.0080655664],[3073214.724435389,1757935.1870095581]]]},"properties":{"OBJECTID":15,"Articulation Area":"Ralston Valley","Shape_Length":249466.86173342873,"Shape_Area":1603088295.4548037}},{"type":"Feature","id":16,"geometry":{"type":"Polygon","coordinates":[[[3122931.6046602279,1758205.7474920601],[3122821.6616386324,1758205.8514944762],[3122800.8201448917,1758205.8711794764],[3122766.5003316402,1758206.0178327262],[3122743.5712436438,1758205.8446047306],[3122268.07383506,1758205.4200648963],[3122071.9846602976,1758205.2451964766],[3121820.9845061302,1758204.8744623065],[3121727.0545758903,1758204.8098298907],[3121534.3745150566,1758204.6772842258],[3121473.4441907257,1758204.6359457225],[3121428.8048443049,1758204.6060901433],[3121132.0334562212,1758204.4069435596],[3120753.5906435549,1758204.1579283029],[3120500.267659381,1758203.9942147285],[3120116.6519567966,1758203.7504488081],[3119903.7741017193,1758202.4053071439],[3119782.4068903923,1758201.6382483095],[3119450.8439052254,1758199.5427800566],[3119124.3117498904,1758197.4791359007],[3118791.9830182195,1758195.3787463903],[3118597.2183158845,1758194.1477777213],[3118324.6673517972,1758192.4253402203],[3117721.0340446383,1758188.6107153147],[3117678.1988284737,1758188.3397184759],[3117634.9777863026,1758188.066753149],[3117498.377337724,1758187.2035658956],[3117495.5177633911,1758187.1855213046],[3117477.8002791405,1758187.0733168125],[3117158.9908773899,1758185.0395282209],[3116800.5801768899,1758182.7531154752],[3116164.6293490529,1758178.6957089007],[3115709.1958767176,1758175.7902029008],[3115511.797649473,1758174.5310190618],[3115449.7232985497,1758174.1346943974],[3114714.7890728861,1758169.4460554719],[3114690.9397111386,1758169.2239430547],[3114655.0303341448,1758169.0704000592],[3114532.3865505606,1758168.3062939793],[3114478.1704516411,1758167.9683681428],[3114434.1584005505,1758167.6944185644],[3114156.4460294694,1758165.9644351453],[3113788.9598878026,1758163.6753977239],[3113533.3747690469,1758162.083209306],[3113504.0697095543,1758161.9007949829],[3113379.7835408002,1758161.1265183091],[3113300.1521383822,1758160.6304563135],[3113190.8738136441,1758159.943777889],[3113131.0356787145,1758159.5677943975],[3113122.0963921398,1758159.5021777302],[3112583.7296867222,1758155.56058456],[3112409.8373179734,1758154.4526471496],[3112263.1788186431,1758153.3594734818],[3112199.0076871365,1758153.0819149762],[3111686.4060220569,1758150.8191242218],[3111464.1525295526,1758149.4398618937],[3111053.576907143,1758146.8919667304],[3110351.3260150552,1758142.5340358168],[3110295.1066393107,1758142.1852832288],[3109808.0948180556,1758139.1629795581],[3109779.9492050558,1758138.9884392321],[3109749.9246588051,1758138.8020878881],[3109560.2498413026,1758137.6249248981],[3109372.1842725575,1758135.08687222],[3109063.4860710502,1758130.9208700657],[3108424.6051309705,1758122.2991681397],[3108386.8702983111,1758121.9061243087],[3108197.9631958008,1758119.9290941507],[3108167.1850421429,1758119.5291605592],[3107495.6709652245,1758110.8060808927],[3106913.9998844713,1758103.2499936372],[3106587.2554592192,1758099.326445058],[3106141.7665207982,1758093.9773743898],[3105229.8700506389,1758081.854367137],[3104237.749987632,1758069.2500616461],[3104090.6905704737,1758068.9400229007],[3103916.840196386,1758068.5735538155],[3103685.4705803841,1758068.0856938958],[3103674.5060353875,1758068.0627280623],[3102824.9214484692,1758066.2717211396],[3102320.0241643041,1758065.2070907205],[3101738.1611548066,1758063.9803871363],[3101628.9999558032,1758063.7500726432],[3101628.825743556,1758053.9994359761],[3101486.1823280603,1758054.5404453874],[3101398.0000897199,1758054.8750903904],[3100969.8398568034,1758052.6575751454],[3100239.5001101345,1758048.8751024008],[3099484.8132992983,1758046.3587032259],[3099285.0157986432,1758045.6923659742],[3099227.8804142177,1758045.5017495602],[3099130.7385481447,1758045.1779313087],[3099002.4999594688,1758044.7501106411],[3098992.9999784678,1758054.6250908971],[3098978.3615563065,1758054.4115086496],[3098929.90200755,1758053.7048171461],[3097853.2499613911,1758038.0001241416],[3097785.3291654736,1758037.0070158988],[3097349.8448002189,1758030.6402307302],[3097126.5001025498,1758027.3751453906],[3096431.4998521358,1758017.2498375624],[3095605.2944835573,1758023.3722006381],[3095402.4999416322,1758024.8751503974],[3094944.0540081412,1758028.2301305532],[3094082.5045501441,1758034.5349079818],[3093933.5002549738,1758034.9040017277],[3093685.1142688096,1758035.1202086508],[3093490.9998276383,1758035.817713812],[3093055.2805547267,1758035.5746040642],[3092064.5007121414,1758033.7543977201],[3091139.000266552,1758032.8780871481],[3089993.2850383073,1758031.9056481421],[3089755.7645159662,1758031.7038768977],[3089436.2051157206,1758031.43255198],[3088562.4998421371,1758030.500139147],[3088509.7499476373,1758030.6251388937],[3087903.3692706376,1758022.7911650538],[3087616.1224697977,1758019.0798863918],[3087393.3299363852,1758016.2016113102],[3086952.0001103878,1758010.4998510629],[3086665.8514044732,1758006.8312232196],[3086382.6009867191,1758003.1999968886],[3086060.9500552267,1757999.0763174742],[3085879.4999587983,1757996.7498785555],[3084997.4377465546,1757995.7482401431],[3084780.949334383,1757995.5025057197],[3084013.2120247185,1757994.6307883114],[3083237.4999934733,1757993.7498845607],[3082015.1257978082,1757985.1025921404],[3081953.6108289659,1757984.6675536484],[3080572.5456777215,1757974.89756006],[3080534.0001511425,1757974.624922812],[3080111.3658258021,1757970.1551154703],[3079895.7501153052,1757967.8749363124],[3078202.05173105,1757949.9254971445],[3077926.0001178086,1757946.9999780655],[3076906.0989423841,1757943.1984764785],[3076550.9999150485,1757941.8749883175],[3075251.749888882,1757936.9999980628],[3073919.9999277145,1757933.2500055581],[3073315.2501529753,1757934.5000030547],[3073214.724435389,1757935.1870095581],[3072890.5521834642,1756856.0080655664],[3072855.2422147244,1756732.8898734748],[3072831.0126766195,1756652.0754391782],[3072808.2052353024,1756570.8482028097],[3072781.3461741954,1756467.9261326431],[3072756.7711216607,1756364.4349326123],[3072734.4921120172,1756260.4252820013],[3072714.5200552195,1756155.9481139779],[3072710.5367954671,1756133.9104283899],[3072694.1820457075,1756034.4729527542],[3072679.9154119226,1755934.7144816306],[3072667.7431643219,1755834.6788590311],[3072657.6706526279,1755734.4100507773],[3072649.7023037262,1755633.9521251752],[3072643.8416197193,1755533.3492336487],[3072640.0911763869,1755432.6455913347],[3072638.452622056,1755331.8854576498],[3072638.4221103042,1755191.0209099799],[3072638.2941578031,1754602.6237928122],[3072638.2918612212,1754592.0719766468],[3072638.274144724,1754510.7627560645],[3072637.2823487967,1754089.6671415567],[3072654.0096775591,1752849.0889140666],[3072651.8413747996,1751545.5970984697],[3072646.5821989775,1748383.7720573097],[3072651.1025311351,1746571.2294225544],[3072655.3525226414,1744867.1527782232],[3072655.3718795478,1744859.431336984],[3072707.8025489748,1744859.1928204],[3073075.0701871365,1744857.5215638876],[3081595.6984870583,1744818.7496598065],[3085908.499900803,1744799.1250271499],[3093676.0749168098,1744915.9443473071],[3095093.0464923084,1744937.2546721399],[3097627.7500843108,1744975.3750027269],[3098953.3235486448,1745001.2260008901],[3098971.1007440537,1745001.1659616381],[3103826.0385407209,1744984.8113355637],[3104211.1201196313,1745097.9407024831],[3104200.5122012198,1743875.8240522295],[3104194.9400338829,1743233.8499424756],[3106654.0046695471,1743946.5322441459],[3106711.8966401638,1743960.3922126011],[3106770.332775685,1743971.741091527],[3106829.2042096155,1743980.5577379672],[3106888.4012645008,1743986.8257265138],[3106947.8136562537,1743990.5333799061],[3107007.3306996156,1743991.6737907883],[3107066.8415143606,1743990.2448345749],[3107126.2352318685,1743986.2491734109],[3107185.4012016691,1743979.6942512114],[3107244.2291975878,1743970.592279793],[3107302.6096230941,1743958.960216125],[3107360.4337154818,1743944.8197307365],[3107417.5937484927,1743928.1971673456],[3107473.9832330109,1743909.1234937801],[3107529.4971154518,1743887.6342442858],[3107584.0319734775,1743863.7694533246],[3107637.4862086717,1743837.5735809912],[3107689.7602358181,1743809.0954301844],[3107740.756668428,1743778.3880556861],[3107790.3805001699,1743745.5086653214],[3107838.5392818674,1743710.5185133799],[3107885.1432937323,1743673.4827864987],[3107930.1057125106,1743634.4704822209],[3107973.3427732373,1743593.5542804513],[3108014.7739252867,1743550.8104080558],[3108054.321982441,1743506.3184968494],[3108091.9132666881,1743460.161435243],[3108127.4777454822,1743412.4252138212],[3108160.949162215,1743363.1987651438],[3109605.3937798887,1740897.9208873063],[3109693.3393407231,1740700.673846066],[3109779.0382740926,1740502.4403731916],[3109862.4795180047,1740303.2460565986],[3109943.6523018898,1740103.1166082288],[3110022.5461479896,1739902.0778607293],[3110099.1508727111,1739700.1557641204],[3110173.4565879391,1739497.3763824443],[3110245.4537023152,1739293.7658904011],[3110315.1329224738,1739089.3505699709],[3110382.485254243,1738884.1568070203],[3110447.5020038038,1738678.2110878974],[3110513.4999033064,1738630.1248979717],[3110818.2499499768,1738616.6249249727],[3110980.7499530613,1738617.1249239743],[3111033.6940728873,1738597.4714199752],[3111047.7757376432,1738606.2174654752],[3111179.0815773904,1738687.7717643082],[3111390.4984773844,1738804.6570292264],[3111470.8956263065,1738853.2743860632],[3111529.418803215,1738855.6149325669],[3111606.0410253108,1738855.4902608991],[3111761.4039035589,1738853.5227451473],[3112011.5533376336,1738858.5939292312],[3112276.5226239711,1738858.1762791425],[3112675.9240561426,1738851.9161210656],[3112670.8318747133,1738942.5783413053],[3112708.2592933029,1739063.0085466504],[3112738.178852886,1739118.1619796455],[3112774.257848978,1739159.0513335615],[3112815.1472028941,1739202.345866397],[3112861.3987507969,1739232.5026302338],[3112943.8516698927,1739269.0419272333],[3113011.2173487991,1739281.6616526395],[3113102.8926903903,1739287.8620995581],[3113355.3849675506,1739284.2023299783],[3113607.102968052,1739280.9946592301],[3113857.9577812999,1739282.9241173118],[3113963.9693803042,1739276.9799034745],[3114034.1969301403,1739265.2755305618],[3114104.4241518825,1739230.1617556363],[3114169.7291393876,1739156.7714824826],[3114212.7995913029,1739038.0135178864],[3114256.9448442161,1738870.0181189775],[3114314.4594929665,1738628.9930104762],[3114333.8337980509,1738574.7057174742],[3114361.924621135,1738534.9105214775],[3114397.0383960605,1738504.4784957319],[3114434.4930455536,1738490.432920143],[3114481.3102091402,1738493.0185448974],[3114606.6833179742,1738490.8144810647],[3114809.2130966336,1738491.9932844788],[3114895.8041308075,1738487.9713108987],[3114949.492999807,1738488.0897489786],[3115050.598768726,1738487.254776895],[3115122.7206717134,1738469.3624242246],[3115247.0655673891,1738418.1345083117],[3115352.7690961361,1738386.0079321414],[3115503.8075079769,1738345.1369508952],[3115591.6531328112,1738325.5047723055],[3115718.5022885501,1738309.1908285618],[3115767.94346264,1738304.9401808977],[3115884.9458533078,1738305.779746145],[3115975.7340575606,1738303.6878868043],[3116097.2351268828,1738314.7492163926],[3116258.1275216341,1738341.4975224733],[3116379.9957162142,1738376.5591321439],[3116416.075368464,1738379.2372763902],[3116500.348493889,1738390.9419773966],[3116593.9851176441,1738393.2828519791],[3116711.0308153033,1738388.6011028141],[3116772.5073983818,1738374.3219318986],[3116896.8211261332,1738319.879455477],[3117001.6142236441,1738252.3461259753],[3117057.503875643,1738231.3875064701],[3117115.7222631425,1738215.086357981],[3117299.6920395494,1738203.4426804781],[3117306.7140071392,1738203.7458294779],[3117449.9082745612,1738209.9259352237],[3117439.1372987181,1737108.791654557],[3118855.2151752263,1737134.8942926377],[3119564.2951218933,1737159.4323013127],[3120098.0000912249,1737164.7498759776],[3121297.7499883026,1737149.3749067336],[3121616.4028943032,1737145.2653348893],[3122218.5001153052,1737137.4999304712],[3122276.3884509653,1737136.7594463974],[3122387.7497768104,1737135.3345804811],[3122771.0816873014,1737130.342136398],[3122786.8746347278,1737130.1721892208],[3122830.7180509716,1737129.612150982],[3125046.1352080554,1737101.3211970627],[3125310.1478033811,1737097.9498127252],[3125402.3434851319,1737096.7723216414],[3125436.2512257248,1737096.3392516375],[3125443.2498993874,1737096.2500129789],[3125443.3666970581,1737208.4033319801],[3125443.3958964646,1737236.4209924787],[3125443.4549514651,1737293.115760982],[3125443.5281140506,1737363.255384475],[3125443.6557384729,1737485.7334859818],[3125444.032706216,1737847.3364373147],[3125444.0435329676,1737857.7829387337],[3125444.6567207277,1738446.0491506457],[3125445.3804725558,1739140.3499273956],[3125445.9529779702,1739689.8179885596],[3125445.9998938888,1739734.8749850541],[3125445.6114432216,1739764.7289279699],[3125426.2955369651,1741249.0871797204],[3125419.189908132,1741795.1126624793],[3125418.2197657228,1741869.6633663923],[3125413.6797485501,1742218.5399652272],[3125411.4445168078,1742390.3037293106],[3125403.816907391,1742976.4810346365],[3125403.0938117206,1743032.0468683988],[3125402.9999798834,1743039.2499379814],[3125401.2240647972,1743693.9405577332],[3125397.6617359668,1745007.3080097288],[3125394.0659426302,1746332.8808178902],[3125392.2500013858,1747002.374885723],[3125417.756183967,1747513.8725503981],[3125417.9648449719,1747518.057253316],[3125419.7880040556,1747554.6214846373],[3125423.7036786377,1747633.1433092207],[3125424.7499363869,1747654.1248945594],[3125424.7250020504,1747683.4050197303],[3125424.545212388,1747894.42559506],[3125423.4211988896,1749213.1385088116],[3125422.6321584731,1750171.9295702279],[3125422.5317649692,1750293.7498646379],[3125422.466148302,1750338.2737257332],[3125422.4405578077,1750372.1352065653],[3125420.8447604775,1751885.191563651],[3125420.5498135537,1752152.6493620574],[3125419.9799327999,1752662.6932894737],[3125419.9048017263,1752691.0118023902],[3125419.3149078935,1752913.0973162204],[3125419.2611022145,1752933.3761470616],[3125420.4451549649,1752947.4440323114],[3125420.2499453872,1752997.5000345558],[3125418.9674676359,1753525.2499633133],[3125418.8467329741,1753574.9591814727],[3125418.5987019688,1753677.0390298069],[3125417.9648449719,1753937.8423139751],[3125417.7630737275,1754020.8001533151],[3125417.4999508858,1754129.1250678897],[3125416.7647161335,1754474.9928144813],[3125416.2099272162,1754528.0747293085],[3125412.5225986391,1754880.8076196462],[3125412.157769978,1754915.7045314759],[3125409.9812651426,1755123.9203223884],[3125408.1587622166,1755298.2923489809],[3125407.3634882271,1755437.8560462296],[3125410.71649988,1755545.4827994704],[3125410.6492428035,1755585.7287819833],[3125410.6079043001,1755610.3727615625],[3125409.5662397146,1756232.112659812],[3125409.5436019748,1756241.7773386389],[3125409.4432084709,1756284.7296805531],[3125408.3211634755,1756765.2792443931],[3125407.3821889758,1757167.4040963054],[3125407.1466251314,1757268.2464143038],[3125407.1341579705,1757273.0246199816],[3125405.7168379724,1757819.304039225],[3125405.3175605536,1757973.1711855531],[3125405.2988598049,1757980.3188090622],[3125405.1928888857,1758021.1904464811],[3125407.6079103053,1758043.5818058997],[3125409.6899271309,1758062.8878696412],[3125409.5790349692,1758146.3985293955],[3125409.5560691357,1758163.5481013954],[3125409.5442581326,1758172.4578604698],[3125409.5078408867,1758199.8665983081],[3125409.4999668896,1758205.7501167208],[3125405.5770744681,1758205.7501167208],[3124802.6406162977,1758205.7379776388],[3124047.9977686405,1758205.6917178929],[3123996.8869784772,1758205.687452808],[3123990.9444050491,1758205.6867966503],[3123894.698862642,1758205.6789226383],[3123708.9489060491,1758205.7117309719],[3123704.0867110491,1758205.7127152234],[3123688.9604289681,1758205.7153398991],[3123334.9965699762,1758205.7780038118],[3123274.622346893,1758205.7668489814],[3123022.2019199729,1758205.7205892205],[3122969.9730218053,1758205.7110748142],[3122931.6046602279,1758205.7474920601]]]},"properties":{"OBJECTID":16,"Articulation Area":"Standley Lake","Shape_Length":146492.02031044432,"Shape_Area":813193867.83220065}},{"type":"Feature","id":17,"geometry":{"type":"Polygon","coordinates":[[[3122909.1988651305,1711841.4107589722],[3122909.009561047,1711912.5664565563],[3122908.6706509739,1712010.1246603876],[3122907.5000496358,1712336.3749921471],[3122685.7360574752,1712010.2844369709],[3122658.9188538939,1711983.2887560576],[3122597.8319634935,1711950.4043081405],[3122535.6648913729,1711919.6106361032],[3122472.489170894,1711890.9431730914],[3122408.377496033,1711864.4349056992],[3122343.4036377352,1711840.1163360148],[3122277.6423590286,1711818.0154465213],[3122211.1693289955,1711798.1576678986],[3122144.0610357057,1711780.5658497622],[3122076.3946982031,1711765.2602343694],[3122008.2481776513,1711752.2584333289],[3121939.6998877442,1711741.5754073346],[3121870.8287044764,1711733.2234489513],[3121801.7138753831,1711727.21216847],[3121326.8378566355,1711778.0772242248],[3121195.3705998808,1711793.1684013903],[3121166.507140547,1711793.8524551392],[3121044.3354688883,1711800.9971258938],[3121006.740396752,1711804.1812658757],[3120969.0185426553,1711804.9493282721],[3120931.3250177125,1711803.298154834],[3120893.8148165494,1711799.234535136],[3120856.6421799702,1711792.7751786588],[3120819.9599607238,1711783.9466460792],[3120783.9189949781,1711772.7852400541],[3120408.9692855477,1711659.7460960597],[3120373.2196752252,1711648.2850896372],[3120336.9238444231,1711638.693323751],[3120300.1794587937,1711630.9966081441],[3120263.0853909701,1711625.2156533152],[3120228.5167556247,1711620.9811854998],[3120194.3601868963,1711614.1804443644],[3120160.8059252189,1711604.8513077172],[3120128.0408563823,1711593.0457356661],[3120096.247470642,1711578.8294812196],[3120065.6028463095,1711562.2817240655],[3119811.6965299696,1711451.604780063],[3119772.8981322506,1711443.911981073],[3119734.5598645755,1711434.1820245709],[3119696.7886120453,1711422.4420371708],[3119659.6896789526,1711408.7247493484],[3119623.3664951967,1711393.06840419],[3119587.9203279302,1711375.5166507743],[3119553.4499992281,1711356.1184224784],[3119314.7349254638,1711212.8893782198],[3119093.3807093948,1711092.1248559803],[3118956.9577538818,1711053.0435693115],[3118694.9999444634,1710978.0000842214],[3118566.2498738915,1710972.0000962317],[3118427.5001513809,1710994.2500517219],[3118310.7500568032,1711026.4999872297],[3118222.2285803109,1711026.6102232337],[3118210.4999292195,1711026.6249869764],[3118194.5367065519,1711019.0580729842],[3118172.0000062138,1711008.3750234842],[3118066.8837466389,1710982.2241571397],[3118018.2499856353,1710970.1250999719],[3117925.499843061,1710951.7501367331],[3117836.5000210553,1710919.4998731464],[3117640.2320408821,1710885.3726448119],[3117639.9771201313,1711009.6250209808],[3117639.8278422207,1711082.3263191432],[3117639.7077637166,1711140.8068452328],[3117639.5597981364,1711212.8775672317],[3117639.2550087273,1711261.5077193081],[3117639.2159668058,1711267.7577068061],[3117638.9282377213,1711313.6519719809],[3117638.7976605594,1711334.5082294792],[3117638.6119653881,1711364.133498311],[3117638.3508110493,1711405.8184543103],[3117638.0437250584,1711454.7819390595],[3115671.6152432263,1710834.7943338901],[3115489.3232849687,1710774.8984563053],[3115419.1640152098,1710751.3853292447],[3115348.440380943,1710729.6285410316],[3115277.1963421083,1710709.6416151104],[3115205.4761821157,1710691.4369748253],[3115133.3244803194,1710675.0259356995],[3115060.7860843092,1710660.4186984003],[3114974.5551031413,1710645.3272700096],[3114887.9172100937,1710632.7810031378],[3114800.9475105102,1710622.7907739924],[3114713.7213973715,1710615.3652429823],[3114626.3144859411,1710610.5108472104],[3114538.8025482148,1710608.2317948937],[3113991.9276577234,1710605.6277974695],[3112184.6359967142,1710592.6068261415],[3111926.8235202134,1710590.0028287321],[3111842.7634530705,1710591.855363291],[3111758.7652653717,1710595.5744002026],[3111674.870396541,1710601.1581047282],[3111591.1202350338,1710608.6037222189],[3111507.5560979145,1710617.9075794751],[3111424.2192104757,1710629.0650865585],[3111380.6700849682,1710634.9571351409],[3110538.802674219,1710748.8568417281],[3110462.4820948718,1710756.6684746128],[3110385.9971417394,1710762.6605013553],[3110309.3911909754,1710766.8295237564],[3110232.7076873556,1710769.17317748],[3110155.9901196361,1710769.6901333928],[3109715.2908698022,1710779.4014000595],[3107056.5678407997,1710772.1176219732],[3106789.655973047,1710771.3863242269],[3106661.5037899981,1710772.412976058],[3106533.3561248579,1710770.925712381],[3106405.2622874631,1710766.9251054791],[3106277.2715669377,1710760.4126947422],[3106149.4332127287,1710751.3909860759],[3106021.7964156531,1710739.8634509358],[3105894.4102889709,1710725.8345249933],[3105767.3238494876,1710709.3096064273],[3105640.5859986921,1710690.2950538481],[3105514.2455039388,1710668.7981838498],[3105388.3509796862,1710644.8272681958],[3105262.9508687858,1710618.3915306355],[3105138.0934238457,1710589.5011433549],[3105013.8266886617,1710558.1672230628],[3104890.1984797306,1710524.4018267135],[3104767.2563678515,1710488.2179468665],[3104645.0476598199,1710449.6295066874],[3104523.6193802268,1710408.6513545916],[3104403.0182533618,1710365.2992585287],[3104283.2906852355,1710319.5898999174],[3104164.4827457219,1710271.5408672243],[3101763.3326923847,1709110.9185165614],[3101074.8862346411,1708764.1324647218],[3101025.2942153397,1708732.3023303184],[3100976.8426457648,1708698.7617393839],[3100929.5904945908,1708663.5515129729],[3100883.5952707217,1708626.7145041942],[3100838.9129533023,1708588.2955460548],[3100790.5068839062,1708543.7606010183],[3100743.8448541197,1708497.4015257475],[3100698.9955558879,1708449.2865662037],[3100656.0250126049,1708399.4865532145],[3100614.9964819178,1708348.0747982026],[3100575.9703626046,1708295.1269852624],[3100539.0041056615,1708240.7210597452],[3100504.1521297265,1708184.9371135135],[3100471.4657409694,1708127.8572670368],[3100440.9930575639,1708069.5655485012],[3100412.7789388509,1708010.1477701094],[3100386.8649193011,1707949.6914017554],[3100363.2891473714,1707888.2854422589],[3100342.0863293451,1707826.0202883482],[3100323.2876782422,1707762.9876015859],[3100306.9208678664,1707699.2801734325],[3100293.0099920714,1707634.9917886467],[3100281.5755292862,1707570.2170872225],[3100272.6343123731,1707505.0514250691],[3100266.1995038455,1707439.5907336355],[3100262.2805764913,1707373.9313786875],[3100260.883299428,1707308.1700184478],[3100262.0097296112,1707242.4034613019],[3100265.6582088033,1707176.7285232865],[3100271.823366018,1707111.2418855631],[3100280.4961254257,1707046.0399520947],[3100291.6637197137,1706981.2187077254],[3100297.5564244688,1706805.7902528048],[3100152.3693788946,1706804.5622368902],[3100105.3077932149,1706813.2062484771],[3100001.2276208103,1706832.3230081499],[3099776.0571393818,1706829.2383686453],[3099510.7879848927,1706782.9704165608],[3099341.1393740475,1706730.5335135609],[3099208.504796803,1706681.1812500656],[3098998.7571848035,1706585.5610344708],[3098856.8690171391,1706548.5466728061],[3098529.9093692154,1706517.7012620568],[3098236.8794434667,1706511.5323111415],[3098002.4556997269,1706493.0251303166],[3097820.4685308933,1706468.3489985615],[3097505.8471128941,1706462.1800476462],[3097357.7899942994,1706471.4336380661],[3097074.0136589706,1706474.5179494768],[3096796.4062745571,1706468.3489985615],[3096700.7860589772,1706468.3489985615],[3096580.4897116423,1706415.9120955616],[3096457.1087248027,1706403.5738656372],[3096315.2205571383,1706443.6728668064],[3096108.5575846434,1706474.5179494768],[3095948.1622361392,1706406.6585051417],[3095824.7812492996,1706360.3905530572],[3095630.4561786354,1706360.3905530572],[3095392.9477953911,1706360.3905530572],[3095198.6227247268,1706357.3062416464],[3095059.819196552,1706314.1229290664],[3094896.3392085582,1706320.2918799818],[3094739.0284995586,1706329.5454703867],[3094483.0129354745,1706298.7000596374],[3094248.5891917199,1706320.2918799818],[3093949.3903150558,1706320.2918799818],[3093730.3887845576,1706267.8549769819],[3093480.5424994677,1706233.9252548069],[3093301.6399701387,1706237.0095662326],[3093098.0613090545,1706258.601386562],[3092869.8065162152,1706206.1644835621],[3092505.8325066417,1706110.5442679822],[3092357.7753880471,1706088.9524476379],[3092104.8444634676,1706092.0370871425],[3091913.6040323079,1706067.3609553874],[3091586.6443843842,1706045.7691350579],[3091355.3049520552,1706055.0227254778],[3091160.9798813909,1706110.5442679822],[3090883.3728250563,1706150.6429410577],[3090553.328537643,1706166.0654823929],[3090217.1152992994,1706166.0654823929],[3089862.3948801309,1706088.9524476379],[3089550.8581016362,1706067.3609553874],[3088748.077554971,1705872.6202031374],[3088750.2583248913,1705773.7145610601],[3088764.0000953078,1705150.4999282211],[3088767.7500877976,1704605.5000339746],[3088769.6464094669,1704339.3184797317],[3088770.4695705473,1704223.8052593172],[3088773.7500758022,1703763.3750778139],[3088774.0305870473,1703723.89910689],[3088780.7959934771,1702772.0716142207],[3088781.508262381,1702649.7634598911],[3088782.0748623013,1702548.7672708035],[3088782.2503868937,1702514.6974570602],[3088782.3852291405,1702471.5000368953],[3088782.4016333073,1701668.4688345641],[3088782.3973682225,1701618.374446556],[3088782.2884445488,1701255.9571923912],[3088782.2644944638,1701154.25004673],[3088782.2497307211,1701022.1994578093],[3088782.2425128818,1700953.0001211464],[3088782.2349669635,1700931.8482605666],[3088781.7815558016,1699889.8719980568],[3088834.6669487208,1699889.3237708062],[3089429.443318218,1699883.1577726454],[3089941.6785142273,1699877.8474158049],[3091139.1984288841,1699865.4330705553],[3091398.0000766367,1699862.7500050664],[3091688.9742322266,1699863.153875649],[3092506.1878208816,1699864.2877316475],[3092685.0378568918,1699864.5292009711],[3092749.2499988079,1699864.6161430627],[3093242.2250627279,1699865.2713254839],[3093529.4213387221,1699865.6528863907],[3093557.2815192193,1699865.6899598092],[3094072.7499764711,1699866.3749978095],[3094073.9999739677,1698934.1248938143],[3094074.7499724776,1698553.3749991506],[3094075.2499714643,1698240.8749679774],[3094075.7499704659,1697836.8751198053],[3094076.9737213105,1697235.5029629767],[3094118.1321035475,1697236.0689067245],[3094156.0135894716,1697236.5899030566],[3094261.7532073855,1697237.97047773],[3094960.9998403937,1697246.1249889731],[3095289.9998385608,1697251.3749784827],[3095646.9554894716,1697253.7729395628],[3095903.9999228865,1697255.4999702275],[3096555.6351025552,1697255.2519392222],[3096560.9999212176,1697255.2499707341],[3096725.2246583849,1697258.4054762274],[3096725.4762983024,1697268.4654954821],[3097450.4046384692,1697278.0412637293],[3097465.9967988878,1697278.2473000586],[3097579.814484641,1697279.7505778968],[3097611.2688180506,1697280.1659313887],[3097738.4162015468,1697281.8453899771],[3098114.4817223847,1697286.8128997236],[3098168.2224285603,1697287.5228720605],[3098104.5263572824,1697179.2303603366],[3098038.7259637876,1697072.2034207017],[3097970.8463845849,1696966.4829386799],[3097900.9135504547,1696862.109300714],[3097828.9541765465,1696759.1223787363],[3097754.9957521702,1696657.5615149378],[3097679.0665302966,1696557.4655067392],[3097601.1955167623,1696458.8725919689],[3097521.4124591933,1696361.8204342567],[3097439.7478356361,1696266.3461086452],[3095738.3588499725,1694474.6794163883],[3094029.6037373096,1692700.413279891],[3094030.4587224722,1692388.020860061],[3094038.8283496448,1692403.228524382],[3094048.716526025,1692417.4955381195],[3094060.018542483,1692430.6708232048],[3094072.6147182761,1692442.6148622413],[3094086.3716683835,1692453.2011758983],[3094100.7116045076,1692462.6355716963],[3094116.0162941366,1692470.4078343958],[3094133.0269102021,1692476.8300640292],[3094150.620567238,1692481.420197414],[3094168.6005502078,1692484.1269121752],[3094186.7658245564,1692484.9199444801],[3094964.9247013032,1692528.5940697342],[3095007.470876053,1692530.9818602204],[3095017.5338480473,1692429.4548323154],[3095025.1827506628,1692402.5728785899],[3095035.2500077076,1692376.4999906998],[3095047.6518093655,1692351.4532251807],[3095062.2849107599,1692327.6410961093],[3095079.0274914652,1692305.2618392259],[3095151.9052984715,1692211.6685224771],[3095273.8870098889,1692328.1217016429],[3096699.7466909736,1693729.8383863866],[3096750.8382943445,1693766.6034853538],[3096803.3349915631,1693801.332741295],[3096857.1557067963,1693833.9725183912],[3096912.2173193991,1693864.4724078116],[3096968.4347922867,1693892.7853055657],[3097025.7213032646,1693918.8674852494],[3097083.9883791176,1693942.6786655779],[3097143.1460322472,1693964.1820725938],[3097203.1028996482,1693983.3444964627],[3097263.7663840107,1694000.1363427611],[3097325.0427967254,1694014.531678183],[3097386.8375025778,1694026.5082705903],[3097449.055065902,1694036.0476233491],[3097511.5993979722,1694043.1350038946],[3098930.4200511426,1694241.8183335662],[3099009.2925968021,1694252.7809100598],[3099051.6287982166,1694259.0797819793],[3099246.6792611331,1694288.4701431394],[3101049.3889103085,1694560.1054266393],[3101257.9252444804,1694590.6364620724],[3101466.8087906237,1694618.6937417933],[3101676.0102049387,1694644.2733243371],[3101885.5000989735,1694667.3716163039],[3101885.5000989735,1694672.1248876452],[3101949.1751684695,1694672.7013300657],[3102017.3964887261,1694673.3187828958],[3102520.7501408011,1694677.8748761415],[3102557.0000683069,1694678.1248756498],[3102714.7500808835,1694679.6248726398],[3102874.2500899732,1694680.999869898],[3103010.723898381,1694682.2875969708],[3103046.5000735521,1694682.6248666495],[3103159.3007009774,1694683.6081323922],[3103175.328227967,1694683.7478958964],[3103204.2500861436,1694683.9998638928],[3103544.369812727,1694687.0884403884],[3103680.8341067135,1694688.3276111484],[3103865.0000769645,1694689.9998518974],[3103991.5670810491,1694691.1264900565],[3104525.0000693053,1694695.8748401403],[3104541.3507583886,1694695.9873727262],[3104719.8983015567,1694697.2170290649],[3105155.7504482269,1694700.2176792324],[3105191.9386960566,1694700.4666944742],[3105214.8553168923,1694700.6245025545],[3105251.4999286383,1694700.8767986447],[3105430.3506208062,1694702.1080953926],[3105448.0789318085,1694702.2301423997],[3105830.6539540589,1694704.8643234819],[3105849.5000449717,1694704.9942444712],[3105938.0999333858,1694705.6041513979],[3106707.6394048035,1694710.9023691416],[3106826.7503870577,1694711.7225774825],[3107145.586363554,1694713.989305228],[3107163.4990573823,1694714.1166015565],[3107591.8646704704,1694717.1618710607],[3107829.4993658066,1694718.8511721492],[3107838.2401619703,1694718.9131798893],[3108132.5361613035,1694721.0053673089],[3108309.8573289663,1694722.2658634782],[3108489.1821015477,1694723.5407953113],[3108783.5000824779,1694725.6329827309],[3109052.7695570588,1694727.5470208973],[3109323.7499862164,1694729.4735262245],[3109395.8246452212,1694729.9859923869],[3109802.2500134706,1694732.87509422],[3109802.2122838944,1694737.9662913978],[3109801.5702248067,1694831.4989127219],[3109800.9606459737,1694920.2923703045],[3109800.3077601343,1695015.379778564],[3109798.3888007253,1695294.8411618918],[3109798.2805332243,1695310.6081907302],[3109796.7828328013,1695528.726520896],[3109794.3993073851,1695875.8777294755],[3109792.5456365496,1696145.8443811387],[3109792.5098754764,1696151.0638588965],[3109792.2759520561,1696185.1284233034],[3109792.0633540601,1696216.1037550569],[3109789.6522696316,1696567.2552837282],[3109789.3638843894,1696609.2538874],[3109788.6634264737,1696711.2543395609],[3109784.173606053,1697365.1634648144],[3109784.0974907279,1697376.2556342334],[3109765.9456241429,1700019.9052025676],[3109765.8537608087,1700033.2900183052],[3110613.5079053938,1700027.3257913888],[3111091.2644958049,1700031.489825055],[3111323.0881791413,1700033.5101622343],[3111884.8373837173,1700038.3602181375],[3112230.9544736445,1700042.0268774778],[3112236.8416009694,1700042.0892133117],[3112322.8952346444,1700043.000956893],[3112393.2389259636,1700043.7460341454],[3112449.412041977,1700044.3411773145],[3112721.2966687977,1700047.2210928053],[3112823.6183145493,1700048.3050801456],[3112914.568920061,1700049.4057997316],[3114040.9997380525,1700063.039630726],[3114717.2503540516,1700071.2246537209],[3115001.1162561327,1700074.6606704742],[3115041.0010188818,1700075.1432810575],[3115262.2594346404,1700076.8568603098],[3115921.7771444768,1700081.9651178122],[3116369.0000033081,1700085.3748878986],[3116700.99999547,1700087.9998826385],[3117130.3449373096,1700091.2072253078],[3117169.5000427216,1700091.4998756498],[3117576.2046098858,1700094.6452105641],[3117686.7483520508,1700095.9319534004],[3117686.5669219643,1700140.5391476452],[3117662.5712350607,1701409.359444648],[3117681.4068273008,1701409.5343130529],[3121682.3876704723,1701442.5296538919],[3121688.519876048,1701442.5801787227],[3121688.5658077151,1701449.497159645],[3121691.9923100471,1701964.1299886405],[3121692.5559572279,1702048.7607248873],[3121692.4342382997,1702073.9421049803],[3121689.0999273807,1702762.819664225],[3122952.7493029684,1702764.8987283111],[3122970.1787300557,1702764.9272715598],[3122980.5632237196,1702765.1818642318],[3123062.4167345613,1702767.7674889714],[3123263.7499933094,1702772.1250918061],[3123283.0475268811,1702772.2717450559],[3123621.2069555521,1702774.8386690617],[3123625.9999249727,1702774.8750863075],[3124275.1702145487,1702775.4912268072],[3124284.4999203086,1702775.5000850558],[3124600.1498795599,1702775.5601243079],[3124604.1206721365,1702775.573903814],[3124627.6951000541,1702775.655924648],[3124940.6026107222,1702776.4633377194],[3124953.4490417242,1702776.5043481439],[3125129.5710648,1702777.0630740672],[3125274.8781888932,1702777.5240311474],[3125549.9996858835,1702778.3967328072],[3125597.5012312979,1702778.547323063],[3125597.202019304,1702844.0737668127],[3125596.3007743806,1703041.5074270666],[3125595.9982815534,1703107.8038823903],[3125595.6954606324,1703174.1009938866],[3125594.7827327996,1703374.0845178068],[3125594.4782714695,1703440.7461299002],[3125594.1757786423,1703507.042257145],[3125593.2679720521,1703705.9326073974],[3125592.9638388008,1703772.5938913971],[3125592.6695480496,1703837.0698123127],[3125591.495665893,1704094.2330118865],[3125591.022569716,1704200.7600298077],[3125589.9996058941,1704431.1919836402],[3125589.8818239719,1704457.7552507222],[3125588.9999359697,1704656.3749322295],[3125588.9362878054,1704670.1524637341],[3125588.7961962223,1704700.5588989705],[3125588.7161438912,1704717.8718564808],[3125588.5429158807,1704755.3914664835],[3125587.9310404658,1704887.9853613973],[3125586.8221188039,1705128.3257599771],[3125586.0957423002,1705285.7673742324],[3125585.4999429733,1705414.8750556409],[3125585.4825545549,1705418.7270820588],[3125585.3309800476,1705452.2165163904],[3125585.3145758808,1705455.8805510551],[3125584.810639888,1705567.3468635529],[3125584.7499444634,1705580.7500519753],[3125583.2499474734,1705853.0001636446],[3125582.7499484718,1705941.8749858886],[3125582.0793461353,1706074.772357896],[3125579.4267923832,1706600.4123827219],[3125578.9067803025,1706703.4535152316],[3125578.8172135502,1706721.1949495673],[3125578.7565181404,1706733.2067365646],[3125578.0832911432,1706864.8714994788],[3125576.0432689637,1707263.7457017303],[3125575.3631522208,1707396.7037691474],[3125575.2995040566,1707409.1377993971],[3125574.6850039661,1707529.2979921401],[3125573.6108591408,1707739.325459227],[3125572.6505592167,1707927.0800049752],[3125571.9999699742,1708054.250026226],[3125571.9727390558,1708059.6634012312],[3125571.3182128072,1708190.0309226364],[3125570.6689358801,1708319.4246927202],[3125570.2581755519,1708401.2654083073],[3125569.3398703039,1708584.2217353135],[3125568.6797666401,1708715.7231127322],[3125562.6341750473,1709919.9995755553],[3125562.5574035496,1709935.2987575531],[3125562.3215116411,1709982.2894772291],[3125562.2424435467,1709998.0118867308],[3125561.9301082194,1710060.2433895618],[3125561.7198068053,1710102.1347099841],[3125559.2978956401,1710584.5730495602],[3125559.0026206374,1710643.394126147],[3125558.7798520476,1710687.8156252205],[3125558.7499964684,1710693.7499965578],[3125221.9980453104,1710693.7499965578],[3124899.9068259746,1710693.7499965578],[3124573.3248019665,1710693.7499965578],[3124251.8051038086,1710693.7499965578],[3124246.7437622249,1710693.7499965578],[3123979.4690342993,1710693.7499965578],[3123710.5141916424,1710693.7499965578],[3123498.0316769779,1710693.7499965578],[3123444.9084236324,1710693.7499965578],[3123179.0359238833,1710693.7499965578],[3123140.5343604684,1710693.7499965578],[3123048.3504897207,1710693.7499965578],[3122978.3690023869,1710693.7499965578],[3122912.4255647212,1710693.7499965578],[3122912.3661816418,1710712.1607208997],[3122912.1798302978,1710770.0798963904],[3122912.1174944639,1710789.3866163045],[3122911.4190050513,1711006.2913662195],[3122910.4905292243,1711355.4668489695],[3122910.3396108896,1711412.2954754829],[3122909.9862651378,1711545.2551833093],[3122909.1988651305,1711841.4107589722]]]},"properties":{"OBJECTID":17,"Articulation Area":"Wheat Ridge","Shape_Length":114616.53928879517,"Shape_Area":407204541.04142481}}]}