{"type":"FeatureCollection","name":"ArticulationAreas","features":[{"type":"Feature","properties":{"name":"Alameda"},"geometry":{"type":"Polygon","coordinates":[[[-105.053242,39.70116],[-105.053245,39.702269],[-105.053245,39.702562],[-105.053246,39.702703],[-105.053246,39.702866],[-105.053247,39.703126],[-105.053247,39.703268],[-105.053249,39.703985],[-105.053249,39.704079],[-105.05325,39.704306],[-105.05325,39.704542],[-105.053251,39.70505],[-105.053252,39.705418],[-105.053253,39.705815],[-105.053253,39.705861],[-105.053256,39.707224],[-105.053257,39.707716],[-105.053257,39.707801],[-105.053257,39.707902],[-105.053258,39.708463],[-105.053258,39.708501],[-105.053259,39.708621],[-105.053259,39.70865],[-105.053259,39.708812],[-105.053259,39.708841],[-105.05326,39.709141],[-105.05326,39.709247],[-105.05326,39.70929],[-105.053261,39.709416],[-105.053261,39.70953],[-105.053257,39.709582],[-105.053255,39.709608],[-105.053241,39.709799],[-105.053248,39.7103],[-105.053257,39.710842],[-105.053264,39.711346],[-105.053265,39.71142],[-105.053265,39.711813],[-105.053268,39.712829],[-105.053269,39.713181],[-105.053272,39.714969],[-105.053273,39.715004],[-105.05328,39.718233],[-105.053281,39.718601],[-105.053281,39.718627],[-105.05328,39.718984],[-105.05328,39.719071],[-105.053276,39.720056],[-105.053274,39.720414],[-105.053274,39.720544],[-105.053272,39.720933],[-105.053272,39.721064],[-105.05327,39.721477],[-105.053266,39.722719],[-105.053264,39.723133],[-105.05326,39.724083],[-105.053259,39.72448],[-105.053254,39.725742],[-105.057135,39.725716],[-105.059036,39.725666],[-105.061987,39.725667],[-105.062701,39.725664],[-105.072111,39.725616],[-105.08155,39.725575],[-105.08155,39.725492],[-105.08155,39.725324],[-105.08155,39.724166],[-105.08155,39.723917],[-105.08155,39.723908],[-105.081551,39.722453],[-105.081551,39.722154],[-105.081551,39.722096],[-105.081551,39.721865],[-105.081551,39.719561],[-105.081551,39.719305],[-105.081551,39.719012],[-105.081551,39.71859],[-105.081551,39.71846],[-105.081548,39.718197],[-105.081531,39.716597],[-105.081456,39.713911],[-105.081467,39.711452],[-105.081468,39.711174],[-105.081469,39.711037],[-105.081555,39.708569],[-105.081555,39.708549],[-105.081554,39.708021],[-105.081552,39.707084],[-105.081552,39.707066],[-105.081552,39.706953],[-105.081552,39.7069],[-105.081551,39.705792],[-105.08155,39.704804],[-105.08155,39.703882],[-105.081576,39.703881],[-105.081677,39.703881],[-105.081677,39.703828],[-105.081679,39.702984],[-105.08168,39.702182],[-105.08168,39.701574],[-105.081681,39.701067],[-105.081681,39.701023],[-105.081792,39.701061],[-105.081991,39.701129],[-105.082142,39.70118],[-105.082449,39.701285],[-105.082482,39.701296],[-105.082561,39.701323],[-105.082603,39.701309],[-105.083826,39.700906],[-105.085666,39.701021],[-105.087189,39.701294],[-105.08798,39.700972],[-105.087902,39.700754],[-105.087892,39.700617],[-105.087861,39.700346],[-105.087845,39.700203],[-105.090983,39.700181],[-105.090984,39.699841],[-105.090985,39.699636],[-105.090986,39.698426],[-105.090988,39.696539],[-105.092332,39.696538],[-105.092643,39.696539],[-105.093194,39.69654],[-105.093385,39.69654],[-105.093741,39.696541],[-105.094622,39.696542],[-105.097065,39.696546],[-105.097844,39.696548],[-105.09911,39.69655],[-105.100043,39.696551],[-105.100328,39.696552],[-105.100353,39.696552],[-105.100353,39.696538],[-105.100352,39.696417],[-105.100349,39.696182],[-105.100342,39.695648],[-105.100371,39.694327],[-105.100399,39.693013],[-105.10041,39.692498],[-105.100411,39.692434],[-105.100413,39.692158],[-105.100414,39.69188],[-105.100401,39.69143],[-105.1004,39.69138],[-105.100464,39.69138],[-105.100464,39.691178],[-105.100464,39.69106],[-105.100464,39.691015],[-105.100464,39.690424],[-105.100464,39.689516],[-105.100457,39.689399],[-105.10045,39.689289],[-105.100447,39.688144],[-105.100307,39.688117],[-105.100292,39.688114],[-105.100287,39.687572],[-105.100286,39.687522],[-105.10027,39.685856],[-105.100269,39.685757],[-105.100267,39.685455],[-105.100266,39.68536],[-105.10025,39.683595],[-105.100249,39.683486],[-105.100247,39.683264],[-105.100236,39.682164],[-105.099714,39.682166],[-105.097096,39.682176],[-105.093912,39.682187],[-105.092873,39.682191],[-105.091833,39.682195],[-105.090808,39.682198],[-105.090434,39.6822],[-105.081467,39.682234],[-105.081467,39.682221],[-105.081471,39.676334],[-105.081395,39.676334],[-105.074141,39.67632],[-105.073929,39.676321],[-105.073828,39.676319],[-105.073815,39.676318],[-105.073831,39.676296],[-105.073855,39.676256],[-105.073922,39.67609],[-105.073929,39.67596],[-105.073887,39.675676],[-105.073695,39.675284],[-105.073517,39.674951],[-105.073424,39.674733],[-105.073311,39.674469],[-105.073226,39.674397],[-105.073053,39.67433],[-105.072643,39.674172],[-105.072031,39.674069],[-105.071712,39.674087],[-105.071278,39.674141],[-105.070901,39.674141],[-105.070766,39.673979],[-105.070567,39.673732],[-105.07024,39.673493],[-105.070185,39.673467],[-105.070098,39.673426],[-105.06993,39.673368],[-105.069266,39.673142],[-105.068612,39.672872],[-105.067738,39.672593],[-105.067283,39.672492],[-105.067155,39.672463],[-105.067154,39.672309],[-105.067152,39.671693],[-105.066995,39.671677],[-105.066373,39.671615],[-105.066373,39.671597],[-105.066374,39.671505],[-105.065672,39.67156],[-105.064961,39.671613],[-105.064951,39.671541],[-105.0646,39.671564],[-105.064557,39.671648],[-105.064536,39.671689],[-105.064489,39.671781],[-105.064279,39.671771],[-105.063577,39.671735],[-105.062838,39.671698],[-105.062097,39.671664],[-105.061754,39.67165],[-105.061018,39.671624],[-105.060791,39.671618],[-105.060604,39.671637],[-105.060513,39.671766],[-105.060658,39.672075],[-105.060684,39.672124],[-105.060707,39.672168],[-105.060704,39.672335],[-105.060638,39.672389],[-105.060452,39.67254],[-105.060237,39.672655],[-105.059872,39.672797],[-105.05974,39.672849],[-105.059359,39.672997],[-105.05914,39.673082],[-105.058884,39.673182],[-105.05851,39.673327],[-105.058139,39.673472],[-105.057919,39.673557],[-105.057788,39.673564],[-105.057439,39.673584],[-105.057281,39.673571],[-105.057135,39.673559],[-105.056791,39.673529],[-105.056433,39.673498],[-105.056328,39.673489],[-105.056078,39.673467],[-105.05575,39.673438],[-105.055494,39.673397],[-105.055206,39.673351],[-105.055024,39.673322],[-105.054714,39.673286],[-105.054228,39.673259],[-105.054134,39.673254],[-105.053804,39.673193],[-105.053444,39.673119],[-105.05329,39.673099],[-105.053255,39.675039],[-105.05391,39.675035],[-105.054746,39.675032],[-105.055685,39.67503],[-105.055751,39.675029],[-105.057152,39.675025],[-105.057258,39.675025],[-105.05836,39.675021],[-105.058901,39.67502],[-105.059052,39.675019],[-105.05971,39.675017],[-105.060617,39.675014],[-105.061524,39.675012],[-105.062024,39.67501],[-105.062082,39.67501],[-105.062622,39.675008],[-105.062551,39.675055],[-105.062648,39.675055],[-105.062652,39.679335],[-105.062088,39.678832],[-105.061877,39.678645],[-105.061843,39.678616],[-105.061395,39.678266],[-105.061312,39.678201],[-105.061006,39.678041],[-105.060617,39.67799],[-105.060335,39.677954],[-105.060234,39.67799],[-105.059851,39.678126],[-105.05948,39.67826],[-105.059254,39.678339],[-105.058617,39.678494],[-105.058125,39.678614],[-105.057794,39.678697],[-105.0578,39.679318],[-105.057803,39.679782],[-105.0578,39.680671],[-105.057798,39.681326],[-105.057797,39.68146],[-105.057794,39.682124],[-105.057763,39.682269],[-105.057547,39.68227],[-105.057265,39.682272],[-105.0572,39.682272],[-105.054281,39.682289],[-105.053235,39.682295],[-105.053235,39.683461],[-105.053235,39.685167],[-105.053235,39.685628],[-105.053235,39.685996],[-105.053235,39.687342],[-105.053235,39.687556],[-105.053235,39.688229],[-105.053234,39.689357],[-105.053234,39.689555],[-105.053234,39.689687],[-105.053234,39.690347],[-105.053234,39.691364],[-105.053233,39.692813],[-105.053233,39.693176],[-105.053232,39.694988],[-105.053231,39.696768],[-105.053231,39.69681],[-105.053231,39.69687],[-105.053236,39.699078],[-105.053237,39.699218],[-105.053239,39.699909],[-105.05324,39.700417],[-105.05324,39.700438],[-105.053241,39.700772],[-105.053242,39.70116]]]}},{"type":"Feature","properties":{"name":"Arvada"},"geometry":{"type":"Polygon","coordinates":[[[-105.053242,39.841707],[-105.053242,39.84178],[-105.053242,39.841794],[-105.053313,39.841794],[-105.053439,39.841795],[-105.057549,39.841817],[-105.05905,39.841825],[-105.059239,39.841824],[-105.059428,39.841819],[-105.059617,39.84181],[-105.059805,39.841797],[-105.059951,39.841785],[-105.060192,39.841759],[-105.060431,39.841726],[-105.060669,39.841687],[-105.060904,39.841642],[-105.061138,39.84159],[-105.061369,39.841532],[-105.061547,39.841475],[-105.061727,39.841423],[-105.06191,39.841376],[-105.062095,39.841334],[-105.062282,39.841297],[-105.06247,39.841266],[-105.06266,39.84124],[-105.062752,39.841228],[-105.063313,39.841164],[-105.063523,39.841148],[-105.063584,39.841146],[-105.063625,39.841145],[-105.063732,39.841144],[-105.064102,39.841137],[-105.066359,39.841145],[-105.066425,39.841145],[-105.066694,39.841142],[-105.066744,39.841142],[-105.067487,39.841134],[-105.067572,39.841133],[-105.068186,39.841152],[-105.069295,39.841187],[-105.069713,39.84123],[-105.071195,39.841443],[-105.072242,39.841663],[-105.07256,39.84173],[-105.072704,39.841761],[-105.072956,39.841813],[-105.073361,39.841836],[-105.079424,39.841837],[-105.081851,39.841836],[-105.081853,39.841814],[-105.081819,39.839959],[-105.081824,39.839183],[-105.081829,39.838398],[-105.081767,39.837812],[-105.081735,39.835421],[-105.081727,39.834854],[-105.081673,39.832666],[-105.081648,39.83182],[-105.081606,39.830435],[-105.081513,39.828312],[-105.081506,39.828146],[-105.081467,39.827263],[-105.081494,39.827263],[-105.08666,39.827258],[-105.090927,39.82724],[-105.091936,39.827222],[-105.092808,39.827207],[-105.093304,39.827216],[-105.093875,39.827159],[-105.094545,39.827078],[-105.094897,39.82705],[-105.095454,39.827011],[-105.096129,39.82695],[-105.097182,39.826979],[-105.097991,39.827043],[-105.097989,39.826861],[-105.097986,39.826687],[-105.09797,39.825443],[-105.099396,39.825428],[-105.099394,39.825136],[-105.099476,39.825148],[-105.099604,39.825085],[-105.099627,39.825074],[-105.09965,39.825081],[-105.099773,39.825117],[-105.099873,39.825079],[-105.100015,39.825078],[-105.100092,39.825059],[-105.100299,39.825008],[-105.100308,39.825002],[-105.100398,39.824938],[-105.1007,39.824811],[-105.10082,39.824803],[-105.101091,39.824785],[-105.101127,39.824782],[-105.101224,39.825054],[-105.10126,39.825155],[-105.101314,39.825172],[-105.101283,39.825219],[-105.10155,39.82522],[-105.101661,39.82522],[-105.101712,39.82522],[-105.101621,39.824751],[-105.101639,39.824638],[-105.101679,39.824383],[-105.101702,39.824238],[-105.1019,39.823964],[-105.102137,39.823637],[-105.102111,39.823637],[-105.102587,39.823125],[-105.102591,39.822842],[-105.103689,39.821873],[-105.103713,39.821852],[-105.103719,39.821822],[-105.103704,39.821772],[-105.103715,39.821744],[-105.103719,39.821736],[-105.103779,39.821684],[-105.103837,39.82161],[-105.103893,39.821532],[-105.103903,39.821511],[-105.103926,39.821462],[-105.103946,39.82142],[-105.104038,39.821324],[-105.104105,39.821239],[-105.104205,39.821193],[-105.104268,39.821158],[-105.104324,39.821117],[-105.10444,39.821028],[-105.104575,39.820967],[-105.104648,39.820944],[-105.104766,39.820891],[-105.104781,39.82089],[-105.104879,39.820886],[-105.10495,39.820905],[-105.105049,39.820915],[-105.105305,39.820943],[-105.105334,39.820923],[-105.105639,39.820716],[-105.10579,39.820588],[-105.105913,39.820485],[-105.109632,39.823055],[-105.10968,39.822684],[-105.109679,39.822516],[-105.109649,39.819623],[-105.109644,39.819141],[-105.109639,39.818618],[-105.109641,39.81791],[-105.10964,39.817688],[-105.109638,39.817485],[-105.109638,39.81742],[-105.109637,39.817336],[-105.109634,39.817068],[-105.109634,39.816975],[-105.109633,39.816904],[-105.10963,39.816481],[-105.109626,39.816046],[-105.109625,39.815966],[-105.109622,39.815615],[-105.10962,39.815405],[-105.109616,39.814971],[-105.109615,39.814887],[-105.109615,39.814833],[-105.109611,39.814416],[-105.109609,39.814209],[-105.109608,39.813982],[-105.109606,39.813775],[-105.109604,39.813579],[-105.109602,39.813354],[-105.1096,39.813147],[-105.1096,39.813127],[-105.109598,39.812898],[-105.109597,39.812729],[-105.10998,39.812729],[-105.110004,39.812729],[-105.110394,39.812729],[-105.110667,39.812729],[-105.110922,39.812728],[-105.111892,39.812728],[-105.111938,39.812699],[-105.112038,39.812636],[-105.112088,39.812605],[-105.112262,39.812495],[-105.11229,39.812477],[-105.112538,39.812321],[-105.112751,39.812186],[-105.112948,39.812063],[-105.113158,39.81193],[-105.113362,39.811801],[-105.113697,39.811602],[-105.111342,39.809415],[-105.109989,39.808134],[-105.109905,39.808052],[-105.109842,39.807975],[-105.109785,39.807895],[-105.109737,39.807811],[-105.109697,39.807726],[-105.109665,39.807638],[-105.109642,39.807548],[-105.109628,39.807458],[-105.109622,39.807366],[-105.109521,39.807359],[-105.109421,39.807344],[-105.109323,39.807322],[-105.109229,39.807293],[-105.109138,39.807258],[-105.109052,39.807216],[-105.108971,39.807169],[-105.10679,39.805104],[-105.105791,39.80416],[-105.105092,39.8035],[-105.105078,39.803486],[-105.105067,39.803473],[-105.105055,39.803461],[-105.105044,39.803448],[-105.105034,39.803436],[-105.105023,39.803423],[-105.105013,39.80341],[-105.105003,39.803397],[-105.104993,39.803384],[-105.104984,39.803371],[-105.104975,39.803358],[-105.104966,39.803344],[-105.104957,39.803331],[-105.104949,39.803317],[-105.10494,39.803303],[-105.104932,39.80329],[-105.104925,39.803276],[-105.104917,39.803262],[-105.10491,39.803248],[-105.104903,39.803234],[-105.104897,39.803219],[-105.10489,39.803205],[-105.104884,39.803191],[-105.104878,39.803176],[-105.104873,39.803162],[-105.104868,39.803147],[-105.104863,39.803133],[-105.104858,39.803118],[-105.104853,39.803103],[-105.104849,39.803089],[-105.104845,39.803074],[-105.104842,39.803059],[-105.104838,39.803044],[-105.104835,39.803029],[-105.104833,39.803014],[-105.10483,39.802999],[-105.104828,39.802984],[-105.104826,39.802969],[-105.104826,39.802872],[-105.104818,39.801947],[-105.111127,39.801858],[-105.111154,39.801789],[-105.111992,39.799637],[-105.112611,39.798195],[-105.112644,39.798065],[-105.112668,39.797933],[-105.112683,39.797801],[-105.112689,39.797668],[-105.112685,39.797535],[-105.112672,39.797403],[-105.11265,39.797271],[-105.112619,39.79714],[-105.112578,39.797011],[-105.112529,39.796884],[-105.112471,39.796759],[-105.112404,39.796636],[-105.112329,39.796517],[-105.112246,39.796401],[-105.112155,39.796288],[-105.112056,39.796179],[-105.111949,39.796075],[-105.111836,39.795975],[-105.111715,39.79588],[-105.111588,39.79579],[-105.111455,39.795706],[-105.111317,39.795627],[-105.111159,39.795567],[-105.111006,39.795501],[-105.110857,39.795429],[-105.110713,39.795351],[-105.110574,39.795268],[-105.110441,39.795179],[-105.110313,39.795086],[-105.110192,39.794988],[-105.110077,39.794885],[-105.10997,39.794778],[-105.109869,39.794667],[-105.109775,39.794552],[-105.10969,39.794434],[-105.109612,39.794312],[-105.109541,39.794188],[-105.10948,39.794061],[-105.109426,39.793932],[-105.109381,39.793801],[-105.109344,39.793668],[-105.109316,39.793534],[-105.109297,39.793399],[-105.109319,39.7931],[-105.109454,39.790234],[-105.10957,39.789081],[-105.10958,39.787283],[-105.109614,39.785637],[-105.109615,39.78468],[-105.109615,39.784608],[-105.109615,39.784349],[-105.109615,39.78425],[-105.108047,39.784218],[-105.107774,39.784215],[-105.107501,39.784208],[-105.107229,39.784196],[-105.106957,39.784178],[-105.106685,39.784156],[-105.103692,39.783833],[-105.103537,39.783817],[-105.10324,39.783785],[-105.102943,39.783758],[-105.102645,39.783737],[-105.102347,39.783721],[-105.102048,39.783709],[-105.101749,39.783703],[-105.100832,39.783707],[-105.094401,39.783721],[-105.092455,39.783722],[-105.092144,39.783727],[-105.091833,39.783739],[-105.091522,39.783758],[-105.091213,39.783785],[-105.090904,39.783818],[-105.090597,39.783858],[-105.090339,39.783898],[-105.090082,39.783942],[-105.089826,39.783991],[-105.089572,39.784045],[-105.08932,39.784104],[-105.08907,39.784167],[-105.088421,39.78433],[-105.081414,39.786007],[-105.081414,39.785872],[-105.081413,39.785758],[-105.081413,39.785677],[-105.081413,39.785619],[-105.081413,39.785493],[-105.081413,39.785476],[-105.081412,39.785343],[-105.081413,39.785145],[-105.081414,39.784984],[-105.081414,39.784785],[-105.081415,39.784444],[-105.080717,39.784535],[-105.080399,39.784622],[-105.080069,39.784672],[-105.079896,39.784704],[-105.079521,39.784775],[-105.079441,39.784804],[-105.079384,39.784824],[-105.079342,39.784824],[-105.079027,39.784823],[-105.078612,39.784733],[-105.078119,39.78467],[-105.077661,39.784685],[-105.076728,39.784887],[-105.076242,39.784993],[-105.075452,39.785321],[-105.0746,39.785712],[-105.074477,39.785764],[-105.074351,39.785812],[-105.074221,39.785855],[-105.074089,39.785892],[-105.073954,39.785924],[-105.073818,39.78595],[-105.07368,39.78597],[-105.072774,39.786271],[-105.072665,39.786316],[-105.072552,39.786355],[-105.072435,39.786387],[-105.072315,39.786412],[-105.072194,39.78643],[-105.072071,39.786441],[-105.071939,39.786456],[-105.071808,39.786477],[-105.071678,39.786503],[-105.071551,39.786534],[-105.070215,39.786839],[-105.070086,39.78687],[-105.069956,39.786893],[-105.069823,39.786911],[-105.06969,39.786921],[-105.069556,39.786925],[-105.069421,39.786923],[-105.069288,39.786914],[-105.068853,39.786892],[-105.06875,39.78689],[-105.068283,39.786847],[-105.066594,39.786701],[-105.066348,39.786717],[-105.066103,39.786739],[-105.065859,39.786767],[-105.065616,39.786802],[-105.065375,39.786843],[-105.065136,39.78689],[-105.064899,39.786944],[-105.064665,39.787004],[-105.064433,39.78707],[-105.064205,39.787142],[-105.063979,39.78722],[-105.063758,39.787303],[-105.06354,39.787393],[-105.063444,39.787467],[-105.062649,39.788359],[-105.065015,39.788367],[-105.065046,39.788367],[-105.065036,39.788856],[-105.065026,39.789326],[-105.065019,39.789683],[-105.065017,39.789745],[-105.065005,39.790328],[-105.064549,39.790329],[-105.06442,39.790329],[-105.06441,39.790618],[-105.064398,39.79099],[-105.064258,39.790989],[-105.063305,39.790986],[-105.062931,39.790985],[-105.062679,39.790984],[-105.062626,39.790984],[-105.062627,39.790943],[-105.062631,39.790433],[-105.062632,39.790381],[-105.06254,39.79038],[-105.062286,39.790379],[-105.061888,39.790378],[-105.061866,39.790444],[-105.061807,39.790619],[-105.061797,39.790651],[-105.061769,39.790732],[-105.061747,39.790764],[-105.061736,39.790781],[-105.061707,39.790823],[-105.061563,39.791033],[-105.061533,39.791076],[-105.061479,39.791076],[-105.06129,39.791076],[-105.060264,39.791074],[-105.058147,39.791071],[-105.057698,39.79107],[-105.054093,39.791065],[-105.053246,39.791064],[-105.053246,39.791078],[-105.053248,39.792839],[-105.05325,39.794415],[-105.053251,39.794996],[-105.053251,39.795143],[-105.053251,39.795451],[-105.053252,39.795965],[-105.053252,39.79623],[-105.053252,39.796244],[-105.053252,39.796418],[-105.053252,39.796595],[-105.053253,39.797227],[-105.053253,39.797403],[-105.053254,39.797907],[-105.053254,39.798034],[-105.053254,39.798271],[-105.053254,39.798309],[-105.053255,39.79911],[-105.053255,39.799242],[-105.053256,39.799429],[-105.053256,39.799826],[-105.053257,39.800739],[-105.053257,39.800927],[-105.053258,39.801291],[-105.053259,39.802355],[-105.053259,39.802449],[-105.053259,39.802574],[-105.053259,39.802655],[-105.05326,39.802821],[-105.05326,39.803102],[-105.053262,39.805547],[-105.053262,39.805563],[-105.053262,39.805984],[-105.053263,39.806297],[-105.053263,39.806497],[-105.053263,39.80683],[-105.053266,39.809184],[-105.053266,39.809194],[-105.053268,39.810385],[-105.053268,39.810566],[-105.05327,39.812311],[-105.05327,39.81277],[-105.05327,39.812793],[-105.053272,39.816412],[-105.053274,39.818207],[-105.053274,39.818262],[-105.053277,39.820028],[-105.053279,39.821034],[-105.05328,39.821627],[-105.05328,39.821821],[-105.05328,39.821859],[-105.053281,39.823135],[-105.053282,39.823573],[-105.053282,39.823582],[-105.053282,39.823664],[-105.053283,39.824181],[-105.053284,39.824864],[-105.053286,39.825666],[-105.053287,39.826542],[-105.053288,39.826979],[-105.053289,39.827273],[-105.053289,39.827287],[-105.053289,39.827416],[-105.053288,39.827528],[-105.053287,39.828059],[-105.053285,39.828601],[-105.053284,39.829011],[-105.053282,39.829551],[-105.053281,39.82988],[-105.05328,39.830074],[-105.05328,39.830514],[-105.05328,39.83083],[-105.05328,39.83089],[-105.05328,39.830906],[-105.05328,39.830924],[-105.053275,39.832355],[-105.053268,39.834523],[-105.053255,39.838146],[-105.053254,39.838316],[-105.053251,39.839144],[-105.05325,39.839601],[-105.053244,39.841065],[-105.053242,39.841707]]]}},{"type":"Feature","properties":{"name":"Arvada West"},"geometry":{"type":"MultiPolygon","coordinates":[[[[-105.216937,39.801789],[-105.217901,39.801786],[-105.22165,39.801776],[-105.22168,39.801776],[-105.221695,39.798015],[-105.2217,39.798005],[-105.221698,39.797822],[-105.221692,39.797338],[-105.2217,39.793735],[-105.221701,39.793538],[-105.221701,39.793481],[-105.221703,39.793082],[-105.221707,39.791648],[-105.221708,39.790941],[-105.219397,39.790871],[-105.219144,39.790864],[-105.212329,39.790657],[-105.21232,39.79135],[-105.212286,39.793876],[-105.21227,39.795151],[-105.212264,39.795618],[-105.21225,39.796669],[-105.21223,39.79818],[-105.216961,39.798137],[-105.216937,39.801789]]],[[[-105.115549,39.827153],[-105.115607,39.827193],[-105.118273,39.829043],[-105.123106,39.832343],[-105.123458,39.832587],[-105.12869,39.836218],[-105.138228,39.842815],[-105.138227,39.842777],[-105.138222,39.842524],[-105.138215,39.842143],[-105.138209,39.841812],[-105.138156,39.839009],[-105.138155,39.838939],[-105.138153,39.838852],[-105.138145,39.838502],[-105.138145,39.83849],[-105.138139,39.838218],[-105.138132,39.83788],[-105.138128,39.837678],[-105.138121,39.837374],[-105.138117,39.837173],[-105.138113,39.836972],[-105.138106,39.836684],[-105.138103,39.836543],[-105.1381,39.836368],[-105.138093,39.836042],[-105.138085,39.83569],[-105.138078,39.835385],[-105.138074,39.835163],[-105.138072,39.835114],[-105.138069,39.83457],[-105.138067,39.834342],[-105.138025,39.832798],[-105.138014,39.832399],[-105.137999,39.831677],[-105.137979,39.830712],[-105.137979,39.830477],[-105.13796,39.829842],[-105.137929,39.828409],[-105.137909,39.827511],[-105.137904,39.827263],[-105.137904,39.827233],[-105.137903,39.827118],[-105.137902,39.827091],[-105.138609,39.827089],[-105.142736,39.827039],[-105.146629,39.827025],[-105.147234,39.827063],[-105.147303,39.827063],[-105.147305,39.826344],[-105.147307,39.825647],[-105.147307,39.825371],[-105.147308,39.825185],[-105.147308,39.825127],[-105.147308,39.825083],[-105.147308,39.825064],[-105.147309,39.824523],[-105.147313,39.82313],[-105.147329,39.82313],[-105.147591,39.823128],[-105.147605,39.823128],[-105.148384,39.823122],[-105.148493,39.823133],[-105.149522,39.823236],[-105.150128,39.823314],[-105.150269,39.823332],[-105.151064,39.823433],[-105.151559,39.823459],[-105.152388,39.823502],[-105.152475,39.823535],[-105.15325,39.82383],[-105.154508,39.823835],[-105.155074,39.823978],[-105.155821,39.823751],[-105.156037,39.823675],[-105.156519,39.823505],[-105.156669,39.823452],[-105.156942,39.823355],[-105.157258,39.822896],[-105.157266,39.822886],[-105.157275,39.822872],[-105.157285,39.822857],[-105.157505,39.822538],[-105.157555,39.822498],[-105.15807,39.822095],[-105.15842,39.822105],[-105.158778,39.822115],[-105.159025,39.822122],[-105.15945,39.822135],[-105.160081,39.822153],[-105.161276,39.821833],[-105.162148,39.821701],[-105.162157,39.821695],[-105.162724,39.821297],[-105.162872,39.820934],[-105.164291,39.820888],[-105.165176,39.820954],[-105.165239,39.820959],[-105.165249,39.819828],[-105.167378,39.819831],[-105.167546,39.819816],[-105.167763,39.819778],[-105.169839,39.819799],[-105.169839,39.819724],[-105.169849,39.818332],[-105.169874,39.816759],[-105.169874,39.816195],[-105.169917,39.816195],[-105.169984,39.816197],[-105.170074,39.816199],[-105.170117,39.816199],[-105.170139,39.8162],[-105.170534,39.816204],[-105.170642,39.816206],[-105.170835,39.816208],[-105.171579,39.816216],[-105.171932,39.81622],[-105.172521,39.816226],[-105.172709,39.816228],[-105.172783,39.816228],[-105.172909,39.81623],[-105.173106,39.816232],[-105.173303,39.816234],[-105.173481,39.816236],[-105.173521,39.816236],[-105.173757,39.816238],[-105.173918,39.81624],[-105.173982,39.816241],[-105.174175,39.816243],[-105.17437,39.816244],[-105.174455,39.816245],[-105.17453,39.816246],[-105.17453,39.81619],[-105.17453,39.816103],[-105.17453,39.81606],[-105.174531,39.816032],[-105.174532,39.815768],[-105.174536,39.814926],[-105.174538,39.814396],[-105.174526,39.812615],[-105.174526,39.812554],[-105.174553,39.812557],[-105.174702,39.812559],[-105.174729,39.812559],[-105.176338,39.812578],[-105.178113,39.812599],[-105.17865,39.812606],[-105.180585,39.812629],[-105.181414,39.812639],[-105.181652,39.812642],[-105.182694,39.812654],[-105.182992,39.812657],[-105.183378,39.812662],[-105.183609,39.812665],[-105.183633,39.812665],[-105.183822,39.812665],[-105.185592,39.812672],[-105.188771,39.812684],[-105.189001,39.812685],[-105.191166,39.812692],[-105.193293,39.812699],[-105.193322,39.8127],[-105.196019,39.812721],[-105.197247,39.812731],[-105.198066,39.812737],[-105.198187,39.812738],[-105.198458,39.81274],[-105.198611,39.812761],[-105.198762,39.812789],[-105.198911,39.812824],[-105.199058,39.812865],[-105.1992,39.812913],[-105.199339,39.812967],[-105.199474,39.813027],[-105.199604,39.813093],[-105.199729,39.813165],[-105.199848,39.813242],[-105.199961,39.813325],[-105.202305,39.815626],[-105.202428,39.81572],[-105.202557,39.815809],[-105.202691,39.815894],[-105.202831,39.815973],[-105.202833,39.815834],[-105.202922,39.807956],[-105.202868,39.805397],[-105.202866,39.805297],[-105.202863,39.805149],[-105.202858,39.803888],[-105.202857,39.803637],[-105.202857,39.803554],[-105.202857,39.803534],[-105.202853,39.802556],[-105.20285,39.801851],[-105.202835,39.798228],[-105.202849,39.797252],[-105.202854,39.796877],[-105.202873,39.795497],[-105.202916,39.792382],[-105.202943,39.790423],[-105.20297,39.785704],[-105.202983,39.783282],[-105.203016,39.779692],[-105.203049,39.776057],[-105.203071,39.775052],[-105.203116,39.772938],[-105.20312,39.772732],[-105.203121,39.77269],[-105.203139,39.771877],[-105.203159,39.770918],[-105.203198,39.767444],[-105.203203,39.76706],[-105.203204,39.766968],[-105.203205,39.766859],[-105.202661,39.767284],[-105.202311,39.767598],[-105.200995,39.76784],[-105.200254,39.768019],[-105.199242,39.768208],[-105.199201,39.768216],[-105.19899,39.768255],[-105.198503,39.768296],[-105.198216,39.76832],[-105.197995,39.768376],[-105.197938,39.76839],[-105.197667,39.768458],[-105.19674,39.768548],[-105.195957,39.768626],[-105.195508,39.768631],[-105.195326,39.768607],[-105.195232,39.768596],[-105.194912,39.768538],[-105.194792,39.768322],[-105.19414,39.767942],[-105.193971,39.767932],[-105.193678,39.767913],[-105.19321,39.767928],[-105.19243,39.768014],[-105.191975,39.76807],[-105.191587,39.768131],[-105.191299,39.768171],[-105.190862,39.768266],[-105.190409,39.768369],[-105.189674,39.768549],[-105.189405,39.768662],[-105.188955,39.768911],[-105.188608,39.76914],[-105.188456,39.769227],[-105.187926,39.76949],[-105.187441,39.7697],[-105.187211,39.769786],[-105.186794,39.769966],[-105.186323,39.77012],[-105.186069,39.770176],[-105.185328,39.770502],[-105.184936,39.770607],[-105.18428,39.771003],[-105.181422,39.77153],[-105.180313,39.771587],[-105.17905,39.771795],[-105.177854,39.771792],[-105.17668,39.771746],[-105.175693,39.771633],[-105.175002,39.771479],[-105.17418,39.771451],[-105.173016,39.771507],[-105.172335,39.771573],[-105.171436,39.771562],[-105.170909,39.77162],[-105.169613,39.771879],[-105.1688,39.77202],[-105.168076,39.771959],[-105.16744,39.771949],[-105.16655,39.77204],[-105.165771,39.772181],[-105.164706,39.772178],[-105.163872,39.772117],[-105.162961,39.772199],[-105.162402,39.772172],[-105.16182,39.772153],[-105.161326,39.77227],[-105.160635,39.772277],[-105.15979,39.772274],[-105.159098,39.772272],[-105.158659,39.772398],[-105.158087,39.772583],[-105.157352,39.772496],[-105.156848,39.772384],[-105.156409,39.772417],[-105.15598,39.77256],[-105.15564,39.772559],[-105.154653,39.772573],[-105.153643,39.772561],[-105.153116,39.772534],[-105.151997,39.772548],[-105.151349,39.772614],[-105.150515,39.772662],[-105.149473,39.772676],[-105.148309,39.772757],[-105.147804,39.772857],[-105.147056,39.773117],[-105.146584,39.773251],[-105.145979,39.773394],[-105.145035,39.773518],[-105.144234,39.773524],[-105.143864,39.77347],[-105.143697,39.773446],[-105.14318,39.773448],[-105.143199,39.773929],[-105.143237,39.774107],[-105.143267,39.774287],[-105.143288,39.774466],[-105.1433,39.774647],[-105.143303,39.774827],[-105.143298,39.775008],[-105.143283,39.775188],[-105.143259,39.775368],[-105.143226,39.775546],[-105.143185,39.775724],[-105.143134,39.7759],[-105.143075,39.776075],[-105.143007,39.776248],[-105.142931,39.776419],[-105.142846,39.776587],[-105.142753,39.776753],[-105.142652,39.776915],[-105.142543,39.777075],[-105.142426,39.777232],[-105.142301,39.777384],[-105.142169,39.777533],[-105.142029,39.777678],[-105.141882,39.777819],[-105.141729,39.777955],[-105.141569,39.778087],[-105.141402,39.778213],[-105.141229,39.778335],[-105.14107,39.77844],[-105.140905,39.778541],[-105.140737,39.778637],[-105.140564,39.778728],[-105.140387,39.778815],[-105.137933,39.77976],[-105.129373,39.782919],[-105.128949,39.78305],[-105.128523,39.783174],[-105.128093,39.783292],[-105.12766,39.783403],[-105.127225,39.783507],[-105.126787,39.783605],[-105.126347,39.783697],[-105.125904,39.783781],[-105.125459,39.783859],[-105.125013,39.78393],[-105.124564,39.783995],[-105.124115,39.784052],[-105.123663,39.784103],[-105.123211,39.784147],[-105.122758,39.784184],[-105.122303,39.784214],[-105.121848,39.784237],[-105.121393,39.784254],[-105.120937,39.784263],[-105.120481,39.784266],[-105.120025,39.784262],[-105.119075,39.784261],[-105.109615,39.78425],[-105.109615,39.784349],[-105.109615,39.784608],[-105.109615,39.78468],[-105.109614,39.785637],[-105.10958,39.787283],[-105.10957,39.789081],[-105.109454,39.790234],[-105.109319,39.7931],[-105.109297,39.793399],[-105.109316,39.793534],[-105.109344,39.793668],[-105.109381,39.793801],[-105.109426,39.793932],[-105.10948,39.794061],[-105.109541,39.794188],[-105.109612,39.794312],[-105.10969,39.794434],[-105.109775,39.794552],[-105.109869,39.794667],[-105.10997,39.794778],[-105.110077,39.794885],[-105.110192,39.794988],[-105.110313,39.795086],[-105.110441,39.795179],[-105.110574,39.795268],[-105.110713,39.795351],[-105.110857,39.795429],[-105.111006,39.795501],[-105.111159,39.795567],[-105.111317,39.795627],[-105.111455,39.795706],[-105.111588,39.79579],[-105.111715,39.79588],[-105.111836,39.795975],[-105.111949,39.796075],[-105.112056,39.796179],[-105.112155,39.796288],[-105.112246,39.796401],[-105.112329,39.796517],[-105.112404,39.796636],[-105.112471,39.796759],[-105.112529,39.796884],[-105.112578,39.797011],[-105.112619,39.79714],[-105.11265,39.797271],[-105.112672,39.797403],[-105.112685,39.797535],[-105.112689,39.797668],[-105.112683,39.797801],[-105.112668,39.797933],[-105.112644,39.798065],[-105.112611,39.798195],[-105.111992,39.799637],[-105.111154,39.801789],[-105.111127,39.801858],[-105.104818,39.801947],[-105.104826,39.802872],[-105.104826,39.802969],[-105.104828,39.802984],[-105.10483,39.802999],[-105.104833,39.803014],[-105.104835,39.803029],[-105.104838,39.803044],[-105.104842,39.803059],[-105.104845,39.803074],[-105.104849,39.803089],[-105.104853,39.803103],[-105.104858,39.803118],[-105.104863,39.803133],[-105.104868,39.803147],[-105.104873,39.803162],[-105.104878,39.803176],[-105.104884,39.803191],[-105.10489,39.803205],[-105.104897,39.803219],[-105.104903,39.803234],[-105.10491,39.803248],[-105.104917,39.803262],[-105.104925,39.803276],[-105.104932,39.80329],[-105.10494,39.803303],[-105.104949,39.803317],[-105.104957,39.803331],[-105.104966,39.803344],[-105.104975,39.803358],[-105.104984,39.803371],[-105.104993,39.803384],[-105.105003,39.803397],[-105.105013,39.80341],[-105.105023,39.803423],[-105.105034,39.803436],[-105.105044,39.803448],[-105.105055,39.803461],[-105.105067,39.803473],[-105.105078,39.803486],[-105.105092,39.8035],[-105.105791,39.80416],[-105.10679,39.805104],[-105.108971,39.807169],[-105.109052,39.807216],[-105.109138,39.807258],[-105.109229,39.807293],[-105.109323,39.807322],[-105.109421,39.807344],[-105.109521,39.807359],[-105.109622,39.807366],[-105.109628,39.807458],[-105.109642,39.807548],[-105.109665,39.807638],[-105.109697,39.807726],[-105.109737,39.807811],[-105.109785,39.807895],[-105.109842,39.807975],[-105.109905,39.808052],[-105.109989,39.808134],[-105.111342,39.809415],[-105.113697,39.811602],[-105.113362,39.811801],[-105.113158,39.81193],[-105.112948,39.812063],[-105.112751,39.812186],[-105.112538,39.812321],[-105.11229,39.812477],[-105.112262,39.812495],[-105.112088,39.812605],[-105.112038,39.812636],[-105.111938,39.812699],[-105.111892,39.812728],[-105.110922,39.812728],[-105.110667,39.812729],[-105.110394,39.812729],[-105.110004,39.812729],[-105.10998,39.812729],[-105.109597,39.812729],[-105.109598,39.812898],[-105.1096,39.813127],[-105.1096,39.813147],[-105.109602,39.813354],[-105.109604,39.813579],[-105.109606,39.813775],[-105.109608,39.813982],[-105.109609,39.814209],[-105.109611,39.814416],[-105.109615,39.814833],[-105.109615,39.814887],[-105.109616,39.814971],[-105.10962,39.815405],[-105.109622,39.815615],[-105.109625,39.815966],[-105.109626,39.816046],[-105.10963,39.816481],[-105.109633,39.816904],[-105.109634,39.816975],[-105.109634,39.817068],[-105.109637,39.817336],[-105.109638,39.81742],[-105.109638,39.817485],[-105.10964,39.817688],[-105.109641,39.81791],[-105.109639,39.818618],[-105.109644,39.819141],[-105.109649,39.819623],[-105.109679,39.822516],[-105.10968,39.822684],[-105.109632,39.823055],[-105.109683,39.823091],[-105.115549,39.827153]]]]}},{"type":"Feature","properties":{"name":"Bear Creek"},"geometry":{"type":"MultiPolygon","coordinates":[[[[-105.080823,39.635009],[-105.080824,39.635054],[-105.080837,39.635358],[-105.080835,39.635698],[-105.080864,39.635698],[-105.081482,39.635702],[-105.081484,39.635612],[-105.081495,39.635041],[-105.081495,39.635006],[-105.080823,39.635009]]],[[[-105.062666,39.651884],[-105.062661,39.652357],[-105.062661,39.652386],[-105.062659,39.652635],[-105.062655,39.652902],[-105.063539,39.652901],[-105.063606,39.652901],[-105.063611,39.651879],[-105.062666,39.651884]]],[[[-105.063897,39.653526],[-105.063898,39.653659],[-105.063898,39.653733],[-105.064715,39.653733],[-105.064714,39.653526],[-105.063897,39.653526]]],[[[-105.100352,39.696417],[-105.100353,39.696538],[-105.100353,39.696552],[-105.101565,39.696553],[-105.103015,39.696555],[-105.104418,39.696557],[-105.105097,39.696558],[-105.105593,39.696559],[-105.106571,39.69656],[-105.10755,39.696561],[-105.108517,39.696563],[-105.109654,39.696564],[-105.10972,39.696564],[-105.109994,39.696565],[-105.112166,39.696567],[-105.11257,39.696549],[-105.114539,39.696536],[-105.114782,39.696535],[-105.116255,39.696526],[-105.11765,39.696517],[-105.118929,39.696509],[-105.119115,39.696508],[-105.119479,39.696506],[-105.119544,39.696506],[-105.120248,39.696502],[-105.121168,39.696497],[-105.122214,39.696492],[-105.123424,39.696486],[-105.123931,39.696484],[-105.124707,39.69648],[-105.125026,39.696478],[-105.125264,39.6965],[-105.125497,39.696522],[-105.127408,39.696491],[-105.127607,39.696487],[-105.128037,39.69648],[-105.12939,39.696458],[-105.129391,39.696066],[-105.129376,39.695989],[-105.129353,39.695913],[-105.129322,39.695839],[-105.129283,39.695767],[-105.129237,39.695698],[-105.129184,39.695631],[-105.128933,39.695359],[-105.128873,39.695294],[-105.128821,39.695226],[-105.128776,39.695154],[-105.12874,39.69508],[-105.128711,39.695004],[-105.128691,39.694926],[-105.128679,39.694847],[-105.128677,39.694767],[-105.12868,39.694488],[-105.128665,39.693611],[-105.128655,39.693008],[-105.128655,39.693],[-105.128646,39.691145],[-105.128657,39.689172],[-105.12866,39.688535],[-105.128663,39.688028],[-105.128678,39.68513],[-105.128677,39.684639],[-105.128676,39.684301],[-105.128683,39.684221],[-105.128698,39.684141],[-105.128722,39.684063],[-105.128754,39.683986],[-105.128793,39.683912],[-105.12884,39.683841],[-105.128895,39.683772],[-105.129156,39.683483],[-105.129208,39.683418],[-105.129253,39.683351],[-105.12929,39.683281],[-105.129318,39.683208],[-105.129338,39.683134],[-105.129349,39.683059],[-105.129349,39.682983],[-105.129343,39.682198],[-105.129342,39.682106],[-105.128493,39.682106],[-105.127807,39.682106],[-105.124583,39.682109],[-105.123451,39.68211],[-105.123331,39.682111],[-105.122528,39.682111],[-105.12218,39.682112],[-105.121137,39.682114],[-105.120582,39.682115],[-105.120148,39.682116],[-105.120137,39.679869],[-105.120126,39.679435],[-105.120106,39.679002],[-105.120078,39.678569],[-105.120041,39.678136],[-105.119996,39.677704],[-105.119943,39.677272],[-105.119881,39.676841],[-105.11981,39.676411],[-105.119731,39.675981],[-105.119683,39.675745],[-105.119626,39.675509],[-105.119559,39.675275],[-105.119484,39.675042],[-105.119401,39.674811],[-105.119308,39.674582],[-105.119207,39.674356],[-105.119098,39.674131],[-105.11898,39.67391],[-105.118854,39.673691],[-105.118719,39.673475],[-105.118577,39.673262],[-105.118426,39.673052],[-105.118268,39.672846],[-105.118102,39.672643],[-105.117929,39.672444],[-105.117748,39.67225],[-105.11756,39.672059],[-105.117364,39.671873],[-105.117162,39.671691],[-105.116953,39.671514],[-105.116737,39.671342],[-105.114782,39.669388],[-105.114629,39.669197],[-105.114483,39.669003],[-105.114345,39.668805],[-105.114215,39.668605],[-105.114092,39.668401],[-105.113977,39.668195],[-105.11387,39.667986],[-105.113771,39.667775],[-105.113734,39.667695],[-105.113638,39.667493],[-105.115658,39.666546],[-105.116412,39.666218],[-105.11717,39.665896],[-105.117932,39.665579],[-105.118698,39.665269],[-105.119469,39.664964],[-105.120243,39.664665],[-105.12102,39.664373],[-105.121802,39.664086],[-105.122022,39.664001],[-105.122245,39.663921],[-105.122471,39.663846],[-105.122699,39.663777],[-105.12293,39.663712],[-105.123163,39.663653],[-105.123399,39.663599],[-105.123433,39.663591],[-105.123675,39.663547],[-105.123918,39.663511],[-105.124163,39.663481],[-105.124409,39.663458],[-105.124656,39.663442],[-105.124904,39.663432],[-105.125152,39.66343],[-105.1254,39.663434],[-105.125648,39.663445],[-105.125894,39.663464],[-105.12614,39.663489],[-105.126385,39.66352],[-105.126628,39.663559],[-105.126869,39.663604],[-105.127108,39.663656],[-105.127344,39.663715],[-105.127577,39.66378],[-105.127807,39.663851],[-105.128034,39.663929],[-105.128257,39.664013],[-105.128476,39.664103],[-105.12869,39.664199],[-105.1289,39.664301],[-105.131917,39.665836],[-105.132268,39.665991],[-105.132623,39.666139],[-105.132983,39.666281],[-105.133346,39.666417],[-105.133714,39.666546],[-105.134085,39.66667],[-105.134459,39.666787],[-105.134837,39.666897],[-105.135218,39.667001],[-105.135602,39.667098],[-105.135989,39.667189],[-105.136378,39.667273],[-105.136769,39.66735],[-105.137162,39.667421],[-105.137558,39.667485],[-105.137955,39.667542],[-105.138354,39.667592],[-105.138754,39.667635],[-105.139155,39.667672],[-105.139557,39.667701],[-105.13996,39.667724],[-105.140349,39.667734],[-105.140739,39.667737],[-105.141129,39.667734],[-105.141518,39.667724],[-105.141907,39.667707],[-105.142296,39.667683],[-105.142684,39.667653],[-105.143071,39.667617],[-105.143456,39.667573],[-105.143841,39.667523],[-105.144223,39.667466],[-105.144604,39.667403],[-105.144983,39.667333],[-105.14536,39.667257],[-105.145735,39.667174],[-105.146108,39.667085],[-105.146477,39.66699],[-105.146844,39.666888],[-105.147208,39.66678],[-105.14722,39.666776],[-105.147516,39.666695],[-105.14781,39.666609],[-105.148101,39.666518],[-105.14839,39.666421],[-105.148675,39.666319],[-105.148957,39.666211],[-105.150348,39.665575],[-105.156482,39.662399],[-105.156491,39.662394],[-105.161892,39.659488],[-105.162127,39.659372],[-105.162356,39.659249],[-105.16258,39.659121],[-105.162799,39.658988],[-105.163011,39.658848],[-105.163218,39.658704],[-105.163418,39.658554],[-105.163612,39.658399],[-105.163799,39.658239],[-105.163979,39.658075],[-105.164151,39.657906],[-105.167036,39.654411],[-105.167139,39.654294],[-105.167249,39.654181],[-105.167366,39.654073],[-105.16749,39.653969],[-105.16762,39.65387],[-105.167756,39.653775],[-105.167898,39.653686],[-105.168045,39.653603],[-105.168197,39.653525],[-105.168355,39.653452],[-105.168516,39.653386],[-105.168681,39.653326],[-105.16885,39.653272],[-105.169023,39.653225],[-105.169197,39.653184],[-105.169375,39.653149],[-105.169733,39.653111],[-105.170091,39.653079],[-105.170451,39.653052],[-105.170811,39.65303],[-105.171171,39.653014],[-105.171532,39.653003],[-105.171894,39.652999],[-105.172273,39.652999],[-105.172652,39.653006],[-105.173031,39.653019],[-105.173409,39.653039],[-105.175152,39.653271],[-105.178326,39.653867],[-105.178441,39.65389],[-105.178557,39.653907],[-105.178675,39.653916],[-105.178794,39.653919],[-105.178912,39.653915],[-105.17903,39.653905],[-105.179146,39.653888],[-105.179261,39.653864],[-105.179372,39.653834],[-105.179481,39.653797],[-105.18064,39.65343],[-105.184361,39.652251],[-105.18451,39.652224],[-105.184662,39.652203],[-105.184814,39.652188],[-105.184968,39.652178],[-105.185122,39.652174],[-105.185276,39.652176],[-105.185429,39.652184],[-105.185582,39.652198],[-105.185734,39.652217],[-105.1859,39.652388],[-105.189206,39.655777],[-105.189217,39.656307],[-105.189218,39.656354],[-105.189245,39.660121],[-105.189719,39.660119],[-105.192145,39.666252],[-105.192252,39.667398],[-105.191726,39.670971],[-105.19178,39.673051],[-105.191822,39.674635],[-105.191858,39.675903],[-105.192081,39.67596],[-105.192505,39.676068],[-105.192564,39.676083],[-105.192601,39.676094],[-105.192778,39.676154],[-105.193339,39.676976],[-105.193457,39.677307],[-105.193908,39.677828],[-105.19396,39.679176],[-105.195538,39.681868],[-105.19556,39.681905],[-105.19832,39.688995],[-105.198319,39.689014],[-105.19829,39.691503],[-105.198276,39.692738],[-105.199306,39.69274],[-105.202859,39.696435],[-105.203692,39.696418],[-105.204136,39.696408],[-105.206044,39.696369],[-105.207072,39.696347],[-105.207093,39.696347],[-105.2075,39.696345],[-105.207509,39.696338],[-105.207662,39.696232],[-105.207821,39.696132],[-105.207985,39.696037],[-105.208155,39.695948],[-105.208329,39.695864],[-105.208508,39.695787],[-105.208692,39.695715],[-105.208879,39.69565],[-105.209069,39.695592],[-105.209263,39.695539],[-105.20946,39.695494],[-105.209659,39.695455],[-105.20986,39.695422],[-105.210062,39.695397],[-105.210266,39.695379],[-105.210471,39.695367],[-105.210676,39.695362],[-105.210881,39.695365],[-105.211086,39.695374],[-105.21129,39.69539],[-105.213314,39.695858],[-105.213516,39.69591],[-105.213721,39.695957],[-105.213927,39.695998],[-105.214135,39.696034],[-105.214345,39.696064],[-105.214555,39.696089],[-105.214767,39.696108],[-105.21498,39.696121],[-105.216874,39.696173],[-105.216978,39.696176],[-105.217176,39.690457],[-105.217255,39.688159],[-105.217467,39.682031],[-105.218903,39.682033],[-105.222146,39.682037],[-105.227209,39.682207],[-105.23756,39.682554],[-105.239927,39.682633],[-105.256892,39.681994],[-105.256886,39.68184],[-105.256357,39.669038],[-105.257001,39.669108],[-105.258488,39.669269],[-105.259881,39.669287],[-105.262352,39.669383],[-105.263254,39.669294],[-105.263863,39.668992],[-105.265003,39.668358],[-105.265946,39.667768],[-105.266831,39.667043],[-105.267206,39.666498],[-105.26756,39.66615],[-105.267894,39.66615],[-105.268246,39.666318],[-105.268716,39.666576],[-105.269028,39.666941],[-105.269317,39.667047],[-105.269769,39.667214],[-105.269904,39.667208],[-105.270675,39.667177],[-105.270817,39.667171],[-105.271166,39.667088],[-105.271263,39.666912],[-105.271415,39.666599],[-105.271676,39.666058],[-105.271914,39.665808],[-105.271926,39.665801],[-105.271964,39.665775],[-105.271984,39.665762],[-105.272115,39.66571],[-105.272243,39.665689],[-105.272373,39.665694],[-105.272568,39.665754],[-105.272975,39.666239],[-105.273274,39.666404],[-105.27428,39.66696],[-105.274508,39.667104],[-105.27482,39.667236],[-105.275167,39.667302],[-105.275502,39.667298],[-105.275847,39.667226],[-105.276011,39.667162],[-105.276012,39.667144],[-105.276014,39.666889],[-105.276015,39.666611],[-105.276016,39.666594],[-105.27602,39.665946],[-105.276024,39.665391],[-105.276029,39.664709],[-105.276061,39.660157],[-105.276064,39.659784],[-105.276059,39.656755],[-105.276057,39.655525],[-105.276047,39.652618],[-105.2668,39.652756],[-105.257354,39.652671],[-105.248295,39.65275],[-105.239455,39.652993],[-105.221322,39.652913],[-105.226623,39.634254],[-105.227482,39.631233],[-105.228814,39.626541],[-105.231637,39.616598],[-105.232345,39.615898],[-105.232038,39.615729],[-105.22658,39.612721],[-105.194375,39.594966],[-105.192938,39.594954],[-105.189539,39.594926],[-105.184678,39.594885],[-105.183422,39.594897],[-105.183003,39.594901],[-105.1821,39.59491],[-105.181537,39.594915],[-105.180015,39.59493],[-105.179916,39.598197],[-105.179882,39.600926],[-105.17984,39.602202],[-105.178023,39.602228],[-105.175707,39.602261],[-105.175038,39.602271],[-105.172634,39.602305],[-105.170699,39.602333],[-105.169114,39.602355],[-105.167758,39.602375],[-105.16583,39.602402],[-105.163229,39.602395],[-105.156851,39.602378],[-105.156782,39.602377],[-105.154247,39.602376],[-105.153543,39.602375],[-105.15361,39.602644],[-105.153668,39.602914],[-105.153717,39.603186],[-105.153758,39.603458],[-105.153789,39.603731],[-105.153811,39.604004],[-105.153824,39.604278],[-105.153828,39.604551],[-105.153822,39.604825],[-105.153808,39.605099],[-105.153785,39.605372],[-105.153752,39.605645],[-105.153711,39.605917],[-105.15366,39.606188],[-105.153601,39.606458],[-105.153532,39.606727],[-105.153455,39.606994],[-105.153369,39.607259],[-105.153274,39.607523],[-105.152318,39.609634],[-105.150293,39.613919],[-105.150198,39.614172],[-105.150111,39.614427],[-105.150032,39.614683],[-105.149961,39.614941],[-105.1499,39.6152],[-105.149846,39.61546],[-105.149802,39.615721],[-105.149766,39.615983],[-105.149738,39.616246],[-105.149719,39.616509],[-105.149709,39.616772],[-105.149708,39.617035],[-105.149715,39.617299],[-105.149731,39.617562],[-105.149755,39.617825],[-105.149788,39.618087],[-105.14983,39.618348],[-105.14988,39.618609],[-105.149939,39.618868],[-105.150006,39.619127],[-105.150082,39.619383],[-105.150166,39.619639],[-105.150259,39.619892],[-105.15036,39.620144],[-105.150469,39.620393],[-105.150587,39.620641],[-105.150686,39.62083],[-105.150791,39.621017],[-105.150904,39.621202],[-105.151023,39.621385],[-105.151149,39.621564],[-105.151282,39.621741],[-105.151421,39.621915],[-105.151566,39.622086],[-105.151718,39.622253],[-105.153315,39.624133],[-105.153182,39.624133],[-105.153117,39.624133],[-105.1531,39.624133],[-105.151782,39.624136],[-105.1516,39.624136],[-105.150219,39.624139],[-105.147666,39.624144],[-105.147606,39.624144],[-105.147496,39.624144],[-105.146262,39.624146],[-105.142877,39.624157],[-105.141201,39.624162],[-105.140632,39.624164],[-105.139753,39.624167],[-105.138159,39.624172],[-105.137682,39.624174],[-105.136769,39.624177],[-105.136617,39.624177],[-105.135582,39.624181],[-105.13454,39.624184],[-105.132408,39.624191],[-105.131535,39.624194],[-105.130323,39.624198],[-105.130283,39.624198],[-105.129582,39.6242],[-105.128708,39.624203],[-105.128662,39.624203],[-105.126267,39.624205],[-105.125,39.624205],[-105.124034,39.624205],[-105.123915,39.624205],[-105.122499,39.624206],[-105.120648,39.624207],[-105.11935,39.624208],[-105.119001,39.624208],[-105.116999,39.624206],[-105.115946,39.624206],[-105.114773,39.624205],[-105.114632,39.624205],[-105.114261,39.624204],[-105.113432,39.624204],[-105.112657,39.624203],[-105.111721,39.624203],[-105.111012,39.624202],[-105.110341,39.624202],[-105.109986,39.624202],[-105.109945,39.624202],[-105.109912,39.624202],[-105.109631,39.624204],[-105.108509,39.62421],[-105.107843,39.624213],[-105.107568,39.624215],[-105.107567,39.624272],[-105.107578,39.624357],[-105.107567,39.626041],[-105.107562,39.626469],[-105.107553,39.627082],[-105.10776,39.627083],[-105.108474,39.627085],[-105.109612,39.627089],[-105.109926,39.627089],[-105.109968,39.627089],[-105.109956,39.628724],[-105.109942,39.630797],[-105.109938,39.631448],[-105.109937,39.631546],[-105.109934,39.632108],[-105.109933,39.632201],[-105.109921,39.634],[-105.109921,39.634061],[-105.109914,39.635054],[-105.109914,39.635098],[-105.109914,39.635174],[-105.10991,39.635633],[-105.10991,39.635648],[-105.109897,39.637654],[-105.109892,39.638434],[-105.109891,39.638639],[-105.10989,39.638697],[-105.109846,39.638694],[-105.109166,39.638696],[-105.108168,39.638699],[-105.106991,39.638702],[-105.104989,39.638708],[-105.103719,39.638712],[-105.102699,39.638715],[-105.100648,39.63872],[-105.100498,39.638721],[-105.100493,39.638315],[-105.100491,39.637735],[-105.100497,39.637349],[-105.100498,39.637257],[-105.10046,39.63718],[-105.100454,39.637163],[-105.100427,39.637088],[-105.100396,39.637079],[-105.100169,39.636833],[-105.099901,39.636639],[-105.099694,39.636532],[-105.099446,39.636403],[-105.099281,39.636262],[-105.09914,39.636251],[-105.099094,39.636261],[-105.099004,39.63628],[-105.099039,39.635955],[-105.099039,39.635762],[-105.099003,39.635568],[-105.099002,39.63537],[-105.099002,39.635151],[-105.099002,39.635084],[-105.098526,39.635086],[-105.09843,39.635086],[-105.098025,39.635086],[-105.097855,39.635086],[-105.097325,39.635087],[-105.096799,39.635087],[-105.096663,39.635087],[-105.095552,39.63509],[-105.094787,39.635092],[-105.094506,39.635092],[-105.093485,39.635092],[-105.09241,39.635092],[-105.091908,39.635092],[-105.091671,39.635091],[-105.091183,39.635089],[-105.091115,39.635089],[-105.091115,39.635247],[-105.091111,39.636195],[-105.091106,39.637708],[-105.091102,39.638702],[-105.089422,39.638703],[-105.089074,39.638704],[-105.088508,39.638704],[-105.088493,39.638704],[-105.088352,39.638704],[-105.087804,39.638705],[-105.085383,39.638707],[-105.084414,39.638708],[-105.083749,39.638708],[-105.083735,39.638708],[-105.083592,39.638708],[-105.081719,39.63871],[-105.081636,39.63871],[-105.081636,39.638638],[-105.081646,39.638167],[-105.081662,39.637324],[-105.081667,39.637108],[-105.081674,39.636723],[-105.081679,39.636509],[-105.081679,39.636473],[-105.081684,39.63624],[-105.081651,39.63624],[-105.081518,39.63624],[-105.081469,39.63624],[-105.081281,39.636169],[-105.080855,39.636146],[-105.080616,39.636149],[-105.080294,39.636211],[-105.080168,39.636368],[-105.080118,39.636431],[-105.07995,39.636643],[-105.079731,39.63668],[-105.079448,39.636727],[-105.079243,39.636722],[-105.079007,39.636717],[-105.078867,39.636692],[-105.078217,39.636575],[-105.077688,39.636472],[-105.077147,39.636412],[-105.07704,39.636421],[-105.076552,39.636436],[-105.076428,39.63645],[-105.075918,39.636506],[-105.075826,39.636516],[-105.075346,39.636512],[-105.075222,39.636515],[-105.074794,39.636679],[-105.074773,39.636603],[-105.07419,39.636745],[-105.073346,39.636571],[-105.073285,39.636558],[-105.07329,39.63682],[-105.073289,39.636876],[-105.073283,39.637459],[-105.07328,39.637903],[-105.073274,39.638729],[-105.073985,39.638728],[-105.074255,39.638727],[-105.074349,39.638727],[-105.075346,39.638725],[-105.076664,39.638722],[-105.076664,39.638736],[-105.076675,39.639093],[-105.076665,39.639254],[-105.076637,39.639412],[-105.076589,39.639568],[-105.076522,39.639719],[-105.076481,39.639792],[-105.076437,39.63987],[-105.075831,39.640949],[-105.075778,39.641079],[-105.075724,39.641341],[-105.075717,39.641469],[-105.075716,39.641701],[-105.075697,39.641841],[-105.075687,39.641872],[-105.075649,39.641992],[-105.075573,39.642138],[-105.074348,39.644064],[-105.074243,39.644202],[-105.074114,39.644333],[-105.074039,39.644396],[-105.07396,39.644452],[-105.073873,39.644504],[-105.073785,39.64455],[-105.072592,39.645053],[-105.07245,39.645123],[-105.072322,39.645207],[-105.072263,39.645254],[-105.07216,39.645357],[-105.072075,39.645469],[-105.072035,39.645541],[-105.071988,39.645651],[-105.071957,39.645804],[-105.071921,39.645986],[-105.07004,39.645988],[-105.065494,39.645991],[-105.063749,39.645992],[-105.063539,39.645992],[-105.063223,39.645992],[-105.063201,39.648863],[-105.063195,39.649592],[-105.063195,39.649632],[-105.062756,39.649634],[-105.062704,39.649634],[-105.062617,39.649657],[-105.062536,39.649678],[-105.062504,39.649686],[-105.059884,39.649692],[-105.057126,39.649699],[-105.057108,39.649699],[-105.057085,39.650234],[-105.057072,39.650519],[-105.057043,39.651202],[-105.057041,39.651248],[-105.055653,39.651233],[-105.055654,39.651212],[-105.055655,39.651173],[-105.053605,39.651158],[-105.053636,39.651227],[-105.053696,39.651362],[-105.053704,39.651373],[-105.054195,39.651488],[-105.054337,39.651499],[-105.054599,39.651554],[-105.054714,39.651594],[-105.054872,39.651669],[-105.054968,39.651735],[-105.05499,39.651749],[-105.055002,39.651757],[-105.055111,39.651859],[-105.055206,39.651974],[-105.05701,39.651979],[-105.05701,39.652089],[-105.057012,39.652273],[-105.057015,39.652855],[-105.057138,39.652854],[-105.057227,39.652853],[-105.057404,39.652851],[-105.05789,39.652845],[-105.058047,39.652849],[-105.058041,39.652496],[-105.058025,39.651478],[-105.058174,39.65148],[-105.058205,39.65148],[-105.058206,39.651467],[-105.058219,39.651281],[-105.058222,39.651238],[-105.058546,39.651239],[-105.059393,39.651242],[-105.060669,39.651246],[-105.061173,39.651247],[-105.061894,39.65125],[-105.061895,39.651384],[-105.061897,39.651524],[-105.062136,39.651526],[-105.062505,39.651529],[-105.06258,39.651527],[-105.062577,39.651493],[-105.062595,39.651493],[-105.062643,39.651493],[-105.06265,39.651242],[-105.062654,39.651077],[-105.062666,39.650593],[-105.062673,39.650309],[-105.062692,39.650308],[-105.062692,39.650285],[-105.063884,39.65029],[-105.063885,39.650259],[-105.063905,39.64963],[-105.063926,39.64963],[-105.06398,39.64963],[-105.067733,39.649619],[-105.070838,39.64961],[-105.070834,39.649974],[-105.070834,39.650005],[-105.069945,39.650013],[-105.069808,39.650014],[-105.069696,39.65028],[-105.069614,39.650476],[-105.069126,39.651169],[-105.069076,39.651326],[-105.068723,39.651682],[-105.068218,39.65219],[-105.068051,39.652192],[-105.068048,39.652409],[-105.068047,39.652465],[-105.068047,39.652479],[-105.068035,39.652479],[-105.067905,39.652479],[-105.067289,39.652479],[-105.067291,39.652775],[-105.067291,39.652892],[-105.06729,39.65298],[-105.067289,39.653137],[-105.067288,39.653176],[-105.067283,39.653319],[-105.067282,39.653338],[-105.067282,39.653503],[-105.067282,39.653584],[-105.067284,39.654813],[-105.067285,39.655062],[-105.067287,39.656588],[-105.067288,39.656878],[-105.068559,39.656876],[-105.069341,39.656875],[-105.070144,39.656873],[-105.070157,39.657127],[-105.070166,39.657298],[-105.070146,39.657435],[-105.070141,39.657488],[-105.070087,39.657993],[-105.070015,39.659071],[-105.070067,39.659085],[-105.071359,39.659441],[-105.071404,39.659453],[-105.07149,39.659476],[-105.071971,39.659608],[-105.071973,39.659949],[-105.071973,39.660024],[-105.071984,39.660022],[-105.07238,39.659969],[-105.074342,39.659703],[-105.075461,39.659515],[-105.076676,39.659312],[-105.076676,39.659337],[-105.076677,39.659585],[-105.076677,39.659876],[-105.076677,39.659888],[-105.077361,39.66029],[-105.078159,39.660759],[-105.078285,39.660899],[-105.078301,39.660918],[-105.078703,39.661364],[-105.078752,39.661419],[-105.078803,39.661475],[-105.078876,39.661556],[-105.079163,39.662041],[-105.079611,39.662041],[-105.079717,39.662041],[-105.079789,39.662041],[-105.079983,39.662048],[-105.080239,39.662052],[-105.081228,39.662066],[-105.081393,39.662057],[-105.081393,39.662077],[-105.081393,39.662284],[-105.081394,39.662892],[-105.081394,39.663263],[-105.081394,39.66411],[-105.081393,39.664838],[-105.081393,39.66502],[-105.081393,39.66505],[-105.081392,39.665551],[-105.081387,39.667731],[-105.081386,39.667743],[-105.081379,39.668578],[-105.081367,39.66989],[-105.081365,39.670097],[-105.081365,39.670138],[-105.081348,39.670132],[-105.081266,39.670104],[-105.081093,39.670048],[-105.080803,39.669954],[-105.080548,39.669887],[-105.08029,39.669832],[-105.080031,39.669791],[-105.079837,39.669767],[-105.079762,39.669758],[-105.079565,39.66974],[-105.079486,39.669732],[-105.079183,39.669727],[-105.079185,39.66966],[-105.0792,39.669481],[-105.079213,39.66934],[-105.078555,39.669327],[-105.078551,39.669344],[-105.078157,39.669291],[-105.077897,39.66925],[-105.077543,39.669208],[-105.077284,39.669163],[-105.076949,39.669107],[-105.07667,39.669061],[-105.076668,39.669208],[-105.076664,39.669441],[-105.076094,39.669352],[-105.075983,39.669334],[-105.07589,39.669992],[-105.07527,39.670082],[-105.074935,39.670494],[-105.074466,39.670236],[-105.07306,39.669792],[-105.072853,39.669789],[-105.072815,39.669788],[-105.072728,39.669787],[-105.072716,39.669787],[-105.072691,39.669734],[-105.072646,39.669641],[-105.072568,39.669477],[-105.072537,39.669413],[-105.072201,39.669367],[-105.072003,39.669339],[-105.071991,39.667779],[-105.071964,39.667779],[-105.071451,39.667779],[-105.068508,39.66778],[-105.067306,39.667781],[-105.066558,39.667781],[-105.065111,39.667781],[-105.063202,39.667782],[-105.063161,39.667782],[-105.062962,39.667782],[-105.062612,39.667782],[-105.062558,39.667782],[-105.060823,39.667782],[-105.060541,39.667783],[-105.060109,39.667783],[-105.059032,39.667783],[-105.059005,39.667783],[-105.058071,39.667783],[-105.057974,39.667783],[-105.056995,39.667783],[-105.056932,39.667783],[-105.056594,39.667783],[-105.05647,39.667783],[-105.055128,39.667784],[-105.055072,39.667784],[-105.054866,39.667784],[-105.054676,39.667784],[-105.054106,39.667784],[-105.053916,39.667784],[-105.053784,39.667784],[-105.053388,39.667784],[-105.053256,39.667784],[-105.053236,39.667785],[-105.053289,39.673088],[-105.05329,39.673099],[-105.053444,39.673119],[-105.053804,39.673193],[-105.054134,39.673254],[-105.054228,39.673259],[-105.054714,39.673286],[-105.055024,39.673322],[-105.055206,39.673351],[-105.055494,39.673397],[-105.05575,39.673438],[-105.056078,39.673467],[-105.056328,39.673489],[-105.056433,39.673498],[-105.056791,39.673529],[-105.057135,39.673559],[-105.057281,39.673571],[-105.057439,39.673584],[-105.057788,39.673564],[-105.057919,39.673557],[-105.058139,39.673472],[-105.05851,39.673327],[-105.058884,39.673182],[-105.05914,39.673082],[-105.059359,39.672997],[-105.05974,39.672849],[-105.059872,39.672797],[-105.060237,39.672655],[-105.060452,39.67254],[-105.060638,39.672389],[-105.060704,39.672335],[-105.060707,39.672168],[-105.060684,39.672124],[-105.060658,39.672075],[-105.060513,39.671766],[-105.060604,39.671637],[-105.060791,39.671618],[-105.061018,39.671624],[-105.061754,39.67165],[-105.062097,39.671664],[-105.062838,39.671698],[-105.063577,39.671735],[-105.064279,39.671771],[-105.064489,39.671781],[-105.064536,39.671689],[-105.064557,39.671648],[-105.0646,39.671564],[-105.064951,39.671541],[-105.064961,39.671613],[-105.065672,39.67156],[-105.066374,39.671505],[-105.066373,39.671597],[-105.066373,39.671615],[-105.066995,39.671677],[-105.067152,39.671693],[-105.067154,39.672309],[-105.067155,39.672463],[-105.067283,39.672492],[-105.067738,39.672593],[-105.068612,39.672872],[-105.069266,39.673142],[-105.06993,39.673368],[-105.070098,39.673426],[-105.070185,39.673467],[-105.07024,39.673493],[-105.070567,39.673732],[-105.070766,39.673979],[-105.070901,39.674141],[-105.071278,39.674141],[-105.071712,39.674087],[-105.072031,39.674069],[-105.072643,39.674172],[-105.073053,39.67433],[-105.073226,39.674397],[-105.073311,39.674469],[-105.073424,39.674733],[-105.073517,39.674951],[-105.073695,39.675284],[-105.073887,39.675676],[-105.073929,39.67596],[-105.073922,39.67609],[-105.073855,39.676256],[-105.073831,39.676296],[-105.073815,39.676318],[-105.073828,39.676319],[-105.073929,39.676321],[-105.074141,39.67632],[-105.081395,39.676334],[-105.081471,39.676334],[-105.081467,39.682221],[-105.081467,39.682234],[-105.090434,39.6822],[-105.090808,39.682198],[-105.091833,39.682195],[-105.092873,39.682191],[-105.093912,39.682187],[-105.097096,39.682176],[-105.099714,39.682166],[-105.100236,39.682164],[-105.100247,39.683264],[-105.100249,39.683486],[-105.10025,39.683595],[-105.100266,39.68536],[-105.100267,39.685455],[-105.100269,39.685757],[-105.10027,39.685856],[-105.100286,39.687522],[-105.100287,39.687572],[-105.100292,39.688114],[-105.100307,39.688117],[-105.100447,39.688144],[-105.10045,39.689289],[-105.100457,39.689399],[-105.100464,39.689516],[-105.100464,39.690424],[-105.100464,39.691015],[-105.100464,39.69106],[-105.100464,39.691178],[-105.100464,39.69138],[-105.1004,39.69138],[-105.100401,39.69143],[-105.100414,39.69188],[-105.100413,39.692158],[-105.100411,39.692434],[-105.10041,39.692498],[-105.100399,39.693013],[-105.100371,39.694327],[-105.100342,39.695648],[-105.100349,39.696182],[-105.100352,39.696417]]]]}},{"type":"Feature","properties":{"name":"Chatfield"},"geometry":{"type":"Polygon","coordinates":[[[-105.105486,39.59521],[-105.105607,39.595209],[-105.105729,39.595213],[-105.105849,39.595224],[-105.105969,39.595241],[-105.106086,39.595263],[-105.106202,39.595292],[-105.106318,39.595328],[-105.106431,39.595369],[-105.10654,39.595416],[-105.106644,39.595469],[-105.106744,39.595526],[-105.106839,39.595589],[-105.106928,39.595657],[-105.107011,39.595729],[-105.107088,39.595805],[-105.107158,39.595885],[-105.107221,39.595968],[-105.107655,39.596854],[-105.10769,39.596936],[-105.107734,39.597016],[-105.107786,39.597093],[-105.107845,39.597167],[-105.107912,39.597237],[-105.107985,39.597302],[-105.108066,39.597363],[-105.108152,39.597418],[-105.108244,39.597469],[-105.10834,39.597513],[-105.108441,39.597551],[-105.108545,39.597583],[-105.108653,39.597608],[-105.108762,39.597627],[-105.108873,39.597638],[-105.108985,39.597643],[-105.110128,39.59766],[-105.109965,39.609705],[-105.109965,39.609734],[-105.119435,39.609716],[-105.119435,39.609703],[-105.119433,39.606145],[-105.119433,39.605629],[-105.119432,39.604161],[-105.119434,39.604057],[-105.119436,39.60384],[-105.11944,39.603508],[-105.11944,39.603432],[-105.119451,39.602453],[-105.119473,39.600579],[-105.119483,39.599734],[-105.116791,39.599725],[-105.116314,39.599723],[-105.114804,39.599718],[-105.114816,39.597925],[-105.114822,39.596949],[-105.114832,39.595344],[-105.114832,39.595229],[-105.114832,39.595207],[-105.114831,39.593947],[-105.117715,39.594192],[-105.119529,39.594233],[-105.12125,39.59371],[-105.122586,39.592557],[-105.123558,39.592318],[-105.125322,39.592153],[-105.125277,39.592034],[-105.12524,39.591913],[-105.12521,39.591791],[-105.125188,39.591668],[-105.125173,39.591544],[-105.125166,39.59142],[-105.125167,39.591296],[-105.125175,39.591172],[-105.125193,39.591037],[-105.12522,39.590903],[-105.125255,39.590771],[-105.1253,39.59064],[-105.125353,39.590511],[-105.125416,39.590384],[-105.125486,39.59026],[-105.125565,39.590139],[-105.125652,39.590022],[-105.125746,39.589908],[-105.128246,39.588441],[-105.128342,39.58839],[-105.128434,39.588333],[-105.128519,39.588271],[-105.128599,39.588205],[-105.128672,39.588134],[-105.128739,39.58806],[-105.128798,39.587982],[-105.128942,39.587981],[-105.13476,39.587958],[-105.138263,39.58798],[-105.146225,39.588032],[-105.146511,39.58865],[-105.146904,39.589501],[-105.147263,39.590278],[-105.147846,39.591542],[-105.149029,39.5941],[-105.150454,39.59677],[-105.152345,39.599534],[-105.152491,39.599782],[-105.152629,39.600032],[-105.152761,39.600285],[-105.152885,39.60054],[-105.153001,39.600797],[-105.15311,39.601056],[-105.153212,39.601317],[-105.153306,39.601579],[-105.153393,39.601843],[-105.153472,39.602109],[-105.153543,39.602375],[-105.154247,39.602376],[-105.156782,39.602377],[-105.156851,39.602378],[-105.163229,39.602395],[-105.16583,39.602402],[-105.167758,39.602375],[-105.169114,39.602355],[-105.170699,39.602333],[-105.172634,39.602305],[-105.175038,39.602271],[-105.175707,39.602261],[-105.178023,39.602228],[-105.17984,39.602202],[-105.179882,39.600926],[-105.179916,39.598197],[-105.180015,39.59493],[-105.181537,39.594915],[-105.1821,39.59491],[-105.183003,39.594901],[-105.183422,39.594897],[-105.184678,39.594885],[-105.189539,39.594926],[-105.192938,39.594954],[-105.194375,39.594966],[-105.194314,39.587667],[-105.194308,39.587081],[-105.194255,39.581986],[-105.194242,39.580465],[-105.19388,39.566079],[-105.194009,39.564614],[-105.194474,39.559348],[-105.194459,39.558789],[-105.194459,39.558778],[-105.189777,39.558781],[-105.184814,39.558785],[-105.18043,39.558665],[-105.176169,39.558548],[-105.176037,39.558545],[-105.171759,39.558428],[-105.168706,39.558344],[-105.168403,39.558336],[-105.167038,39.558298],[-105.166946,39.558296],[-105.166943,39.557998],[-105.166942,39.557882],[-105.16693,39.556813],[-105.166918,39.555685],[-105.166911,39.555111],[-105.166867,39.551065],[-105.166783,39.547286],[-105.166716,39.544196],[-105.166712,39.544049],[-105.16671,39.543959],[-105.166709,39.543918],[-105.166659,39.541605],[-105.166623,39.539952],[-105.166543,39.536242],[-105.166529,39.536242],[-105.16423,39.53623],[-105.157243,39.536192],[-105.152705,39.536165],[-105.15255,39.536164],[-105.152644,39.533048],[-105.152664,39.53239],[-105.152637,39.53239],[-105.150707,39.532332],[-105.14797,39.532251],[-105.147884,39.528915],[-105.147698,39.521693],[-105.13872,39.52161],[-105.138717,39.523408],[-105.138708,39.528773],[-105.131138,39.52875],[-105.129344,39.528744],[-105.129344,39.530037],[-105.129343,39.535963],[-105.120884,39.536104],[-105.120251,39.536115],[-105.120209,39.534813],[-105.119518,39.533482],[-105.117138,39.528788],[-105.115492,39.525532],[-105.114767,39.5241],[-105.111194,39.518774],[-105.099815,39.502074],[-105.099335,39.501253],[-105.092877,39.494245],[-105.092898,39.494029],[-105.093439,39.493185],[-105.094032,39.49236],[-105.09401,39.489628],[-105.093928,39.489089],[-105.093784,39.488805],[-105.093338,39.488104],[-105.093085,39.488135],[-105.092965,39.488163],[-105.092806,39.4882],[-105.092445,39.488374],[-105.091986,39.488646],[-105.091966,39.488658],[-105.091613,39.488987],[-105.0913,39.489285],[-105.091137,39.48947],[-105.090929,39.489774],[-105.090809,39.489946],[-105.090761,39.490015],[-105.090661,39.490158],[-105.090601,39.490243],[-105.090406,39.490474],[-105.090196,39.490681],[-105.089961,39.490876],[-105.089896,39.49093],[-105.089839,39.490973],[-105.089689,39.491088],[-105.089461,39.491262],[-105.088735,39.492099],[-105.088119,39.492529],[-105.087362,39.492953],[-105.087142,39.493162],[-105.086646,39.493635],[-105.086562,39.493756],[-105.086401,39.493989],[-105.086161,39.494335],[-105.086161,39.494927],[-105.086439,39.495411],[-105.086924,39.495734],[-105.087271,39.496003],[-105.087353,39.496287],[-105.08741,39.496488],[-105.087392,39.49653],[-105.08721,39.496955],[-105.087202,39.496972],[-105.087173,39.497],[-105.087159,39.497012],[-105.087053,39.497112],[-105.08703,39.497133],[-105.086991,39.497169],[-105.086855,39.497296],[-105.086455,39.497529],[-105.0863,39.497619],[-105.086189,39.497705],[-105.086161,39.497727],[-105.086161,39.49775],[-105.086161,39.497987],[-105.086161,39.49805],[-105.086231,39.498373],[-105.086335,39.498533],[-105.086439,39.498696],[-105.086578,39.499073],[-105.086509,39.499342],[-105.086301,39.499719],[-105.086023,39.500042],[-105.085472,39.500406],[-105.085419,39.500441],[-105.085412,39.500461],[-105.085291,39.500785],[-105.085279,39.500818],[-105.085208,39.501141],[-105.085068,39.501463],[-105.084998,39.501733],[-105.084997,39.502013],[-105.084997,39.502056],[-105.084971,39.5024],[-105.084959,39.502561],[-105.08494,39.502807],[-105.084924,39.503025],[-105.084714,39.503348],[-105.084714,39.503509],[-105.084782,39.503778],[-105.084959,39.504171],[-105.085034,39.504338],[-105.085195,39.504694],[-105.085246,39.505099],[-105.085262,39.505233],[-105.085212,39.505377],[-105.085052,39.505825],[-105.084564,39.506524],[-105.083938,39.507008],[-105.08359,39.507492],[-105.083494,39.507636],[-105.083459,39.507658],[-105.08334,39.507734],[-105.082796,39.508027],[-105.082797,39.508073],[-105.082797,39.508179],[-105.082801,39.508934],[-105.082812,39.510867],[-105.082828,39.518166],[-105.082901,39.55082],[-105.082887,39.552249],[-105.082873,39.553634],[-105.082866,39.554346],[-105.082865,39.554543],[-105.082864,39.554736],[-105.082863,39.554867],[-105.08286,39.554961],[-105.082758,39.558781],[-105.08268,39.566209],[-105.08268,39.56626],[-105.082674,39.566652],[-105.082703,39.569798],[-105.082703,39.570127],[-105.082713,39.570457],[-105.082731,39.570786],[-105.082758,39.571115],[-105.082794,39.571443],[-105.082839,39.571771],[-105.082893,39.572098],[-105.082956,39.572423],[-105.083028,39.572748],[-105.083109,39.573072],[-105.083198,39.573394],[-105.083296,39.573714],[-105.083403,39.574033],[-105.083519,39.57435],[-105.083643,39.574666],[-105.083776,39.574979],[-105.083917,39.575289],[-105.084067,39.575598],[-105.084225,39.575904],[-105.084391,39.576207],[-105.084566,39.576508],[-105.087127,39.580698],[-105.087132,39.580707],[-105.089698,39.585114],[-105.089862,39.585446],[-105.090018,39.58578],[-105.090166,39.586117],[-105.090306,39.586455],[-105.090438,39.586795],[-105.090561,39.587138],[-105.090676,39.587481],[-105.090783,39.587827],[-105.090881,39.588174],[-105.090971,39.588522],[-105.091052,39.588872],[-105.091125,39.589223],[-105.091189,39.589575],[-105.091245,39.589927],[-105.091293,39.59028],[-105.091331,39.590634],[-105.091362,39.590989],[-105.091383,39.591344],[-105.091396,39.591699],[-105.091392,39.592654],[-105.091387,39.594141],[-105.091387,39.594387],[-105.091384,39.595202],[-105.100776,39.595211],[-105.100882,39.595211],[-105.100991,39.595211],[-105.1022,39.595212],[-105.103128,39.595213],[-105.104284,39.595212],[-105.105452,39.595211],[-105.105486,39.59521]]]}},{"type":"Feature","properties":{"name":"Columbine"},"geometry":{"type":"MultiPolygon","coordinates":[[[[-105.091334,39.609732],[-105.091334,39.609704],[-105.091334,39.609691],[-105.091334,39.609491],[-105.091344,39.606473],[-105.091347,39.605626],[-105.09135,39.604714],[-105.091356,39.602863],[-105.091357,39.602477],[-105.091365,39.599909],[-105.09138,39.595222],[-105.091384,39.595202],[-105.091387,39.594387],[-105.091387,39.594141],[-105.091392,39.592654],[-105.091396,39.591699],[-105.091383,39.591344],[-105.091362,39.590989],[-105.091331,39.590634],[-105.091293,39.59028],[-105.091245,39.589927],[-105.091189,39.589575],[-105.091125,39.589223],[-105.091052,39.588872],[-105.090971,39.588522],[-105.090881,39.588174],[-105.090783,39.587827],[-105.090676,39.587481],[-105.090561,39.587138],[-105.090438,39.586795],[-105.090306,39.586455],[-105.090166,39.586117],[-105.090018,39.58578],[-105.089862,39.585446],[-105.089698,39.585114],[-105.087132,39.580707],[-105.087127,39.580698],[-105.084566,39.576508],[-105.084391,39.576207],[-105.084225,39.575904],[-105.084067,39.575598],[-105.083917,39.575289],[-105.083776,39.574979],[-105.083643,39.574666],[-105.083519,39.57435],[-105.083403,39.574033],[-105.083296,39.573714],[-105.083198,39.573394],[-105.083109,39.573072],[-105.083028,39.572748],[-105.082956,39.572423],[-105.082893,39.572098],[-105.082839,39.571771],[-105.082794,39.571443],[-105.082758,39.571115],[-105.082731,39.570786],[-105.082713,39.570457],[-105.082703,39.570127],[-105.082703,39.569798],[-105.082674,39.566652],[-105.08268,39.56626],[-105.08268,39.566209],[-105.082758,39.558781],[-105.08286,39.554961],[-105.082863,39.554867],[-105.082864,39.554736],[-105.082865,39.554543],[-105.082866,39.554346],[-105.082873,39.553634],[-105.082887,39.552249],[-105.082901,39.55082],[-105.082828,39.518166],[-105.082812,39.510867],[-105.082801,39.508934],[-105.082797,39.508179],[-105.082797,39.508073],[-105.082796,39.508027],[-105.082365,39.508215],[-105.082143,39.508399],[-105.081982,39.50858],[-105.081725,39.508843],[-105.080344,39.509894],[-105.080214,39.509992],[-105.080077,39.509974],[-105.080063,39.509956],[-105.080011,39.509889],[-105.079681,39.509831],[-105.079461,39.509942],[-105.079256,39.510089],[-105.079124,39.510176],[-105.078958,39.510352],[-105.078879,39.510581],[-105.078863,39.510623],[-105.078842,39.510681],[-105.078827,39.51072],[-105.078821,39.510736],[-105.078711,39.510865],[-105.078637,39.510974],[-105.078617,39.511005],[-105.078572,39.511071],[-105.078497,39.511182],[-105.07831,39.511522],[-105.07829,39.511601],[-105.078244,39.51179],[-105.078266,39.512],[-105.078334,39.512209],[-105.078719,39.512784],[-105.078848,39.513002],[-105.078766,39.513255],[-105.078617,39.513332],[-105.0784,39.513444],[-105.078323,39.513495],[-105.078336,39.513826],[-105.078316,39.513971],[-105.078251,39.514162],[-105.078089,39.514461],[-105.078083,39.514541],[-105.078069,39.514716],[-105.078078,39.514903],[-105.078194,39.515428],[-105.078203,39.515674],[-105.078304,39.515985],[-105.078343,39.516106],[-105.078385,39.516168],[-105.078398,39.516189],[-105.078565,39.516442],[-105.078728,39.516587],[-105.078817,39.516781],[-105.078562,39.517435],[-105.078519,39.517552],[-105.078501,39.517601],[-105.078482,39.517807],[-105.078395,39.517936],[-105.078286,39.518018],[-105.078245,39.518049],[-105.078035,39.518209],[-105.078009,39.51825],[-105.077979,39.5183],[-105.078007,39.518555],[-105.078081,39.518711],[-105.078151,39.518807],[-105.078334,39.519059],[-105.078469,39.519195],[-105.07859,39.519243],[-105.078605,39.519272],[-105.078914,39.519405],[-105.078995,39.519668],[-105.078991,39.519897],[-105.078971,39.520009],[-105.078937,39.520198],[-105.078955,39.520298],[-105.079055,39.52062],[-105.079072,39.52079],[-105.07909,39.520957],[-105.079104,39.521256],[-105.079055,39.521446],[-105.078847,39.521621],[-105.078765,39.521739],[-105.078753,39.52178],[-105.078717,39.521899],[-105.078727,39.521944],[-105.078767,39.522122],[-105.078922,39.522813],[-105.078947,39.522815],[-105.078955,39.522883],[-105.079161,39.523314],[-105.079204,39.523967],[-105.079204,39.523981],[-105.079296,39.524444],[-105.079223,39.52536],[-105.079082,39.52606],[-105.078734,39.526382],[-105.078317,39.526596],[-105.077761,39.526757],[-105.077484,39.526756],[-105.077345,39.526864],[-105.077205,39.527025],[-105.077205,39.52724],[-105.077342,39.527618],[-105.077549,39.527941],[-105.077548,39.52821],[-105.077477,39.528695],[-105.076566,39.531116],[-105.076512,39.531193],[-105.076078,39.531815],[-105.075936,39.532514],[-105.075935,39.532891],[-105.076072,39.533484],[-105.076414,39.534669],[-105.076412,39.535261],[-105.076619,39.535585],[-105.076896,39.5358],[-105.077242,39.536016],[-105.077518,39.536286],[-105.077657,39.536448],[-105.077656,39.536717],[-105.077453,39.537337],[-105.077443,39.537362],[-105.077436,39.537374],[-105.076818,39.538169],[-105.076816,39.5386],[-105.076788,39.538989],[-105.076778,39.539134],[-105.07675,39.539519],[-105.076743,39.539623],[-105.076673,39.539892],[-105.076324,39.540322],[-105.075836,39.540967],[-105.075558,39.541181],[-105.075211,39.541289],[-105.074724,39.541611],[-105.074583,39.541774],[-105.074166,39.542256],[-105.074165,39.542687],[-105.074302,39.543118],[-105.074162,39.543333],[-105.074022,39.543709],[-105.073812,39.544408],[-105.073471,39.544835],[-105.073373,39.544958],[-105.073254,39.545107],[-105.073102,39.545211],[-105.072628,39.545537],[-105.071665,39.545913],[-105.0715,39.546015],[-105.071376,39.5461],[-105.071285,39.546159],[-105.071233,39.546194],[-105.071154,39.546252],[-105.070963,39.54651],[-105.070665,39.547053],[-105.070333,39.547668],[-105.070207,39.547857],[-105.070043,39.548068],[-105.068865,39.5485],[-105.068566,39.548777],[-105.068521,39.548841],[-105.068284,39.54914],[-105.067977,39.549562],[-105.067587,39.549855],[-105.067473,39.549943],[-105.066993,39.550237],[-105.066586,39.550506],[-105.066433,39.55059],[-105.066267,39.551455],[-105.06612,39.55221],[-105.066108,39.552271],[-105.066071,39.552463],[-105.06601,39.552809],[-105.065754,39.553138],[-105.065727,39.553173],[-105.065293,39.553408],[-105.064918,39.553625],[-105.06471,39.553747],[-105.064614,39.553812],[-105.064407,39.553957],[-105.06419,39.554134],[-105.064179,39.55416],[-105.064053,39.554461],[-105.064057,39.554473],[-105.064136,39.554667],[-105.064272,39.554841],[-105.064335,39.555169],[-105.064299,39.555222],[-105.064293,39.555231],[-105.064243,39.555307],[-105.06423,39.555326],[-105.064197,39.555375],[-105.064009,39.555542],[-105.063828,39.555701],[-105.063469,39.555821],[-105.063072,39.555961],[-105.062652,39.556016],[-105.062527,39.556033],[-105.062261,39.556069],[-105.061965,39.55615],[-105.061621,39.556233],[-105.061345,39.556343],[-105.061265,39.556461],[-105.0612,39.556831],[-105.061196,39.556865],[-105.06119,39.556922],[-105.061168,39.557121],[-105.06113,39.557365],[-105.061007,39.557594],[-105.060697,39.557808],[-105.060676,39.557816],[-105.060398,39.557913],[-105.06022,39.558114],[-105.060074,39.55848],[-105.060078,39.559043],[-105.060084,39.5592],[-105.06016,39.559568],[-105.060083,39.559896],[-105.059887,39.560088],[-105.05987,39.560105],[-105.059299,39.560264],[-105.058912,39.560323],[-105.058749,39.560319],[-105.058616,39.560315],[-105.058494,39.560311],[-105.058404,39.560353],[-105.058228,39.560435],[-105.058128,39.560482],[-105.057792,39.561024],[-105.057704,39.561438],[-105.057679,39.561561],[-105.057645,39.56172],[-105.057335,39.562146],[-105.057298,39.562197],[-105.056864,39.562384],[-105.05686,39.562397],[-105.056842,39.562458],[-105.056431,39.562864],[-105.055768,39.562995],[-105.055146,39.563028],[-105.054675,39.56313],[-105.054552,39.563156],[-105.054301,39.563282],[-105.053941,39.563371],[-105.053626,39.563347],[-105.053172,39.563297],[-105.053015,39.563307],[-105.052798,39.5635],[-105.052539,39.563872],[-105.052266,39.564307],[-105.051697,39.565316],[-105.051538,39.565741],[-105.051461,39.565946],[-105.05142,39.566076],[-105.051416,39.566087],[-105.051389,39.566174],[-105.051383,39.566193],[-105.051756,39.566194],[-105.054075,39.566195],[-105.054115,39.566195],[-105.054107,39.566913],[-105.054105,39.567098],[-105.054101,39.567502],[-105.054098,39.567719],[-105.05409,39.568489],[-105.054086,39.568843],[-105.054065,39.570809],[-105.05406,39.571266],[-105.054045,39.572654],[-105.054036,39.573456],[-105.054026,39.574342],[-105.054021,39.574733],[-105.054013,39.575491],[-105.054009,39.575824],[-105.053998,39.576785],[-105.053961,39.580125],[-105.053954,39.580717],[-105.053954,39.580739],[-105.053954,39.580751],[-105.053952,39.580899],[-105.053936,39.582127],[-105.053936,39.582191],[-105.053935,39.582215],[-105.05392,39.583415],[-105.053871,39.587235],[-105.05387,39.5873],[-105.053868,39.587407],[-105.053868,39.587454],[-105.053866,39.587617],[-105.053864,39.587733],[-105.053856,39.588338],[-105.05385,39.588859],[-105.053847,39.589056],[-105.053847,39.589068],[-105.053846,39.589179],[-105.053845,39.589226],[-105.053834,39.590095],[-105.053828,39.590567],[-105.053824,39.590834],[-105.053824,39.590872],[-105.053822,39.590973],[-105.053821,39.591073],[-105.053811,39.591878],[-105.053803,39.59248],[-105.053802,39.592586],[-105.053798,39.592878],[-105.05379,39.593505],[-105.053767,39.595219],[-105.053766,39.595254],[-105.053755,39.59654],[-105.053737,39.598538],[-105.053734,39.598855],[-105.053717,39.600691],[-105.053716,39.600827],[-105.053715,39.600845],[-105.053701,39.602486],[-105.053687,39.603829],[-105.053668,39.605706],[-105.053657,39.606802],[-105.053643,39.608176],[-105.053638,39.608631],[-105.053636,39.608802],[-105.053633,39.609102],[-105.053628,39.60961],[-105.053627,39.609665],[-105.053627,39.609728],[-105.054029,39.609757],[-105.054126,39.609764],[-105.054797,39.609794],[-105.05697,39.609822],[-105.072532,39.609801],[-105.072557,39.609801],[-105.075776,39.609789],[-105.081944,39.609767],[-105.083094,39.609763],[-105.090969,39.609733],[-105.091334,39.609732]]],[[[-105.091334,39.609732],[-105.091286,39.614391],[-105.091286,39.614404],[-105.091285,39.614456],[-105.091285,39.614494],[-105.091404,39.614498],[-105.091641,39.614507],[-105.092068,39.614509],[-105.092466,39.614518],[-105.092837,39.614538],[-105.093601,39.614589],[-105.094033,39.614612],[-105.094466,39.614624],[-105.09472,39.614625],[-105.094749,39.614625],[-105.096855,39.614616],[-105.096911,39.614615],[-105.097026,39.614615],[-105.097026,39.616024],[-105.097026,39.616053],[-105.097026,39.616581],[-105.097027,39.617483],[-105.097027,39.617984],[-105.097027,39.618436],[-105.097009,39.618436],[-105.097008,39.618526],[-105.0967,39.618527],[-105.095981,39.618529],[-105.095372,39.618531],[-105.095268,39.618531],[-105.094803,39.618532],[-105.093071,39.618536],[-105.092839,39.618534],[-105.092768,39.618534],[-105.092723,39.618474],[-105.09159,39.618474],[-105.091351,39.618469],[-105.091244,39.618467],[-105.091244,39.618522],[-105.091229,39.620005],[-105.091227,39.620165],[-105.091214,39.621424],[-105.091213,39.621511],[-105.091201,39.622692],[-105.091201,39.622709],[-105.091186,39.624151],[-105.091186,39.624201],[-105.091256,39.624201],[-105.091547,39.624201],[-105.091658,39.624201],[-105.105396,39.624213],[-105.107568,39.624215],[-105.107843,39.624213],[-105.108509,39.62421],[-105.109631,39.624204],[-105.109912,39.624202],[-105.109945,39.624202],[-105.109986,39.624202],[-105.109984,39.622518],[-105.109965,39.609734],[-105.09137,39.609732],[-105.091334,39.609732]]]]}},{"type":"Feature","properties":{"name":"Conifer"},"geometry":{"type":"Polygon","coordinates":[[[-105.265395,39.602311],[-105.265619,39.602311],[-105.271704,39.602324],[-105.277887,39.602336],[-105.278079,39.602337],[-105.278107,39.609415],[-105.278108,39.609637],[-105.286881,39.60934],[-105.29142,39.609288],[-105.293796,39.60926],[-105.295961,39.609235],[-105.295961,39.607283],[-105.295963,39.603355],[-105.295961,39.601228],[-105.295958,39.600312],[-105.295955,39.59941],[-105.295955,39.599276],[-105.295954,39.598849],[-105.295942,39.594757],[-105.305143,39.594717],[-105.305129,39.595714],[-105.305122,39.596274],[-105.305121,39.596326],[-105.305121,39.596341],[-105.305114,39.596787],[-105.305076,39.596823],[-105.305113,39.596846],[-105.305109,39.597046],[-105.305216,39.597045],[-105.305229,39.597628],[-105.305245,39.598386],[-105.306221,39.598382],[-105.307094,39.598378],[-105.30798,39.598374],[-105.308345,39.598372],[-105.308423,39.598372],[-105.309769,39.598366],[-105.310029,39.598365],[-105.310628,39.598362],[-105.312961,39.598352],[-105.31481,39.598344],[-105.314819,39.598899],[-105.314822,39.599107],[-105.314984,39.599116],[-105.315009,39.599118],[-105.315117,39.599139],[-105.315224,39.599195],[-105.315818,39.599534],[-105.315994,39.599618],[-105.316367,39.599796],[-105.316656,39.599877],[-105.316667,39.599941],[-105.316714,39.600242],[-105.316735,39.600374],[-105.316571,39.600399],[-105.316129,39.600467],[-105.315984,39.600582],[-105.315808,39.600478],[-105.314845,39.600613],[-105.314867,39.601957],[-105.31487,39.607017],[-105.31487,39.6071],[-105.314871,39.609205],[-105.314905,39.609205],[-105.318204,39.609204],[-105.318818,39.609204],[-105.320057,39.609204],[-105.320223,39.609204],[-105.324123,39.609203],[-105.324407,39.6092],[-105.328482,39.609171],[-105.333086,39.609136],[-105.333086,39.608943],[-105.333091,39.606545],[-105.333092,39.605554],[-105.333097,39.601985],[-105.332994,39.598332],[-105.33737,39.598324],[-105.339853,39.59832],[-105.339855,39.597432],[-105.339862,39.594771],[-105.339888,39.584076],[-105.339897,39.584021],[-105.339952,39.584021],[-105.343371,39.583995],[-105.345229,39.58398],[-105.346806,39.583968],[-105.351461,39.583931],[-105.351488,39.580389],[-105.351561,39.57859],[-105.351638,39.576749],[-105.351783,39.573256],[-105.35182,39.571789],[-105.351875,39.569555],[-105.351962,39.56605],[-105.353713,39.56605],[-105.361153,39.566051],[-105.365611,39.566055],[-105.365832,39.566056],[-105.370437,39.56606],[-105.377961,39.566022],[-105.378304,39.566021],[-105.379688,39.566013],[-105.379758,39.565078],[-105.38034,39.557217],[-105.381129,39.550025],[-105.381129,39.550016],[-105.385591,39.549663],[-105.385757,39.549651],[-105.390448,39.549312],[-105.395159,39.549167],[-105.398237,39.549096],[-105.398298,39.549094],[-105.398305,39.547843],[-105.398311,39.54664],[-105.398289,39.542711],[-105.398288,39.541885],[-105.398285,39.540958],[-105.398285,39.54093],[-105.398271,39.537033],[-105.398272,39.534305],[-105.398213,39.534305],[-105.398192,39.527743],[-105.39819,39.527147],[-105.398189,39.526413],[-105.398188,39.525717],[-105.398186,39.524886],[-105.398181,39.523607],[-105.398167,39.519992],[-105.398148,39.513798],[-105.398143,39.512437],[-105.398132,39.508863],[-105.398121,39.505609],[-105.39812,39.505167],[-105.39812,39.505083],[-105.398113,39.503051],[-105.398109,39.501852],[-105.398105,39.500542],[-105.3981,39.499095],[-105.398098,39.498314],[-105.398096,39.497647],[-105.398087,39.494932],[-105.398028,39.490346],[-105.398029,39.488678],[-105.398029,39.487947],[-105.398029,39.486167],[-105.39803,39.483023],[-105.398029,39.481428],[-105.398027,39.477587],[-105.398026,39.475875],[-105.398045,39.473912],[-105.398054,39.47294],[-105.398064,39.47186],[-105.39807,39.47129],[-105.398072,39.470999],[-105.398093,39.468812],[-105.398099,39.46812],[-105.3981,39.468105],[-105.398107,39.467315],[-105.39812,39.465911],[-105.398129,39.464928],[-105.398134,39.464343],[-105.398137,39.463998],[-105.398158,39.461756],[-105.398165,39.460947],[-105.398166,39.460896],[-105.398161,39.460647],[-105.398151,39.460154],[-105.398092,39.457079],[-105.398023,39.453424],[-105.398018,39.452064],[-105.398015,39.451223],[-105.398004,39.448049],[-105.397996,39.44582],[-105.398008,39.444427],[-105.398052,39.438913],[-105.398052,39.438851],[-105.398066,39.438045],[-105.398141,39.433538],[-105.398175,39.431547],[-105.398119,39.430638],[-105.398053,39.428887],[-105.398002,39.427594],[-105.3979,39.424946],[-105.397896,39.424821],[-105.397874,39.424246],[-105.397867,39.423853],[-105.397824,39.421204],[-105.397813,39.420566],[-105.397799,39.41967],[-105.397753,39.416891],[-105.397788,39.413257],[-105.397826,39.409272],[-105.397827,39.408667],[-105.397816,39.406127],[-105.397834,39.402561],[-105.397836,39.399525],[-105.397837,39.398756],[-105.397839,39.395281],[-105.397839,39.394877],[-105.397835,39.392563],[-105.397832,39.390681],[-105.397827,39.387597],[-105.397996,39.387594],[-105.398017,39.387594],[-105.398407,39.387587],[-105.398312,39.383947],[-105.398284,39.382852],[-105.398215,39.380198],[-105.398024,39.372807],[-105.397972,39.370803],[-105.397938,39.369478],[-105.397923,39.36891],[-105.397855,39.366287],[-105.397848,39.366032],[-105.39785,39.365536],[-105.397855,39.364387],[-105.397858,39.363689],[-105.39786,39.363373],[-105.397863,39.362614],[-105.397855,39.360682],[-105.397848,39.359245],[-105.397858,39.355275],[-105.397909,39.351561],[-105.397909,39.350735],[-105.397907,39.343889],[-105.397905,39.339874],[-105.397904,39.336786],[-105.397904,39.336718],[-105.397904,39.336532],[-105.397902,39.333074],[-105.397901,39.329545],[-105.397901,39.32944],[-105.397898,39.322343],[-105.397896,39.315776],[-105.397896,39.315765],[-105.397895,39.315143],[-105.397895,39.314343],[-105.397893,39.307966],[-105.397891,39.300788],[-105.397888,39.294421],[-105.397888,39.293375],[-105.397886,39.286525],[-105.397883,39.279412],[-105.39788,39.272527],[-105.397878,39.265186],[-105.397877,39.264667],[-105.397875,39.25798],[-105.397872,39.250431],[-105.397871,39.250347],[-105.397869,39.242921],[-105.397869,39.241445],[-105.397866,39.235808],[-105.397865,39.231314],[-105.397864,39.228694],[-105.397863,39.225806],[-105.397861,39.222239],[-105.397859,39.21582],[-105.397859,39.214808],[-105.397857,39.211975],[-105.397856,39.208587],[-105.397855,39.205334],[-105.397855,39.205139],[-105.397854,39.203265],[-105.397853,39.201399],[-105.397852,39.197454],[-105.397852,39.197351],[-105.397851,39.194034],[-105.397849,39.186831],[-105.397846,39.179602],[-105.397842,39.172236],[-105.39784,39.164799],[-105.39784,39.164589],[-105.397837,39.157641],[-105.397837,39.157253],[-105.397837,39.156535],[-105.397836,39.152731],[-105.397835,39.151701],[-105.397835,39.151152],[-105.397835,39.150594],[-105.397835,39.150203],[-105.397832,39.143775],[-105.397831,39.140516],[-105.39783,39.137707],[-105.39783,39.136813],[-105.397827,39.130385],[-105.397827,39.130319],[-105.397827,39.129564],[-105.397827,39.129456],[-105.397827,39.129435],[-105.390185,39.129523],[-105.39015,39.129523],[-105.386778,39.129554],[-105.381111,39.129604],[-105.380693,39.129608],[-105.380674,39.129608],[-105.370826,39.129579],[-105.367181,39.12959],[-105.36698,39.129591],[-105.366429,39.129593],[-105.360743,39.12961],[-105.360651,39.12961],[-105.357161,39.129607],[-105.356165,39.129606],[-105.353536,39.129603],[-105.350141,39.129599],[-105.343107,39.129522],[-105.341067,39.1295],[-105.340926,39.129498],[-105.336014,39.129437],[-105.330438,39.129368],[-105.328771,39.129348],[-105.328757,39.129348],[-105.328542,39.12969],[-105.328418,39.129888],[-105.328248,39.130058],[-105.328146,39.13016],[-105.327807,39.13054],[-105.327518,39.130773],[-105.327395,39.130871],[-105.327354,39.130929],[-105.32729,39.131019],[-105.327221,39.131116],[-105.326858,39.131626],[-105.325458,39.13299],[-105.325295,39.13315],[-105.325025,39.133583],[-105.324933,39.133666],[-105.324481,39.134073],[-105.323546,39.13482],[-105.322981,39.135272],[-105.322779,39.135474],[-105.322166,39.136088],[-105.321903,39.136898],[-105.321711,39.137869],[-105.321655,39.138677],[-105.321751,39.138893],[-105.321806,39.139016],[-105.32187,39.139159],[-105.322293,39.139747],[-105.3225,39.139956],[-105.322714,39.140174],[-105.322736,39.140267],[-105.322788,39.140496],[-105.322794,39.14083],[-105.322794,39.140873],[-105.322791,39.140888],[-105.322665,39.141412],[-105.322363,39.142077],[-105.322198,39.14244],[-105.322134,39.142764],[-105.322157,39.142894],[-105.322186,39.143057],[-105.322191,39.143084],[-105.32221,39.143193],[-105.322271,39.143316],[-105.322296,39.143365],[-105.322329,39.143432],[-105.322424,39.143622],[-105.322758,39.144274],[-105.32278,39.144318],[-105.322809,39.144345],[-105.323061,39.144585],[-105.323188,39.144871],[-105.323204,39.144906],[-105.323277,39.145175],[-105.323144,39.145445],[-105.322872,39.145717],[-105.322604,39.14586],[-105.322461,39.145936],[-105.322415,39.145945],[-105.321841,39.14605],[-105.321428,39.146108],[-105.321082,39.146058],[-105.320595,39.145847],[-105.320317,39.145742],[-105.319903,39.145747],[-105.319283,39.145807],[-105.319007,39.145809],[-105.318315,39.145762],[-105.317511,39.145659],[-105.316378,39.145512],[-105.316307,39.145526],[-105.31588,39.145604],[-105.315759,39.145626],[-105.315713,39.145684],[-105.31542,39.14606],[-105.315292,39.146708],[-105.315359,39.147211],[-105.315371,39.147299],[-105.315725,39.147888],[-105.315931,39.148122],[-105.315955,39.148149],[-105.316007,39.148208],[-105.316104,39.148427],[-105.31615,39.148529],[-105.316211,39.148755],[-105.31622,39.148788],[-105.316223,39.148798],[-105.316197,39.148833],[-105.31602,39.149069],[-105.315987,39.149122],[-105.315886,39.149286],[-105.315787,39.149384],[-105.315614,39.149558],[-105.315616,39.149685],[-105.315616,39.149719],[-105.315583,39.149857],[-105.315552,39.149989],[-105.315779,39.150527],[-105.315982,39.151007],[-105.315938,39.151151],[-105.315851,39.151439],[-105.315699,39.152151],[-105.315529,39.15295],[-105.315398,39.153382],[-105.315352,39.153659],[-105.315335,39.153759],[-105.31548,39.154189],[-105.315417,39.154566],[-105.315283,39.154837],[-105.31501,39.155055],[-105.31412,39.155494],[-105.313779,39.155767],[-105.313469,39.156209],[-105.313313,39.156431],[-105.313253,39.156516],[-105.313171,39.156634],[-105.313145,39.156708],[-105.313039,39.157012],[-105.313114,39.157388],[-105.313157,39.15769],[-105.313166,39.157751],[-105.313191,39.157926],[-105.31328,39.158093],[-105.313445,39.158403],[-105.313539,39.15858],[-105.313618,39.158729],[-105.313563,39.159007],[-105.313537,39.159143],[-105.313521,39.159223],[-105.313491,39.159376],[-105.313474,39.159416],[-105.313358,39.159701],[-105.313291,39.159863],[-105.31295,39.160135],[-105.312197,39.160573],[-105.312025,39.16066],[-105.311597,39.160874],[-105.311101,39.161123],[-105.310759,39.161341],[-105.310557,39.161666],[-105.310495,39.161926],[-105.310492,39.161936],[-105.310032,39.163394],[-105.310014,39.163418],[-105.309843,39.163647],[-105.309829,39.163665],[-105.309624,39.163775],[-105.30921,39.163833],[-105.308798,39.163999],[-105.308593,39.164108],[-105.30839,39.164379],[-105.308344,39.164479],[-105.308178,39.164838],[-105.308165,39.164866],[-105.307989,39.165245],[-105.307783,39.165301],[-105.307438,39.165358],[-105.307101,39.165361],[-105.307024,39.165362],[-105.306677,39.165258],[-105.306328,39.164992],[-105.306174,39.164824],[-105.306043,39.164679],[-105.305695,39.164298],[-105.305485,39.164139],[-105.305319,39.164115],[-105.305139,39.164088],[-105.304824,39.164092],[-105.304656,39.164093],[-105.304451,39.164203],[-105.303837,39.164973],[-105.302893,39.166156],[-105.302762,39.166281],[-105.302553,39.166482],[-105.302416,39.166591],[-105.302379,39.166599],[-105.302141,39.166648],[-105.301726,39.166652],[-105.301175,39.166711],[-105.301034,39.166776],[-105.301024,39.16678],[-105.301008,39.166788],[-105.300695,39.166931],[-105.300515,39.167147],[-105.300507,39.167156],[-105.300477,39.167193],[-105.300424,39.167257],[-105.300393,39.167306],[-105.300381,39.167326],[-105.300222,39.167582],[-105.300265,39.167831],[-105.300297,39.168012],[-105.301064,39.168489],[-105.301829,39.168804],[-105.302041,39.169072],[-105.301995,39.16922],[-105.301909,39.169504],[-105.301168,39.170695],[-105.300348,39.171241],[-105.299938,39.171568],[-105.299469,39.172488],[-105.29885,39.172656],[-105.29823,39.17277],[-105.297877,39.172732],[-105.297426,39.172683],[-105.297387,39.172679],[-105.297355,39.172676],[-105.296847,39.172622],[-105.296501,39.172625],[-105.296396,39.172649],[-105.29602,39.172737],[-105.295402,39.172958],[-105.295047,39.172962],[-105.293882,39.172973],[-105.293679,39.173245],[-105.293665,39.173292],[-105.293548,39.173676],[-105.293827,39.173889],[-105.294284,39.174097],[-105.294523,39.174205],[-105.294803,39.174418],[-105.294803,39.174448],[-105.294804,39.174536],[-105.294805,39.174546],[-105.294805,39.174579],[-105.294795,39.174596],[-105.294765,39.174644],[-105.294738,39.174688],[-105.294327,39.174961],[-105.291518,39.176388],[-105.291245,39.176606],[-105.290697,39.176934],[-105.290369,39.177093],[-105.289327,39.177599],[-105.288092,39.178198],[-105.287479,39.178796],[-105.287351,39.179443],[-105.287355,39.179714],[-105.287362,39.180143],[-105.287306,39.181004],[-105.287337,39.181235],[-105.287343,39.18128],[-105.287385,39.181596],[-105.287599,39.182078],[-105.288019,39.182451],[-105.288142,39.182554],[-105.288865,39.18316],[-105.289069,39.183302],[-105.289283,39.183731],[-105.289297,39.183772],[-105.289355,39.183946],[-105.289289,39.184162],[-105.288879,39.184435],[-105.288729,39.184507],[-105.288193,39.184764],[-105.286893,39.185531],[-105.286485,39.185965],[-105.286148,39.186507],[-105.286118,39.186639],[-105.285954,39.18737],[-105.285829,39.188232],[-105.28591,39.189294],[-105.285916,39.189362],[-105.285784,39.189794],[-105.28538,39.190498],[-105.285326,39.190626],[-105.285191,39.190942],[-105.285142,39.191058],[-105.284742,39.191999],[-105.284729,39.19203],[-105.284714,39.192065],[-105.284712,39.192074],[-105.28465,39.192389],[-105.284706,39.192515],[-105.284793,39.192711],[-105.284812,39.19276],[-105.285081,39.193461],[-105.285114,39.19363],[-105.285156,39.193837],[-105.285026,39.194377],[-105.284749,39.195037],[-105.284573,39.195488],[-105.283762,39.197565],[-105.283493,39.198053],[-105.283477,39.198129],[-105.283364,39.198646],[-105.283144,39.199422],[-105.283133,39.19946],[-105.28294,39.200144],[-105.282905,39.200265],[-105.282365,39.201078],[-105.28182,39.201568],[-105.281064,39.201844],[-105.280373,39.201851],[-105.280321,39.201849],[-105.278991,39.20181],[-105.278951,39.201824],[-105.278563,39.201954],[-105.278166,39.202087],[-105.277687,39.202415],[-105.277693,39.202801],[-105.277693,39.202833],[-105.277694,39.202846],[-105.277691,39.202856],[-105.277438,39.204194],[-105.277219,39.204636],[-105.2772,39.204674],[-105.277193,39.204688],[-105.27717,39.204735],[-105.277123,39.204764],[-105.277112,39.204771],[-105.277042,39.204816],[-105.277028,39.204825],[-105.276827,39.204953],[-105.276626,39.205332],[-105.276655,39.205515],[-105.276703,39.205816],[-105.276647,39.206732],[-105.276514,39.207056],[-105.276242,39.207328],[-105.2759,39.207546],[-105.275674,39.20758],[-105.275141,39.207661],[-105.274381,39.207668],[-105.272583,39.207578],[-105.27237,39.20767],[-105.272289,39.207705],[-105.272268,39.207714],[-105.271826,39.2078],[-105.271556,39.20818],[-105.271288,39.208721],[-105.27126,39.208749],[-105.271015,39.208993],[-105.27087,39.209059],[-105.270802,39.20909],[-105.270535,39.209212],[-105.269984,39.209325],[-105.269225,39.209386],[-105.268808,39.209283],[-105.268599,39.209177],[-105.268253,39.209127],[-105.267924,39.209181],[-105.267908,39.209184],[-105.267887,39.209184],[-105.267831,39.209184],[-105.267701,39.209186],[-105.267424,39.209134],[-105.266869,39.208978],[-105.265978,39.208824],[-105.265691,39.208774],[-105.265484,39.208669],[-105.265103,39.208477],[-105.264855,39.208351],[-105.264297,39.208034],[-105.263743,39.207931],[-105.26371,39.207931],[-105.263329,39.207935],[-105.262985,39.208046],[-105.262918,39.208208],[-105.26286,39.208908],[-105.262556,39.209355],[-105.262454,39.209505],[-105.262114,39.209885],[-105.261908,39.209994],[-105.261425,39.209999],[-105.260735,39.210059],[-105.260388,39.210179],[-105.260253,39.210225],[-105.259981,39.210497],[-105.259949,39.210548],[-105.259775,39.210827],[-105.259711,39.21093],[-105.259704,39.210999],[-105.259674,39.211296],[-105.259666,39.211375],[-105.259664,39.211398],[-105.259651,39.211523],[-105.259772,39.211676],[-105.259779,39.211685],[-105.259787,39.211695],[-105.259853,39.211778],[-105.259862,39.21179],[-105.259951,39.211957],[-105.260005,39.212058],[-105.260008,39.212274],[-105.26001,39.212434],[-105.260081,39.212542],[-105.260267,39.212823],[-105.260293,39.212862],[-105.260393,39.212951],[-105.260713,39.213235],[-105.260747,39.213261],[-105.261273,39.213661],[-105.261317,39.213717],[-105.26147,39.21391],[-105.261484,39.213928],[-105.261488,39.213942],[-105.261512,39.214022],[-105.26163,39.214411],[-105.261527,39.214704],[-105.261497,39.214788],[-105.261192,39.21513],[-105.261157,39.215169],[-105.260955,39.215494],[-105.260775,39.215932],[-105.260678,39.216167],[-105.260555,39.216467],[-105.260588,39.216635],[-105.26063,39.216843],[-105.260834,39.217037],[-105.26091,39.217109],[-105.261072,39.217293],[-105.261087,39.217311],[-105.261191,39.21743],[-105.261201,39.217439],[-105.261338,39.217579],[-105.261612,39.217857],[-105.261652,39.218084],[-105.261669,39.21818],[-105.261688,39.218286],[-105.262108,39.218605],[-105.262319,39.218873],[-105.262675,39.219053],[-105.262737,39.219084],[-105.26275,39.219107],[-105.263012,39.219559],[-105.263234,39.21994],[-105.26328,39.220065],[-105.263521,39.220711],[-105.263594,39.220906],[-105.26353,39.221284],[-105.263396,39.221554],[-105.263372,39.221569],[-105.263217,39.221662],[-105.263122,39.221718],[-105.262504,39.221993],[-105.262437,39.222102],[-105.262302,39.222318],[-105.262224,39.222355],[-105.261858,39.222531],[-105.261616,39.222647],[-105.261419,39.222857],[-105.261412,39.222865],[-105.26141,39.222873],[-105.261347,39.223188],[-105.261475,39.223325],[-105.261506,39.223357],[-105.261592,39.223449],[-105.261699,39.223562],[-105.262187,39.22388],[-105.262331,39.224256],[-105.262368,39.224439],[-105.262373,39.224466],[-105.262406,39.224632],[-105.262342,39.224955],[-105.262221,39.22515],[-105.262178,39.225218],[-105.262004,39.225497],[-105.261895,39.225498],[-105.261797,39.225499],[-105.26159,39.225555],[-105.261524,39.225717],[-105.261524,39.225762],[-105.261528,39.225991],[-105.261536,39.226524],[-105.261747,39.226791],[-105.262638,39.227615],[-105.26266,39.227636],[-105.263223,39.228157],[-105.263265,39.228196],[-105.263282,39.228212],[-105.26336,39.228283],[-105.263365,39.2283],[-105.26338,39.228352],[-105.263505,39.228767],[-105.263496,39.228832],[-105.263443,39.229198],[-105.263288,39.229574],[-105.263243,39.229684],[-105.262997,39.22995],[-105.262342,39.230657],[-105.262086,39.230933],[-105.261996,39.231102],[-105.261885,39.231312],[-105.261405,39.231586],[-105.260789,39.231968],[-105.260637,39.232009],[-105.260376,39.23208],[-105.260032,39.232191],[-105.259344,39.232467],[-105.258787,39.232617],[-105.258312,39.232745],[-105.257694,39.23302],[-105.257523,39.233201],[-105.257285,39.233455],[-105.257259,39.233507],[-105.257198,39.233631],[-105.257017,39.233996],[-105.256819,39.23459],[-105.256503,39.234861],[-105.255931,39.235352],[-105.255727,39.235569],[-105.255665,39.235734],[-105.255501,39.236167],[-105.255195,39.236973],[-105.255095,39.237065],[-105.254718,39.237409],[-105.254548,39.237626],[-105.254379,39.237843],[-105.254368,39.23787],[-105.254245,39.238167],[-105.254246,39.238244],[-105.25425,39.23849],[-105.254295,39.238564],[-105.254513,39.23892],[-105.254752,39.239267],[-105.255028,39.239667],[-105.255103,39.240043],[-105.255042,39.240124],[-105.2549,39.240314],[-105.254421,39.240641],[-105.254281,39.240753],[-105.253609,39.24129],[-105.2536,39.241298],[-105.253525,39.241511],[-105.253468,39.241673],[-105.253584,39.24182],[-105.253678,39.241938],[-105.25376,39.242693],[-105.253609,39.242977],[-105.253558,39.243072],[-105.253457,39.243185],[-105.253218,39.243452],[-105.252668,39.243619],[-105.252391,39.243621],[-105.251974,39.243464],[-105.251636,39.243207],[-105.251554,39.243145],[-105.251475,39.243106],[-105.250618,39.242688],[-105.250579,39.242669],[-105.249737,39.24207],[-105.249243,39.241719],[-105.249137,39.241643],[-105.248999,39.24143],[-105.248789,39.241105],[-105.248706,39.24106],[-105.248461,39.240927],[-105.248324,39.240853],[-105.248097,39.24073],[-105.246818,39.240385],[-105.246803,39.240381],[-105.246715,39.240358],[-105.246498,39.240415],[-105.246301,39.240467],[-105.246202,39.240522],[-105.24598,39.240647],[-105.245819,39.240737],[-105.244922,39.241472],[-105.244399,39.241901],[-105.244235,39.242035],[-105.243753,39.242199],[-105.243615,39.242307],[-105.243306,39.242695],[-105.243271,39.242739],[-105.243151,39.24276],[-105.24265,39.242849],[-105.242465,39.242932],[-105.242436,39.242945],[-105.24223,39.243037],[-105.242174,39.243063],[-105.241253,39.243477],[-105.241202,39.243499],[-105.241189,39.243515],[-105.241137,39.243576],[-105.240953,39.243793],[-105.240927,39.243824],[-105.240583,39.244094],[-105.240418,39.244095],[-105.240307,39.244095],[-105.240103,39.243989],[-105.239891,39.243773],[-105.239681,39.243719],[-105.239554,39.243686],[-105.239477,39.243666],[-105.239381,39.243683],[-105.239081,39.243736],[-105.238855,39.243776],[-105.238166,39.24394],[-105.23812,39.243942],[-105.238042,39.243947],[-105.238016,39.243948],[-105.237769,39.243963],[-105.237719,39.243966],[-105.237665,39.243969],[-105.237199,39.243996],[-105.237085,39.244012],[-105.236371,39.244107],[-105.235957,39.244216],[-105.235612,39.244378],[-105.235337,39.244864],[-105.234718,39.245351],[-105.234305,39.245729],[-105.234265,39.245779],[-105.233961,39.246161],[-105.233825,39.246593],[-105.233964,39.246969],[-105.234242,39.247453],[-105.23473,39.248745],[-105.234751,39.248952],[-105.234776,39.249196],[-105.234787,39.249304],[-105.234802,39.249445],[-105.235079,39.249606],[-105.235137,39.249619],[-105.23519,39.249631],[-105.235562,39.249713],[-105.236046,39.249657],[-105.236321,39.249495],[-105.236666,39.249386],[-105.237081,39.249385],[-105.237288,39.249465],[-105.237357,39.249491],[-105.237363,39.249529],[-105.237367,39.249558],[-105.237386,39.249686],[-105.2374,39.249783],[-105.237421,39.249926],[-105.23743,39.249976],[-105.237434,39.24999],[-105.237698,39.250647],[-105.237705,39.25067],[-105.237707,39.250828],[-105.23757,39.250937],[-105.237401,39.250938],[-105.237294,39.250938],[-105.236996,39.250987],[-105.23557,39.251219],[-105.235179,39.25136],[-105.234812,39.251493],[-105.234333,39.251927],[-105.234197,39.252143],[-105.234198,39.252247],[-105.234198,39.25226],[-105.2342,39.252413],[-105.2342,39.252466],[-105.234331,39.252812],[-105.234342,39.252842],[-105.234368,39.252881],[-105.234486,39.253061],[-105.234764,39.253486],[-105.23479,39.253834],[-105.234807,39.254067],[-105.234844,39.254562],[-105.234711,39.255102],[-105.234575,39.255318],[-105.234356,39.255363],[-105.234299,39.255374],[-105.234284,39.255369],[-105.234193,39.255339],[-105.23418,39.255335],[-105.233937,39.255255],[-105.233902,39.255244],[-105.233833,39.255222],[-105.233814,39.255215],[-105.23373,39.255157],[-105.232283,39.254148],[-105.231826,39.253974],[-105.231754,39.253946],[-105.231728,39.253936],[-105.231716,39.253935],[-105.230898,39.253834],[-105.228548,39.253795],[-105.228295,39.25383],[-105.227811,39.253896],[-105.22772,39.253908],[-105.227514,39.254017],[-105.227446,39.254182],[-105.227381,39.254557],[-105.227384,39.254823],[-105.227392,39.25567],[-105.227393,39.255728],[-105.227393,39.255743],[-105.227394,39.255849],[-105.227373,39.2559],[-105.227366,39.255918],[-105.227343,39.255972],[-105.227314,39.256043],[-105.227259,39.256173],[-105.226985,39.25639],[-105.226801,39.256439],[-105.226572,39.256501],[-105.226405,39.256502],[-105.226278,39.256502],[-105.226157,39.256503],[-105.226006,39.256387],[-105.225836,39.256257],[-105.225809,39.256236],[-105.225768,39.256224],[-105.225447,39.256129],[-105.225392,39.256113],[-105.224929,39.255976],[-105.224561,39.255867],[-105.224423,39.255878],[-105.224286,39.255888],[-105.223908,39.255917],[-105.223802,39.255926],[-105.223755,39.255953],[-105.223527,39.256089],[-105.223432,39.256215],[-105.223323,39.25636],[-105.223194,39.25733],[-105.223239,39.257767],[-105.223271,39.258083],[-105.223343,39.258406],[-105.223554,39.258728],[-105.223899,39.258955],[-105.223963,39.258997],[-105.223977,39.259006],[-105.224041,39.259048],[-105.224118,39.259077],[-105.224133,39.259083],[-105.224195,39.259107],[-105.224596,39.25926],[-105.225219,39.259417],[-105.225297,39.259622],[-105.225361,39.259793],[-105.225362,39.259823],[-105.225364,39.260068],[-105.225367,39.260332],[-105.225162,39.260549],[-105.224957,39.260603],[-105.224821,39.26064],[-105.224748,39.260659],[-105.224403,39.260661],[-105.223878,39.260545],[-105.223176,39.260389],[-105.222964,39.260342],[-105.222935,39.260335],[-105.222428,39.260222],[-105.222417,39.26022],[-105.22233,39.2602],[-105.222048,39.260138],[-105.221709,39.26014],[-105.221495,39.260141],[-105.221402,39.260094],[-105.221188,39.259985],[-105.221078,39.259928],[-105.220793,39.259851],[-105.220108,39.259665],[-105.219958,39.259666],[-105.219667,39.259668],[-105.219424,39.259669],[-105.21921,39.259671],[-105.218544,39.259817],[-105.218451,39.259837],[-105.217832,39.260056],[-105.21742,39.260382],[-105.217216,39.260653],[-105.217218,39.260861],[-105.217218,39.260876],[-105.217218,39.260894],[-105.217219,39.26103],[-105.217335,39.26142],[-105.217362,39.261514],[-105.217574,39.261943],[-105.217776,39.262186],[-105.217865,39.262293],[-105.217926,39.262539],[-105.217959,39.26267],[-105.217985,39.262778],[-105.217925,39.263488],[-105.217931,39.263552],[-105.217954,39.263764],[-105.217963,39.263854],[-105.2181,39.264038],[-105.218306,39.264243],[-105.218447,39.264306],[-105.218526,39.264341],[-105.218537,39.264364],[-105.218558,39.264411],[-105.218708,39.264737],[-105.218712,39.265168],[-105.218715,39.26549],[-105.21849,39.2665],[-105.218479,39.266552],[-105.218451,39.266677],[-105.218522,39.266892],[-105.218732,39.267106],[-105.219216,39.267211],[-105.220043,39.267432],[-105.220394,39.267526],[-105.220674,39.267794],[-105.22069,39.267856],[-105.220729,39.267999],[-105.220745,39.268063],[-105.220682,39.268656],[-105.219934,39.269791],[-105.219248,39.270388],[-105.218836,39.27066],[-105.218766,39.270688],[-105.218519,39.270786],[-105.218423,39.270824],[-105.21819,39.270935],[-105.218079,39.270988],[-105.217872,39.271173],[-105.217788,39.271248],[-105.217531,39.271476],[-105.217394,39.271531],[-105.216722,39.271692],[-105.216015,39.271862],[-105.215603,39.272188],[-105.215578,39.272235],[-105.215403,39.272561],[-105.2154,39.272569],[-105.215404,39.272995],[-105.21552,39.273204],[-105.215615,39.273373],[-105.216309,39.273638],[-105.216427,39.273691],[-105.216804,39.273859],[-105.216934,39.273917],[-105.217142,39.27401],[-105.217228,39.274162],[-105.217302,39.274294],[-105.21732,39.274327],[-105.217353,39.274385],[-105.217426,39.274708],[-105.217368,39.27487],[-105.217307,39.275042],[-105.217291,39.275086],[-105.217169,39.275215],[-105.217005,39.275388],[-105.216881,39.275519],[-105.216718,39.275633],[-105.216292,39.275931],[-105.215714,39.276334],[-105.215625,39.276511],[-105.215578,39.276605],[-105.215638,39.276914],[-105.215651,39.276981],[-105.215872,39.277082],[-105.215998,39.27714],[-105.216276,39.277246],[-105.216347,39.277408],[-105.21634,39.277434],[-105.21628,39.277677],[-105.216132,39.278065],[-105.216022,39.27835],[-105.216011,39.278379],[-105.215995,39.278385],[-105.215735,39.278489],[-105.215391,39.278598],[-105.21524,39.278599],[-105.214907,39.278601],[-105.214354,39.278551],[-105.214008,39.278553],[-105.213803,39.27877],[-105.213737,39.278887],[-105.213609,39.279117],[-105.213573,39.279181],[-105.213531,39.279256],[-105.213328,39.279688],[-105.213261,39.279725],[-105.213247,39.279732],[-105.212706,39.280027],[-105.212228,39.280287],[-105.212027,39.280341],[-105.211608,39.280453],[-105.211402,39.28067],[-105.211372,39.280769],[-105.211335,39.280886],[-105.211336,39.280928],[-105.211337,39.281069],[-105.211338,39.281176],[-105.211352,39.282589],[-105.211355,39.282878],[-105.211425,39.282986],[-105.211628,39.283078],[-105.211773,39.283145],[-105.211827,39.283209],[-105.212244,39.283703],[-105.212468,39.283968],[-105.212504,39.284011],[-105.212542,39.284058],[-105.212545,39.284325],[-105.212478,39.284595],[-105.212211,39.284987],[-105.212191,39.285015],[-105.211823,39.285555],[-105.211593,39.285893],[-105.210847,39.286606],[-105.210733,39.286794],[-105.210691,39.286864],[-105.210629,39.286965],[-105.210292,39.287519],[-105.210236,39.287571],[-105.210107,39.28769],[-105.209884,39.287896],[-105.209771,39.287979],[-105.209616,39.288093],[-105.20952,39.288164],[-105.209508,39.288173],[-105.208923,39.288602],[-105.208617,39.288815],[-105.208539,39.288868],[-105.208374,39.288983],[-105.208362,39.289008],[-105.208172,39.289418],[-105.20819,39.289513],[-105.208244,39.289791],[-105.208291,39.289863],[-105.208433,39.29008],[-105.208454,39.290113],[-105.208666,39.290543],[-105.208669,39.290812],[-105.208534,39.291136],[-105.20819,39.291353],[-105.207915,39.291463],[-105.207776,39.291464],[-105.207638,39.291411],[-105.207556,39.291204],[-105.207461,39.290966],[-105.207425,39.290874],[-105.207398,39.290832],[-105.207285,39.290659],[-105.207008,39.290607],[-105.206917,39.290616],[-105.206851,39.290623],[-105.206831,39.290625],[-105.206654,39.290643],[-105.206624,39.290646],[-105.206568,39.290652],[-105.206455,39.290664],[-105.206388,39.290741],[-105.206265,39.290884],[-105.205566,39.291693],[-105.205521,39.291838],[-105.205499,39.291909],[-105.20564,39.292177],[-105.20584,39.292286],[-105.206127,39.292443],[-105.206628,39.292656],[-105.206752,39.292709],[-105.206962,39.29303],[-105.206964,39.293041],[-105.207036,39.293515],[-105.206955,39.293605],[-105.206694,39.293894],[-105.20635,39.294004],[-105.205727,39.293954],[-105.205172,39.293796],[-105.204406,39.293208],[-105.204243,39.293146],[-105.204213,39.293134],[-105.204181,39.293122],[-105.20399,39.293049],[-105.203514,39.293023],[-105.203493,39.293022],[-105.20309,39.293001],[-105.202609,39.293219],[-105.202474,39.293597],[-105.202477,39.293624],[-105.202549,39.294189],[-105.202626,39.294326],[-105.20276,39.294564],[-105.202975,39.294779],[-105.203523,39.294829],[-105.204353,39.294878],[-105.20473,39.294875],[-105.204906,39.294874],[-105.205468,39.295005],[-105.205641,39.295045],[-105.205807,39.295084],[-105.206573,39.295618],[-105.206599,39.295662],[-105.206712,39.295849],[-105.207223,39.2967],[-105.207346,39.296906],[-105.207428,39.297102],[-105.207462,39.297184],[-105.207656,39.29765],[-105.207771,39.297927],[-105.207683,39.298139],[-105.207617,39.298296],[-105.207569,39.298412],[-105.207442,39.298563],[-105.207425,39.298583],[-105.207403,39.298609],[-105.207022,39.299062],[-105.206844,39.299149],[-105.206127,39.299498],[-105.205162,39.29972],[-105.204055,39.299727],[-105.203469,39.299604],[-105.202808,39.299465],[-105.201562,39.299257],[-105.201147,39.29926],[-105.201137,39.29927],[-105.200994,39.299411],[-105.200881,39.299523],[-105.200873,39.299531],[-105.200871,39.299541],[-105.200812,39.29988],[-105.200807,39.299908],[-105.20082,39.299931],[-105.200843,39.299977],[-105.200888,39.300062],[-105.200948,39.300177],[-105.201226,39.300282],[-105.201296,39.30039],[-105.201299,39.300713],[-105.201283,39.300752],[-105.201016,39.301392],[-105.201,39.301431],[-105.200992,39.301449],[-105.200962,39.301523],[-105.200928,39.301545],[-105.200908,39.301558],[-105.200842,39.301601],[-105.200549,39.301795],[-105.200136,39.301959],[-105.199514,39.301962],[-105.199453,39.301956],[-105.197576,39.301759],[-105.197542,39.301759],[-105.196884,39.301763],[-105.196401,39.301874],[-105.196349,39.301905],[-105.196227,39.301977],[-105.196126,39.302037],[-105.195981,39.302268],[-105.195922,39.302362],[-105.196036,39.302871],[-105.196057,39.302965],[-105.196067,39.303007],[-105.196074,39.303027],[-105.196252,39.303522],[-105.196263,39.303552],[-105.196271,39.303573],[-105.19628,39.303598],[-105.196289,39.303607],[-105.196364,39.303678],[-105.196559,39.303866],[-105.197515,39.304614],[-105.197524,39.304621],[-105.197612,39.30469],[-105.197643,39.304729],[-105.198024,39.305203],[-105.198027,39.305472],[-105.197976,39.305513],[-105.197752,39.305689],[-105.197408,39.305853],[-105.197411,39.305918],[-105.197415,39.306001],[-105.197419,39.306073],[-105.197402,39.306132],[-105.197029,39.307456],[-105.197014,39.307511],[-105.19701,39.307525],[-105.196933,39.307671],[-105.196923,39.307691],[-105.196897,39.307741],[-105.1968,39.307925],[-105.196728,39.308063],[-105.19667,39.308173],[-105.19668,39.308212],[-105.19672,39.308361],[-105.196738,39.308428],[-105.196742,39.308442],[-105.196812,39.308496],[-105.197008,39.308647],[-105.197021,39.308656],[-105.197112,39.308686],[-105.198252,39.309063],[-105.19831,39.309127],[-105.19833,39.309148],[-105.198552,39.309389],[-105.198521,39.309658],[-105.198489,39.309815],[-105.198476,39.309877],[-105.198455,39.309978],[-105.198418,39.310155],[-105.198213,39.310372],[-105.1982,39.31038],[-105.197869,39.31059],[-105.196915,39.311148],[-105.194981,39.312277],[-105.194637,39.312387],[-105.194015,39.312444],[-105.193325,39.31261],[-105.193115,39.312757],[-105.192707,39.313045],[-105.192499,39.313236],[-105.192492,39.313242],[-105.192311,39.31341],[-105.192295,39.313424],[-105.192016,39.314061],[-105.191978,39.314147],[-105.191854,39.314429],[-105.191822,39.314504],[-105.190925,39.315472],[-105.190745,39.315666],[-105.190681,39.315735],[-105.190666,39.315751],[-105.190471,39.315961],[-105.190441,39.315994],[-105.190392,39.316047],[-105.190316,39.316129],[-105.189947,39.316356],[-105.189697,39.31651],[-105.18901,39.316999],[-105.18894,39.317063],[-105.18881,39.317183],[-105.188599,39.317378],[-105.188557,39.317804],[-105.188536,39.318024],[-105.188642,39.318219],[-105.188888,39.318669],[-105.189099,39.318991],[-105.18924,39.319315],[-105.189192,39.320048],[-105.18918,39.320229],[-105.189167,39.320256],[-105.189127,39.320346],[-105.188972,39.320692],[-105.188615,39.321489],[-105.188164,39.322497],[-105.187822,39.322876],[-105.187478,39.323039],[-105.186926,39.323205],[-105.186771,39.323257],[-105.186208,39.323449],[-105.185961,39.323533],[-105.185832,39.323712],[-105.185816,39.323735],[-105.185688,39.323912],[-105.185554,39.324344],[-105.185695,39.32472],[-105.185794,39.324851],[-105.185976,39.325095],[-105.186046,39.325256],[-105.185982,39.325625],[-105.185959,39.325761],[-105.185915,39.326011],[-105.185964,39.326104],[-105.18605,39.326267],[-105.186056,39.326279],[-105.186473,39.326492],[-105.186761,39.326565],[-105.187513,39.326755],[-105.187724,39.326814],[-105.18806,39.326906],[-105.188276,39.326966],[-105.188456,39.32715],[-105.188486,39.32718],[-105.188482,39.327208],[-105.188421,39.327612],[-105.188285,39.327882],[-105.188148,39.328044],[-105.18798,39.328111],[-105.187857,39.32816],[-105.187735,39.328208],[-105.186836,39.328267],[-105.186367,39.328362],[-105.185732,39.328489],[-105.185497,39.328629],[-105.185181,39.328816],[-105.185056,39.328849],[-105.184974,39.328871],[-105.184699,39.329034],[-105.18466,39.329038],[-105.183594,39.329149],[-105.183505,39.329188],[-105.182592,39.329595],[-105.182492,39.32964],[-105.182479,39.32969],[-105.182477,39.329698],[-105.182292,39.330449],[-105.18218,39.330996],[-105.18216,39.331096],[-105.182221,39.331325],[-105.182231,39.331365],[-105.182283,39.331381],[-105.182925,39.331576],[-105.183625,39.331959],[-105.184308,39.332333],[-105.184395,39.332381],[-105.185359,39.332908],[-105.185427,39.332923],[-105.185573,39.332954],[-105.185627,39.332966],[-105.185844,39.333012],[-105.186068,39.332992],[-105.186466,39.332955],[-105.186511,39.332965],[-105.187149,39.33311],[-105.187159,39.333112],[-105.187362,39.333246],[-105.187492,39.333331],[-105.187549,39.333369],[-105.187647,39.333433],[-105.18781,39.333641],[-105.187857,39.3337],[-105.187879,39.333815],[-105.187912,39.333984],[-105.18793,39.334077],[-105.187855,39.334148],[-105.187765,39.334234],[-105.187587,39.334402],[-105.187197,39.33446],[-105.186827,39.334515],[-105.186193,39.334622],[-105.185515,39.334738],[-105.185315,39.334817],[-105.184845,39.335004],[-105.184391,39.335184],[-105.184274,39.33523],[-105.18424,39.335274],[-105.183992,39.335593],[-105.183833,39.335798],[-105.183728,39.335933],[-105.183705,39.336],[-105.183526,39.336527],[-105.183287,39.336716],[-105.183065,39.336891],[-105.183045,39.336907],[-105.182701,39.337124],[-105.182644,39.337277],[-105.182497,39.337667],[-105.182441,39.337755],[-105.182158,39.338205],[-105.182022,39.338475],[-105.181608,39.338585],[-105.180989,39.338912],[-105.180757,39.338974],[-105.180161,39.339132],[-105.180145,39.339143],[-105.179611,39.339513],[-105.179483,39.339686],[-105.179133,39.340162],[-105.178862,39.340756],[-105.178795,39.340971],[-105.179005,39.341293],[-105.179274,39.341866],[-105.179358,39.342045],[-105.179566,39.342203],[-105.179676,39.342372],[-105.179708,39.34242],[-105.179704,39.342564],[-105.179696,39.342598],[-105.179576,39.343121],[-105.179371,39.343391],[-105.178954,39.343557],[-105.178406,39.34372],[-105.178255,39.343787],[-105.177785,39.343993],[-105.177443,39.344319],[-105.177384,39.344442],[-105.177239,39.34475],[-105.17719,39.344963],[-105.177096,39.34537],[-105.177082,39.345431],[-105.17704,39.345613],[-105.176853,39.346111],[-105.176837,39.346153],[-105.176743,39.346556],[-105.176579,39.347253],[-105.176571,39.347286],[-105.176574,39.347555],[-105.177204,39.348359],[-105.177484,39.348681],[-105.17749,39.349273],[-105.177217,39.349705],[-105.176528,39.349979],[-105.175868,39.350137],[-105.175835,39.350147],[-105.175458,39.350438],[-105.173404,39.352028],[-105.172858,39.352451],[-105.172403,39.352804],[-105.171992,39.35329],[-105.171996,39.35371],[-105.171996,39.353722],[-105.172072,39.354475],[-105.172297,39.355071],[-105.172414,39.35538],[-105.172498,39.355604],[-105.172292,39.356096],[-105.172014,39.356761],[-105.171968,39.356872],[-105.171889,39.357061],[-105.171627,39.357217],[-105.171614,39.357225],[-105.171544,39.357255],[-105.170629,39.357658],[-105.170373,39.35777],[-105.170285,39.357911],[-105.170142,39.358137],[-105.169691,39.358851],[-105.169484,39.358906],[-105.16943,39.358907],[-105.169194,39.358908],[-105.169069,39.358909],[-105.168469,39.358962],[-105.167885,39.359013],[-105.167755,39.359024],[-105.167719,39.359111],[-105.167552,39.35951],[-105.167626,39.35994],[-105.167628,39.360245],[-105.167629,39.360255],[-105.167629,39.360309],[-105.167629,39.360318],[-105.167614,39.360346],[-105.167514,39.36053],[-105.167425,39.360696],[-105.16734,39.360811],[-105.167146,39.361074],[-105.166947,39.361345],[-105.166657,39.361804],[-105.166606,39.361885],[-105.16658,39.362041],[-105.166508,39.362489],[-105.166475,39.362694],[-105.166729,39.363865],[-105.166735,39.363894],[-105.166836,39.364361],[-105.166838,39.364577],[-105.166882,39.36461],[-105.167048,39.364737],[-105.167325,39.364843],[-105.167744,39.365164],[-105.167884,39.365432],[-105.167886,39.365648],[-105.167883,39.365656],[-105.167723,39.366038],[-105.167683,39.366133],[-105.16771,39.366219],[-105.167783,39.366455],[-105.16817,39.366606],[-105.168213,39.366616],[-105.168431,39.366663],[-105.16845,39.366667],[-105.168728,39.366827],[-105.168938,39.367041],[-105.168949,39.367151],[-105.169013,39.367741],[-105.169018,39.367761],[-105.169047,39.367885],[-105.169095,39.368088],[-105.16919,39.368486],[-105.169218,39.368606],[-105.16923,39.368655],[-105.169195,39.368795],[-105.169163,39.368925],[-105.169027,39.369195],[-105.168673,39.369568],[-105.168616,39.369629],[-105.167791,39.370226],[-105.167693,39.370381],[-105.167586,39.37055],[-105.167249,39.371467],[-105.167116,39.372061],[-105.167188,39.37233],[-105.167307,39.372536],[-105.167469,39.372813],[-105.167893,39.37378],[-105.167895,39.373939],[-105.167895,39.373967],[-105.167895,39.37398],[-105.167895,39.373995],[-105.16792,39.374014],[-105.167954,39.37404],[-105.167974,39.374056],[-105.168038,39.374104],[-105.16822,39.374208],[-105.168313,39.374262],[-105.168798,39.374367],[-105.16885,39.374366],[-105.170044,39.374359],[-105.170253,39.374466],[-105.170465,39.374949],[-105.17043,39.374997],[-105.170344,39.375115],[-105.170281,39.375201],[-105.170279,39.375362],[-105.170485,39.375525],[-105.171037,39.375743],[-105.171242,39.376013],[-105.172001,39.37634],[-105.172282,39.376429],[-105.172346,39.37645],[-105.172446,39.376568],[-105.172483,39.376612],[-105.172512,39.376687],[-105.172625,39.376979],[-105.172753,39.377313],[-105.172819,39.377365],[-105.172891,39.377421],[-105.172957,39.377581],[-105.172955,39.377876],[-105.172954,39.378013],[-105.17286,39.378085],[-105.172814,39.37812],[-105.172675,39.378173],[-105.172467,39.378226],[-105.172328,39.378332],[-105.172277,39.37839],[-105.172187,39.378493],[-105.172159,39.378509],[-105.172106,39.378539],[-105.171352,39.378972],[-105.171279,39.379295],[-105.171207,39.379563],[-105.171136,39.379724],[-105.170858,39.379884],[-105.17051,39.380043],[-105.170163,39.380149],[-105.169745,39.380361],[-105.16971,39.380414],[-105.169651,39.380504],[-105.169621,39.380549],[-105.169604,39.380576],[-105.169619,39.380599],[-105.169648,39.380644],[-105.169672,39.380684],[-105.169703,39.38072],[-105.169785,39.380817],[-105.169809,39.380846],[-105.170084,39.381116],[-105.170096,39.381136],[-105.170288,39.38144],[-105.170346,39.381567],[-105.17056,39.382033],[-105.170697,39.382142],[-105.170731,39.382155],[-105.170803,39.382184],[-105.170835,39.382196],[-105.171112,39.382198],[-105.171379,39.382148],[-105.17139,39.382146],[-105.17141,39.382133],[-105.171808,39.381879],[-105.172017,39.381936],[-105.172122,39.382019],[-105.172177,39.382062],[-105.172221,39.382096],[-105.172238,39.382097],[-105.172295,39.382097],[-105.172457,39.382098],[-105.172637,39.382099],[-105.172869,39.382161],[-105.173051,39.382209],[-105.173092,39.382225],[-105.173185,39.382262],[-105.173326,39.382426],[-105.173455,39.383448],[-105.173312,39.383878],[-105.173241,39.384039],[-105.173102,39.384092],[-105.1731,39.384307],[-105.173165,39.384738],[-105.1731,39.385206],[-105.17309,39.385275],[-105.172948,39.385651],[-105.172878,39.385758],[-105.172739,39.385811],[-105.172461,39.385863],[-105.172253,39.385862],[-105.172114,39.385915],[-105.171904,39.386129],[-105.171553,39.386417],[-105.171276,39.38661],[-105.171134,39.386931],[-105.171193,39.387481],[-105.171198,39.387523],[-105.171104,39.387595],[-105.170743,39.387871],[-105.170709,39.387897],[-105.170688,39.387903],[-105.170362,39.388002],[-105.170079,39.388593],[-105.170006,39.388915],[-105.169938,39.389019],[-105.169866,39.389129],[-105.169518,39.389235],[-105.16924,39.389395],[-105.168892,39.3895],[-105.168338,39.389551],[-105.16806,39.389657],[-105.16785,39.389817],[-105.16757,39.390138],[-105.167361,39.390298],[-105.166943,39.390511],[-105.166385,39.39083],[-105.166084,39.390945],[-105.16569,39.391095],[-105.165344,39.391093],[-105.16472,39.391144],[-105.164305,39.391087],[-105.164166,39.39114],[-105.164026,39.391247],[-105.164025,39.391358],[-105.164024,39.391408],[-105.164038,39.39144],[-105.164092,39.39157],[-105.164229,39.391732],[-105.164572,39.392057],[-105.164581,39.392071],[-105.164635,39.392157],[-105.16469,39.392244],[-105.164892,39.392564],[-105.165391,39.393352],[-105.165455,39.393783],[-105.165523,39.393945],[-105.165543,39.393953],[-105.165625,39.393985],[-105.165661,39.394],[-105.165869,39.394001],[-105.165954,39.393969],[-105.166147,39.393895],[-105.166373,39.393853],[-105.166425,39.393843],[-105.166563,39.393843],[-105.16677,39.393952],[-105.166831,39.393991],[-105.167114,39.394169],[-105.167183,39.39426],[-105.167194,39.394275],[-105.167264,39.394367],[-105.167285,39.394394],[-105.167319,39.394439],[-105.167394,39.39474],[-105.167407,39.394792],[-105.167423,39.39486],[-105.167476,39.395072],[-105.167519,39.395248],[-105.167497,39.395362],[-105.167446,39.395623],[-105.167584,39.395732],[-105.167441,39.396107],[-105.16724,39.39722],[-105.167129,39.397446],[-105.167017,39.397543],[-105.166879,39.397521],[-105.166836,39.397565],[-105.166795,39.397607],[-105.166698,39.397769],[-105.166655,39.397962],[-105.166687,39.398065],[-105.166861,39.39862],[-105.166876,39.398745],[-105.166928,39.399169],[-105.1669,39.399471],[-105.166996,39.39973],[-105.167799,39.400043],[-105.168158,39.400323],[-105.168973,39.401262],[-105.169345,39.40179],[-105.169469,39.402167],[-105.169448,39.402383],[-105.169411,39.402748],[-105.169272,39.402985],[-105.169209,39.403289],[-105.169187,39.403395],[-105.169294,39.403585],[-105.16938,39.40374],[-105.169684,39.404095],[-105.170002,39.404279],[-105.170196,39.404452],[-105.170375,39.404646],[-105.170436,39.404905],[-105.170594,39.405572],[-105.170732,39.405831],[-105.170758,39.40637],[-105.171048,39.406984],[-105.171074,39.407038],[-105.171078,39.407046],[-105.171085,39.407094],[-105.171115,39.407286],[-105.170948,39.40749],[-105.170794,39.407486],[-105.170741,39.407485],[-105.170656,39.407482],[-105.170551,39.407558],[-105.170407,39.407662],[-105.170313,39.408087],[-105.169913,39.40862],[-105.169531,39.408843],[-105.16948,39.408872],[-105.169376,39.408872],[-105.169159,39.408872],[-105.168943,39.408871],[-105.168377,39.408784],[-105.168153,39.40875],[-105.168132,39.408747],[-105.167759,39.408667],[-105.167505,39.408613],[-105.167201,39.408546],[-105.16702,39.408506],[-105.16696,39.408493],[-105.166742,39.408512],[-105.166684,39.408507],[-105.16667,39.40851],[-105.166275,39.408599],[-105.166131,39.40868],[-105.166085,39.408758],[-105.166012,39.408883],[-105.166008,39.408941],[-105.165996,39.409087],[-105.165762,39.409248],[-105.165116,39.409609],[-105.164948,39.409702],[-105.164902,39.409773],[-105.164246,39.410773],[-105.16423,39.410786],[-105.164049,39.41093],[-105.164042,39.410935],[-105.163282,39.411463],[-105.162794,39.411729],[-105.162762,39.411802],[-105.162723,39.41189],[-105.162582,39.412105],[-105.162485,39.412313],[-105.162277,39.41276],[-105.16223,39.412861],[-105.162207,39.412909],[-105.162202,39.412919],[-105.162157,39.413017],[-105.162094,39.41306],[-105.161946,39.413162],[-105.161711,39.413324],[-105.161459,39.413497],[-105.161345,39.413613],[-105.161249,39.41371],[-105.161128,39.413757],[-105.160829,39.41387],[-105.160693,39.413922],[-105.160205,39.414189],[-105.159857,39.414294],[-105.159815,39.414284],[-105.159373,39.414184],[-105.157921,39.41396],[-105.157715,39.413936],[-105.155983,39.413733],[-105.155421,39.413864],[-105.155401,39.413869],[-105.15508,39.413943],[-105.153868,39.414532],[-105.153267,39.414824],[-105.152776,39.415029],[-105.152244,39.41535],[-105.151897,39.415515],[-105.151678,39.415595],[-105.15152,39.415652],[-105.151336,39.415765],[-105.151282,39.415814],[-105.151105,39.415972],[-105.150965,39.416124],[-105.150911,39.416183],[-105.150889,39.416207],[-105.150726,39.416364],[-105.150545,39.416551],[-105.150495,39.416602],[-105.150487,39.41661],[-105.150079,39.41703],[-105.149491,39.417485],[-105.14942,39.417529],[-105.149179,39.417677],[-105.149123,39.417711],[-105.148782,39.417869],[-105.148411,39.417997],[-105.147765,39.418196],[-105.147561,39.418212],[-105.147236,39.41828],[-105.147164,39.418325],[-105.147047,39.418397],[-105.146853,39.418559],[-105.146682,39.418609],[-105.146624,39.418626],[-105.146598,39.418633],[-105.146565,39.418643],[-105.146549,39.418647],[-105.146256,39.418711],[-105.145865,39.418775],[-105.145559,39.418825],[-105.144914,39.419012],[-105.144854,39.419038],[-105.144517,39.419183],[-105.144152,39.419387],[-105.143547,39.419725],[-105.142998,39.420109],[-105.1428,39.420211],[-105.142282,39.420434],[-105.14218,39.42046],[-105.142014,39.420485],[-105.141583,39.420533],[-105.141434,39.420559],[-105.141311,39.420622],[-105.141259,39.420651],[-105.141197,39.420686],[-105.141152,39.420711],[-105.141016,39.420856],[-105.140935,39.420994],[-105.140899,39.421099],[-105.140894,39.421395],[-105.140861,39.421539],[-105.140804,39.421702],[-105.140773,39.42175],[-105.140662,39.42192],[-105.14062,39.421985],[-105.140596,39.422022],[-105.140485,39.422159],[-105.140345,39.422269],[-105.140137,39.422372],[-105.139828,39.422484],[-105.139606,39.422554],[-105.139305,39.422627],[-105.139043,39.422666],[-105.138521,39.422787],[-105.138149,39.422876],[-105.137972,39.422974],[-105.137814,39.42307],[-105.137697,39.423185],[-105.137594,39.423344],[-105.137526,39.423546],[-105.137486,39.423717],[-105.137343,39.424217],[-105.13717,39.424528],[-105.136791,39.425025],[-105.1367,39.425145],[-105.136588,39.425319],[-105.136461,39.425476],[-105.136288,39.425841],[-105.136151,39.426052],[-105.135817,39.426461],[-105.135678,39.426581],[-105.135534,39.426692],[-105.135448,39.426743],[-105.135369,39.426767],[-105.135281,39.426781],[-105.135187,39.426765],[-105.135067,39.426733],[-105.134274,39.426475],[-105.134092,39.426427],[-105.133946,39.4264],[-105.133876,39.426387],[-105.133462,39.426385],[-105.133279,39.42641],[-105.133111,39.426501],[-105.132961,39.42668],[-105.132896,39.426807],[-105.132859,39.426876],[-105.132768,39.427143],[-105.132649,39.427397],[-105.132577,39.427531],[-105.132484,39.427689],[-105.132384,39.427814],[-105.132207,39.428035],[-105.13209,39.428187],[-105.131993,39.428337],[-105.131825,39.428594],[-105.131545,39.428863],[-105.131278,39.429033],[-105.130948,39.429182],[-105.130811,39.429213],[-105.130684,39.429272],[-105.130473,39.429378],[-105.130347,39.429458],[-105.130096,39.429678],[-105.129932,39.429904],[-105.129807,39.430094],[-105.129523,39.43053],[-105.129429,39.430652],[-105.1293,39.430819],[-105.129155,39.431005],[-105.129052,39.43108],[-105.129039,39.431112],[-105.128136,39.431807],[-105.127307,39.432212],[-105.126435,39.432649],[-105.126245,39.432748],[-105.125945,39.432904],[-105.125888,39.432934],[-105.125696,39.433067],[-105.125505,39.433216],[-105.125261,39.433407],[-105.124948,39.433534],[-105.124415,39.433749],[-105.123945,39.433943],[-105.123803,39.434026],[-105.123668,39.434106],[-105.123611,39.43424],[-105.123587,39.434295],[-105.123531,39.434425],[-105.123666,39.434643],[-105.123847,39.43484],[-105.124469,39.435517],[-105.124846,39.435928],[-105.125,39.436263],[-105.125015,39.436336],[-105.125041,39.436457],[-105.125055,39.436527],[-105.125131,39.437034],[-105.125153,39.437157],[-105.125375,39.437844],[-105.125442,39.437984],[-105.125677,39.438468],[-105.125944,39.438905],[-105.126107,39.439168],[-105.126126,39.439465],[-105.126166,39.440087],[-105.126147,39.440143],[-105.126143,39.440155],[-105.126099,39.440279],[-105.126091,39.440303],[-105.126077,39.440343],[-105.126055,39.440408],[-105.125892,39.440878],[-105.125885,39.440898],[-105.125773,39.441308],[-105.12571,39.441512],[-105.125686,39.441588],[-105.125565,39.441733],[-105.125411,39.441916],[-105.12513,39.44213],[-105.124992,39.442347],[-105.124939,39.442506],[-105.12485,39.44277],[-105.124852,39.442871],[-105.124854,39.442987],[-105.124922,39.44326],[-105.124923,39.443624],[-105.124923,39.443736],[-105.12489,39.443809],[-105.124574,39.444499],[-105.124574,39.44473],[-105.124574,39.444777],[-105.124574,39.444822],[-105.124125,39.445696],[-105.124019,39.445901],[-105.123992,39.446347],[-105.123992,39.446359],[-105.123963,39.446767],[-105.123952,39.446925],[-105.124088,39.447297],[-105.124035,39.447401],[-105.123969,39.447528],[-105.123897,39.447554],[-105.123394,39.447734],[-105.12336,39.447787],[-105.123312,39.447864],[-105.123193,39.448054],[-105.123121,39.448108],[-105.123257,39.448483],[-105.123285,39.448512],[-105.12333,39.44856],[-105.123618,39.448866],[-105.123711,39.448965],[-105.123779,39.449038],[-105.123813,39.449074],[-105.123817,39.449088],[-105.123882,39.449344],[-105.123745,39.449561],[-105.12346,39.449729],[-105.123191,39.449939],[-105.123171,39.450045],[-105.123165,39.450078],[-105.123138,39.450226],[-105.12312,39.450316],[-105.12314,39.450466],[-105.123187,39.450827],[-105.123191,39.450856],[-105.123217,39.450923],[-105.123335,39.451226],[-105.123427,39.451463],[-105.123601,39.451908],[-105.123663,39.452062],[-105.123837,39.452493],[-105.123985,39.452857],[-105.124029,39.452966],[-105.124039,39.453176],[-105.12406,39.45361],[-105.124087,39.454096],[-105.12414,39.454269],[-105.124368,39.455022],[-105.124739,39.455653],[-105.124788,39.455721],[-105.125198,39.456293],[-105.125472,39.45647],[-105.126153,39.45688],[-105.12657,39.457131],[-105.126583,39.457154],[-105.126669,39.457297],[-105.126675,39.457455],[-105.126856,39.457682],[-105.126891,39.457731],[-105.127093,39.458004],[-105.127124,39.458061],[-105.127219,39.458235],[-105.127479,39.458552],[-105.127816,39.458675],[-105.128136,39.45873],[-105.128728,39.458892],[-105.129055,39.458981],[-105.129777,39.459216],[-105.129944,39.459298],[-105.130172,39.459444],[-105.130597,39.459717],[-105.130698,39.459771],[-105.131132,39.460002],[-105.131336,39.460111],[-105.131424,39.460158],[-105.131728,39.460387],[-105.13183,39.460492],[-105.132005,39.460672],[-105.132203,39.460965],[-105.132398,39.461221],[-105.132601,39.461632],[-105.132702,39.461849],[-105.132802,39.462232],[-105.132827,39.462501],[-105.132817,39.462676],[-105.132793,39.462774],[-105.13274,39.462979],[-105.132556,39.46345],[-105.132457,39.46365],[-105.132425,39.463931],[-105.132435,39.464121],[-105.132563,39.464582],[-105.132789,39.465077],[-105.132887,39.46558],[-105.132905,39.465784],[-105.132945,39.46624],[-105.132958,39.466433],[-105.13291,39.466661],[-105.132834,39.466794],[-105.132768,39.466911],[-105.132585,39.467169],[-105.132543,39.46729],[-105.132527,39.467457],[-105.132545,39.467602],[-105.132627,39.467806],[-105.1327,39.467932],[-105.132709,39.467948],[-105.132739,39.468],[-105.132788,39.468085],[-105.132862,39.468213],[-105.133236,39.468598],[-105.133336,39.468697],[-105.133899,39.469346],[-105.134352,39.469925],[-105.134759,39.470429],[-105.134807,39.470573],[-105.134824,39.470622],[-105.134865,39.470812],[-105.134826,39.470942],[-105.134771,39.471053],[-105.134615,39.471203],[-105.134435,39.471405],[-105.134033,39.471708],[-105.133401,39.472061],[-105.133043,39.472223],[-105.132673,39.472327],[-105.13214,39.472392],[-105.131572,39.472551],[-105.13127,39.472723],[-105.130904,39.472995],[-105.130455,39.473421],[-105.129828,39.474144],[-105.129065,39.475156],[-105.128956,39.475326],[-105.128766,39.475623],[-105.128638,39.475946],[-105.128522,39.476348],[-105.128501,39.476978],[-105.128408,39.477239],[-105.128214,39.477421],[-105.127969,39.477595],[-105.127578,39.477796],[-105.127122,39.477999],[-105.126863,39.478144],[-105.126779,39.478188],[-105.125837,39.478687],[-105.12548,39.478876],[-105.124905,39.479144],[-105.124587,39.479299],[-105.123793,39.479743],[-105.123394,39.480024],[-105.123182,39.480205],[-105.122791,39.480479],[-105.122363,39.480768],[-105.121556,39.481374],[-105.121534,39.48139],[-105.121245,39.481557],[-105.121054,39.481601],[-105.121024,39.481608],[-105.120823,39.481611],[-105.120669,39.481581],[-105.120536,39.481484],[-105.119834,39.480848],[-105.119571,39.480616],[-105.119418,39.480445],[-105.119221,39.480283],[-105.11913,39.480221],[-105.118991,39.480126],[-105.118969,39.480111],[-105.118854,39.480101],[-105.118562,39.480076],[-105.118364,39.480118],[-105.118032,39.480339],[-105.117645,39.480644],[-105.117458,39.480755],[-105.116807,39.480983],[-105.116001,39.481475],[-105.115679,39.481943],[-105.115522,39.482505],[-105.115587,39.482719],[-105.115663,39.482787],[-105.115894,39.482856],[-105.116257,39.482874],[-105.11661,39.482824],[-105.117315,39.482673],[-105.117678,39.482674],[-105.117799,39.482717],[-105.117898,39.482795],[-105.117974,39.482948],[-105.118005,39.483221],[-105.117892,39.483792],[-105.117935,39.484065],[-105.11795,39.484093],[-105.118066,39.484296],[-105.118064,39.484612],[-105.118008,39.484782],[-105.117875,39.485029],[-105.117598,39.485275],[-105.117178,39.485539],[-105.116883,39.485646],[-105.116839,39.485658],[-105.116604,39.485722],[-105.116274,39.485804],[-105.115832,39.485921],[-105.115766,39.485938],[-105.115749,39.485943],[-105.115589,39.485961],[-105.115578,39.485962],[-105.115565,39.485964],[-105.115506,39.485971],[-105.115382,39.485985],[-105.115085,39.485984],[-105.114908,39.485975],[-105.114645,39.485923],[-105.114425,39.485743],[-105.114339,39.485444],[-105.114341,39.48518],[-105.114188,39.484872],[-105.113926,39.484547],[-105.113312,39.484127],[-105.112312,39.483791],[-105.111641,39.48367],[-105.111025,39.483659],[-105.110558,39.483688],[-105.110386,39.483699],[-105.110043,39.483757],[-105.109712,39.483813],[-105.109543,39.483841],[-105.108521,39.484091],[-105.107249,39.484495],[-105.107065,39.484653],[-105.106889,39.484724],[-105.106655,39.484819],[-105.105987,39.4849],[-105.105892,39.484897],[-105.105514,39.484888],[-105.105301,39.484882],[-105.105223,39.48488],[-105.104685,39.484979],[-105.104163,39.484959],[-105.103974,39.484951],[-105.103905,39.484938],[-105.103468,39.48485],[-105.103254,39.484807],[-105.102684,39.484755],[-105.102656,39.484756],[-105.102253,39.48477],[-105.101909,39.484811],[-105.101749,39.484863],[-105.101607,39.48491],[-105.101251,39.485092],[-105.100959,39.485333],[-105.100792,39.485395],[-105.100581,39.485474],[-105.10031,39.485521],[-105.100204,39.485539],[-105.100091,39.485535],[-105.099644,39.48552],[-105.099207,39.485418],[-105.099139,39.485402],[-105.098991,39.485367],[-105.098849,39.485334],[-105.098461,39.485383],[-105.098129,39.485458],[-105.098063,39.485473],[-105.096864,39.486228],[-105.096428,39.486574],[-105.096236,39.486726],[-105.095578,39.487091],[-105.094518,39.487605],[-105.094031,39.487842],[-105.093876,39.487909],[-105.093669,39.487999],[-105.093375,39.488093],[-105.093338,39.488104],[-105.093784,39.488805],[-105.093928,39.489089],[-105.09401,39.489628],[-105.094032,39.49236],[-105.093439,39.493185],[-105.092898,39.494029],[-105.092877,39.494245],[-105.099335,39.501253],[-105.099815,39.502074],[-105.111194,39.518774],[-105.114767,39.5241],[-105.115492,39.525532],[-105.117138,39.528788],[-105.119518,39.533482],[-105.120209,39.534813],[-105.120251,39.536115],[-105.120884,39.536104],[-105.129343,39.535963],[-105.129344,39.530037],[-105.129344,39.528744],[-105.131138,39.52875],[-105.138708,39.528773],[-105.138717,39.523408],[-105.13872,39.52161],[-105.147698,39.521693],[-105.147884,39.528915],[-105.14797,39.532251],[-105.150707,39.532332],[-105.152637,39.53239],[-105.152664,39.53239],[-105.152644,39.533048],[-105.15255,39.536164],[-105.152705,39.536165],[-105.157243,39.536192],[-105.16423,39.53623],[-105.166529,39.536242],[-105.166543,39.536242],[-105.166623,39.539952],[-105.166659,39.541605],[-105.166709,39.543918],[-105.16671,39.543959],[-105.166712,39.544049],[-105.166716,39.544196],[-105.166783,39.547286],[-105.166867,39.551065],[-105.166911,39.555111],[-105.166918,39.555685],[-105.16693,39.556813],[-105.166942,39.557882],[-105.166943,39.557998],[-105.166946,39.558296],[-105.167038,39.558298],[-105.168403,39.558336],[-105.168706,39.558344],[-105.171759,39.558428],[-105.176037,39.558545],[-105.176169,39.558548],[-105.18043,39.558665],[-105.184814,39.558785],[-105.189777,39.558781],[-105.194459,39.558778],[-105.201855,39.558669],[-105.203671,39.558642],[-105.207005,39.558559],[-105.20833,39.558527],[-105.208984,39.55851],[-105.209109,39.558507],[-105.209249,39.558647],[-105.209451,39.55885],[-105.20946,39.55886],[-105.209557,39.558973],[-105.209622,39.559049],[-105.209686,39.559126],[-105.209745,39.559205],[-105.209804,39.559283],[-105.209863,39.559363],[-105.209917,39.559444],[-105.209971,39.559525],[-105.210064,39.55967],[-105.21012,39.559762],[-105.210132,39.559783],[-105.210138,39.559793],[-105.210144,39.559802],[-105.210151,39.559815],[-105.210159,39.559827],[-105.210168,39.559842],[-105.210177,39.559857],[-105.210184,39.559867],[-105.21019,39.559877],[-105.210198,39.559889],[-105.210207,39.559904],[-105.210216,39.559918],[-105.210226,39.559933],[-105.210231,39.559941],[-105.21024,39.559955],[-105.210246,39.559965],[-105.210253,39.559975],[-105.210264,39.559992],[-105.210269,39.56],[-105.210279,39.560014],[-105.210289,39.560029],[-105.210294,39.560036],[-105.210305,39.560053],[-105.210314,39.560065],[-105.210322,39.560077],[-105.210332,39.560091],[-105.210339,39.560101],[-105.210347,39.560113],[-105.210359,39.56013],[-105.210367,39.560142],[-105.210374,39.560152],[-105.210386,39.560169],[-105.210393,39.560179],[-105.210401,39.560191],[-105.210416,39.560212],[-105.210425,39.560224],[-105.21043,39.560232],[-105.210438,39.560244],[-105.210447,39.560255],[-105.210893,39.560879],[-105.211023,39.561123],[-105.211132,39.561418],[-105.211243,39.561937],[-105.211314,39.562186],[-105.211421,39.562447],[-105.211597,39.562813],[-105.211778,39.563176],[-105.211924,39.563552],[-105.212009,39.563827],[-105.212123,39.564104],[-105.212214,39.564274],[-105.212482,39.564726],[-105.212647,39.564981],[-105.212785,39.565281],[-105.212875,39.565641],[-105.212923,39.565747],[-105.213002,39.565923],[-105.213058,39.566006],[-105.213152,39.56611],[-105.213434,39.566448],[-105.21362,39.566697],[-105.213687,39.566787],[-105.213696,39.566798],[-105.213877,39.567019],[-105.213865,39.567025],[-105.21379,39.567066],[-105.21417,39.56749],[-105.214384,39.567758],[-105.214452,39.567909],[-105.21472,39.56885],[-105.214763,39.568969],[-105.214844,39.569115],[-105.214851,39.569126],[-105.215226,39.569685],[-105.215437,39.56998],[-105.215831,39.570483],[-105.215976,39.570686],[-105.216041,39.570855],[-105.216138,39.571222],[-105.216224,39.571518],[-105.216574,39.572429],[-105.216625,39.57256],[-105.216764,39.572669],[-105.216884,39.572745],[-105.216918,39.57276],[-105.217058,39.572822],[-105.217186,39.572848],[-105.217268,39.57281],[-105.217427,39.572735],[-105.217438,39.57256],[-105.217449,39.572393],[-105.217464,39.572205],[-105.217481,39.571935],[-105.217474,39.571443],[-105.217488,39.571276],[-105.217555,39.571078],[-105.217654,39.570916],[-105.21776,39.57082],[-105.218451,39.570385],[-105.218852,39.570054],[-105.218925,39.569995],[-105.218972,39.569958],[-105.219157,39.569755],[-105.220258,39.568795],[-105.220309,39.568751],[-105.220523,39.568566],[-105.220661,39.568446],[-105.220808,39.568296],[-105.220835,39.568269],[-105.221033,39.568066],[-105.22108,39.567993],[-105.2213,39.567656],[-105.221385,39.567475],[-105.221423,39.567392],[-105.221549,39.567123],[-105.22163,39.566839],[-105.221697,39.566604],[-105.221683,39.566143],[-105.222417,39.566143],[-105.223513,39.566143],[-105.223823,39.566143],[-105.224995,39.566144],[-105.227323,39.566145],[-105.228823,39.566146],[-105.231232,39.566147],[-105.234736,39.566147],[-105.23587,39.566147],[-105.235919,39.566132],[-105.236072,39.566086],[-105.236525,39.565952],[-105.23661,39.565923],[-105.236721,39.565885],[-105.236867,39.56613],[-105.236876,39.566146],[-105.236941,39.566225],[-105.236982,39.566259],[-105.237028,39.566287],[-105.237204,39.566358],[-105.238118,39.566703],[-105.238559,39.566788],[-105.238583,39.566792],[-105.238824,39.566839],[-105.238787,39.567096],[-105.238758,39.567299],[-105.238755,39.567745],[-105.238775,39.567938],[-105.238823,39.568194],[-105.238893,39.568446],[-105.238964,39.568644],[-105.239215,39.569318],[-105.239594,39.57032],[-105.23988,39.571055],[-105.240511,39.572563],[-105.240613,39.572933],[-105.240637,39.573301],[-105.240596,39.573672],[-105.240527,39.573958],[-105.240411,39.574282],[-105.240217,39.574636],[-105.239714,39.575307],[-105.23935,39.575703],[-105.239178,39.575867],[-105.238355,39.576646],[-105.237308,39.577281],[-105.2357,39.578229],[-105.235053,39.578679],[-105.234328,39.579157],[-105.233632,39.579616],[-105.232191,39.580569],[-105.23174,39.580959],[-105.230823,39.58159],[-105.230379,39.58191],[-105.227308,39.583682],[-105.224738,39.585074],[-105.222754,39.586145],[-105.222347,39.586412],[-105.22192,39.586847],[-105.221672,39.587101],[-105.221479,39.587449],[-105.221334,39.587781],[-105.221284,39.587984],[-105.221264,39.588453],[-105.22145,39.589113],[-105.221447,39.589389],[-105.221519,39.589752],[-105.221737,39.590205],[-105.221956,39.590487],[-105.222356,39.590962],[-105.222647,39.591791],[-105.222901,39.592516],[-105.222901,39.592532],[-105.222936,39.593313],[-105.223467,39.594974],[-105.22373,39.595257],[-105.225601,39.597449],[-105.227629,39.599846],[-105.228114,39.600574],[-105.228549,39.601],[-105.22876,39.601275],[-105.228918,39.601544],[-105.229034,39.60185],[-105.229117,39.602167],[-105.229517,39.602862],[-105.22965,39.603093],[-105.229831,39.604098],[-105.229948,39.605031],[-105.230036,39.605702],[-105.230676,39.60687],[-105.231135,39.607254],[-105.2315,39.607605],[-105.23193,39.608093],[-105.232355,39.608575],[-105.232389,39.608974],[-105.232408,39.609315],[-105.234286,39.608997],[-105.235418,39.609066],[-105.235592,39.609362],[-105.236782,39.609436],[-105.237887,39.609504],[-105.237885,39.609438],[-105.237878,39.609216],[-105.239366,39.609306],[-105.239685,39.609326],[-105.241746,39.60943],[-105.249148,39.609469],[-105.25072,39.609477],[-105.251331,39.60948],[-105.251015,39.605759],[-105.251012,39.605726],[-105.253621,39.60563],[-105.254583,39.605117],[-105.25608,39.604354],[-105.257661,39.603923],[-105.258602,39.605195],[-105.259582,39.605608],[-105.259799,39.605625],[-105.263936,39.605636],[-105.264635,39.605643],[-105.26467,39.604401],[-105.264729,39.602309],[-105.265395,39.602311]]]}},{"type":"Feature","properties":{"name":"Dakota Ridge"},"geometry":{"type":"MultiPolygon","coordinates":[[[[-105.109965,39.609734],[-105.109965,39.609705],[-105.110128,39.59766],[-105.108985,39.597643],[-105.108873,39.597638],[-105.108762,39.597627],[-105.108653,39.597608],[-105.108545,39.597583],[-105.108441,39.597551],[-105.10834,39.597513],[-105.108244,39.597469],[-105.108152,39.597418],[-105.108066,39.597363],[-105.107985,39.597302],[-105.107912,39.597237],[-105.107845,39.597167],[-105.107786,39.597093],[-105.107734,39.597016],[-105.10769,39.596936],[-105.107655,39.596854],[-105.107221,39.595968],[-105.107158,39.595885],[-105.107088,39.595805],[-105.107011,39.595729],[-105.106928,39.595657],[-105.106839,39.595589],[-105.106744,39.595526],[-105.106644,39.595469],[-105.10654,39.595416],[-105.106431,39.595369],[-105.106318,39.595328],[-105.106202,39.595292],[-105.106086,39.595263],[-105.105969,39.595241],[-105.105849,39.595224],[-105.105729,39.595213],[-105.105607,39.595209],[-105.105486,39.59521],[-105.105452,39.595211],[-105.104284,39.595212],[-105.103128,39.595213],[-105.1022,39.595212],[-105.100991,39.595211],[-105.100882,39.595211],[-105.100776,39.595211],[-105.091384,39.595202],[-105.09138,39.595222],[-105.091365,39.599909],[-105.091357,39.602477],[-105.091356,39.602863],[-105.09135,39.604714],[-105.091347,39.605626],[-105.091344,39.606473],[-105.091334,39.609491],[-105.091334,39.609691],[-105.091334,39.609704],[-105.091334,39.609732],[-105.09137,39.609732],[-105.109965,39.609734]]],[[[-105.091334,39.609732],[-105.090969,39.609733],[-105.083094,39.609763],[-105.081944,39.609767],[-105.075776,39.609789],[-105.072557,39.609801],[-105.072532,39.609801],[-105.05697,39.609822],[-105.054797,39.609794],[-105.054126,39.609764],[-105.054029,39.609757],[-105.053627,39.609728],[-105.053626,39.609757],[-105.053625,39.60986],[-105.053618,39.610706],[-105.053589,39.613948],[-105.053589,39.613976],[-105.053587,39.614219],[-105.053572,39.615856],[-105.053572,39.615902],[-105.053562,39.616946],[-105.053562,39.61697],[-105.053559,39.61722],[-105.053555,39.617588],[-105.053553,39.617767],[-105.053519,39.620974],[-105.053518,39.621117],[-105.053781,39.62111],[-105.054225,39.621097],[-105.055145,39.62132],[-105.056082,39.621397],[-105.056994,39.621072],[-105.057031,39.620972],[-105.057139,39.620678],[-105.056922,39.620532],[-105.056252,39.620082],[-105.056356,39.619997],[-105.056364,39.61999],[-105.056436,39.61993],[-105.056628,39.61977],[-105.056796,39.619631],[-105.056811,39.619617],[-105.056899,39.619544],[-105.057003,39.619365],[-105.057057,39.619315],[-105.057118,39.619205],[-105.058009,39.61761],[-105.058081,39.617482],[-105.058085,39.617277],[-105.058091,39.617047],[-105.058089,39.614887],[-105.058088,39.614368],[-105.058153,39.614371],[-105.059078,39.614418],[-105.059176,39.614417],[-105.060699,39.614396],[-105.061526,39.614385],[-105.062634,39.614391],[-105.063054,39.614393],[-105.063697,39.614396],[-105.063884,39.614397],[-105.064182,39.614397],[-105.064526,39.614398],[-105.066148,39.614387],[-105.067541,39.614382],[-105.067714,39.614381],[-105.068002,39.614396],[-105.068072,39.614397],[-105.069155,39.614391],[-105.069315,39.614391],[-105.069921,39.614388],[-105.072034,39.61438],[-105.072474,39.614379],[-105.072526,39.614379],[-105.072836,39.61438],[-105.076548,39.614383],[-105.07848,39.614385],[-105.080497,39.614368],[-105.081894,39.614356],[-105.082754,39.614381],[-105.08425,39.614375],[-105.08528,39.614371],[-105.089655,39.614361],[-105.090386,39.614377],[-105.090583,39.614379],[-105.090871,39.614381],[-105.090956,39.614383],[-105.091257,39.614388],[-105.091286,39.614391],[-105.091334,39.609732]]],[[[-105.109965,39.609734],[-105.109984,39.622518],[-105.109986,39.624202],[-105.110341,39.624202],[-105.111012,39.624202],[-105.111721,39.624203],[-105.112657,39.624203],[-105.113432,39.624204],[-105.114261,39.624204],[-105.114632,39.624205],[-105.114773,39.624205],[-105.115946,39.624206],[-105.116999,39.624206],[-105.119001,39.624208],[-105.11935,39.624208],[-105.120648,39.624207],[-105.122499,39.624206],[-105.123915,39.624205],[-105.124034,39.624205],[-105.125,39.624205],[-105.126267,39.624205],[-105.128662,39.624203],[-105.128708,39.624203],[-105.129582,39.6242],[-105.130283,39.624198],[-105.130323,39.624198],[-105.131535,39.624194],[-105.132408,39.624191],[-105.13454,39.624184],[-105.135582,39.624181],[-105.136617,39.624177],[-105.136769,39.624177],[-105.137682,39.624174],[-105.138159,39.624172],[-105.139753,39.624167],[-105.140632,39.624164],[-105.141201,39.624162],[-105.142877,39.624157],[-105.146262,39.624146],[-105.147496,39.624144],[-105.147606,39.624144],[-105.147666,39.624144],[-105.150219,39.624139],[-105.1516,39.624136],[-105.151782,39.624136],[-105.1531,39.624133],[-105.153117,39.624133],[-105.153182,39.624133],[-105.153315,39.624133],[-105.151718,39.622253],[-105.151566,39.622086],[-105.151421,39.621915],[-105.151282,39.621741],[-105.151149,39.621564],[-105.151023,39.621385],[-105.150904,39.621202],[-105.150791,39.621017],[-105.150686,39.62083],[-105.150587,39.620641],[-105.150469,39.620393],[-105.15036,39.620144],[-105.150259,39.619892],[-105.150166,39.619639],[-105.150082,39.619383],[-105.150006,39.619127],[-105.149939,39.618868],[-105.14988,39.618609],[-105.14983,39.618348],[-105.149788,39.618087],[-105.149755,39.617825],[-105.149731,39.617562],[-105.149715,39.617299],[-105.149708,39.617035],[-105.149709,39.616772],[-105.149719,39.616509],[-105.149738,39.616246],[-105.149766,39.615983],[-105.149802,39.615721],[-105.149846,39.61546],[-105.1499,39.6152],[-105.149961,39.614941],[-105.150032,39.614683],[-105.150111,39.614427],[-105.150198,39.614172],[-105.150293,39.613919],[-105.152318,39.609634],[-105.153274,39.607523],[-105.153369,39.607259],[-105.153455,39.606994],[-105.153532,39.606727],[-105.153601,39.606458],[-105.15366,39.606188],[-105.153711,39.605917],[-105.153752,39.605645],[-105.153785,39.605372],[-105.153808,39.605099],[-105.153822,39.604825],[-105.153828,39.604551],[-105.153824,39.604278],[-105.153811,39.604004],[-105.153789,39.603731],[-105.153758,39.603458],[-105.153717,39.603186],[-105.153668,39.602914],[-105.15361,39.602644],[-105.153543,39.602375],[-105.153472,39.602109],[-105.153393,39.601843],[-105.153306,39.601579],[-105.153212,39.601317],[-105.15311,39.601056],[-105.153001,39.600797],[-105.152885,39.60054],[-105.152761,39.600285],[-105.152629,39.600032],[-105.152491,39.599782],[-105.152345,39.599534],[-105.150454,39.59677],[-105.149029,39.5941],[-105.147846,39.591542],[-105.147263,39.590278],[-105.146904,39.589501],[-105.146511,39.58865],[-105.146225,39.588032],[-105.138263,39.58798],[-105.13476,39.587958],[-105.128942,39.587981],[-105.128798,39.587982],[-105.128739,39.58806],[-105.128672,39.588134],[-105.128599,39.588205],[-105.128519,39.588271],[-105.128434,39.588333],[-105.128342,39.58839],[-105.128246,39.588441],[-105.125746,39.589908],[-105.125652,39.590022],[-105.125565,39.590139],[-105.125486,39.59026],[-105.125416,39.590384],[-105.125353,39.590511],[-105.1253,39.59064],[-105.125255,39.590771],[-105.12522,39.590903],[-105.125193,39.591037],[-105.125175,39.591172],[-105.125167,39.591296],[-105.125166,39.59142],[-105.125173,39.591544],[-105.125188,39.591668],[-105.12521,39.591791],[-105.12524,39.591913],[-105.125277,39.592034],[-105.125322,39.592153],[-105.123558,39.592318],[-105.122586,39.592557],[-105.12125,39.59371],[-105.119529,39.594233],[-105.117715,39.594192],[-105.114831,39.593947],[-105.114832,39.595207],[-105.114832,39.595229],[-105.114832,39.595344],[-105.114822,39.596949],[-105.114816,39.597925],[-105.114804,39.599718],[-105.116314,39.599723],[-105.116791,39.599725],[-105.119483,39.599734],[-105.119473,39.600579],[-105.119451,39.602453],[-105.11944,39.603432],[-105.11944,39.603508],[-105.119436,39.60384],[-105.119434,39.604057],[-105.119432,39.604161],[-105.119433,39.605629],[-105.119433,39.606145],[-105.119435,39.609703],[-105.119435,39.609716],[-105.109965,39.609734]]],[[[-105.055232,39.624242],[-105.053939,39.62425],[-105.053495,39.624252],[-105.053484,39.624252],[-105.053482,39.624383],[-105.053475,39.624949],[-105.053458,39.626301],[-105.053454,39.626575],[-105.053439,39.627754],[-105.055818,39.625992],[-105.05583,39.624238],[-105.055232,39.624242]]],[[[-105.080558,39.630399],[-105.080597,39.630505],[-105.080701,39.630779],[-105.080834,39.631117],[-105.080908,39.631305],[-105.080978,39.631308],[-105.080993,39.631308],[-105.081429,39.631322],[-105.08151,39.631325],[-105.081637,39.631329],[-105.081776,39.631333],[-105.083545,39.631324],[-105.083697,39.631324],[-105.083703,39.630241],[-105.08353,39.63024],[-105.083094,39.630238],[-105.082551,39.630237],[-105.08185,39.630234],[-105.081796,39.630234],[-105.081797,39.630224],[-105.081797,39.63015],[-105.081815,39.628453],[-105.081818,39.628225],[-105.081824,39.627624],[-105.081824,39.627568],[-105.081827,39.627316],[-105.083667,39.62732],[-105.083806,39.627321],[-105.083805,39.627379],[-105.083799,39.627581],[-105.083774,39.628529],[-105.083855,39.62853],[-105.085496,39.628534],[-105.085574,39.628534],[-105.085575,39.628501],[-105.08558,39.628155],[-105.085585,39.627784],[-105.085588,39.627521],[-105.085596,39.626882],[-105.085603,39.626465],[-105.085605,39.626261],[-105.085607,39.626081],[-105.087028,39.62605],[-105.087112,39.626049],[-105.087377,39.626043],[-105.087376,39.626052],[-105.087375,39.626463],[-105.087373,39.627087],[-105.087661,39.627087],[-105.088365,39.627088],[-105.089589,39.62709],[-105.089996,39.627091],[-105.090363,39.627091],[-105.090485,39.626908],[-105.091164,39.6269],[-105.091173,39.625873],[-105.091176,39.625412],[-105.091178,39.625158],[-105.091186,39.624201],[-105.091186,39.624151],[-105.091201,39.622709],[-105.091201,39.622692],[-105.091213,39.621511],[-105.091214,39.621424],[-105.091227,39.620165],[-105.091229,39.620005],[-105.091244,39.618522],[-105.091244,39.618467],[-105.090364,39.618481],[-105.089863,39.618489],[-105.08745,39.618486],[-105.086671,39.618485],[-105.086133,39.618484],[-105.086026,39.618484],[-105.085609,39.618484],[-105.084674,39.618482],[-105.084563,39.618482],[-105.081846,39.618478],[-105.081594,39.618478],[-105.080094,39.618477],[-105.079941,39.618477],[-105.079811,39.618477],[-105.078847,39.618477],[-105.078799,39.618477],[-105.078564,39.618476],[-105.077646,39.618476],[-105.077157,39.618476],[-105.075828,39.618475],[-105.075521,39.618475],[-105.075296,39.618474],[-105.074536,39.618474],[-105.074328,39.618474],[-105.073833,39.618475],[-105.073663,39.618473],[-105.072844,39.618466],[-105.072488,39.618463],[-105.072275,39.61847],[-105.071134,39.618505],[-105.069235,39.618505],[-105.06804,39.618505],[-105.06776,39.618505],[-105.067118,39.618507],[-105.066327,39.618509],[-105.066283,39.618509],[-105.06569,39.61851],[-105.065165,39.61851],[-105.06508,39.61851],[-105.06508,39.619037],[-105.065079,39.619624],[-105.065079,39.619826],[-105.065041,39.619829],[-105.064909,39.619839],[-105.065025,39.619919],[-105.065323,39.620128],[-105.065602,39.620322],[-105.066404,39.620769],[-105.06833,39.621404],[-105.070105,39.621989],[-105.071113,39.622297],[-105.072432,39.6227],[-105.073559,39.623073],[-105.074706,39.623614],[-105.075473,39.623977],[-105.075818,39.62414],[-105.076,39.624225],[-105.074917,39.624227],[-105.075398,39.624486],[-105.076278,39.624962],[-105.077058,39.625997],[-105.077218,39.626189],[-105.077404,39.626392],[-105.079177,39.628325],[-105.080181,39.629419],[-105.080344,39.629838],[-105.080445,39.630094],[-105.080558,39.630399]]],[[[-105.100498,39.638721],[-105.100648,39.63872],[-105.102699,39.638715],[-105.103719,39.638712],[-105.104989,39.638708],[-105.106991,39.638702],[-105.108168,39.638699],[-105.109166,39.638696],[-105.109846,39.638694],[-105.10989,39.638697],[-105.109891,39.638639],[-105.109892,39.638434],[-105.109897,39.637654],[-105.10991,39.635648],[-105.10991,39.635633],[-105.109914,39.635174],[-105.109914,39.635098],[-105.109914,39.635054],[-105.109875,39.635056],[-105.109558,39.635071],[-105.107977,39.635074],[-105.104968,39.63508],[-105.10495,39.63508],[-105.10266,39.635084],[-105.100774,39.635087],[-105.100641,39.635088],[-105.100542,39.635086],[-105.100529,39.635086],[-105.100423,39.635086],[-105.10024,39.635085],[-105.099553,39.635085],[-105.099288,39.635084],[-105.099002,39.635084],[-105.099002,39.635151],[-105.099002,39.63537],[-105.099003,39.635568],[-105.099039,39.635762],[-105.099039,39.635955],[-105.099004,39.63628],[-105.099094,39.636261],[-105.09914,39.636251],[-105.099281,39.636262],[-105.099446,39.636403],[-105.099694,39.636532],[-105.099901,39.636639],[-105.100169,39.636833],[-105.100396,39.637079],[-105.100427,39.637088],[-105.100454,39.637163],[-105.10046,39.63718],[-105.100498,39.637257],[-105.100497,39.637349],[-105.100491,39.637735],[-105.100493,39.638315],[-105.100498,39.638721]]],[[[-105.053417,39.629498],[-105.053417,39.629507],[-105.053405,39.630488],[-105.053392,39.631514],[-105.053392,39.631586],[-105.053389,39.631947],[-105.053383,39.632817],[-105.053379,39.633444],[-105.05337,39.634736],[-105.053369,39.634887],[-105.053369,39.63497],[-105.053368,39.63505],[-105.053366,39.63537],[-105.053364,39.635657],[-105.053357,39.636711],[-105.053351,39.637582],[-105.053343,39.638771],[-105.053458,39.638771],[-105.054632,39.638769],[-105.057391,39.638763],[-105.058815,39.638761],[-105.059116,39.63876],[-105.059204,39.638275],[-105.059838,39.634771],[-105.059591,39.634431],[-105.059375,39.634134],[-105.058869,39.633544],[-105.058528,39.633146],[-105.057219,39.631663],[-105.057115,39.631564],[-105.056988,39.631471],[-105.053442,39.629342],[-105.053419,39.629329],[-105.053417,39.629498]]]]}},{"type":"Feature","properties":{"name":"Evergreen"},"geometry":{"type":"Polygon","coordinates":[[[-105.392745,39.732687],[-105.397737,39.732738],[-105.397837,39.732739],[-105.397845,39.732305],[-105.397865,39.73125],[-105.397867,39.731156],[-105.39787,39.731],[-105.397884,39.730237],[-105.397886,39.72993],[-105.397898,39.727692],[-105.397917,39.724476],[-105.397919,39.72409],[-105.397927,39.722623],[-105.397932,39.721718],[-105.397941,39.72009],[-105.397948,39.718936],[-105.397953,39.717968],[-105.397957,39.717267],[-105.397959,39.716907],[-105.39796,39.716655],[-105.397969,39.715031],[-105.397973,39.714268],[-105.397978,39.713417],[-105.397979,39.713236],[-105.397983,39.71258],[-105.397989,39.711544],[-105.397992,39.710991],[-105.397993,39.710808],[-105.397998,39.709934],[-105.398007,39.708365],[-105.398009,39.707483],[-105.398011,39.706477],[-105.398012,39.706039],[-105.398015,39.704787],[-105.398015,39.70472],[-105.398018,39.703746],[-105.39802,39.702851],[-105.398024,39.700993],[-105.398025,39.700875],[-105.398025,39.700538],[-105.398033,39.697574],[-105.398036,39.696298],[-105.398037,39.695714],[-105.398041,39.694309],[-105.398042,39.69378],[-105.398043,39.693369],[-105.398044,39.69331],[-105.39805,39.690714],[-105.398055,39.688685],[-105.398056,39.688055],[-105.398059,39.686838],[-105.398058,39.68674],[-105.398054,39.686092],[-105.398053,39.685905],[-105.398033,39.682922],[-105.39801,39.679504],[-105.398001,39.678041],[-105.397996,39.677271],[-105.397986,39.675808],[-105.397972,39.673692],[-105.397963,39.672351],[-105.397962,39.672186],[-105.397954,39.670903],[-105.39795,39.670254],[-105.39793,39.667167],[-105.397917,39.665256],[-105.397887,39.660593],[-105.39787,39.658088],[-105.397845,39.654182],[-105.397824,39.650917],[-105.397826,39.650562],[-105.398262,39.568197],[-105.398273,39.566081],[-105.398278,39.565109],[-105.398299,39.561159],[-105.398296,39.560208],[-105.398289,39.557987],[-105.398288,39.557428],[-105.398285,39.556862],[-105.398289,39.553716],[-105.398298,39.549094],[-105.398237,39.549096],[-105.395159,39.549167],[-105.390448,39.549312],[-105.385757,39.549651],[-105.385591,39.549663],[-105.381129,39.550016],[-105.381129,39.550025],[-105.38034,39.557217],[-105.379758,39.565078],[-105.379688,39.566013],[-105.378304,39.566021],[-105.377961,39.566022],[-105.370437,39.56606],[-105.365832,39.566056],[-105.365611,39.566055],[-105.361153,39.566051],[-105.353713,39.56605],[-105.351962,39.56605],[-105.351875,39.569555],[-105.35182,39.571789],[-105.351783,39.573256],[-105.351638,39.576749],[-105.351561,39.57859],[-105.351488,39.580389],[-105.351461,39.583931],[-105.346806,39.583968],[-105.345229,39.58398],[-105.343371,39.583995],[-105.339952,39.584021],[-105.339897,39.584021],[-105.339888,39.584076],[-105.339862,39.594771],[-105.339855,39.597432],[-105.339853,39.59832],[-105.33737,39.598324],[-105.332994,39.598332],[-105.333097,39.601985],[-105.333092,39.605554],[-105.333091,39.606545],[-105.333086,39.608943],[-105.333086,39.609136],[-105.328482,39.609171],[-105.324407,39.6092],[-105.324123,39.609203],[-105.320223,39.609204],[-105.320057,39.609204],[-105.318818,39.609204],[-105.318204,39.609204],[-105.314905,39.609205],[-105.314871,39.609205],[-105.31487,39.6071],[-105.31487,39.607017],[-105.314867,39.601957],[-105.314845,39.600613],[-105.315808,39.600478],[-105.315984,39.600582],[-105.316129,39.600467],[-105.316571,39.600399],[-105.316735,39.600374],[-105.316714,39.600242],[-105.316667,39.599941],[-105.316656,39.599877],[-105.316367,39.599796],[-105.315994,39.599618],[-105.315818,39.599534],[-105.315224,39.599195],[-105.315117,39.599139],[-105.315009,39.599118],[-105.314984,39.599116],[-105.314822,39.599107],[-105.314819,39.598899],[-105.31481,39.598344],[-105.312961,39.598352],[-105.310628,39.598362],[-105.310029,39.598365],[-105.309769,39.598366],[-105.308423,39.598372],[-105.308345,39.598372],[-105.30798,39.598374],[-105.307094,39.598378],[-105.306221,39.598382],[-105.305245,39.598386],[-105.305229,39.597628],[-105.305216,39.597045],[-105.305109,39.597046],[-105.305113,39.596846],[-105.305076,39.596823],[-105.305114,39.596787],[-105.305121,39.596341],[-105.305121,39.596326],[-105.305122,39.596274],[-105.305129,39.595714],[-105.305143,39.594717],[-105.295942,39.594757],[-105.295954,39.598849],[-105.295955,39.599276],[-105.295955,39.59941],[-105.295958,39.600312],[-105.295961,39.601228],[-105.295963,39.603355],[-105.295961,39.607283],[-105.295961,39.609235],[-105.293796,39.60926],[-105.29142,39.609288],[-105.286881,39.60934],[-105.278108,39.609637],[-105.278107,39.609415],[-105.278079,39.602337],[-105.277887,39.602336],[-105.271704,39.602324],[-105.265619,39.602311],[-105.265395,39.602311],[-105.264729,39.602309],[-105.26467,39.604401],[-105.264635,39.605643],[-105.263936,39.605636],[-105.259799,39.605625],[-105.259582,39.605608],[-105.258602,39.605195],[-105.257661,39.603923],[-105.25608,39.604354],[-105.254583,39.605117],[-105.253621,39.60563],[-105.251012,39.605726],[-105.251015,39.605759],[-105.251331,39.60948],[-105.25072,39.609477],[-105.249148,39.609469],[-105.241746,39.60943],[-105.239685,39.609326],[-105.239366,39.609306],[-105.237878,39.609216],[-105.237885,39.609438],[-105.237887,39.609504],[-105.236782,39.609436],[-105.235592,39.609362],[-105.235418,39.609066],[-105.234286,39.608997],[-105.232408,39.609315],[-105.232389,39.608974],[-105.232355,39.608575],[-105.23193,39.608093],[-105.2315,39.607605],[-105.231135,39.607254],[-105.230676,39.60687],[-105.230036,39.605702],[-105.229948,39.605031],[-105.229831,39.604098],[-105.22965,39.603093],[-105.229517,39.602862],[-105.229117,39.602167],[-105.229034,39.60185],[-105.228918,39.601544],[-105.22876,39.601275],[-105.228549,39.601],[-105.228114,39.600574],[-105.227629,39.599846],[-105.225601,39.597449],[-105.22373,39.595257],[-105.223467,39.594974],[-105.222936,39.593313],[-105.222901,39.592532],[-105.222901,39.592516],[-105.222647,39.591791],[-105.222356,39.590962],[-105.221956,39.590487],[-105.221737,39.590205],[-105.221519,39.589752],[-105.221447,39.589389],[-105.22145,39.589113],[-105.221264,39.588453],[-105.221284,39.587984],[-105.221334,39.587781],[-105.221479,39.587449],[-105.221672,39.587101],[-105.22192,39.586847],[-105.222347,39.586412],[-105.222754,39.586145],[-105.224738,39.585074],[-105.227308,39.583682],[-105.230379,39.58191],[-105.230823,39.58159],[-105.23174,39.580959],[-105.232191,39.580569],[-105.233632,39.579616],[-105.234328,39.579157],[-105.235053,39.578679],[-105.2357,39.578229],[-105.237308,39.577281],[-105.238355,39.576646],[-105.239178,39.575867],[-105.23935,39.575703],[-105.239714,39.575307],[-105.240217,39.574636],[-105.240411,39.574282],[-105.240527,39.573958],[-105.240596,39.573672],[-105.240637,39.573301],[-105.240613,39.572933],[-105.240511,39.572563],[-105.23988,39.571055],[-105.239594,39.57032],[-105.239215,39.569318],[-105.238964,39.568644],[-105.238893,39.568446],[-105.238823,39.568194],[-105.238775,39.567938],[-105.238755,39.567745],[-105.238758,39.567299],[-105.238787,39.567096],[-105.238824,39.566839],[-105.238583,39.566792],[-105.238559,39.566788],[-105.238118,39.566703],[-105.237204,39.566358],[-105.237028,39.566287],[-105.236982,39.566259],[-105.236941,39.566225],[-105.236876,39.566146],[-105.236867,39.56613],[-105.236721,39.565885],[-105.23661,39.565923],[-105.236525,39.565952],[-105.236072,39.566086],[-105.235919,39.566132],[-105.23587,39.566147],[-105.234736,39.566147],[-105.231232,39.566147],[-105.228823,39.566146],[-105.227323,39.566145],[-105.224995,39.566144],[-105.223823,39.566143],[-105.223513,39.566143],[-105.222417,39.566143],[-105.221683,39.566143],[-105.221697,39.566604],[-105.22163,39.566839],[-105.221549,39.567123],[-105.221423,39.567392],[-105.221385,39.567475],[-105.2213,39.567656],[-105.22108,39.567993],[-105.221033,39.568066],[-105.220835,39.568269],[-105.220808,39.568296],[-105.220661,39.568446],[-105.220523,39.568566],[-105.220309,39.568751],[-105.220258,39.568795],[-105.219157,39.569755],[-105.218972,39.569958],[-105.218925,39.569995],[-105.218852,39.570054],[-105.218451,39.570385],[-105.21776,39.57082],[-105.217654,39.570916],[-105.217555,39.571078],[-105.217488,39.571276],[-105.217474,39.571443],[-105.217481,39.571935],[-105.217464,39.572205],[-105.217449,39.572393],[-105.217438,39.57256],[-105.217427,39.572735],[-105.217268,39.57281],[-105.217186,39.572848],[-105.217058,39.572822],[-105.216918,39.57276],[-105.216884,39.572745],[-105.216764,39.572669],[-105.216625,39.57256],[-105.216574,39.572429],[-105.216224,39.571518],[-105.216138,39.571222],[-105.216041,39.570855],[-105.215976,39.570686],[-105.215831,39.570483],[-105.215437,39.56998],[-105.215226,39.569685],[-105.214851,39.569126],[-105.214844,39.569115],[-105.214763,39.568969],[-105.21472,39.56885],[-105.214452,39.567909],[-105.214384,39.567758],[-105.21417,39.56749],[-105.21379,39.567066],[-105.213865,39.567025],[-105.213877,39.567019],[-105.213696,39.566798],[-105.213687,39.566787],[-105.21362,39.566697],[-105.213434,39.566448],[-105.213152,39.56611],[-105.213058,39.566006],[-105.213002,39.565923],[-105.212923,39.565747],[-105.212875,39.565641],[-105.212785,39.565281],[-105.212647,39.564981],[-105.212482,39.564726],[-105.212214,39.564274],[-105.212123,39.564104],[-105.212009,39.563827],[-105.211924,39.563552],[-105.211778,39.563176],[-105.211597,39.562813],[-105.211421,39.562447],[-105.211314,39.562186],[-105.211243,39.561937],[-105.211132,39.561418],[-105.211023,39.561123],[-105.210893,39.560879],[-105.210447,39.560255],[-105.210438,39.560244],[-105.21043,39.560232],[-105.210425,39.560224],[-105.210416,39.560212],[-105.210401,39.560191],[-105.210393,39.560179],[-105.210386,39.560169],[-105.210374,39.560152],[-105.210367,39.560142],[-105.210359,39.56013],[-105.210347,39.560113],[-105.210339,39.560101],[-105.210332,39.560091],[-105.210322,39.560077],[-105.210314,39.560065],[-105.210305,39.560053],[-105.210294,39.560036],[-105.210289,39.560029],[-105.210279,39.560014],[-105.210269,39.56],[-105.210264,39.559992],[-105.210253,39.559975],[-105.210246,39.559965],[-105.21024,39.559955],[-105.210231,39.559941],[-105.210226,39.559933],[-105.210216,39.559918],[-105.210207,39.559904],[-105.210198,39.559889],[-105.21019,39.559877],[-105.210184,39.559867],[-105.210177,39.559857],[-105.210168,39.559842],[-105.210159,39.559827],[-105.210151,39.559815],[-105.210144,39.559802],[-105.210138,39.559793],[-105.210132,39.559783],[-105.21012,39.559762],[-105.210064,39.55967],[-105.209971,39.559525],[-105.209917,39.559444],[-105.209863,39.559363],[-105.209804,39.559283],[-105.209745,39.559205],[-105.209686,39.559126],[-105.209622,39.559049],[-105.209557,39.558973],[-105.20946,39.55886],[-105.209451,39.55885],[-105.209249,39.558647],[-105.209109,39.558507],[-105.208984,39.55851],[-105.20833,39.558527],[-105.207005,39.558559],[-105.203671,39.558642],[-105.201855,39.558669],[-105.194459,39.558778],[-105.194459,39.558789],[-105.194474,39.559348],[-105.194009,39.564614],[-105.19388,39.566079],[-105.194242,39.580465],[-105.194255,39.581986],[-105.194308,39.587081],[-105.194314,39.587667],[-105.194375,39.594966],[-105.22658,39.612721],[-105.232038,39.615729],[-105.232345,39.615898],[-105.231637,39.616598],[-105.228814,39.626541],[-105.227482,39.631233],[-105.226623,39.634254],[-105.221322,39.652913],[-105.239455,39.652993],[-105.248295,39.65275],[-105.257354,39.652671],[-105.2668,39.652756],[-105.276047,39.652618],[-105.276057,39.655525],[-105.276059,39.656755],[-105.276064,39.659784],[-105.276061,39.660157],[-105.276029,39.664709],[-105.276024,39.665391],[-105.27602,39.665946],[-105.276016,39.666594],[-105.276015,39.666611],[-105.276014,39.666889],[-105.276012,39.667144],[-105.276011,39.667162],[-105.276009,39.667258],[-105.27601,39.667277],[-105.275841,39.674064],[-105.281917,39.674052],[-105.284945,39.674045],[-105.284949,39.677518],[-105.288757,39.680957],[-105.294174,39.680909],[-105.294243,39.68091],[-105.298886,39.680971],[-105.298775,39.688088],[-105.312562,39.687856],[-105.31264,39.687854],[-105.312853,39.692913],[-105.312839,39.695093],[-105.313084,39.695088],[-105.322245,39.694902],[-105.322297,39.694901],[-105.322298,39.694984],[-105.322346,39.702132],[-105.318067,39.70225],[-105.317731,39.702259],[-105.317766,39.707317],[-105.317781,39.709522],[-105.317924,39.709518],[-105.331716,39.709086],[-105.331716,39.709151],[-105.331716,39.70931],[-105.331714,39.709816],[-105.331707,39.712807],[-105.331698,39.716512],[-105.331369,39.716518],[-105.331225,39.716521],[-105.322466,39.716697],[-105.321322,39.71672],[-105.31791,39.71679],[-105.317913,39.716888],[-105.317928,39.717482],[-105.318097,39.723917],[-105.318047,39.73039],[-105.318035,39.731969],[-105.322649,39.73223],[-105.325815,39.732233],[-105.33203,39.73224],[-105.336596,39.732247],[-105.341271,39.732264],[-105.344599,39.732273],[-105.350508,39.732287],[-105.359649,39.732397],[-105.359844,39.732399],[-105.369211,39.732516],[-105.371545,39.732536],[-105.378644,39.732608],[-105.384412,39.732659],[-105.388057,39.732691],[-105.388709,39.732645],[-105.392745,39.732687]]]}},{"type":"Feature","properties":{"name":"Golden"},"geometry":{"type":"Polygon","coordinates":[[[-105.340356,39.86867],[-105.397351,39.869108],[-105.397244,39.865536],[-105.397229,39.865044],[-105.397229,39.865036],[-105.397198,39.864],[-105.397138,39.861962],[-105.397125,39.861518],[-105.397108,39.860967],[-105.397106,39.860879],[-105.397101,39.86071],[-105.397051,39.859172],[-105.397034,39.858659],[-105.396982,39.856938],[-105.396918,39.854853],[-105.396918,39.854734],[-105.396917,39.854588],[-105.396916,39.854299],[-105.396916,39.854283],[-105.396916,39.85427],[-105.396916,39.853869],[-105.396915,39.853364],[-105.396909,39.851229],[-105.396901,39.847642],[-105.396892,39.844198],[-105.396884,39.841325],[-105.396884,39.841317],[-105.396883,39.84064],[-105.396822,39.836877],[-105.396766,39.833415],[-105.396561,39.826287],[-105.39656,39.82626],[-105.396413,39.826263],[-105.396489,39.819366],[-105.396498,39.818634],[-105.396531,39.815571],[-105.396564,39.812576],[-105.396601,39.809903],[-105.396613,39.808968],[-105.396661,39.805362],[-105.396701,39.801742],[-105.396738,39.798315],[-105.39674,39.798121],[-105.396763,39.794476],[-105.396786,39.790819],[-105.396804,39.787419],[-105.396823,39.78408],[-105.396824,39.783652],[-105.396826,39.78297],[-105.396834,39.780511],[-105.396846,39.776908],[-105.396847,39.776772],[-105.396913,39.770818],[-105.396918,39.770173],[-105.396879,39.767758],[-105.3969,39.765915],[-105.396906,39.764856],[-105.396917,39.7631],[-105.396921,39.762409],[-105.396937,39.758727],[-105.396942,39.757638],[-105.396953,39.755298],[-105.397824,39.755322],[-105.397823,39.752574],[-105.397823,39.75102],[-105.397823,39.750167],[-105.397823,39.750093],[-105.397823,39.749525],[-105.397823,39.749395],[-105.397823,39.748806],[-105.397823,39.748722],[-105.397823,39.748328],[-105.397823,39.747788],[-105.397823,39.747509],[-105.397823,39.747281],[-105.397823,39.747076],[-105.397823,39.747041],[-105.397823,39.745775],[-105.397823,39.745753],[-105.397823,39.745702],[-105.397823,39.745603],[-105.397824,39.745313],[-105.397825,39.741222],[-105.397825,39.741182],[-105.397831,39.74001],[-105.397868,39.733285],[-105.397871,39.732735],[-105.397837,39.732739],[-105.397737,39.732738],[-105.392745,39.732687],[-105.388709,39.732645],[-105.388057,39.732691],[-105.384412,39.732659],[-105.378644,39.732608],[-105.371545,39.732536],[-105.369211,39.732516],[-105.359844,39.732399],[-105.359649,39.732397],[-105.350508,39.732287],[-105.344599,39.732273],[-105.341271,39.732264],[-105.336596,39.732247],[-105.33203,39.73224],[-105.325815,39.732233],[-105.322649,39.73223],[-105.318035,39.731969],[-105.318047,39.73039],[-105.318097,39.723917],[-105.317928,39.717482],[-105.317913,39.716888],[-105.31791,39.71679],[-105.321322,39.71672],[-105.322466,39.716697],[-105.331225,39.716521],[-105.331369,39.716518],[-105.331698,39.716512],[-105.331707,39.712807],[-105.331714,39.709816],[-105.331716,39.70931],[-105.331716,39.709151],[-105.331716,39.709086],[-105.317924,39.709518],[-105.317781,39.709522],[-105.317766,39.707317],[-105.317731,39.702259],[-105.318067,39.70225],[-105.322346,39.702132],[-105.322298,39.694984],[-105.322297,39.694901],[-105.322245,39.694902],[-105.313084,39.695088],[-105.312839,39.695093],[-105.312853,39.692913],[-105.31264,39.687854],[-105.312562,39.687856],[-105.298775,39.688088],[-105.298886,39.680971],[-105.294243,39.68091],[-105.294174,39.680909],[-105.288757,39.680957],[-105.284949,39.677518],[-105.284945,39.674045],[-105.281917,39.674052],[-105.275841,39.674064],[-105.27601,39.667277],[-105.276009,39.667258],[-105.276011,39.667162],[-105.275847,39.667226],[-105.275502,39.667298],[-105.275167,39.667302],[-105.27482,39.667236],[-105.274508,39.667104],[-105.27428,39.66696],[-105.273274,39.666404],[-105.272975,39.666239],[-105.272568,39.665754],[-105.272373,39.665694],[-105.272243,39.665689],[-105.272115,39.66571],[-105.271984,39.665762],[-105.271964,39.665775],[-105.271926,39.665801],[-105.271914,39.665808],[-105.271676,39.666058],[-105.271415,39.666599],[-105.271263,39.666912],[-105.271166,39.667088],[-105.270817,39.667171],[-105.270675,39.667177],[-105.269904,39.667208],[-105.269769,39.667214],[-105.269317,39.667047],[-105.269028,39.666941],[-105.268716,39.666576],[-105.268246,39.666318],[-105.267894,39.66615],[-105.26756,39.66615],[-105.267206,39.666498],[-105.266831,39.667043],[-105.265946,39.667768],[-105.265003,39.668358],[-105.263863,39.668992],[-105.263254,39.669294],[-105.262352,39.669383],[-105.259881,39.669287],[-105.258488,39.669269],[-105.257001,39.669108],[-105.256357,39.669038],[-105.256886,39.68184],[-105.256892,39.681994],[-105.239927,39.682633],[-105.23756,39.682554],[-105.227209,39.682207],[-105.222146,39.682037],[-105.218903,39.682033],[-105.217467,39.682031],[-105.217255,39.688159],[-105.217176,39.690457],[-105.216978,39.696176],[-105.216874,39.696173],[-105.21498,39.696121],[-105.214767,39.696108],[-105.214555,39.696089],[-105.214345,39.696064],[-105.214135,39.696034],[-105.213927,39.695998],[-105.213721,39.695957],[-105.213516,39.69591],[-105.213314,39.695858],[-105.21129,39.69539],[-105.211086,39.695374],[-105.210881,39.695365],[-105.210676,39.695362],[-105.210471,39.695367],[-105.210266,39.695379],[-105.210062,39.695397],[-105.20986,39.695422],[-105.209659,39.695455],[-105.20946,39.695494],[-105.209263,39.695539],[-105.209069,39.695592],[-105.208879,39.69565],[-105.208692,39.695715],[-105.208508,39.695787],[-105.208329,39.695864],[-105.208155,39.695948],[-105.207985,39.696037],[-105.207821,39.696132],[-105.207662,39.696232],[-105.207509,39.696338],[-105.2075,39.696345],[-105.207093,39.696347],[-105.207072,39.696347],[-105.206044,39.696369],[-105.204136,39.696408],[-105.203692,39.696418],[-105.202859,39.696435],[-105.198055,39.696426],[-105.197686,39.696425],[-105.197456,39.696425],[-105.195569,39.696421],[-105.195254,39.696421],[-105.193811,39.696418],[-105.193621,39.696418],[-105.193548,39.696418],[-105.191882,39.696414],[-105.191141,39.696412],[-105.190876,39.696412],[-105.190658,39.696411],[-105.184283,39.696396],[-105.174863,39.69634],[-105.165523,39.696422],[-105.165523,39.696562],[-105.165496,39.711171],[-105.15419,39.711069],[-105.153771,39.711065],[-105.153665,39.711064],[-105.153582,39.711064],[-105.153346,39.711061],[-105.147329,39.711007],[-105.14735,39.713061],[-105.147356,39.715751],[-105.147369,39.716447],[-105.147369,39.716469],[-105.147361,39.717855],[-105.147362,39.718234],[-105.147291,39.720042],[-105.14719,39.722652],[-105.14717,39.723161],[-105.147111,39.724674],[-105.147105,39.725347],[-105.147085,39.725347],[-105.130498,39.725375],[-105.130356,39.725483],[-105.129086,39.726439],[-105.128633,39.726927],[-105.128483,39.727229],[-105.12844,39.727435],[-105.128436,39.727849],[-105.128424,39.729057],[-105.128423,39.729128],[-105.128423,39.729143],[-105.128422,39.729196],[-105.128402,39.731218],[-105.128386,39.732775],[-105.128384,39.733026],[-105.12837,39.734468],[-105.128367,39.734805],[-105.128356,39.736007],[-105.128352,39.736467],[-105.128351,39.736559],[-105.128343,39.737369],[-105.128336,39.738161],[-105.128336,39.738188],[-105.128334,39.738368],[-105.128327,39.739107],[-105.128326,39.739219],[-105.128326,39.739232],[-105.128317,39.740157],[-105.130214,39.74015],[-105.130664,39.740149],[-105.131319,39.740146],[-105.131804,39.740144],[-105.133013,39.740139],[-105.133116,39.740139],[-105.133173,39.740139],[-105.133574,39.740137],[-105.133702,39.740137],[-105.134187,39.740135],[-105.134754,39.740133],[-105.135315,39.74013],[-105.135444,39.74013],[-105.137234,39.740123],[-105.137477,39.740122],[-105.137703,39.740121],[-105.137703,39.740108],[-105.138448,39.740047],[-105.139193,39.739979],[-105.139936,39.739904],[-105.140678,39.739823],[-105.147092,39.739097],[-105.147786,39.739018],[-105.147936,39.739001],[-105.148217,39.738972],[-105.153265,39.738441],[-105.153487,39.738423],[-105.153708,39.738397],[-105.153928,39.738365],[-105.154146,39.738326],[-105.154362,39.738281],[-105.154576,39.738229],[-105.154786,39.73817],[-105.154994,39.738105],[-105.155198,39.738034],[-105.155398,39.737957],[-105.155594,39.737874],[-105.155786,39.737785],[-105.155973,39.73769],[-105.156156,39.73759],[-105.161244,39.733757],[-105.161679,39.733438],[-105.161937,39.733696],[-105.161997,39.733757],[-105.162048,39.733823],[-105.162092,39.733892],[-105.162128,39.733964],[-105.162154,39.734037],[-105.162189,39.734316],[-105.16234,39.73431],[-105.165107,39.734198],[-105.165172,39.734196],[-105.165236,39.734189],[-105.165299,39.734176],[-105.165359,39.734159],[-105.165414,39.734138],[-105.165465,39.734112],[-105.165514,39.734083],[-105.165559,39.73405],[-105.165599,39.734014],[-105.165635,39.733975],[-105.165665,39.733934],[-105.165663,39.734791],[-105.159564,39.739645],[-105.15349,39.744545],[-105.153198,39.744807],[-105.152913,39.745072],[-105.152635,39.745342],[-105.152364,39.745616],[-105.152099,39.745894],[-105.151842,39.746176],[-105.151592,39.746462],[-105.151349,39.746751],[-105.151113,39.747044],[-105.150885,39.747341],[-105.151077,39.74734],[-105.152414,39.74733],[-105.152866,39.747327],[-105.152978,39.747326],[-105.153383,39.747323],[-105.153438,39.747323],[-105.156016,39.747304],[-105.156018,39.747276],[-105.156602,39.747269],[-105.156621,39.747269],[-105.158938,39.747277],[-105.159852,39.747275],[-105.161122,39.747272],[-105.162292,39.747261],[-105.164779,39.747245],[-105.165155,39.747243],[-105.165289,39.747242],[-105.165436,39.747241],[-105.165432,39.748891],[-105.165429,39.75],[-105.165426,39.750858],[-105.165424,39.751904],[-105.165416,39.754463],[-105.16725,39.754466],[-105.167349,39.754466],[-105.16837,39.754468],[-105.170123,39.754471],[-105.170352,39.754472],[-105.170988,39.754473],[-105.173894,39.754478],[-105.174929,39.75448],[-105.17585,39.754489],[-105.180109,39.754535],[-105.18193,39.754555],[-105.184046,39.754577],[-105.184234,39.754579],[-105.184219,39.75744],[-105.184219,39.757498],[-105.184218,39.757688],[-105.184217,39.75805],[-105.184215,39.758329],[-105.18421,39.759324],[-105.18421,39.759462],[-105.1842,39.761666],[-105.1842,39.761785],[-105.1842,39.761878],[-105.184201,39.762156],[-105.184202,39.762492],[-105.184214,39.765105],[-105.184215,39.765213],[-105.184221,39.766477],[-105.184222,39.766794],[-105.184225,39.767525],[-105.184232,39.769021],[-105.184273,39.770732],[-105.18428,39.771003],[-105.184936,39.770607],[-105.185328,39.770502],[-105.186069,39.770176],[-105.186323,39.77012],[-105.186794,39.769966],[-105.187211,39.769786],[-105.187441,39.7697],[-105.187926,39.76949],[-105.188456,39.769227],[-105.188608,39.76914],[-105.188955,39.768911],[-105.189405,39.768662],[-105.189674,39.768549],[-105.190409,39.768369],[-105.190862,39.768266],[-105.191299,39.768171],[-105.191587,39.768131],[-105.191975,39.76807],[-105.19243,39.768014],[-105.19321,39.767928],[-105.193678,39.767913],[-105.193971,39.767932],[-105.19414,39.767942],[-105.194792,39.768322],[-105.194912,39.768538],[-105.195232,39.768596],[-105.195326,39.768607],[-105.195508,39.768631],[-105.195957,39.768626],[-105.19674,39.768548],[-105.197667,39.768458],[-105.197938,39.76839],[-105.197995,39.768376],[-105.198216,39.76832],[-105.198503,39.768296],[-105.19899,39.768255],[-105.199201,39.768216],[-105.199242,39.768208],[-105.200254,39.768019],[-105.200995,39.76784],[-105.202311,39.767598],[-105.202661,39.767284],[-105.203205,39.766859],[-105.203204,39.766968],[-105.203203,39.76706],[-105.203198,39.767444],[-105.203159,39.770918],[-105.203139,39.771877],[-105.203121,39.77269],[-105.20312,39.772732],[-105.203116,39.772938],[-105.203071,39.775052],[-105.203049,39.776057],[-105.203016,39.779692],[-105.202983,39.783282],[-105.20297,39.785704],[-105.202943,39.790374],[-105.202943,39.790423],[-105.202916,39.792382],[-105.202873,39.795497],[-105.202866,39.795985],[-105.202854,39.796877],[-105.202849,39.797252],[-105.202835,39.798228],[-105.20285,39.801851],[-105.202853,39.802556],[-105.202857,39.803534],[-105.202857,39.803554],[-105.202857,39.803637],[-105.202858,39.803888],[-105.202863,39.805149],[-105.202866,39.805297],[-105.202868,39.805397],[-105.202922,39.807956],[-105.202833,39.815834],[-105.202831,39.815973],[-105.202956,39.816026],[-105.203084,39.816073],[-105.203216,39.816115],[-105.203351,39.816151],[-105.203488,39.816181],[-105.203627,39.816205],[-105.203768,39.816223],[-105.214503,39.816256],[-105.214658,39.81625],[-105.214813,39.81625],[-105.214969,39.816257],[-105.215123,39.816271],[-105.215276,39.816292],[-105.215428,39.816319],[-105.215577,39.816353],[-105.215723,39.816394],[-105.215866,39.816441],[-105.216006,39.816494],[-105.216141,39.816553],[-105.216272,39.816618],[-105.217261,39.817314],[-105.217359,39.8174],[-105.217463,39.817483],[-105.217572,39.817561],[-105.217687,39.817634],[-105.217807,39.817702],[-105.217931,39.817766],[-105.21806,39.817823],[-105.218192,39.817876],[-105.218329,39.817923],[-105.218468,39.817964],[-105.21861,39.817999],[-105.218754,39.818028],[-105.2189,39.818052],[-105.219047,39.818069],[-105.221423,39.81807],[-105.221616,39.81807],[-105.221641,39.81807],[-105.221665,39.81807],[-105.221727,39.822495],[-105.221751,39.82267],[-105.221783,39.822844],[-105.221824,39.823018],[-105.221873,39.823189],[-105.221931,39.82336],[-105.221996,39.823528],[-105.22207,39.823695],[-105.222152,39.82386],[-105.222241,39.824021],[-105.222338,39.824181],[-105.222443,39.824337],[-105.222555,39.824491],[-105.222675,39.824641],[-105.222802,39.824787],[-105.222935,39.82493],[-105.223075,39.825069],[-105.223222,39.825203],[-105.223376,39.825334],[-105.223535,39.82546],[-105.225061,39.82649],[-105.225586,39.826871],[-105.225783,39.826999],[-105.225975,39.827132],[-105.226161,39.827269],[-105.226341,39.827411],[-105.226515,39.827557],[-105.226684,39.827707],[-105.226846,39.827861],[-105.227002,39.828019],[-105.227151,39.828181],[-105.22727,39.828341],[-105.227381,39.828504],[-105.227484,39.82867],[-105.22758,39.828839],[-105.227668,39.82901],[-105.227748,39.829183],[-105.227821,39.829359],[-105.227885,39.829536],[-105.227941,39.829715],[-105.227989,39.829895],[-105.228029,39.830077],[-105.22806,39.830259],[-105.228373,39.832407],[-105.228432,39.832695],[-105.2285,39.832982],[-105.228577,39.833268],[-105.228663,39.833552],[-105.228708,39.833694],[-105.228757,39.833835],[-105.22887,39.834116],[-105.229172,39.83411],[-105.230688,39.834084],[-105.231177,39.834076],[-105.23131,39.834074],[-105.232011,39.83407],[-105.240658,39.834033],[-105.240663,39.834214],[-105.240767,39.834216],[-105.240796,39.837642],[-105.240829,39.837642],[-105.247737,39.837654],[-105.247743,39.835842],[-105.250094,39.835847],[-105.250026,39.835077],[-105.249934,39.834037],[-105.254572,39.834039],[-105.254573,39.83407],[-105.254697,39.837663],[-105.25482,39.837663],[-105.257151,39.837666],[-105.259348,39.837669],[-105.259486,39.841298],[-105.264332,39.841283],[-105.264377,39.841283],[-105.264393,39.844827],[-105.264393,39.844925],[-105.259631,39.844942],[-105.259552,39.844942],[-105.259618,39.848586],[-105.269095,39.848548],[-105.275972,39.84852],[-105.276083,39.848519],[-105.27608,39.849468],[-105.27653,39.849816],[-105.280734,39.853072],[-105.281882,39.853961],[-105.282362,39.854332],[-105.283931,39.855547],[-105.288806,39.855117],[-105.289688,39.85504],[-105.286868,39.859636],[-105.285564,39.86176],[-105.285063,39.862577],[-105.287589,39.862347],[-105.287959,39.862348],[-105.288911,39.862351],[-105.289272,39.862352],[-105.290887,39.862356],[-105.294194,39.862366],[-105.296046,39.862204],[-105.303263,39.861574],[-105.312192,39.860929],[-105.321087,39.86101],[-105.330272,39.861091],[-105.340381,39.86103],[-105.340356,39.86867]],[[-105.219144,39.790864],[-105.219397,39.790871],[-105.221708,39.790941],[-105.221707,39.791648],[-105.221703,39.793082],[-105.221701,39.793481],[-105.221701,39.793538],[-105.2217,39.793735],[-105.221692,39.797338],[-105.221698,39.797822],[-105.2217,39.798005],[-105.221695,39.798015],[-105.22168,39.801776],[-105.22165,39.801776],[-105.217901,39.801786],[-105.216937,39.801789],[-105.216961,39.798137],[-105.21223,39.79818],[-105.21225,39.796669],[-105.212264,39.795618],[-105.21227,39.795151],[-105.212286,39.793876],[-105.21232,39.79135],[-105.212329,39.790658],[-105.212329,39.790657],[-105.219144,39.790864]]]}},{"type":"Feature","properties":{"name":"Green Mountain"},"geometry":{"type":"Polygon","coordinates":[[[-105.13856,39.718736],[-105.139127,39.718742],[-105.140676,39.718759],[-105.142151,39.718755],[-105.142894,39.718741],[-105.142947,39.71874],[-105.143178,39.718708],[-105.143196,39.718706],[-105.143242,39.718687],[-105.143344,39.718645],[-105.143459,39.718598],[-105.143477,39.71859],[-105.143491,39.718584],[-105.144352,39.718063],[-105.144378,39.718047],[-105.145473,39.717372],[-105.14693,39.716475],[-105.147369,39.716447],[-105.147356,39.715751],[-105.14735,39.713061],[-105.147329,39.711007],[-105.153346,39.711061],[-105.153582,39.711064],[-105.153665,39.711064],[-105.153771,39.711065],[-105.15419,39.711069],[-105.165496,39.711171],[-105.165523,39.696562],[-105.165523,39.696422],[-105.174863,39.69634],[-105.184283,39.696396],[-105.190658,39.696411],[-105.190876,39.696412],[-105.191141,39.696412],[-105.191882,39.696414],[-105.193548,39.696418],[-105.193621,39.696418],[-105.193811,39.696418],[-105.195254,39.696421],[-105.195569,39.696421],[-105.197456,39.696425],[-105.197686,39.696425],[-105.198055,39.696426],[-105.202859,39.696435],[-105.199306,39.69274],[-105.198276,39.692738],[-105.19829,39.691503],[-105.198319,39.689014],[-105.19832,39.688995],[-105.19556,39.681905],[-105.195538,39.681868],[-105.19396,39.679176],[-105.193908,39.677828],[-105.193457,39.677307],[-105.193339,39.676976],[-105.192778,39.676154],[-105.192601,39.676094],[-105.192564,39.676083],[-105.192505,39.676068],[-105.192081,39.67596],[-105.191858,39.675903],[-105.191822,39.674635],[-105.19178,39.673051],[-105.191726,39.670971],[-105.192252,39.667398],[-105.192145,39.666252],[-105.189719,39.660119],[-105.189245,39.660121],[-105.189218,39.656354],[-105.189217,39.656307],[-105.189206,39.655777],[-105.1859,39.652388],[-105.185734,39.652217],[-105.185582,39.652198],[-105.185429,39.652184],[-105.185276,39.652176],[-105.185122,39.652174],[-105.184968,39.652178],[-105.184814,39.652188],[-105.184662,39.652203],[-105.18451,39.652224],[-105.184361,39.652251],[-105.18064,39.65343],[-105.179481,39.653797],[-105.179372,39.653834],[-105.179261,39.653864],[-105.179146,39.653888],[-105.17903,39.653905],[-105.178912,39.653915],[-105.178794,39.653919],[-105.178675,39.653916],[-105.178557,39.653907],[-105.178441,39.65389],[-105.178326,39.653867],[-105.175152,39.653271],[-105.173409,39.653039],[-105.173031,39.653019],[-105.172652,39.653006],[-105.172273,39.652999],[-105.171894,39.652999],[-105.171532,39.653003],[-105.171171,39.653014],[-105.170811,39.65303],[-105.170451,39.653052],[-105.170091,39.653079],[-105.169733,39.653111],[-105.169375,39.653149],[-105.169197,39.653184],[-105.169023,39.653225],[-105.16885,39.653272],[-105.168681,39.653326],[-105.168516,39.653386],[-105.168355,39.653452],[-105.168197,39.653525],[-105.168045,39.653603],[-105.167898,39.653686],[-105.167756,39.653775],[-105.16762,39.65387],[-105.16749,39.653969],[-105.167366,39.654073],[-105.167249,39.654181],[-105.167139,39.654294],[-105.167036,39.654411],[-105.164151,39.657906],[-105.163979,39.658075],[-105.163799,39.658239],[-105.163612,39.658399],[-105.163418,39.658554],[-105.163218,39.658704],[-105.163011,39.658848],[-105.162799,39.658988],[-105.16258,39.659121],[-105.162356,39.659249],[-105.162127,39.659372],[-105.161892,39.659488],[-105.156491,39.662394],[-105.156482,39.662399],[-105.150348,39.665575],[-105.148957,39.666211],[-105.148675,39.666319],[-105.14839,39.666421],[-105.148101,39.666518],[-105.14781,39.666609],[-105.147516,39.666695],[-105.14722,39.666776],[-105.147208,39.66678],[-105.146844,39.666888],[-105.146477,39.66699],[-105.146108,39.667085],[-105.145735,39.667174],[-105.14536,39.667257],[-105.144983,39.667333],[-105.144604,39.667403],[-105.144223,39.667466],[-105.143841,39.667523],[-105.143456,39.667573],[-105.143071,39.667617],[-105.142684,39.667653],[-105.142296,39.667683],[-105.141907,39.667707],[-105.141518,39.667724],[-105.141129,39.667734],[-105.140739,39.667737],[-105.140349,39.667734],[-105.13996,39.667724],[-105.139557,39.667701],[-105.139155,39.667672],[-105.138754,39.667635],[-105.138354,39.667592],[-105.137955,39.667542],[-105.137558,39.667485],[-105.137162,39.667421],[-105.136769,39.66735],[-105.136378,39.667273],[-105.135989,39.667189],[-105.135602,39.667098],[-105.135218,39.667001],[-105.134837,39.666897],[-105.134459,39.666787],[-105.134085,39.66667],[-105.133714,39.666546],[-105.133346,39.666417],[-105.132983,39.666281],[-105.132623,39.666139],[-105.132268,39.665991],[-105.131917,39.665836],[-105.1289,39.664301],[-105.12869,39.664199],[-105.128476,39.664103],[-105.128257,39.664013],[-105.128034,39.663929],[-105.127807,39.663851],[-105.127577,39.66378],[-105.127344,39.663715],[-105.127108,39.663656],[-105.126869,39.663604],[-105.126628,39.663559],[-105.126385,39.66352],[-105.12614,39.663489],[-105.125894,39.663464],[-105.125648,39.663445],[-105.1254,39.663434],[-105.125152,39.66343],[-105.124904,39.663432],[-105.124656,39.663442],[-105.124409,39.663458],[-105.124163,39.663481],[-105.123918,39.663511],[-105.123675,39.663547],[-105.123433,39.663591],[-105.123399,39.663599],[-105.123163,39.663653],[-105.12293,39.663712],[-105.122699,39.663777],[-105.122471,39.663846],[-105.122245,39.663921],[-105.122022,39.664001],[-105.121802,39.664086],[-105.12102,39.664373],[-105.120243,39.664665],[-105.119469,39.664964],[-105.118698,39.665269],[-105.117932,39.665579],[-105.11717,39.665896],[-105.116412,39.666218],[-105.115658,39.666546],[-105.113638,39.667493],[-105.113734,39.667695],[-105.113771,39.667775],[-105.11387,39.667986],[-105.113977,39.668195],[-105.114092,39.668401],[-105.114215,39.668605],[-105.114345,39.668805],[-105.114483,39.669003],[-105.114629,39.669197],[-105.114782,39.669388],[-105.116737,39.671342],[-105.116953,39.671514],[-105.117162,39.671691],[-105.117364,39.671873],[-105.11756,39.672059],[-105.117748,39.67225],[-105.117929,39.672444],[-105.118102,39.672643],[-105.118268,39.672846],[-105.118426,39.673052],[-105.118577,39.673262],[-105.118719,39.673475],[-105.118854,39.673691],[-105.11898,39.67391],[-105.119098,39.674131],[-105.119207,39.674356],[-105.119308,39.674582],[-105.119401,39.674811],[-105.119484,39.675042],[-105.119559,39.675275],[-105.119626,39.675509],[-105.119683,39.675745],[-105.119731,39.675981],[-105.11981,39.676411],[-105.119881,39.676841],[-105.119943,39.677272],[-105.119996,39.677704],[-105.120041,39.678136],[-105.120078,39.678569],[-105.120106,39.679002],[-105.120126,39.679435],[-105.120137,39.679869],[-105.120148,39.682116],[-105.120582,39.682115],[-105.121137,39.682114],[-105.12218,39.682112],[-105.122528,39.682111],[-105.123331,39.682111],[-105.123451,39.68211],[-105.124583,39.682109],[-105.127807,39.682106],[-105.128493,39.682106],[-105.129342,39.682106],[-105.129343,39.682198],[-105.129349,39.682983],[-105.129349,39.683059],[-105.129338,39.683134],[-105.129318,39.683208],[-105.12929,39.683281],[-105.129253,39.683351],[-105.129208,39.683418],[-105.129156,39.683483],[-105.128895,39.683772],[-105.12884,39.683841],[-105.128793,39.683912],[-105.128754,39.683986],[-105.128722,39.684063],[-105.128698,39.684141],[-105.128683,39.684221],[-105.128676,39.684301],[-105.128677,39.684639],[-105.128678,39.68513],[-105.128663,39.688028],[-105.12866,39.688535],[-105.128657,39.689172],[-105.128646,39.691145],[-105.128655,39.693],[-105.128655,39.693008],[-105.128665,39.693611],[-105.12868,39.694488],[-105.128677,39.694767],[-105.128679,39.694847],[-105.128691,39.694926],[-105.128711,39.695004],[-105.12874,39.69508],[-105.128776,39.695154],[-105.128821,39.695226],[-105.128873,39.695294],[-105.128933,39.695359],[-105.129184,39.695631],[-105.129237,39.695698],[-105.129283,39.695767],[-105.129322,39.695839],[-105.129353,39.695913],[-105.129376,39.695989],[-105.129391,39.696066],[-105.12939,39.696458],[-105.128037,39.69648],[-105.128036,39.696535],[-105.128017,39.69904],[-105.128019,39.699105],[-105.128016,39.699171],[-105.128005,39.699235],[-105.127989,39.699299],[-105.127784,39.699834],[-105.1279,39.699864],[-105.128019,39.699889],[-105.12814,39.699907],[-105.128263,39.699918],[-105.128386,39.699923],[-105.128509,39.699921],[-105.128513,39.701031],[-105.128513,39.701267],[-105.128512,39.703744],[-105.12851,39.704962],[-105.12851,39.705053],[-105.128499,39.707392],[-105.129373,39.707386],[-105.129396,39.707386],[-105.12996,39.707382],[-105.12996,39.710745],[-105.130208,39.710692],[-105.130453,39.710633],[-105.130696,39.710569],[-105.130937,39.710499],[-105.131174,39.710423],[-105.131409,39.710341],[-105.13164,39.710254],[-105.131867,39.710161],[-105.132091,39.710063],[-105.13231,39.70996],[-105.132525,39.709852],[-105.132736,39.709738],[-105.13285,39.709674],[-105.132962,39.709609],[-105.132993,39.709684],[-105.133018,39.70976],[-105.133037,39.709838],[-105.133049,39.709916],[-105.133055,39.709995],[-105.133179,39.711735],[-105.133324,39.714722],[-105.133327,39.71488],[-105.133321,39.715038],[-105.133307,39.715195],[-105.133283,39.715351],[-105.13325,39.715507],[-105.133208,39.715661],[-105.133157,39.715813],[-105.132929,39.716376],[-105.132798,39.716694],[-105.132542,39.717892],[-105.132525,39.717989],[-105.132855,39.718012],[-105.132914,39.718019],[-105.132973,39.718029],[-105.133032,39.718041],[-105.133089,39.718055],[-105.133164,39.718078],[-105.133237,39.718105],[-105.133307,39.718135],[-105.134042,39.718431],[-105.134436,39.718589],[-105.134502,39.718617],[-105.134571,39.718641],[-105.134642,39.718661],[-105.134714,39.718677],[-105.134788,39.718689],[-105.134863,39.718696],[-105.135183,39.718727],[-105.135211,39.71873],[-105.137687,39.718734],[-105.1385,39.718735],[-105.13856,39.718736]]]}},{"type":"Feature","properties":{"name":"Jefferson"},"geometry":{"type":"Polygon","coordinates":[[[-105.053236,39.734442],[-105.053235,39.734524],[-105.053235,39.734536],[-105.053233,39.734965],[-105.053232,39.735112],[-105.053232,39.735161],[-105.053232,39.735185],[-105.053231,39.735259],[-105.053231,39.735284],[-105.053231,39.735349],[-105.05323,39.735529],[-105.05323,39.735544],[-105.053229,39.735609],[-105.053228,39.735841],[-105.053227,39.736081],[-105.053225,39.736537],[-105.053224,39.736738],[-105.053223,39.73677],[-105.053222,39.737115],[-105.053221,39.737295],[-105.053215,39.738498],[-105.053207,39.739987],[-105.053206,39.740112],[-105.053206,39.740162],[-105.053205,39.740357],[-105.053205,39.740557],[-105.053209,39.742203],[-105.053209,39.742405],[-105.05321,39.742648],[-105.05321,39.742697],[-105.05321,39.742781],[-105.053211,39.743339],[-105.053211,39.743486],[-105.053211,39.743584],[-105.053212,39.743881],[-105.053212,39.743979],[-105.053214,39.744645],[-105.053214,39.744815],[-105.053215,39.745187],[-105.053215,39.745224],[-105.05322,39.74741],[-105.05322,39.747441],[-105.05322,39.747604],[-105.05322,39.747616],[-105.05322,39.747687],[-105.053221,39.747771],[-105.053221,39.747803],[-105.053221,39.74799],[-105.053221,39.748157],[-105.053224,39.749458],[-105.053227,39.75089],[-105.053227,39.751249],[-105.053228,39.751479],[-105.053228,39.751608],[-105.05323,39.752686],[-105.053231,39.752934],[-105.053231,39.753046],[-105.053234,39.754849],[-105.053235,39.754935],[-105.053236,39.755553],[-105.053236,39.755787],[-105.053238,39.756939],[-105.053238,39.757245],[-105.053238,39.757289],[-105.053238,39.757352],[-105.053239,39.758165],[-105.053239,39.758283],[-105.05324,39.758371],[-105.053239,39.758436],[-105.053239,39.758463],[-105.053239,39.758472],[-105.05324,39.758836],[-105.053241,39.759928],[-105.053242,39.760293],[-105.053242,39.760651],[-105.053243,39.761448],[-105.053244,39.761558],[-105.053244,39.761725],[-105.053244,39.761867],[-105.053244,39.762085],[-105.053413,39.762085],[-105.054392,39.762087],[-105.054909,39.762087],[-105.055535,39.762088],[-105.055581,39.762088],[-105.056694,39.76209],[-105.056778,39.76209],[-105.056792,39.76209],[-105.057915,39.762094],[-105.057948,39.762094],[-105.060257,39.762101],[-105.060274,39.762101],[-105.061477,39.762099],[-105.061546,39.762099],[-105.062262,39.762089],[-105.062553,39.762083],[-105.06259,39.762083],[-105.062652,39.762083],[-105.067147,39.762094],[-105.067147,39.760203],[-105.067147,39.760134],[-105.06715,39.759901],[-105.067171,39.758489],[-105.067171,39.75847],[-105.067193,39.75847],[-105.081424,39.75843],[-105.081491,39.75843],[-105.081427,39.754947],[-105.081427,39.754824],[-105.081425,39.754803],[-105.081347,39.754028],[-105.081336,39.753693],[-105.081331,39.753358],[-105.081334,39.753023],[-105.081345,39.752689],[-105.081363,39.752354],[-105.081388,39.75202],[-105.081421,39.751686],[-105.081426,39.751577],[-105.081428,39.751469],[-105.081414,39.749098],[-105.081412,39.748728],[-105.08141,39.748443],[-105.081404,39.747546],[-105.081399,39.745758],[-105.081393,39.743912],[-105.081393,39.743902],[-105.081388,39.7421],[-105.081385,39.740289],[-105.081385,39.74028],[-105.081405,39.738468],[-105.081425,39.736664],[-105.081427,39.736535],[-105.081446,39.734792],[-105.081465,39.733002],[-105.081466,39.732987],[-105.081468,39.732269],[-105.081473,39.731674],[-105.081473,39.731616],[-105.081474,39.731543],[-105.081475,39.731459],[-105.081478,39.731195],[-105.08148,39.730905],[-105.081482,39.730756],[-105.081489,39.729887],[-105.081493,39.729371],[-105.081496,39.728986],[-105.081498,39.728689],[-105.0815,39.728442],[-105.081504,39.728161],[-105.081513,39.727621],[-105.081514,39.727552],[-105.081518,39.727264],[-105.081521,39.727109],[-105.081522,39.726991],[-105.081523,39.726943],[-105.081529,39.726643],[-105.081546,39.725768],[-105.081547,39.725728],[-105.081549,39.725615],[-105.08155,39.725575],[-105.072111,39.725616],[-105.062701,39.725664],[-105.061987,39.725667],[-105.059036,39.725666],[-105.057135,39.725716],[-105.053254,39.725742],[-105.053254,39.7258],[-105.053254,39.725828],[-105.053254,39.72585],[-105.053253,39.726184],[-105.053253,39.726562],[-105.053252,39.726759],[-105.053252,39.727064],[-105.053252,39.727349],[-105.05325,39.728522],[-105.05325,39.728576],[-105.05325,39.728637],[-105.053248,39.729539],[-105.053245,39.731294],[-105.053242,39.733098],[-105.053242,39.733107],[-105.053664,39.733106],[-105.053852,39.733105],[-105.053884,39.733105],[-105.054113,39.733104],[-105.054164,39.733104],[-105.054398,39.733104],[-105.054425,39.733103],[-105.054426,39.733489],[-105.054426,39.733552],[-105.054675,39.733551],[-105.054676,39.733725],[-105.054977,39.733724],[-105.055013,39.733724],[-105.055011,39.73317],[-105.055539,39.733169],[-105.055589,39.733169],[-105.055594,39.734451],[-105.055572,39.734451],[-105.055053,39.734445],[-105.054422,39.734445],[-105.054154,39.734445],[-105.053236,39.734442]]]}},{"type":"Feature","properties":{"name":"Lakewood"},"geometry":{"type":"Polygon","coordinates":[[[-105.081425,39.754803],[-105.081427,39.754824],[-105.08182,39.754822],[-105.083267,39.754819],[-105.083406,39.754818],[-105.084933,39.754815],[-105.086114,39.754812],[-105.087704,39.754808],[-105.09005,39.754802],[-105.090837,39.7548],[-105.090979,39.754799],[-105.091989,39.754794],[-105.094394,39.754779],[-105.0984,39.754756],[-105.098724,39.754754],[-105.099088,39.754752],[-105.100055,39.754747],[-105.100255,39.754746],[-105.100505,39.754745],[-105.100811,39.754744],[-105.100832,39.754744],[-105.102063,39.754738],[-105.104061,39.754731],[-105.104885,39.754728],[-105.106585,39.754723],[-105.109599,39.754749],[-105.109599,39.754712],[-105.109575,39.747455],[-105.109575,39.747424],[-105.109569,39.745629],[-105.109568,39.745349],[-105.109568,39.745234],[-105.109565,39.74427],[-105.109564,39.744185],[-105.109564,39.744091],[-105.109564,39.744077],[-105.109561,39.743336],[-105.109558,39.742383],[-105.109556,39.741784],[-105.109556,39.741741],[-105.109554,39.740974],[-105.109553,39.740713],[-105.109552,39.740469],[-105.109551,39.740212],[-105.109551,39.740198],[-105.110996,39.740195],[-105.111253,39.740194],[-105.112216,39.740192],[-105.113174,39.74019],[-105.11422,39.740188],[-105.114858,39.740186],[-105.115489,39.740185],[-105.116535,39.740183],[-105.116566,39.740183],[-105.117411,39.740181],[-105.118934,39.740177],[-105.118998,39.740177],[-105.120132,39.740175],[-105.120555,39.740174],[-105.123292,39.740168],[-105.123607,39.740167],[-105.123674,39.740167],[-105.125034,39.740164],[-105.125097,39.740164],[-105.125733,39.740163],[-105.125864,39.740163],[-105.125945,39.740162],[-105.126074,39.740162],[-105.127624,39.740159],[-105.128259,39.740157],[-105.128317,39.740157],[-105.128326,39.739232],[-105.128326,39.739219],[-105.128327,39.739107],[-105.128334,39.738368],[-105.128336,39.738188],[-105.128336,39.738161],[-105.128343,39.737369],[-105.128351,39.736559],[-105.128352,39.736467],[-105.128356,39.736007],[-105.128367,39.734805],[-105.12837,39.734468],[-105.128384,39.733026],[-105.128386,39.732775],[-105.128402,39.731218],[-105.128422,39.729196],[-105.128423,39.729143],[-105.128423,39.729128],[-105.128424,39.729057],[-105.128436,39.727849],[-105.12844,39.727435],[-105.128483,39.727229],[-105.128633,39.726927],[-105.129086,39.726439],[-105.130356,39.725483],[-105.130498,39.725375],[-105.147085,39.725347],[-105.147105,39.725347],[-105.147111,39.724674],[-105.14717,39.723161],[-105.14719,39.722652],[-105.147291,39.720042],[-105.147362,39.718234],[-105.147361,39.717855],[-105.147369,39.716469],[-105.147369,39.716447],[-105.14693,39.716475],[-105.145473,39.717372],[-105.144378,39.718047],[-105.144352,39.718063],[-105.143491,39.718584],[-105.143477,39.71859],[-105.143459,39.718598],[-105.143344,39.718645],[-105.143242,39.718687],[-105.143196,39.718706],[-105.143178,39.718708],[-105.142947,39.71874],[-105.142894,39.718741],[-105.142151,39.718755],[-105.140676,39.718759],[-105.139127,39.718742],[-105.13856,39.718736],[-105.1385,39.718735],[-105.137687,39.718734],[-105.135211,39.71873],[-105.135183,39.718727],[-105.134863,39.718696],[-105.134788,39.718689],[-105.134714,39.718677],[-105.134642,39.718661],[-105.134571,39.718641],[-105.134502,39.718617],[-105.134436,39.718589],[-105.134042,39.718431],[-105.133307,39.718135],[-105.133237,39.718105],[-105.133164,39.718078],[-105.133089,39.718055],[-105.133032,39.718041],[-105.132973,39.718029],[-105.132914,39.718019],[-105.132855,39.718012],[-105.132525,39.717989],[-105.132542,39.717892],[-105.132798,39.716694],[-105.132929,39.716376],[-105.133157,39.715813],[-105.133208,39.715661],[-105.13325,39.715507],[-105.133283,39.715351],[-105.133307,39.715195],[-105.133321,39.715038],[-105.133327,39.71488],[-105.133324,39.714722],[-105.133179,39.711735],[-105.133055,39.709995],[-105.133049,39.709916],[-105.133037,39.709838],[-105.133018,39.70976],[-105.132993,39.709684],[-105.132962,39.709609],[-105.13285,39.709674],[-105.132736,39.709738],[-105.132525,39.709852],[-105.13231,39.70996],[-105.132091,39.710063],[-105.131867,39.710161],[-105.13164,39.710254],[-105.131409,39.710341],[-105.131174,39.710423],[-105.130937,39.710499],[-105.130696,39.710569],[-105.130453,39.710633],[-105.130208,39.710692],[-105.12996,39.710745],[-105.12996,39.707382],[-105.129396,39.707386],[-105.129373,39.707386],[-105.128499,39.707392],[-105.12851,39.705053],[-105.12851,39.704962],[-105.128512,39.703744],[-105.128513,39.701267],[-105.128513,39.701031],[-105.128509,39.699921],[-105.128386,39.699923],[-105.128263,39.699918],[-105.12814,39.699907],[-105.128019,39.699889],[-105.1279,39.699864],[-105.127784,39.699834],[-105.127989,39.699299],[-105.128005,39.699235],[-105.128016,39.699171],[-105.128019,39.699105],[-105.128017,39.69904],[-105.128036,39.696535],[-105.128037,39.69648],[-105.127607,39.696487],[-105.127408,39.696491],[-105.125497,39.696522],[-105.125264,39.6965],[-105.125026,39.696478],[-105.124707,39.69648],[-105.123931,39.696484],[-105.123424,39.696486],[-105.122214,39.696492],[-105.121168,39.696497],[-105.120248,39.696502],[-105.119544,39.696506],[-105.119479,39.696506],[-105.119115,39.696508],[-105.118929,39.696509],[-105.11765,39.696517],[-105.116255,39.696526],[-105.114782,39.696535],[-105.114539,39.696536],[-105.11257,39.696549],[-105.112166,39.696567],[-105.109994,39.696565],[-105.10972,39.696564],[-105.109654,39.696564],[-105.108517,39.696563],[-105.10755,39.696561],[-105.106571,39.69656],[-105.105593,39.696559],[-105.105097,39.696558],[-105.104418,39.696557],[-105.103015,39.696555],[-105.101565,39.696553],[-105.100353,39.696552],[-105.100328,39.696552],[-105.100043,39.696551],[-105.09911,39.69655],[-105.097844,39.696548],[-105.097065,39.696546],[-105.094622,39.696542],[-105.093741,39.696541],[-105.093385,39.69654],[-105.093194,39.69654],[-105.092643,39.696539],[-105.092332,39.696538],[-105.090988,39.696539],[-105.090986,39.698426],[-105.090985,39.699636],[-105.090984,39.699841],[-105.090983,39.700181],[-105.087845,39.700203],[-105.087861,39.700346],[-105.087892,39.700617],[-105.087902,39.700754],[-105.08798,39.700972],[-105.087189,39.701294],[-105.085666,39.701021],[-105.083826,39.700906],[-105.082603,39.701309],[-105.082561,39.701323],[-105.082482,39.701296],[-105.082449,39.701285],[-105.082142,39.70118],[-105.081991,39.701129],[-105.081792,39.701061],[-105.081681,39.701023],[-105.081681,39.701067],[-105.08168,39.701574],[-105.08168,39.702182],[-105.081679,39.702984],[-105.081677,39.703828],[-105.081677,39.703881],[-105.081576,39.703881],[-105.08155,39.703882],[-105.08155,39.704804],[-105.081551,39.705792],[-105.081552,39.7069],[-105.081552,39.706953],[-105.081552,39.707066],[-105.081552,39.707084],[-105.081554,39.708021],[-105.081555,39.708549],[-105.081555,39.708569],[-105.081469,39.711037],[-105.081468,39.711174],[-105.081467,39.711452],[-105.081456,39.713911],[-105.081531,39.716597],[-105.081548,39.718197],[-105.081551,39.71846],[-105.081551,39.71859],[-105.081551,39.719012],[-105.081551,39.719305],[-105.081551,39.719561],[-105.081551,39.721865],[-105.081551,39.722096],[-105.081551,39.722154],[-105.081551,39.722453],[-105.08155,39.723908],[-105.08155,39.723917],[-105.08155,39.724166],[-105.08155,39.725324],[-105.08155,39.725492],[-105.08155,39.725575],[-105.081549,39.725615],[-105.081547,39.725728],[-105.081546,39.725768],[-105.081529,39.726643],[-105.081523,39.726943],[-105.081522,39.726991],[-105.081521,39.727109],[-105.081518,39.727264],[-105.081514,39.727552],[-105.081513,39.727621],[-105.081504,39.728161],[-105.0815,39.728442],[-105.081498,39.728689],[-105.081496,39.728986],[-105.081493,39.729371],[-105.081489,39.729887],[-105.081482,39.730756],[-105.08148,39.730905],[-105.081478,39.731195],[-105.081475,39.731459],[-105.081474,39.731543],[-105.081473,39.731616],[-105.081473,39.731674],[-105.081468,39.732269],[-105.081466,39.732987],[-105.081465,39.733002],[-105.081446,39.734792],[-105.081427,39.736535],[-105.081425,39.736664],[-105.081405,39.738468],[-105.081385,39.74028],[-105.081385,39.740289],[-105.081388,39.7421],[-105.081393,39.743902],[-105.081393,39.743912],[-105.081399,39.745758],[-105.081404,39.747546],[-105.08141,39.748443],[-105.081412,39.748728],[-105.081414,39.749098],[-105.081428,39.751469],[-105.081426,39.751577],[-105.081421,39.751686],[-105.081388,39.75202],[-105.081363,39.752354],[-105.081345,39.752689],[-105.081334,39.753023],[-105.081331,39.753358],[-105.081336,39.753693],[-105.081347,39.754028],[-105.081425,39.754803]]]}},{"type":"Feature","properties":{"name":"Pomona"},"geometry":{"type":"Polygon","coordinates":[[[-105.096212,39.862455],[-105.097112,39.862468],[-105.097438,39.862452],[-105.097679,39.862418],[-105.097973,39.862319],[-105.098138,39.862237],[-105.098284,39.862118],[-105.098414,39.862006],[-105.098521,39.861855],[-105.098656,39.861525],[-105.098639,39.861276],[-105.100062,39.861298],[-105.101006,39.861303],[-105.101897,39.861292],[-105.10245,39.861299],[-105.102723,39.8613],[-105.102932,39.861295],[-105.103219,39.861162],[-105.103974,39.860844],[-105.104443,39.860622],[-105.104493,39.860598],[-105.104681,39.860652],[-105.10526,39.860653],[-105.106346,39.860694],[-105.106393,39.860593],[-105.106738,39.859858],[-105.107154,39.859321],[-105.107643,39.858607],[-105.108113,39.856944],[-105.108152,39.856808],[-105.108599,39.856607],[-105.10884,39.856499],[-105.109321,39.855932],[-105.109579,39.855124],[-105.109572,39.854691],[-105.109827,39.854183],[-105.110048,39.853976],[-105.110048,39.853961],[-105.110048,39.853937],[-105.110047,39.853633],[-105.110046,39.853568],[-105.110044,39.853006],[-105.110044,39.852992],[-105.110042,39.852982],[-105.11004,39.852956],[-105.110038,39.852889],[-105.110038,39.852813],[-105.110039,39.852733],[-105.110042,39.852571],[-105.110045,39.852421],[-105.110045,39.852361],[-105.110044,39.851708],[-105.110044,39.851531],[-105.110045,39.851119],[-105.110046,39.850578],[-105.110047,39.849978],[-105.110049,39.849237],[-105.110064,39.847399],[-105.110065,39.8473],[-105.110069,39.84698],[-105.110081,39.846281],[-105.11009,39.845708],[-105.110084,39.845311],[-105.110083,39.84506],[-105.110095,39.843626],[-105.110098,39.843329],[-105.110101,39.842948],[-105.110101,39.842896],[-105.110082,39.841961],[-105.110036,39.840098],[-105.110026,39.838927],[-105.110024,39.838554],[-105.110016,39.837202],[-105.110015,39.837122],[-105.110015,39.836955],[-105.109976,39.836167],[-105.109949,39.834982],[-105.109932,39.834853],[-105.109897,39.834575],[-105.109848,39.834196],[-105.10985,39.833889],[-105.109859,39.832779],[-105.109808,39.832042],[-105.109819,39.831718],[-105.109782,39.831149],[-105.109784,39.830832],[-105.109787,39.830199],[-105.109789,39.829894],[-105.109789,39.829822],[-105.10979,39.829777],[-105.109789,39.829755],[-105.109787,39.829706],[-105.109784,39.829638],[-105.109774,39.829301],[-105.109742,39.828672],[-105.109703,39.827984],[-105.109722,39.827445],[-105.10973,39.827204],[-105.109711,39.826839],[-105.109616,39.824986],[-105.109631,39.823244],[-105.109632,39.823055],[-105.105913,39.820485],[-105.10579,39.820588],[-105.105639,39.820716],[-105.105334,39.820923],[-105.105305,39.820943],[-105.105049,39.820915],[-105.10495,39.820905],[-105.104879,39.820886],[-105.104781,39.82089],[-105.104766,39.820891],[-105.104648,39.820944],[-105.104575,39.820967],[-105.10444,39.821028],[-105.104324,39.821117],[-105.104268,39.821158],[-105.104205,39.821193],[-105.104105,39.821239],[-105.104038,39.821324],[-105.103946,39.82142],[-105.103926,39.821462],[-105.103903,39.821511],[-105.103893,39.821532],[-105.103837,39.82161],[-105.103779,39.821684],[-105.103719,39.821736],[-105.103715,39.821744],[-105.103704,39.821772],[-105.103719,39.821822],[-105.103713,39.821852],[-105.103689,39.821873],[-105.102591,39.822842],[-105.102587,39.823125],[-105.102111,39.823637],[-105.102137,39.823637],[-105.1019,39.823964],[-105.101702,39.824238],[-105.101679,39.824383],[-105.101639,39.824638],[-105.101621,39.824751],[-105.101712,39.82522],[-105.101661,39.82522],[-105.10155,39.82522],[-105.101283,39.825219],[-105.101314,39.825172],[-105.10126,39.825155],[-105.101224,39.825054],[-105.101127,39.824782],[-105.101091,39.824785],[-105.10082,39.824803],[-105.1007,39.824811],[-105.100398,39.824938],[-105.100308,39.825002],[-105.100299,39.825008],[-105.100092,39.825059],[-105.100015,39.825078],[-105.099873,39.825079],[-105.099773,39.825117],[-105.09965,39.825081],[-105.099627,39.825074],[-105.099604,39.825085],[-105.099476,39.825148],[-105.099394,39.825136],[-105.099396,39.825428],[-105.09797,39.825443],[-105.097986,39.826687],[-105.097989,39.826861],[-105.097991,39.827043],[-105.097182,39.826979],[-105.096129,39.82695],[-105.095454,39.827011],[-105.094897,39.82705],[-105.094545,39.827078],[-105.093875,39.827159],[-105.093304,39.827216],[-105.092808,39.827207],[-105.091936,39.827222],[-105.090927,39.82724],[-105.08666,39.827258],[-105.081494,39.827263],[-105.081467,39.827263],[-105.081506,39.828146],[-105.081513,39.828312],[-105.081606,39.830435],[-105.081648,39.83182],[-105.081673,39.832666],[-105.081727,39.834854],[-105.081735,39.835421],[-105.081767,39.837812],[-105.081829,39.838398],[-105.081824,39.839183],[-105.081819,39.839959],[-105.081853,39.841814],[-105.081851,39.841836],[-105.079424,39.841837],[-105.073361,39.841836],[-105.072956,39.841813],[-105.072704,39.841761],[-105.07256,39.84173],[-105.072242,39.841663],[-105.071195,39.841443],[-105.069713,39.84123],[-105.069295,39.841187],[-105.068186,39.841152],[-105.067572,39.841133],[-105.067487,39.841134],[-105.066744,39.841142],[-105.066694,39.841142],[-105.066425,39.841145],[-105.066359,39.841145],[-105.064102,39.841137],[-105.063732,39.841144],[-105.063625,39.841145],[-105.063584,39.841146],[-105.063523,39.841148],[-105.063313,39.841164],[-105.062752,39.841228],[-105.06266,39.84124],[-105.06247,39.841266],[-105.062282,39.841297],[-105.062095,39.841334],[-105.06191,39.841376],[-105.061727,39.841423],[-105.061547,39.841475],[-105.061369,39.841532],[-105.061138,39.84159],[-105.060904,39.841642],[-105.060669,39.841687],[-105.060431,39.841726],[-105.060192,39.841759],[-105.059951,39.841785],[-105.059805,39.841797],[-105.059617,39.84181],[-105.059428,39.841819],[-105.059239,39.841824],[-105.05905,39.841825],[-105.057549,39.841817],[-105.053439,39.841795],[-105.053313,39.841794],[-105.053242,39.841794],[-105.053241,39.841807],[-105.053241,39.841829],[-105.053233,39.843499],[-105.053231,39.844052],[-105.053227,39.844805],[-105.053225,39.845266],[-105.053222,39.845763],[-105.053214,39.847367],[-105.053206,39.849033],[-105.053205,39.849649],[-105.053202,39.85137],[-105.053201,39.851655],[-105.053201,39.851981],[-105.053201,39.852001],[-105.05321,39.852173],[-105.053219,39.852333],[-105.053253,39.852931],[-105.053267,39.85318],[-105.053272,39.85326],[-105.053275,39.853317],[-105.053275,39.85337],[-105.053274,39.853457],[-105.053271,39.853923],[-105.053269,39.854053],[-105.053267,39.854223],[-105.053273,39.854307],[-105.053267,39.854548],[-105.053266,39.854587],[-105.053262,39.854715],[-105.05326,39.854773],[-105.053256,39.854944],[-105.053247,39.855244],[-105.053241,39.855466],[-105.053234,39.85571],[-105.05323,39.855866],[-105.053229,39.855886],[-105.053228,39.855936],[-105.053227,39.855971],[-105.053225,39.856023],[-105.053224,39.856064],[-105.053223,39.856115],[-105.053222,39.856148],[-105.053221,39.856182],[-105.053219,39.856228],[-105.053218,39.856268],[-105.053218,39.856285],[-105.053218,39.856294],[-105.053338,39.856295],[-105.053667,39.8563],[-105.054607,39.856313],[-105.062497,39.85642],[-105.062654,39.856422],[-105.06271,39.856423],[-105.064075,39.856441],[-105.064472,39.856447],[-105.064678,39.85645],[-105.066822,39.856479],[-105.067957,39.856494],[-105.07223,39.856552],[-105.074131,39.856544],[-105.076657,39.856486],[-105.081701,39.856432],[-105.081645,39.859455],[-105.082155,39.85944],[-105.08218,39.859439],[-105.082835,39.859473],[-105.083042,39.859519],[-105.083241,39.859577],[-105.083613,39.859764],[-105.084055,39.859915],[-105.084274,39.859955],[-105.084691,39.859969],[-105.085024,39.859964],[-105.085325,39.859933],[-105.085453,39.859926],[-105.085888,39.859831],[-105.086461,39.85976],[-105.086894,39.859731],[-105.087218,39.859738],[-105.087634,39.859737],[-105.08781,39.859749],[-105.088262,39.859796],[-105.088575,39.859851],[-105.089112,39.859965],[-105.089488,39.860054],[-105.08993,39.860196],[-105.090187,39.860246],[-105.090547,39.86025],[-105.090738,39.86025],[-105.091046,39.860262],[-105.091768,39.860262],[-105.092214,39.860269],[-105.092381,39.860263],[-105.092514,39.860302],[-105.092639,39.860386],[-105.092738,39.860495],[-105.092806,39.860644],[-105.093008,39.861307],[-105.093162,39.861768],[-105.093314,39.862095],[-105.093545,39.862297],[-105.093795,39.862395],[-105.094045,39.862428],[-105.094422,39.862445],[-105.095316,39.862443],[-105.096212,39.862455]]]}},{"type":"Feature","properties":{"name":"Ralston Valley"},"geometry":{"type":"Polygon","coordinates":[[[-105.239007,39.914056],[-105.239062,39.914056],[-105.239165,39.914056],[-105.239414,39.914055],[-105.239738,39.914053],[-105.269199,39.9138],[-105.285118,39.91366],[-105.285132,39.91366],[-105.285875,39.913654],[-105.285987,39.913654],[-105.293052,39.913671],[-105.295323,39.913676],[-105.304601,39.913713],[-105.311529,39.91374],[-105.313881,39.913748],[-105.31423,39.913749],[-105.318491,39.913759],[-105.321965,39.913766],[-105.323213,39.913769],[-105.323787,39.91377],[-105.327796,39.913776],[-105.329767,39.913779],[-105.331977,39.913782],[-105.332237,39.913781],[-105.33295,39.91378],[-105.334572,39.913767],[-105.335825,39.913758],[-105.338461,39.913737],[-105.338914,39.913734],[-105.339602,39.913728],[-105.339717,39.913728],[-105.340789,39.913718],[-105.342256,39.913704],[-105.344515,39.913681],[-105.346035,39.913665],[-105.348985,39.913635],[-105.349602,39.913628],[-105.351089,39.913612],[-105.351327,39.91361],[-105.351691,39.913604],[-105.35436,39.91356],[-105.35551,39.913541],[-105.357446,39.913509],[-105.357681,39.913505],[-105.357855,39.913502],[-105.363551,39.913406],[-105.367518,39.913338],[-105.368115,39.913328],[-105.370074,39.913294],[-105.370351,39.913286],[-105.370431,39.913283],[-105.371266,39.913258],[-105.372942,39.913238],[-105.374294,39.913223],[-105.375796,39.913205],[-105.376918,39.9132],[-105.378017,39.913196],[-105.379023,39.913192],[-105.379576,39.91319],[-105.379786,39.913189],[-105.382029,39.913165],[-105.382916,39.913156],[-105.385136,39.913132],[-105.388862,39.913091],[-105.389962,39.913073],[-105.393477,39.913013],[-105.395238,39.912984],[-105.396529,39.912964],[-105.397846,39.912943],[-105.398124,39.912939],[-105.398304,39.912936],[-105.398219,39.909109],[-105.398203,39.908381],[-105.398198,39.90817],[-105.398191,39.907846],[-105.398162,39.906577],[-105.398155,39.906254],[-105.398154,39.906199],[-105.398141,39.905619],[-105.398119,39.904233],[-105.398082,39.902028],[-105.398019,39.898261],[-105.397861,39.892719],[-105.397811,39.890923],[-105.397766,39.888753],[-105.397659,39.883589],[-105.397654,39.883496],[-105.397638,39.88318],[-105.397564,39.881619],[-105.3975,39.880298],[-105.397456,39.879392],[-105.397377,39.877748],[-105.39737,39.877608],[-105.397325,39.876677],[-105.397317,39.876504],[-105.397313,39.875823],[-105.397329,39.872937],[-105.39733,39.872786],[-105.397336,39.871814],[-105.397345,39.870105],[-105.397351,39.869108],[-105.340356,39.86867],[-105.340381,39.86103],[-105.330272,39.861091],[-105.321087,39.86101],[-105.312192,39.860929],[-105.303263,39.861574],[-105.296046,39.862204],[-105.294194,39.862366],[-105.290887,39.862356],[-105.289272,39.862352],[-105.288911,39.862351],[-105.287959,39.862348],[-105.287589,39.862347],[-105.285063,39.862577],[-105.285564,39.86176],[-105.286868,39.859636],[-105.289688,39.85504],[-105.288806,39.855117],[-105.283931,39.855547],[-105.282362,39.854332],[-105.281882,39.853961],[-105.280734,39.853072],[-105.27653,39.849816],[-105.27608,39.849468],[-105.276083,39.848519],[-105.275972,39.84852],[-105.269095,39.848548],[-105.259618,39.848586],[-105.259552,39.844942],[-105.259631,39.844942],[-105.264393,39.844925],[-105.264393,39.844827],[-105.264377,39.841283],[-105.264332,39.841283],[-105.259486,39.841298],[-105.259348,39.837669],[-105.257151,39.837666],[-105.25482,39.837663],[-105.254697,39.837663],[-105.254573,39.83407],[-105.254572,39.834039],[-105.249934,39.834037],[-105.250026,39.835077],[-105.250094,39.835847],[-105.247743,39.835842],[-105.247737,39.837654],[-105.240829,39.837642],[-105.240796,39.837642],[-105.240767,39.834216],[-105.240663,39.834214],[-105.240658,39.834033],[-105.232011,39.83407],[-105.23131,39.834074],[-105.231177,39.834076],[-105.230688,39.834084],[-105.229172,39.83411],[-105.22887,39.834116],[-105.228757,39.833835],[-105.228708,39.833694],[-105.228663,39.833552],[-105.228577,39.833268],[-105.2285,39.832982],[-105.228432,39.832695],[-105.228373,39.832407],[-105.22806,39.830259],[-105.228029,39.830077],[-105.227989,39.829895],[-105.227941,39.829715],[-105.227885,39.829536],[-105.227821,39.829359],[-105.227748,39.829183],[-105.227668,39.82901],[-105.22758,39.828839],[-105.227484,39.82867],[-105.227381,39.828504],[-105.22727,39.828341],[-105.227151,39.828181],[-105.227002,39.828019],[-105.226846,39.827861],[-105.226684,39.827707],[-105.226515,39.827557],[-105.226341,39.827411],[-105.226161,39.827269],[-105.225975,39.827132],[-105.225783,39.826999],[-105.225586,39.826871],[-105.225061,39.82649],[-105.223535,39.82546],[-105.223376,39.825334],[-105.223222,39.825203],[-105.223075,39.825069],[-105.222935,39.82493],[-105.222802,39.824787],[-105.222675,39.824641],[-105.222555,39.824491],[-105.222443,39.824337],[-105.222338,39.824181],[-105.222241,39.824021],[-105.222152,39.82386],[-105.22207,39.823695],[-105.221996,39.823528],[-105.221931,39.82336],[-105.221873,39.823189],[-105.221824,39.823018],[-105.221783,39.822844],[-105.221751,39.82267],[-105.221727,39.822495],[-105.221665,39.81807],[-105.221641,39.81807],[-105.221616,39.81807],[-105.221423,39.81807],[-105.219047,39.818069],[-105.2189,39.818052],[-105.218754,39.818028],[-105.21861,39.817999],[-105.218468,39.817964],[-105.218329,39.817923],[-105.218192,39.817876],[-105.21806,39.817823],[-105.217931,39.817766],[-105.217807,39.817702],[-105.217687,39.817634],[-105.217572,39.817561],[-105.217463,39.817483],[-105.217359,39.8174],[-105.217261,39.817314],[-105.216272,39.816618],[-105.216141,39.816553],[-105.216006,39.816494],[-105.215866,39.816441],[-105.215723,39.816394],[-105.215577,39.816353],[-105.215428,39.816319],[-105.215276,39.816292],[-105.215123,39.816271],[-105.214969,39.816257],[-105.214813,39.81625],[-105.214658,39.81625],[-105.214503,39.816256],[-105.203768,39.816223],[-105.203627,39.816205],[-105.203488,39.816181],[-105.203351,39.816151],[-105.203216,39.816115],[-105.203084,39.816073],[-105.202956,39.816026],[-105.202831,39.815973],[-105.202691,39.815894],[-105.202557,39.815809],[-105.202428,39.81572],[-105.202305,39.815626],[-105.199961,39.813325],[-105.199848,39.813242],[-105.199729,39.813165],[-105.199604,39.813093],[-105.199474,39.813027],[-105.199339,39.812967],[-105.1992,39.812913],[-105.199058,39.812865],[-105.198911,39.812824],[-105.198762,39.812789],[-105.198611,39.812761],[-105.198458,39.81274],[-105.198187,39.812738],[-105.198066,39.812737],[-105.197247,39.812731],[-105.196019,39.812721],[-105.193322,39.8127],[-105.193293,39.812699],[-105.191166,39.812692],[-105.189001,39.812685],[-105.188771,39.812684],[-105.185592,39.812672],[-105.183822,39.812665],[-105.183633,39.812665],[-105.183609,39.812665],[-105.183378,39.812662],[-105.182992,39.812657],[-105.182694,39.812654],[-105.181652,39.812642],[-105.181414,39.812639],[-105.180585,39.812629],[-105.17865,39.812606],[-105.178113,39.812599],[-105.176338,39.812578],[-105.174729,39.812559],[-105.174702,39.812559],[-105.174553,39.812557],[-105.174526,39.812554],[-105.174526,39.812615],[-105.174538,39.814396],[-105.174536,39.814926],[-105.174532,39.815768],[-105.174531,39.816032],[-105.17453,39.81606],[-105.17453,39.816103],[-105.17453,39.81619],[-105.17453,39.816246],[-105.174455,39.816245],[-105.17437,39.816244],[-105.174175,39.816243],[-105.173982,39.816241],[-105.173918,39.81624],[-105.173757,39.816238],[-105.173521,39.816236],[-105.173481,39.816236],[-105.173303,39.816234],[-105.173106,39.816232],[-105.172909,39.81623],[-105.172783,39.816228],[-105.172709,39.816228],[-105.172521,39.816226],[-105.171932,39.81622],[-105.171579,39.816216],[-105.170835,39.816208],[-105.170642,39.816206],[-105.170534,39.816204],[-105.170139,39.8162],[-105.170117,39.816199],[-105.170074,39.816199],[-105.169984,39.816197],[-105.169917,39.816195],[-105.169874,39.816195],[-105.169874,39.816759],[-105.169849,39.818332],[-105.169839,39.819724],[-105.169839,39.819799],[-105.167763,39.819778],[-105.167546,39.819816],[-105.167378,39.819831],[-105.165249,39.819828],[-105.165239,39.820959],[-105.165176,39.820954],[-105.164291,39.820888],[-105.162872,39.820934],[-105.162724,39.821297],[-105.162157,39.821695],[-105.162148,39.821701],[-105.161276,39.821833],[-105.160081,39.822153],[-105.15945,39.822135],[-105.159025,39.822122],[-105.158778,39.822115],[-105.15842,39.822105],[-105.15807,39.822095],[-105.157555,39.822498],[-105.157505,39.822538],[-105.157285,39.822857],[-105.157275,39.822872],[-105.157266,39.822886],[-105.157258,39.822896],[-105.156942,39.823355],[-105.156669,39.823452],[-105.156519,39.823505],[-105.156037,39.823675],[-105.155821,39.823751],[-105.155074,39.823978],[-105.154508,39.823835],[-105.15325,39.82383],[-105.152475,39.823535],[-105.152388,39.823502],[-105.151559,39.823459],[-105.151064,39.823433],[-105.150269,39.823332],[-105.150128,39.823314],[-105.149522,39.823236],[-105.148493,39.823133],[-105.148384,39.823122],[-105.147605,39.823128],[-105.147591,39.823128],[-105.147329,39.82313],[-105.147313,39.82313],[-105.147309,39.824523],[-105.147308,39.825064],[-105.147308,39.825083],[-105.147308,39.825127],[-105.147308,39.825185],[-105.147307,39.825371],[-105.147307,39.825647],[-105.147305,39.826344],[-105.147303,39.827063],[-105.147234,39.827063],[-105.146629,39.827025],[-105.142736,39.827039],[-105.138609,39.827089],[-105.137902,39.827091],[-105.137903,39.827118],[-105.137904,39.827233],[-105.137904,39.827263],[-105.137909,39.827511],[-105.137929,39.828409],[-105.13796,39.829842],[-105.137979,39.830477],[-105.137979,39.830712],[-105.137999,39.831677],[-105.138014,39.832399],[-105.138025,39.832798],[-105.138067,39.834342],[-105.138069,39.83457],[-105.138072,39.835114],[-105.138074,39.835163],[-105.138078,39.835385],[-105.138085,39.83569],[-105.138093,39.836042],[-105.1381,39.836368],[-105.138103,39.836543],[-105.138106,39.836684],[-105.138113,39.836972],[-105.138117,39.837173],[-105.138121,39.837374],[-105.138128,39.837678],[-105.138132,39.83788],[-105.138139,39.838218],[-105.138145,39.83849],[-105.138145,39.838502],[-105.138153,39.838852],[-105.138155,39.838939],[-105.138156,39.839009],[-105.138209,39.841812],[-105.138215,39.842143],[-105.138222,39.842524],[-105.138227,39.842777],[-105.138228,39.842815],[-105.12869,39.836218],[-105.123458,39.832587],[-105.123106,39.832343],[-105.118273,39.829043],[-105.115607,39.827193],[-105.115549,39.827153],[-105.109683,39.823091],[-105.109632,39.823055],[-105.109631,39.823244],[-105.109616,39.824986],[-105.109711,39.826839],[-105.10973,39.827204],[-105.109722,39.827445],[-105.109703,39.827984],[-105.109742,39.828672],[-105.109774,39.829301],[-105.109784,39.829638],[-105.109787,39.829706],[-105.109789,39.829755],[-105.10979,39.829777],[-105.109789,39.829822],[-105.109789,39.829894],[-105.109787,39.830199],[-105.109784,39.830832],[-105.109782,39.831149],[-105.109819,39.831718],[-105.109808,39.832042],[-105.109859,39.832779],[-105.10985,39.833889],[-105.109848,39.834196],[-105.109897,39.834575],[-105.109932,39.834853],[-105.109949,39.834982],[-105.109976,39.836167],[-105.110015,39.836955],[-105.110015,39.837122],[-105.110016,39.837202],[-105.110024,39.838554],[-105.110026,39.838927],[-105.110036,39.840098],[-105.110082,39.841961],[-105.110101,39.842896],[-105.110101,39.842948],[-105.110098,39.843329],[-105.110095,39.843626],[-105.110083,39.84506],[-105.110084,39.845311],[-105.11009,39.845708],[-105.110081,39.846281],[-105.110069,39.84698],[-105.110065,39.8473],[-105.110064,39.847399],[-105.110049,39.849237],[-105.110047,39.849978],[-105.110046,39.850578],[-105.110045,39.851119],[-105.110044,39.851531],[-105.110044,39.851708],[-105.110045,39.852361],[-105.110045,39.852421],[-105.110042,39.852571],[-105.110039,39.852733],[-105.110038,39.852813],[-105.110038,39.852889],[-105.11004,39.852956],[-105.110042,39.852982],[-105.110044,39.852992],[-105.110044,39.853006],[-105.110046,39.853568],[-105.110047,39.853633],[-105.110048,39.853937],[-105.110048,39.853961],[-105.110048,39.853976],[-105.109827,39.854183],[-105.109572,39.854691],[-105.109579,39.855124],[-105.109321,39.855932],[-105.10884,39.856499],[-105.108599,39.856607],[-105.108152,39.856808],[-105.108113,39.856944],[-105.107643,39.858607],[-105.107154,39.859321],[-105.106738,39.859858],[-105.106393,39.860593],[-105.106346,39.860694],[-105.10658,39.860826],[-105.106808,39.861392],[-105.107045,39.861956],[-105.10729,39.862518],[-105.107543,39.863078],[-105.107805,39.863636],[-105.108075,39.864191],[-105.108353,39.864744],[-105.108639,39.865294],[-105.108933,39.865842],[-105.109235,39.866387],[-105.109545,39.86693],[-105.114654,39.873714],[-105.114772,39.873849],[-105.114898,39.873981],[-105.115032,39.874108],[-105.115172,39.874231],[-105.115319,39.874348],[-105.115472,39.874461],[-105.115632,39.874569],[-105.115797,39.874671],[-105.115968,39.874768],[-105.116145,39.874858],[-105.116326,39.874943],[-105.116512,39.875022],[-105.116702,39.875095],[-105.116896,39.875161],[-105.117093,39.87522],[-105.117294,39.875273],[-105.117497,39.87532],[-105.117703,39.875359],[-105.117911,39.875392],[-105.11812,39.875417],[-105.118331,39.875436],[-105.118542,39.875448],[-105.118754,39.875452],[-105.118966,39.87545],[-105.119178,39.87544],[-105.119389,39.875424],[-105.119599,39.8754],[-105.119807,39.87537],[-105.120014,39.875333],[-105.128785,39.873404],[-105.128756,39.875166],[-105.1287,39.878521],[-105.130074,39.878215],[-105.147372,39.878313],[-105.147435,39.878313],[-105.152158,39.878256],[-105.16119,39.878178],[-105.166238,39.878134],[-105.193915,39.877888],[-105.209281,39.877981],[-105.239639,39.878158],[-105.240947,39.878166],[-105.241134,39.878167],[-105.241134,39.878188],[-105.241132,39.882866],[-105.241129,39.887841],[-105.241079,39.896521],[-105.241058,39.900099],[-105.241105,39.903504],[-105.241097,39.90466],[-105.241096,39.904883],[-105.241096,39.904912],[-105.241089,39.906527],[-105.241088,39.906914],[-105.241081,39.907191],[-105.241067,39.907467],[-105.241045,39.907743],[-105.241015,39.908019],[-105.240978,39.908294],[-105.240934,39.908569],[-105.240882,39.908842],[-105.240823,39.909115],[-105.240808,39.909176],[-105.240736,39.909462],[-105.240656,39.909748],[-105.240567,39.910032],[-105.24047,39.910314],[-105.240388,39.910537],[-105.240301,39.910758],[-105.240174,39.911096],[-105.239007,39.914056]]]}},{"type":"Feature","properties":{"name":"Standley Lake"},"geometry":{"type":"Polygon","coordinates":[[[-105.061776,39.914273],[-105.062168,39.914275],[-105.062242,39.914275],[-105.062364,39.914276],[-105.062446,39.914276],[-105.064141,39.914281],[-105.06484,39.914283],[-105.065735,39.914286],[-105.06607,39.914287],[-105.066757,39.914289],[-105.066974,39.914289],[-105.067133,39.91429],[-105.068191,39.914293],[-105.06954,39.914297],[-105.070443,39.9143],[-105.07181,39.914305],[-105.072569,39.914304],[-105.073002,39.914303],[-105.074184,39.914302],[-105.075348,39.9143],[-105.076533,39.914299],[-105.077227,39.914298],[-105.078199,39.914297],[-105.08035,39.914294],[-105.080503,39.914294],[-105.080657,39.914293],[-105.081144,39.914293],[-105.081154,39.914293],[-105.081218,39.914293],[-105.082354,39.914291],[-105.083632,39.914289],[-105.085899,39.914286],[-105.087522,39.914284],[-105.088226,39.914283],[-105.088447,39.914283],[-105.091067,39.914279],[-105.091152,39.914278],[-105.09128,39.914278],[-105.091717,39.914278],[-105.091911,39.914278],[-105.092068,39.914277],[-105.093058,39.914276],[-105.094368,39.914274],[-105.095279,39.914273],[-105.095383,39.914273],[-105.095826,39.914272],[-105.09611,39.914272],[-105.0965,39.914271],[-105.096713,39.914271],[-105.096745,39.914271],[-105.098664,39.914267],[-105.099284,39.914266],[-105.099807,39.914265],[-105.100036,39.914265],[-105.101863,39.914265],[-105.102655,39.914263],[-105.104119,39.914261],[-105.106622,39.914258],[-105.106823,39.914258],[-105.108559,39.914255],[-105.108659,39.914255],[-105.108766,39.914255],[-105.109442,39.914254],[-105.110113,39.914249],[-105.111213,39.914241],[-105.113491,39.914225],[-105.113625,39.914224],[-105.114299,39.914221],[-105.114408,39.91422],[-105.116802,39.914204],[-105.118876,39.91419],[-105.120041,39.914183],[-105.121629,39.914174],[-105.12488,39.914151],[-105.128417,39.914127],[-105.128941,39.914128],[-105.129561,39.914129],[-105.130385,39.91413],[-105.130424,39.91413],[-105.133453,39.914135],[-105.135253,39.914138],[-105.137327,39.914141],[-105.137716,39.914141],[-105.137717,39.914114],[-105.138225,39.914117],[-105.13854,39.914119],[-105.140066,39.914118],[-105.14267,39.914115],[-105.14536,39.914117],[-105.146072,39.914117],[-105.146276,39.914117],[-105.146622,39.914117],[-105.147079,39.914117],[-105.147113,39.914145],[-105.147165,39.914144],[-105.147338,39.914143],[-105.151176,39.914111],[-105.151418,39.914109],[-105.152971,39.914096],[-105.153767,39.914089],[-105.156244,39.914069],[-105.15919,39.914094],[-105.159912,39.9141],[-105.161547,39.914114],[-105.164618,39.91414],[-105.165149,39.914143],[-105.166034,39.914146],[-105.166726,39.91415],[-105.16828,39.914154],[-105.171811,39.914159],[-105.175111,39.914165],[-105.179195,39.914174],[-105.180041,39.914176],[-105.181181,39.914178],[-105.184295,39.914184],[-105.184483,39.914185],[-105.186645,39.914169],[-105.187669,39.914161],[-105.188463,39.914156],[-105.190036,39.914144],[-105.191057,39.914137],[-105.192066,39.914129],[-105.193213,39.914121],[-105.19386,39.914116],[-105.197004,39.914122],[-105.197776,39.914123],[-105.200513,39.914128],[-105.203278,39.914132],[-105.207635,39.914119],[-105.207855,39.914119],[-105.212778,39.914104],[-105.212915,39.914103],[-105.214422,39.914095],[-105.215191,39.91409],[-105.221228,39.914056],[-105.222213,39.91405],[-105.225848,39.914048],[-105.227114,39.914047],[-105.231746,39.914044],[-105.236493,39.914045],[-105.238649,39.914053],[-105.239007,39.914056],[-105.240174,39.911096],[-105.240301,39.910758],[-105.240388,39.910537],[-105.24047,39.910314],[-105.240567,39.910032],[-105.240656,39.909748],[-105.240736,39.909462],[-105.240808,39.909176],[-105.240823,39.909115],[-105.240882,39.908842],[-105.240934,39.908569],[-105.240978,39.908294],[-105.241015,39.908019],[-105.241045,39.907743],[-105.241067,39.907467],[-105.241081,39.907191],[-105.241088,39.906914],[-105.241089,39.906527],[-105.241096,39.904912],[-105.241096,39.904883],[-105.241097,39.90466],[-105.241105,39.903504],[-105.241058,39.900099],[-105.241079,39.896521],[-105.241129,39.887841],[-105.241132,39.882866],[-105.241134,39.878188],[-105.241134,39.878167],[-105.240947,39.878166],[-105.239639,39.878158],[-105.209281,39.877981],[-105.193915,39.877888],[-105.166238,39.878134],[-105.16119,39.878178],[-105.152158,39.878256],[-105.147435,39.878313],[-105.147372,39.878313],[-105.130074,39.878215],[-105.1287,39.878521],[-105.128756,39.875166],[-105.128785,39.873404],[-105.120014,39.875333],[-105.119807,39.87537],[-105.119599,39.8754],[-105.119389,39.875424],[-105.119178,39.87544],[-105.118966,39.87545],[-105.118754,39.875452],[-105.118542,39.875448],[-105.118331,39.875436],[-105.11812,39.875417],[-105.117911,39.875392],[-105.117703,39.875359],[-105.117497,39.87532],[-105.117294,39.875273],[-105.117093,39.87522],[-105.116896,39.875161],[-105.116702,39.875095],[-105.116512,39.875022],[-105.116326,39.874943],[-105.116145,39.874858],[-105.115968,39.874768],[-105.115797,39.874671],[-105.115632,39.874569],[-105.115472,39.874461],[-105.115319,39.874348],[-105.115172,39.874231],[-105.115032,39.874108],[-105.114898,39.873981],[-105.114772,39.873849],[-105.114654,39.873714],[-105.109545,39.86693],[-105.109235,39.866387],[-105.108933,39.865842],[-105.108639,39.865294],[-105.108353,39.864744],[-105.108075,39.864191],[-105.107805,39.863636],[-105.107543,39.863078],[-105.10729,39.862518],[-105.107045,39.861956],[-105.106808,39.861392],[-105.10658,39.860826],[-105.106346,39.860694],[-105.10526,39.860653],[-105.104681,39.860652],[-105.104493,39.860598],[-105.104443,39.860622],[-105.103974,39.860844],[-105.103219,39.861162],[-105.102932,39.861295],[-105.102723,39.8613],[-105.10245,39.861299],[-105.101897,39.861292],[-105.101006,39.861303],[-105.100062,39.861298],[-105.098639,39.861276],[-105.098656,39.861525],[-105.098521,39.861855],[-105.098414,39.862006],[-105.098284,39.862118],[-105.098138,39.862237],[-105.097973,39.862319],[-105.097679,39.862418],[-105.097438,39.862452],[-105.097112,39.862468],[-105.096212,39.862455],[-105.095316,39.862443],[-105.094422,39.862445],[-105.094045,39.862428],[-105.093795,39.862395],[-105.093545,39.862297],[-105.093314,39.862095],[-105.093162,39.861768],[-105.093008,39.861307],[-105.092806,39.860644],[-105.092738,39.860495],[-105.092639,39.860386],[-105.092514,39.860302],[-105.092381,39.860263],[-105.092214,39.860269],[-105.091768,39.860262],[-105.091046,39.860262],[-105.090738,39.86025],[-105.090547,39.86025],[-105.090187,39.860246],[-105.08993,39.860196],[-105.089488,39.860054],[-105.089112,39.859965],[-105.088575,39.859851],[-105.088262,39.859796],[-105.08781,39.859749],[-105.087634,39.859737],[-105.087218,39.859738],[-105.086894,39.859731],[-105.086461,39.85976],[-105.085888,39.859831],[-105.085453,39.859926],[-105.085325,39.859933],[-105.085024,39.859964],[-105.084691,39.859969],[-105.084274,39.859955],[-105.084055,39.859915],[-105.083613,39.859764],[-105.083241,39.859577],[-105.083042,39.859519],[-105.082835,39.859473],[-105.08218,39.859439],[-105.082155,39.85944],[-105.081645,39.859455],[-105.081701,39.856432],[-105.076657,39.856486],[-105.074131,39.856544],[-105.07223,39.856552],[-105.067957,39.856494],[-105.066822,39.856479],[-105.064678,39.85645],[-105.064472,39.856447],[-105.064075,39.856441],[-105.06271,39.856423],[-105.062654,39.856422],[-105.062497,39.85642],[-105.054607,39.856313],[-105.053667,39.8563],[-105.053338,39.856295],[-105.053218,39.856294],[-105.053193,39.856293],[-105.05319,39.856601],[-105.05319,39.856678],[-105.053189,39.856834],[-105.053187,39.857026],[-105.053184,39.857363],[-105.053177,39.858355],[-105.053177,39.858384],[-105.053164,39.859999],[-105.053149,39.861905],[-105.053138,39.863413],[-105.053137,39.863537],[-105.053138,39.863618],[-105.05318,39.867693],[-105.053196,39.869192],[-105.053198,39.869397],[-105.053208,39.870355],[-105.053213,39.870826],[-105.05323,39.872435],[-105.053232,39.872588],[-105.053232,39.872608],[-105.053227,39.874405],[-105.053216,39.87801],[-105.053206,39.881649],[-105.053201,39.883487],[-105.053101,39.884891],[-105.0531,39.884902],[-105.053093,39.885002],[-105.053078,39.885218],[-105.053074,39.885276],[-105.053073,39.885356],[-105.05307,39.885935],[-105.053051,39.889555],[-105.053037,39.892187],[-105.053035,39.892521],[-105.053035,39.892644],[-105.053034,39.892737],[-105.053013,39.89689],[-105.05301,39.897624],[-105.053003,39.899024],[-105.053003,39.899102],[-105.053001,39.899712],[-105.053001,39.899767],[-105.052996,39.899806],[-105.052996,39.899943],[-105.052991,39.901392],[-105.052991,39.901528],[-105.05299,39.901809],[-105.052988,39.902525],[-105.052987,39.902752],[-105.052986,39.90305],[-105.052982,39.903999],[-105.052983,39.904145],[-105.05299,39.905113],[-105.052991,39.905209],[-105.052995,39.90578],[-105.052999,39.906259],[-105.052999,39.906642],[-105.052985,39.906938],[-105.052985,39.907048],[-105.052984,39.907116],[-105.052977,39.908822],[-105.052977,39.908849],[-105.052977,39.908967],[-105.052972,39.910286],[-105.052969,39.91139],[-105.052968,39.911667],[-105.052968,39.91168],[-105.052963,39.913179],[-105.052962,39.913602],[-105.052962,39.913621],[-105.052961,39.913734],[-105.052952,39.913795],[-105.052945,39.913848],[-105.052944,39.914077],[-105.052943,39.914124],[-105.052943,39.914149],[-105.052943,39.914224],[-105.052943,39.91424],[-105.052957,39.91424],[-105.055106,39.914248],[-105.057796,39.914258],[-105.057978,39.914259],[-105.058,39.914259],[-105.058343,39.91426],[-105.059005,39.914263],[-105.059022,39.914263],[-105.059076,39.914263],[-105.060338,39.914268],[-105.060553,39.914269],[-105.061453,39.914272],[-105.061639,39.914273],[-105.061776,39.914273]]]}},{"type":"Feature","properties":{"name":"Wheat Ridge"},"geometry":{"type":"Polygon","coordinates":[[[-105.062651,39.787],[-105.062651,39.787195],[-105.06265,39.787463],[-105.062649,39.788359],[-105.063444,39.787467],[-105.06354,39.787393],[-105.063758,39.787303],[-105.063979,39.78722],[-105.064205,39.787142],[-105.064433,39.78707],[-105.064665,39.787004],[-105.064899,39.786944],[-105.065136,39.78689],[-105.065375,39.786843],[-105.065616,39.786802],[-105.065859,39.786767],[-105.066103,39.786739],[-105.066348,39.786717],[-105.066594,39.786701],[-105.068283,39.786847],[-105.06875,39.78689],[-105.068853,39.786892],[-105.069288,39.786914],[-105.069421,39.786923],[-105.069556,39.786925],[-105.06969,39.786921],[-105.069823,39.786911],[-105.069956,39.786893],[-105.070086,39.78687],[-105.070215,39.786839],[-105.071551,39.786534],[-105.071678,39.786503],[-105.071808,39.786477],[-105.071939,39.786456],[-105.072071,39.786441],[-105.072194,39.78643],[-105.072315,39.786412],[-105.072435,39.786387],[-105.072552,39.786355],[-105.072665,39.786316],[-105.072774,39.786271],[-105.07368,39.78597],[-105.073818,39.78595],[-105.073954,39.785924],[-105.074089,39.785892],[-105.074221,39.785855],[-105.074351,39.785812],[-105.074477,39.785764],[-105.0746,39.785712],[-105.075452,39.785321],[-105.076242,39.784993],[-105.076728,39.784887],[-105.077661,39.784685],[-105.078119,39.78467],[-105.078612,39.784733],[-105.079027,39.784823],[-105.079342,39.784824],[-105.079384,39.784824],[-105.079441,39.784804],[-105.079521,39.784775],[-105.079896,39.784704],[-105.080069,39.784672],[-105.080399,39.784622],[-105.080717,39.784535],[-105.081415,39.784444],[-105.081414,39.784785],[-105.081414,39.784984],[-105.081413,39.785145],[-105.081412,39.785343],[-105.081413,39.785476],[-105.081413,39.785493],[-105.081413,39.785619],[-105.081413,39.785677],[-105.081413,39.785758],[-105.081414,39.785872],[-105.081414,39.786007],[-105.088421,39.78433],[-105.08907,39.784167],[-105.08932,39.784104],[-105.089572,39.784045],[-105.089826,39.783991],[-105.090082,39.783942],[-105.090339,39.783898],[-105.090597,39.783858],[-105.090904,39.783818],[-105.091213,39.783785],[-105.091522,39.783758],[-105.091833,39.783739],[-105.092144,39.783727],[-105.092455,39.783722],[-105.094401,39.783721],[-105.100832,39.783707],[-105.101749,39.783703],[-105.102048,39.783709],[-105.102347,39.783721],[-105.102645,39.783737],[-105.102943,39.783758],[-105.10324,39.783785],[-105.103537,39.783817],[-105.103692,39.783833],[-105.106685,39.784156],[-105.106957,39.784178],[-105.107229,39.784196],[-105.107501,39.784208],[-105.107774,39.784215],[-105.108047,39.784218],[-105.109615,39.78425],[-105.119075,39.784261],[-105.120025,39.784262],[-105.120481,39.784266],[-105.120937,39.784263],[-105.121393,39.784254],[-105.121848,39.784237],[-105.122303,39.784214],[-105.122758,39.784184],[-105.123211,39.784147],[-105.123663,39.784103],[-105.124115,39.784052],[-105.124564,39.783995],[-105.125013,39.78393],[-105.125459,39.783859],[-105.125904,39.783781],[-105.126347,39.783697],[-105.126787,39.783605],[-105.127225,39.783507],[-105.12766,39.783403],[-105.128093,39.783292],[-105.128523,39.783174],[-105.128949,39.78305],[-105.129373,39.782919],[-105.137933,39.77976],[-105.140387,39.778815],[-105.140564,39.778728],[-105.140737,39.778637],[-105.140905,39.778541],[-105.14107,39.77844],[-105.141229,39.778335],[-105.141402,39.778213],[-105.141569,39.778087],[-105.141729,39.777955],[-105.141882,39.777819],[-105.142029,39.777678],[-105.142169,39.777533],[-105.142301,39.777384],[-105.142426,39.777232],[-105.142543,39.777075],[-105.142652,39.776915],[-105.142753,39.776753],[-105.142846,39.776587],[-105.142931,39.776419],[-105.143007,39.776248],[-105.143075,39.776075],[-105.143134,39.7759],[-105.143185,39.775724],[-105.143226,39.775546],[-105.143259,39.775368],[-105.143283,39.775188],[-105.143298,39.775008],[-105.143303,39.774827],[-105.1433,39.774647],[-105.143288,39.774466],[-105.143267,39.774287],[-105.143237,39.774107],[-105.143199,39.773929],[-105.14318,39.773448],[-105.143697,39.773446],[-105.143864,39.77347],[-105.144234,39.773524],[-105.145035,39.773518],[-105.145979,39.773394],[-105.146584,39.773251],[-105.147056,39.773117],[-105.147804,39.772857],[-105.148309,39.772757],[-105.149473,39.772676],[-105.150515,39.772662],[-105.151349,39.772614],[-105.151997,39.772548],[-105.153116,39.772534],[-105.153643,39.772561],[-105.154653,39.772573],[-105.15564,39.772559],[-105.15598,39.77256],[-105.156409,39.772417],[-105.156848,39.772384],[-105.157352,39.772496],[-105.158087,39.772583],[-105.158659,39.772398],[-105.159098,39.772272],[-105.15979,39.772274],[-105.160635,39.772277],[-105.161326,39.77227],[-105.16182,39.772153],[-105.162402,39.772172],[-105.162961,39.772199],[-105.163872,39.772117],[-105.164706,39.772178],[-105.165771,39.772181],[-105.16655,39.77204],[-105.16744,39.771949],[-105.168076,39.771959],[-105.1688,39.77202],[-105.169613,39.771879],[-105.170909,39.77162],[-105.171436,39.771562],[-105.172335,39.771573],[-105.173016,39.771507],[-105.17418,39.771451],[-105.175002,39.771479],[-105.175693,39.771633],[-105.17668,39.771746],[-105.177854,39.771792],[-105.17905,39.771795],[-105.180313,39.771587],[-105.181422,39.77153],[-105.18428,39.771003],[-105.184273,39.770732],[-105.184232,39.769021],[-105.184225,39.767525],[-105.184222,39.766794],[-105.184221,39.766477],[-105.184215,39.765213],[-105.184214,39.765105],[-105.184202,39.762492],[-105.184201,39.762156],[-105.1842,39.761878],[-105.1842,39.761785],[-105.1842,39.761666],[-105.18421,39.759462],[-105.18421,39.759324],[-105.184215,39.758329],[-105.184217,39.75805],[-105.184218,39.757688],[-105.184219,39.757498],[-105.184219,39.75744],[-105.184234,39.754579],[-105.184046,39.754577],[-105.18193,39.754555],[-105.180109,39.754535],[-105.17585,39.754489],[-105.174929,39.75448],[-105.173894,39.754478],[-105.170988,39.754473],[-105.170352,39.754472],[-105.170123,39.754471],[-105.16837,39.754468],[-105.167349,39.754466],[-105.16725,39.754466],[-105.165416,39.754463],[-105.165424,39.751904],[-105.165426,39.750858],[-105.165429,39.75],[-105.165432,39.748891],[-105.165436,39.747241],[-105.165289,39.747242],[-105.165155,39.747243],[-105.164779,39.747245],[-105.162292,39.747261],[-105.161122,39.747272],[-105.159852,39.747275],[-105.158938,39.747277],[-105.156621,39.747269],[-105.156602,39.747269],[-105.156018,39.747276],[-105.156016,39.747304],[-105.153438,39.747323],[-105.153383,39.747323],[-105.152978,39.747326],[-105.152866,39.747327],[-105.152414,39.74733],[-105.151077,39.74734],[-105.150885,39.747341],[-105.151113,39.747044],[-105.151349,39.746751],[-105.151592,39.746462],[-105.151842,39.746176],[-105.152099,39.745894],[-105.152364,39.745616],[-105.152635,39.745342],[-105.152913,39.745072],[-105.153198,39.744807],[-105.15349,39.744545],[-105.159564,39.739645],[-105.165663,39.734791],[-105.165665,39.733934],[-105.165635,39.733975],[-105.165599,39.734014],[-105.165559,39.73405],[-105.165514,39.734083],[-105.165465,39.734112],[-105.165414,39.734138],[-105.165359,39.734159],[-105.165299,39.734176],[-105.165236,39.734189],[-105.165172,39.734196],[-105.165107,39.734198],[-105.16234,39.73431],[-105.162189,39.734316],[-105.162154,39.734037],[-105.162128,39.733964],[-105.162092,39.733892],[-105.162048,39.733823],[-105.161997,39.733757],[-105.161937,39.733696],[-105.161679,39.733438],[-105.161244,39.733757],[-105.156156,39.73759],[-105.155973,39.73769],[-105.155786,39.737785],[-105.155594,39.737874],[-105.155398,39.737957],[-105.155198,39.738034],[-105.154994,39.738105],[-105.154786,39.73817],[-105.154576,39.738229],[-105.154362,39.738281],[-105.154146,39.738326],[-105.153928,39.738365],[-105.153708,39.738397],[-105.153487,39.738423],[-105.153265,39.738441],[-105.148217,39.738972],[-105.147936,39.739001],[-105.147786,39.739018],[-105.147092,39.739097],[-105.140678,39.739823],[-105.139936,39.739904],[-105.139193,39.739979],[-105.138448,39.740047],[-105.137703,39.740108],[-105.137703,39.740121],[-105.137477,39.740122],[-105.137234,39.740123],[-105.135444,39.74013],[-105.135315,39.74013],[-105.134754,39.740133],[-105.134187,39.740135],[-105.133702,39.740137],[-105.133574,39.740137],[-105.133173,39.740139],[-105.133116,39.740139],[-105.133013,39.740139],[-105.131804,39.740144],[-105.131319,39.740146],[-105.130664,39.740149],[-105.130214,39.74015],[-105.128317,39.740157],[-105.128259,39.740157],[-105.127624,39.740159],[-105.126074,39.740162],[-105.125945,39.740162],[-105.125864,39.740163],[-105.125733,39.740163],[-105.125097,39.740164],[-105.125034,39.740164],[-105.123674,39.740167],[-105.123607,39.740167],[-105.123292,39.740168],[-105.120555,39.740174],[-105.120132,39.740175],[-105.118998,39.740177],[-105.118934,39.740177],[-105.117411,39.740181],[-105.116566,39.740183],[-105.116535,39.740183],[-105.115489,39.740185],[-105.114858,39.740186],[-105.11422,39.740188],[-105.113174,39.74019],[-105.112216,39.740192],[-105.111253,39.740194],[-105.110996,39.740195],[-105.109551,39.740198],[-105.109551,39.740212],[-105.109552,39.740469],[-105.109553,39.740713],[-105.109554,39.740974],[-105.109556,39.741741],[-105.109556,39.741784],[-105.109558,39.742383],[-105.109561,39.743336],[-105.109564,39.744077],[-105.109564,39.744091],[-105.109564,39.744185],[-105.109565,39.74427],[-105.109568,39.745234],[-105.109568,39.745349],[-105.109569,39.745629],[-105.109575,39.747424],[-105.109575,39.747455],[-105.109599,39.754712],[-105.109599,39.754749],[-105.106585,39.754723],[-105.104885,39.754728],[-105.104061,39.754731],[-105.102063,39.754738],[-105.100832,39.754744],[-105.100811,39.754744],[-105.100505,39.754745],[-105.100255,39.754746],[-105.100055,39.754747],[-105.099088,39.754752],[-105.098724,39.754754],[-105.0984,39.754756],[-105.094394,39.754779],[-105.091989,39.754794],[-105.090979,39.754799],[-105.090837,39.7548],[-105.09005,39.754802],[-105.087704,39.754808],[-105.086114,39.754812],[-105.084933,39.754815],[-105.083406,39.754818],[-105.083267,39.754819],[-105.08182,39.754822],[-105.081427,39.754824],[-105.081427,39.754947],[-105.081491,39.75843],[-105.081424,39.75843],[-105.067193,39.75847],[-105.067171,39.75847],[-105.067171,39.758489],[-105.06715,39.759901],[-105.067147,39.760134],[-105.067147,39.760203],[-105.067147,39.762094],[-105.062652,39.762083],[-105.06259,39.762083],[-105.062553,39.762083],[-105.062262,39.762089],[-105.061546,39.762099],[-105.061477,39.762099],[-105.060274,39.762101],[-105.060257,39.762101],[-105.057948,39.762094],[-105.057915,39.762094],[-105.056792,39.76209],[-105.056778,39.76209],[-105.056694,39.76209],[-105.055581,39.762088],[-105.055535,39.762088],[-105.054909,39.762087],[-105.054392,39.762087],[-105.053413,39.762085],[-105.053244,39.762085],[-105.053244,39.762265],[-105.053244,39.762807],[-105.053244,39.762989],[-105.053244,39.763171],[-105.053244,39.76372],[-105.053244,39.763903],[-105.053243,39.764085],[-105.053243,39.764631],[-105.053243,39.764814],[-105.053243,39.764991],[-105.053243,39.765697],[-105.053243,39.765989],[-105.053242,39.766622],[-105.053242,39.766695],[-105.053242,39.76724],[-105.053242,39.767278],[-105.053242,39.767361],[-105.053242,39.767409],[-105.053242,39.767512],[-105.053242,39.767876],[-105.053241,39.768536],[-105.053241,39.768968],[-105.053241,39.769322],[-105.053241,39.769333],[-105.053241,39.769425],[-105.053241,39.769435],[-105.053241,39.769741],[-105.053241,39.769778],[-105.053241,39.770525],[-105.053242,39.770769],[-105.053242,39.771134],[-105.053242,39.772577],[-105.053242,39.77286],[-105.053242,39.772909],[-105.053242,39.772942],[-105.053242,39.773303],[-105.053242,39.774398],[-105.053242,39.774763],[-105.053242,39.774797],[-105.053242,39.775127],[-105.053243,39.775704],[-105.053243,39.776219],[-105.053243,39.776568],[-105.053243,39.776583],[-105.053243,39.776941],[-105.053243,39.777296],[-105.053243,39.777521],[-105.053243,39.778023],[-105.053243,39.778384],[-105.053243,39.78169],[-105.053243,39.781732],[-105.053244,39.781861],[-105.053244,39.781904],[-105.053244,39.782075],[-105.053244,39.78219],[-105.053244,39.783514],[-105.053244,39.783676],[-105.053244,39.783798],[-105.053244,39.783814],[-105.054442,39.783819],[-105.055588,39.783823],[-105.05675,39.783827],[-105.057894,39.783832],[-105.057912,39.783832],[-105.058863,39.783835],[-105.05982,39.783839],[-105.060576,39.783842],[-105.060765,39.783842],[-105.061711,39.783846],[-105.061848,39.783846],[-105.062176,39.783848],[-105.062425,39.783849],[-105.06266,39.783849],[-105.06266,39.7839],[-105.062659,39.784059],[-105.062659,39.784112],[-105.062658,39.784707],[-105.062655,39.785666],[-105.062655,39.785822],[-105.062654,39.786187],[-105.062651,39.787]]]}}]}