{"type":"FeatureCollection","name":"DistrictBoundary","features":[{"type":"Feature","properties":{"name":"Jeffco Public Schools"},"geometry":{"type":"MultiPolygon","coordinates":[[[[-105.094031,39.487842],[-105.094518,39.487605],[-105.095578,39.487091],[-105.096236,39.486726],[-105.096428,39.486574],[-105.096864,39.486228],[-105.098063,39.485473],[-105.098129,39.485458],[-105.098461,39.485383],[-105.098849,39.485334],[-105.098991,39.485367],[-105.099139,39.485402],[-105.099207,39.485418],[-105.099644,39.48552],[-105.100091,39.485535],[-105.100204,39.485539],[-105.10031,39.485521],[-105.100581,39.485474],[-105.100792,39.485395],[-105.100959,39.485333],[-105.101251,39.485092],[-105.101607,39.48491],[-105.101749,39.484863],[-105.101909,39.484811],[-105.102253,39.48477],[-105.102656,39.484756],[-105.102684,39.484755],[-105.103254,39.484807],[-105.103468,39.48485],[-105.103905,39.484938],[-105.103974,39.484951],[-105.104163,39.484959],[-105.104685,39.484979],[-105.105223,39.48488],[-105.105301,39.484882],[-105.105514,39.484888],[-105.105892,39.484897],[-105.105987,39.4849],[-105.106655,39.484819],[-105.106889,39.484724],[-105.107065,39.484653],[-105.107249,39.484495],[-105.108521,39.484091],[-105.109543,39.483841],[-105.109712,39.483813],[-105.110043,39.483757],[-105.110386,39.483699],[-105.110558,39.483688],[-105.111025,39.483659],[-105.111641,39.48367],[-105.112312,39.483791],[-105.113312,39.484127],[-105.113926,39.484547],[-105.114188,39.484872],[-105.114341,39.48518],[-105.114339,39.485444],[-105.114425,39.485743],[-105.114645,39.485923],[-105.114908,39.485975],[-105.115085,39.485984],[-105.115382,39.485985],[-105.115506,39.485971],[-105.115565,39.485964],[-105.115578,39.485962],[-105.115589,39.485961],[-105.115749,39.485943],[-105.115766,39.485938],[-105.115832,39.485921],[-105.116274,39.485804],[-105.116604,39.485722],[-105.116839,39.485658],[-105.116883,39.485646],[-105.117178,39.485539],[-105.117598,39.485275],[-105.117875,39.485029],[-105.118008,39.484782],[-105.118064,39.484612],[-105.118066,39.484296],[-105.11795,39.484093],[-105.117935,39.484065],[-105.117892,39.483792],[-105.118005,39.483221],[-105.117974,39.482948],[-105.117898,39.482795],[-105.117799,39.482717],[-105.117678,39.482674],[-105.117315,39.482673],[-105.11661,39.482824],[-105.116257,39.482874],[-105.115894,39.482856],[-105.115663,39.482787],[-105.115587,39.482719],[-105.115522,39.482505],[-105.115679,39.481943],[-105.116001,39.481475],[-105.116807,39.480983],[-105.117458,39.480755],[-105.117645,39.480644],[-105.118032,39.480339],[-105.118364,39.480118],[-105.118562,39.480076],[-105.118854,39.480101],[-105.118969,39.480111],[-105.118991,39.480126],[-105.11913,39.480221],[-105.119221,39.480283],[-105.119418,39.480445],[-105.119571,39.480616],[-105.119834,39.480848],[-105.120536,39.481484],[-105.120669,39.481581],[-105.120823,39.481611],[-105.121024,39.481608],[-105.121054,39.481601],[-105.121245,39.481557],[-105.121534,39.48139],[-105.121556,39.481374],[-105.122363,39.480768],[-105.122791,39.480479],[-105.123182,39.480205],[-105.123394,39.480024],[-105.123793,39.479743],[-105.124587,39.479299],[-105.124905,39.479144],[-105.12548,39.478876],[-105.125837,39.478687],[-105.126779,39.478188],[-105.126863,39.478144],[-105.127122,39.477999],[-105.127578,39.477796],[-105.127969,39.477595],[-105.128214,39.477421],[-105.128408,39.477239],[-105.128501,39.476978],[-105.128522,39.476348],[-105.128638,39.475946],[-105.128766,39.475623],[-105.128956,39.475326],[-105.129065,39.475156],[-105.129828,39.474144],[-105.130455,39.473421],[-105.130904,39.472995],[-105.13127,39.472723],[-105.131572,39.472551],[-105.13214,39.472392],[-105.132673,39.472327],[-105.133043,39.472223],[-105.133401,39.472061],[-105.134033,39.471708],[-105.134435,39.471405],[-105.134615,39.471203],[-105.134771,39.471053],[-105.134826,39.470942],[-105.134865,39.470812],[-105.134824,39.470622],[-105.134807,39.470573],[-105.134759,39.470429],[-105.134352,39.469925],[-105.133899,39.469346],[-105.133336,39.468697],[-105.133236,39.468598],[-105.132862,39.468213],[-105.132788,39.468085],[-105.132739,39.468],[-105.132709,39.467948],[-105.1327,39.467932],[-105.132627,39.467806],[-105.132545,39.467602],[-105.132527,39.467457],[-105.132543,39.46729],[-105.132585,39.467169],[-105.132768,39.466911],[-105.132834,39.466794],[-105.13291,39.466661],[-105.132958,39.466433],[-105.132945,39.46624],[-105.132905,39.465784],[-105.132887,39.46558],[-105.132789,39.465077],[-105.132563,39.464582],[-105.132435,39.464121],[-105.132425,39.463931],[-105.132457,39.46365],[-105.132556,39.46345],[-105.13274,39.462979],[-105.132793,39.462774],[-105.132817,39.462676],[-105.132827,39.462501],[-105.132802,39.462232],[-105.132702,39.461849],[-105.132601,39.461632],[-105.132398,39.461221],[-105.132203,39.460965],[-105.132005,39.460672],[-105.13183,39.460492],[-105.131728,39.460387],[-105.131424,39.460158],[-105.131336,39.460111],[-105.131132,39.460002],[-105.130698,39.459771],[-105.130597,39.459717],[-105.130172,39.459444],[-105.129944,39.459298],[-105.129777,39.459216],[-105.129055,39.458981],[-105.128728,39.458892],[-105.128136,39.45873],[-105.127816,39.458675],[-105.127479,39.458552],[-105.127219,39.458235],[-105.127124,39.458061],[-105.127093,39.458004],[-105.126891,39.457731],[-105.126856,39.457682],[-105.126675,39.457455],[-105.126669,39.457297],[-105.126583,39.457154],[-105.12657,39.457131],[-105.126153,39.45688],[-105.125472,39.45647],[-105.125198,39.456293],[-105.124788,39.455721],[-105.124739,39.455653],[-105.124368,39.455022],[-105.12414,39.454269],[-105.124087,39.454096],[-105.12406,39.45361],[-105.124039,39.453176],[-105.124029,39.452966],[-105.123985,39.452857],[-105.123837,39.452493],[-105.123663,39.452062],[-105.123601,39.451908],[-105.123427,39.451463],[-105.123335,39.451226],[-105.123217,39.450923],[-105.123191,39.450856],[-105.123187,39.450827],[-105.12314,39.450466],[-105.12312,39.450316],[-105.123138,39.450226],[-105.123165,39.450078],[-105.123171,39.450045],[-105.123191,39.449939],[-105.12346,39.449729],[-105.123745,39.449561],[-105.123882,39.449344],[-105.123817,39.449088],[-105.123813,39.449074],[-105.123779,39.449038],[-105.123711,39.448965],[-105.123618,39.448866],[-105.12333,39.44856],[-105.123285,39.448512],[-105.123257,39.448483],[-105.123121,39.448108],[-105.123193,39.448054],[-105.123312,39.447864],[-105.12336,39.447787],[-105.123394,39.447734],[-105.123897,39.447554],[-105.123969,39.447528],[-105.124035,39.447401],[-105.124088,39.447297],[-105.123952,39.446925],[-105.123963,39.446767],[-105.123992,39.446359],[-105.123992,39.446347],[-105.124019,39.445901],[-105.124125,39.445696],[-105.124574,39.444822],[-105.124574,39.444777],[-105.124574,39.44473],[-105.124574,39.444499],[-105.12489,39.443809],[-105.124923,39.443736],[-105.124923,39.443624],[-105.124922,39.44326],[-105.124854,39.442987],[-105.124852,39.442871],[-105.12485,39.44277],[-105.124939,39.442506],[-105.124992,39.442347],[-105.12513,39.44213],[-105.125411,39.441916],[-105.125565,39.441733],[-105.125686,39.441588],[-105.12571,39.441512],[-105.125773,39.441308],[-105.125885,39.440898],[-105.125892,39.440878],[-105.126055,39.440408],[-105.126077,39.440343],[-105.126091,39.440303],[-105.126099,39.440279],[-105.126143,39.440155],[-105.126147,39.440143],[-105.126166,39.440087],[-105.126126,39.439465],[-105.126107,39.439168],[-105.125944,39.438905],[-105.125677,39.438468],[-105.125442,39.437984],[-105.125375,39.437844],[-105.125153,39.437157],[-105.125131,39.437034],[-105.125055,39.436527],[-105.125041,39.436457],[-105.125015,39.436336],[-105.125,39.436263],[-105.124846,39.435928],[-105.124469,39.435517],[-105.123847,39.43484],[-105.123666,39.434643],[-105.123531,39.434425],[-105.123587,39.434295],[-105.123611,39.43424],[-105.123668,39.434106],[-105.123803,39.434026],[-105.123945,39.433943],[-105.124415,39.433749],[-105.124948,39.433534],[-105.125261,39.433407],[-105.125505,39.433216],[-105.125696,39.433067],[-105.125888,39.432934],[-105.125945,39.432904],[-105.126245,39.432748],[-105.126435,39.432649],[-105.127307,39.432212],[-105.128136,39.431807],[-105.129039,39.431112],[-105.129052,39.43108],[-105.129155,39.431005],[-105.1293,39.430819],[-105.129429,39.430652],[-105.129523,39.43053],[-105.129807,39.430094],[-105.129932,39.429904],[-105.130096,39.429678],[-105.130347,39.429458],[-105.130473,39.429378],[-105.130684,39.429272],[-105.130811,39.429213],[-105.130948,39.429182],[-105.131278,39.429033],[-105.131545,39.428863],[-105.131825,39.428594],[-105.131993,39.428337],[-105.13209,39.428187],[-105.132207,39.428035],[-105.132384,39.427814],[-105.132484,39.427689],[-105.132577,39.427531],[-105.132649,39.427397],[-105.132768,39.427143],[-105.132859,39.426876],[-105.132896,39.426807],[-105.132961,39.42668],[-105.133111,39.426501],[-105.133279,39.42641],[-105.133462,39.426385],[-105.133876,39.426387],[-105.133946,39.4264],[-105.134092,39.426427],[-105.134274,39.426475],[-105.135067,39.426733],[-105.135187,39.426765],[-105.135281,39.426781],[-105.135369,39.426767],[-105.135448,39.426743],[-105.135534,39.426692],[-105.135678,39.426581],[-105.135817,39.426461],[-105.136151,39.426052],[-105.136288,39.425841],[-105.136461,39.425476],[-105.136588,39.425319],[-105.1367,39.425145],[-105.136791,39.425025],[-105.13717,39.424528],[-105.137343,39.424217],[-105.137486,39.423717],[-105.137526,39.423546],[-105.137594,39.423344],[-105.137697,39.423185],[-105.137814,39.42307],[-105.137972,39.422974],[-105.138149,39.422876],[-105.138521,39.422787],[-105.139043,39.422666],[-105.139305,39.422627],[-105.139606,39.422554],[-105.139828,39.422484],[-105.140137,39.422372],[-105.140345,39.422269],[-105.140485,39.422159],[-105.140596,39.422022],[-105.14062,39.421985],[-105.140662,39.42192],[-105.140773,39.42175],[-105.140804,39.421702],[-105.140861,39.421539],[-105.140894,39.421395],[-105.140899,39.421099],[-105.140935,39.420994],[-105.141016,39.420856],[-105.141152,39.420711],[-105.141197,39.420686],[-105.141259,39.420651],[-105.141311,39.420622],[-105.141434,39.420559],[-105.141583,39.420533],[-105.142014,39.420485],[-105.14218,39.42046],[-105.142282,39.420434],[-105.1428,39.420211],[-105.142998,39.420109],[-105.143547,39.419725],[-105.144152,39.419387],[-105.144517,39.419183],[-105.144854,39.419038],[-105.144914,39.419012],[-105.145559,39.418825],[-105.145865,39.418775],[-105.146256,39.418711],[-105.146549,39.418647],[-105.146565,39.418643],[-105.146598,39.418633],[-105.146624,39.418626],[-105.146682,39.418609],[-105.146853,39.418559],[-105.147047,39.418397],[-105.147164,39.418325],[-105.147236,39.41828],[-105.147561,39.418212],[-105.147765,39.418196],[-105.148411,39.417997],[-105.148782,39.417869],[-105.149123,39.417711],[-105.149179,39.417677],[-105.14942,39.417529],[-105.149491,39.417485],[-105.150079,39.41703],[-105.150487,39.41661],[-105.150495,39.416602],[-105.150545,39.416551],[-105.150726,39.416364],[-105.150889,39.416207],[-105.150911,39.416183],[-105.150965,39.416124],[-105.151105,39.415972],[-105.151282,39.415814],[-105.151336,39.415765],[-105.15152,39.415652],[-105.151678,39.415595],[-105.151897,39.415515],[-105.152244,39.41535],[-105.152776,39.415029],[-105.153267,39.414824],[-105.153868,39.414532],[-105.15508,39.413943],[-105.155401,39.413869],[-105.155421,39.413864],[-105.155983,39.413733],[-105.157715,39.413936],[-105.157921,39.41396],[-105.159373,39.414184],[-105.159815,39.414284],[-105.159857,39.414294],[-105.160205,39.414189],[-105.160693,39.413922],[-105.160829,39.41387],[-105.161128,39.413757],[-105.161249,39.41371],[-105.161345,39.413613],[-105.161459,39.413497],[-105.161711,39.413324],[-105.161946,39.413162],[-105.162094,39.41306],[-105.162157,39.413017],[-105.162202,39.412919],[-105.162207,39.412909],[-105.16223,39.412861],[-105.162277,39.41276],[-105.162485,39.412313],[-105.162582,39.412105],[-105.162723,39.41189],[-105.162762,39.411802],[-105.162794,39.411729],[-105.163282,39.411463],[-105.164042,39.410935],[-105.164049,39.41093],[-105.16423,39.410786],[-105.164246,39.410773],[-105.164902,39.409773],[-105.164948,39.409702],[-105.165116,39.409609],[-105.165762,39.409248],[-105.165996,39.409087],[-105.166008,39.408941],[-105.166012,39.408883],[-105.166085,39.408758],[-105.166131,39.40868],[-105.166275,39.408599],[-105.16667,39.40851],[-105.166684,39.408507],[-105.166742,39.408512],[-105.16696,39.408493],[-105.16702,39.408506],[-105.167201,39.408546],[-105.167505,39.408613],[-105.167759,39.408667],[-105.168132,39.408747],[-105.168153,39.40875],[-105.168377,39.408784],[-105.168943,39.408871],[-105.169159,39.408872],[-105.169376,39.408872],[-105.16948,39.408872],[-105.169531,39.408843],[-105.169913,39.40862],[-105.170313,39.408087],[-105.170407,39.407662],[-105.170551,39.407558],[-105.170656,39.407482],[-105.170741,39.407485],[-105.170794,39.407486],[-105.170948,39.40749],[-105.171115,39.407286],[-105.171085,39.407094],[-105.171078,39.407046],[-105.171074,39.407038],[-105.171048,39.406984],[-105.170758,39.40637],[-105.170732,39.405831],[-105.170594,39.405572],[-105.170436,39.404905],[-105.170375,39.404646],[-105.170196,39.404452],[-105.170002,39.404279],[-105.169684,39.404095],[-105.16938,39.40374],[-105.169294,39.403585],[-105.169187,39.403395],[-105.169209,39.403289],[-105.169272,39.402985],[-105.169411,39.402748],[-105.169448,39.402383],[-105.169469,39.402167],[-105.169345,39.40179],[-105.168973,39.401262],[-105.168158,39.400323],[-105.167799,39.400043],[-105.166996,39.39973],[-105.1669,39.399471],[-105.166928,39.399169],[-105.166876,39.398745],[-105.166861,39.39862],[-105.166687,39.398065],[-105.166655,39.397962],[-105.166698,39.397769],[-105.166795,39.397607],[-105.166836,39.397565],[-105.166879,39.397521],[-105.167017,39.397543],[-105.167129,39.397446],[-105.16724,39.39722],[-105.167441,39.396107],[-105.167584,39.395732],[-105.167446,39.395623],[-105.167497,39.395362],[-105.167519,39.395248],[-105.167476,39.395072],[-105.167423,39.39486],[-105.167407,39.394792],[-105.167394,39.39474],[-105.167319,39.394439],[-105.167285,39.394394],[-105.167264,39.394367],[-105.167194,39.394275],[-105.167183,39.39426],[-105.167114,39.394169],[-105.166831,39.393991],[-105.16677,39.393952],[-105.166563,39.393843],[-105.166425,39.393843],[-105.166373,39.393853],[-105.166147,39.393895],[-105.165954,39.393969],[-105.165869,39.394001],[-105.165661,39.394],[-105.165625,39.393985],[-105.165543,39.393953],[-105.165523,39.393945],[-105.165455,39.393783],[-105.165391,39.393352],[-105.164892,39.392564],[-105.16469,39.392244],[-105.164635,39.392157],[-105.164581,39.392071],[-105.164572,39.392057],[-105.164229,39.391732],[-105.164092,39.39157],[-105.164038,39.39144],[-105.164024,39.391408],[-105.164025,39.391358],[-105.164026,39.391247],[-105.164166,39.39114],[-105.164305,39.391087],[-105.16472,39.391144],[-105.165344,39.391093],[-105.16569,39.391095],[-105.166084,39.390945],[-105.166385,39.39083],[-105.166943,39.390511],[-105.167361,39.390298],[-105.16757,39.390138],[-105.16785,39.389817],[-105.16806,39.389657],[-105.168338,39.389551],[-105.168892,39.3895],[-105.16924,39.389395],[-105.169518,39.389235],[-105.169866,39.389129],[-105.169938,39.389019],[-105.170006,39.388915],[-105.170079,39.388593],[-105.170362,39.388002],[-105.170688,39.387903],[-105.170709,39.387897],[-105.170743,39.387871],[-105.171104,39.387595],[-105.171198,39.387523],[-105.171193,39.387481],[-105.171134,39.386931],[-105.171276,39.38661],[-105.171553,39.386417],[-105.171904,39.386129],[-105.172114,39.385915],[-105.172253,39.385862],[-105.172461,39.385863],[-105.172739,39.385811],[-105.172878,39.385758],[-105.172948,39.385651],[-105.17309,39.385275],[-105.1731,39.385206],[-105.173165,39.384738],[-105.1731,39.384307],[-105.173102,39.384092],[-105.173241,39.384039],[-105.173312,39.383878],[-105.173455,39.383448],[-105.173326,39.382426],[-105.173185,39.382262],[-105.173092,39.382225],[-105.173051,39.382209],[-105.172869,39.382161],[-105.172637,39.382099],[-105.172457,39.382098],[-105.172295,39.382097],[-105.172238,39.382097],[-105.172221,39.382096],[-105.172177,39.382062],[-105.172122,39.382019],[-105.172017,39.381936],[-105.171808,39.381879],[-105.17141,39.382133],[-105.17139,39.382146],[-105.171379,39.382148],[-105.171112,39.382198],[-105.170835,39.382196],[-105.170803,39.382184],[-105.170731,39.382155],[-105.170697,39.382142],[-105.17056,39.382033],[-105.170346,39.381567],[-105.170288,39.38144],[-105.170096,39.381136],[-105.170084,39.381116],[-105.169809,39.380846],[-105.169785,39.380817],[-105.169703,39.38072],[-105.169672,39.380684],[-105.169648,39.380644],[-105.169619,39.380599],[-105.169604,39.380576],[-105.169621,39.380549],[-105.169651,39.380504],[-105.16971,39.380414],[-105.169745,39.380361],[-105.170163,39.380149],[-105.17051,39.380043],[-105.170858,39.379884],[-105.171136,39.379724],[-105.171207,39.379563],[-105.171279,39.379295],[-105.171352,39.378972],[-105.172106,39.378539],[-105.172159,39.378509],[-105.172187,39.378493],[-105.172277,39.37839],[-105.172328,39.378332],[-105.172467,39.378226],[-105.172675,39.378173],[-105.172814,39.37812],[-105.17286,39.378085],[-105.172954,39.378013],[-105.172955,39.377876],[-105.172957,39.377581],[-105.172891,39.377421],[-105.172819,39.377365],[-105.172753,39.377313],[-105.172625,39.376979],[-105.172512,39.376687],[-105.172483,39.376612],[-105.172446,39.376568],[-105.172346,39.37645],[-105.172282,39.376429],[-105.172001,39.37634],[-105.171242,39.376013],[-105.171037,39.375743],[-105.170485,39.375525],[-105.170279,39.375362],[-105.170281,39.375201],[-105.170344,39.375115],[-105.17043,39.374997],[-105.170465,39.374949],[-105.170253,39.374466],[-105.170044,39.374359],[-105.16885,39.374366],[-105.168798,39.374367],[-105.168313,39.374262],[-105.16822,39.374208],[-105.168038,39.374104],[-105.167974,39.374056],[-105.167954,39.37404],[-105.16792,39.374014],[-105.167895,39.373995],[-105.167895,39.37398],[-105.167895,39.373967],[-105.167895,39.373939],[-105.167893,39.37378],[-105.167469,39.372813],[-105.167307,39.372536],[-105.167188,39.37233],[-105.167116,39.372061],[-105.167249,39.371467],[-105.167586,39.37055],[-105.167693,39.370381],[-105.167791,39.370226],[-105.168616,39.369629],[-105.168673,39.369568],[-105.169027,39.369195],[-105.169163,39.368925],[-105.169195,39.368795],[-105.16923,39.368655],[-105.169218,39.368606],[-105.16919,39.368486],[-105.169095,39.368088],[-105.169047,39.367885],[-105.169018,39.367761],[-105.169013,39.367741],[-105.168949,39.367151],[-105.168938,39.367041],[-105.168728,39.366827],[-105.16845,39.366667],[-105.168431,39.366663],[-105.168213,39.366616],[-105.16817,39.366606],[-105.167783,39.366455],[-105.16771,39.366219],[-105.167683,39.366133],[-105.167723,39.366038],[-105.167883,39.365656],[-105.167886,39.365648],[-105.167884,39.365432],[-105.167744,39.365164],[-105.167325,39.364843],[-105.167048,39.364737],[-105.166882,39.36461],[-105.166838,39.364577],[-105.166836,39.364361],[-105.166735,39.363894],[-105.166729,39.363865],[-105.166475,39.362694],[-105.166508,39.362489],[-105.16658,39.362041],[-105.166606,39.361885],[-105.166657,39.361804],[-105.166947,39.361345],[-105.167146,39.361074],[-105.16734,39.360811],[-105.167425,39.360696],[-105.167514,39.36053],[-105.167614,39.360346],[-105.167629,39.360318],[-105.167629,39.360309],[-105.167629,39.360255],[-105.167628,39.360245],[-105.167626,39.35994],[-105.167552,39.35951],[-105.167719,39.359111],[-105.167755,39.359024],[-105.167885,39.359013],[-105.168469,39.358962],[-105.169069,39.358909],[-105.169194,39.358908],[-105.16943,39.358907],[-105.169484,39.358906],[-105.169691,39.358851],[-105.170142,39.358137],[-105.170285,39.357911],[-105.170373,39.35777],[-105.170629,39.357658],[-105.171544,39.357255],[-105.171614,39.357225],[-105.171627,39.357217],[-105.171889,39.357061],[-105.171968,39.356872],[-105.172014,39.356761],[-105.172292,39.356096],[-105.172498,39.355604],[-105.172414,39.35538],[-105.172297,39.355071],[-105.172072,39.354475],[-105.171996,39.353722],[-105.171996,39.35371],[-105.171992,39.35329],[-105.172403,39.352804],[-105.172858,39.352451],[-105.173404,39.352028],[-105.175458,39.350438],[-105.175835,39.350147],[-105.175868,39.350137],[-105.176528,39.349979],[-105.177217,39.349705],[-105.17749,39.349273],[-105.177484,39.348681],[-105.177204,39.348359],[-105.176574,39.347555],[-105.176571,39.347286],[-105.176579,39.347253],[-105.176743,39.346556],[-105.176837,39.346153],[-105.176853,39.346111],[-105.17704,39.345613],[-105.177082,39.345431],[-105.177096,39.34537],[-105.17719,39.344963],[-105.177239,39.34475],[-105.177384,39.344442],[-105.177443,39.344319],[-105.177785,39.343993],[-105.178255,39.343787],[-105.178406,39.34372],[-105.178954,39.343557],[-105.179371,39.343391],[-105.179576,39.343121],[-105.179696,39.342598],[-105.179704,39.342564],[-105.179708,39.34242],[-105.179676,39.342372],[-105.179566,39.342203],[-105.179358,39.342045],[-105.179274,39.341866],[-105.179005,39.341293],[-105.178795,39.340971],[-105.178862,39.340756],[-105.179133,39.340162],[-105.179483,39.339686],[-105.179611,39.339513],[-105.180145,39.339143],[-105.180161,39.339132],[-105.180757,39.338974],[-105.180989,39.338912],[-105.181608,39.338585],[-105.182022,39.338475],[-105.182158,39.338205],[-105.182441,39.337755],[-105.182497,39.337667],[-105.182644,39.337277],[-105.182701,39.337124],[-105.183045,39.336907],[-105.183065,39.336891],[-105.183287,39.336716],[-105.183526,39.336527],[-105.183705,39.336],[-105.183728,39.335933],[-105.183833,39.335798],[-105.183992,39.335593],[-105.18424,39.335274],[-105.184274,39.33523],[-105.184391,39.335184],[-105.184845,39.335004],[-105.185315,39.334817],[-105.185515,39.334738],[-105.186193,39.334622],[-105.186827,39.334515],[-105.187197,39.33446],[-105.187587,39.334402],[-105.187765,39.334234],[-105.187855,39.334148],[-105.18793,39.334077],[-105.187912,39.333984],[-105.187879,39.333815],[-105.187857,39.3337],[-105.18781,39.333641],[-105.187647,39.333433],[-105.187549,39.333369],[-105.187492,39.333331],[-105.187362,39.333246],[-105.187159,39.333112],[-105.187149,39.33311],[-105.186511,39.332965],[-105.186466,39.332955],[-105.186068,39.332992],[-105.185844,39.333012],[-105.185627,39.332966],[-105.185573,39.332954],[-105.185427,39.332923],[-105.185359,39.332908],[-105.184395,39.332381],[-105.184308,39.332333],[-105.183625,39.331959],[-105.182925,39.331576],[-105.182283,39.331381],[-105.182231,39.331365],[-105.182221,39.331325],[-105.18216,39.331096],[-105.18218,39.330996],[-105.182292,39.330449],[-105.182477,39.329698],[-105.182479,39.32969],[-105.182492,39.32964],[-105.182592,39.329595],[-105.183505,39.329188],[-105.183594,39.329149],[-105.18466,39.329038],[-105.184699,39.329034],[-105.184974,39.328871],[-105.185056,39.328849],[-105.185181,39.328816],[-105.185497,39.328629],[-105.185732,39.328489],[-105.186367,39.328362],[-105.186836,39.328267],[-105.187735,39.328208],[-105.187857,39.32816],[-105.18798,39.328111],[-105.188148,39.328044],[-105.188285,39.327882],[-105.188421,39.327612],[-105.188482,39.327208],[-105.188486,39.32718],[-105.188456,39.32715],[-105.188276,39.326966],[-105.18806,39.326906],[-105.187724,39.326814],[-105.187513,39.326755],[-105.186761,39.326565],[-105.186473,39.326492],[-105.186056,39.326279],[-105.18605,39.326267],[-105.185964,39.326104],[-105.185915,39.326011],[-105.185959,39.325761],[-105.185982,39.325625],[-105.186046,39.325256],[-105.185976,39.325095],[-105.185794,39.324851],[-105.185695,39.32472],[-105.185554,39.324344],[-105.185688,39.323912],[-105.185816,39.323735],[-105.185832,39.323712],[-105.185961,39.323533],[-105.186208,39.323449],[-105.186771,39.323257],[-105.186926,39.323205],[-105.187478,39.323039],[-105.187822,39.322876],[-105.188164,39.322497],[-105.188615,39.321489],[-105.188972,39.320692],[-105.189127,39.320346],[-105.189167,39.320256],[-105.18918,39.320229],[-105.189192,39.320048],[-105.18924,39.319315],[-105.189099,39.318991],[-105.188888,39.318669],[-105.188642,39.318219],[-105.188536,39.318024],[-105.188557,39.317804],[-105.188599,39.317378],[-105.18881,39.317183],[-105.18894,39.317063],[-105.18901,39.316999],[-105.189697,39.31651],[-105.189947,39.316356],[-105.190316,39.316129],[-105.190392,39.316047],[-105.190441,39.315994],[-105.190471,39.315961],[-105.190666,39.315751],[-105.190681,39.315735],[-105.190745,39.315666],[-105.190925,39.315472],[-105.191822,39.314504],[-105.191854,39.314429],[-105.191978,39.314147],[-105.192016,39.314061],[-105.192295,39.313424],[-105.192311,39.31341],[-105.192492,39.313242],[-105.192499,39.313236],[-105.192707,39.313045],[-105.193115,39.312757],[-105.193325,39.31261],[-105.194015,39.312444],[-105.194637,39.312387],[-105.194981,39.312277],[-105.196915,39.311148],[-105.197869,39.31059],[-105.1982,39.31038],[-105.198213,39.310372],[-105.198418,39.310155],[-105.198455,39.309978],[-105.198476,39.309877],[-105.198489,39.309815],[-105.198521,39.309658],[-105.198552,39.309389],[-105.19833,39.309148],[-105.19831,39.309127],[-105.198252,39.309063],[-105.197112,39.308686],[-105.197021,39.308656],[-105.197008,39.308647],[-105.196812,39.308496],[-105.196742,39.308442],[-105.196738,39.308428],[-105.19672,39.308361],[-105.19668,39.308212],[-105.19667,39.308173],[-105.196728,39.308063],[-105.1968,39.307925],[-105.196897,39.307741],[-105.196923,39.307691],[-105.196933,39.307671],[-105.19701,39.307525],[-105.197014,39.307511],[-105.197029,39.307456],[-105.197402,39.306132],[-105.197419,39.306073],[-105.197415,39.306001],[-105.197411,39.305918],[-105.197408,39.305853],[-105.197752,39.305689],[-105.197976,39.305513],[-105.198027,39.305472],[-105.198024,39.305203],[-105.197643,39.304729],[-105.197612,39.30469],[-105.197524,39.304621],[-105.197515,39.304614],[-105.196559,39.303866],[-105.196364,39.303678],[-105.196289,39.303607],[-105.19628,39.303598],[-105.196271,39.303573],[-105.196263,39.303552],[-105.196252,39.303522],[-105.196074,39.303027],[-105.196067,39.303007],[-105.196057,39.302965],[-105.196036,39.302871],[-105.195922,39.302362],[-105.195981,39.302268],[-105.196126,39.302037],[-105.196227,39.301977],[-105.196349,39.301905],[-105.196401,39.301874],[-105.196884,39.301763],[-105.197542,39.301759],[-105.197576,39.301759],[-105.199453,39.301956],[-105.199514,39.301962],[-105.200136,39.301959],[-105.200549,39.301795],[-105.200842,39.301601],[-105.200908,39.301558],[-105.200928,39.301545],[-105.200962,39.301523],[-105.200992,39.301449],[-105.201,39.301431],[-105.201016,39.301392],[-105.201283,39.300752],[-105.201299,39.300713],[-105.201296,39.30039],[-105.201226,39.300282],[-105.200948,39.300177],[-105.200888,39.300062],[-105.200843,39.299977],[-105.20082,39.299931],[-105.200807,39.299908],[-105.200812,39.29988],[-105.200871,39.299541],[-105.200873,39.299531],[-105.200881,39.299523],[-105.200994,39.299411],[-105.201137,39.29927],[-105.201147,39.29926],[-105.201562,39.299257],[-105.202808,39.299465],[-105.203469,39.299604],[-105.204055,39.299727],[-105.205162,39.29972],[-105.206127,39.299498],[-105.206844,39.299149],[-105.207022,39.299062],[-105.207403,39.298609],[-105.207425,39.298583],[-105.207442,39.298563],[-105.207569,39.298412],[-105.207617,39.298296],[-105.207683,39.298139],[-105.207771,39.297927],[-105.207656,39.29765],[-105.207462,39.297184],[-105.207428,39.297102],[-105.207346,39.296906],[-105.207223,39.2967],[-105.206712,39.295849],[-105.206599,39.295662],[-105.206573,39.295618],[-105.205807,39.295084],[-105.205641,39.295045],[-105.205468,39.295005],[-105.204906,39.294874],[-105.20473,39.294875],[-105.204353,39.294878],[-105.203523,39.294829],[-105.202975,39.294779],[-105.20276,39.294564],[-105.202626,39.294326],[-105.202549,39.294189],[-105.202477,39.293624],[-105.202474,39.293597],[-105.202609,39.293219],[-105.20309,39.293001],[-105.203493,39.293022],[-105.203514,39.293023],[-105.20399,39.293049],[-105.204181,39.293122],[-105.204213,39.293134],[-105.204243,39.293146],[-105.204406,39.293208],[-105.205172,39.293796],[-105.205727,39.293954],[-105.20635,39.294004],[-105.206694,39.293894],[-105.206955,39.293605],[-105.207036,39.293515],[-105.206964,39.293041],[-105.206962,39.29303],[-105.206752,39.292709],[-105.206628,39.292656],[-105.206127,39.292443],[-105.20584,39.292286],[-105.20564,39.292177],[-105.205499,39.291909],[-105.205521,39.291838],[-105.205566,39.291693],[-105.206265,39.290884],[-105.206388,39.290741],[-105.206455,39.290664],[-105.206568,39.290652],[-105.206624,39.290646],[-105.206654,39.290643],[-105.206831,39.290625],[-105.206851,39.290623],[-105.206917,39.290616],[-105.207008,39.290607],[-105.207285,39.290659],[-105.207398,39.290832],[-105.207425,39.290874],[-105.207461,39.290966],[-105.207556,39.291204],[-105.207638,39.291411],[-105.207776,39.291464],[-105.207915,39.291463],[-105.20819,39.291353],[-105.208534,39.291136],[-105.208669,39.290812],[-105.208666,39.290543],[-105.208454,39.290113],[-105.208433,39.29008],[-105.208291,39.289863],[-105.208244,39.289791],[-105.20819,39.289513],[-105.208172,39.289418],[-105.208362,39.289008],[-105.208374,39.288983],[-105.208539,39.288868],[-105.208617,39.288815],[-105.208923,39.288602],[-105.209508,39.288173],[-105.20952,39.288164],[-105.209616,39.288093],[-105.209771,39.287979],[-105.209884,39.287896],[-105.210107,39.28769],[-105.210236,39.287571],[-105.210292,39.287519],[-105.210629,39.286965],[-105.210691,39.286864],[-105.210733,39.286794],[-105.210847,39.286606],[-105.211593,39.285893],[-105.211823,39.285555],[-105.212191,39.285015],[-105.212211,39.284987],[-105.212478,39.284595],[-105.212545,39.284325],[-105.212542,39.284058],[-105.212504,39.284011],[-105.212468,39.283968],[-105.212244,39.283703],[-105.211827,39.283209],[-105.211773,39.283145],[-105.211628,39.283078],[-105.211425,39.282986],[-105.211355,39.282878],[-105.211352,39.282589],[-105.211338,39.281176],[-105.211337,39.281069],[-105.211336,39.280928],[-105.211335,39.280886],[-105.211372,39.280769],[-105.211402,39.28067],[-105.211608,39.280453],[-105.212027,39.280341],[-105.212228,39.280287],[-105.212706,39.280027],[-105.213247,39.279732],[-105.213261,39.279725],[-105.213328,39.279688],[-105.213531,39.279256],[-105.213573,39.279181],[-105.213609,39.279117],[-105.213737,39.278887],[-105.213803,39.27877],[-105.214008,39.278553],[-105.214354,39.278551],[-105.214907,39.278601],[-105.21524,39.278599],[-105.215391,39.278598],[-105.215735,39.278489],[-105.215995,39.278385],[-105.216011,39.278379],[-105.216022,39.27835],[-105.216132,39.278065],[-105.21628,39.277677],[-105.21634,39.277434],[-105.216347,39.277408],[-105.216276,39.277246],[-105.215998,39.27714],[-105.215872,39.277082],[-105.215651,39.276981],[-105.215638,39.276914],[-105.215578,39.276605],[-105.215625,39.276511],[-105.215714,39.276334],[-105.216292,39.275931],[-105.216718,39.275633],[-105.216881,39.275519],[-105.217005,39.275388],[-105.217169,39.275215],[-105.217291,39.275086],[-105.217307,39.275042],[-105.217368,39.27487],[-105.217426,39.274708],[-105.217353,39.274385],[-105.21732,39.274327],[-105.217302,39.274294],[-105.217228,39.274162],[-105.217142,39.27401],[-105.216934,39.273917],[-105.216804,39.273859],[-105.216427,39.273691],[-105.216309,39.273638],[-105.215615,39.273373],[-105.21552,39.273204],[-105.215404,39.272995],[-105.2154,39.272569],[-105.215403,39.272561],[-105.215578,39.272235],[-105.215603,39.272188],[-105.216015,39.271862],[-105.216722,39.271692],[-105.217394,39.271531],[-105.217531,39.271476],[-105.217788,39.271248],[-105.217872,39.271173],[-105.218079,39.270988],[-105.21819,39.270935],[-105.218423,39.270824],[-105.218519,39.270786],[-105.218766,39.270688],[-105.218836,39.27066],[-105.219248,39.270388],[-105.219934,39.269791],[-105.220682,39.268656],[-105.220745,39.268063],[-105.220729,39.267999],[-105.22069,39.267856],[-105.220674,39.267794],[-105.220394,39.267526],[-105.220043,39.267432],[-105.219216,39.267211],[-105.218732,39.267106],[-105.218522,39.266892],[-105.218451,39.266677],[-105.218479,39.266552],[-105.21849,39.2665],[-105.218715,39.26549],[-105.218712,39.265168],[-105.218708,39.264737],[-105.218558,39.264411],[-105.218537,39.264364],[-105.218526,39.264341],[-105.218447,39.264306],[-105.218306,39.264243],[-105.2181,39.264038],[-105.217963,39.263854],[-105.217954,39.263764],[-105.217931,39.263552],[-105.217925,39.263488],[-105.217985,39.262778],[-105.217959,39.26267],[-105.217926,39.262539],[-105.217865,39.262293],[-105.217776,39.262186],[-105.217574,39.261943],[-105.217362,39.261514],[-105.217335,39.26142],[-105.217219,39.26103],[-105.217218,39.260894],[-105.217218,39.260876],[-105.217218,39.260861],[-105.217216,39.260653],[-105.21742,39.260382],[-105.217832,39.260056],[-105.218451,39.259837],[-105.218544,39.259817],[-105.21921,39.259671],[-105.219424,39.259669],[-105.219667,39.259668],[-105.219958,39.259666],[-105.220108,39.259665],[-105.220793,39.259851],[-105.221078,39.259928],[-105.221188,39.259985],[-105.221402,39.260094],[-105.221495,39.260141],[-105.221709,39.26014],[-105.222048,39.260138],[-105.22233,39.2602],[-105.222417,39.26022],[-105.222428,39.260222],[-105.222935,39.260335],[-105.222964,39.260342],[-105.223176,39.260389],[-105.223878,39.260545],[-105.224403,39.260661],[-105.224748,39.260659],[-105.224821,39.26064],[-105.224957,39.260603],[-105.225162,39.260549],[-105.225367,39.260332],[-105.225364,39.260068],[-105.225362,39.259823],[-105.225361,39.259793],[-105.225297,39.259622],[-105.225219,39.259417],[-105.224596,39.25926],[-105.224195,39.259107],[-105.224133,39.259083],[-105.224118,39.259077],[-105.224041,39.259048],[-105.223977,39.259006],[-105.223963,39.258997],[-105.223899,39.258955],[-105.223554,39.258728],[-105.223343,39.258406],[-105.223271,39.258083],[-105.223239,39.257767],[-105.223194,39.25733],[-105.223323,39.25636],[-105.223432,39.256215],[-105.223527,39.256089],[-105.223755,39.255953],[-105.223802,39.255926],[-105.223908,39.255917],[-105.224286,39.255888],[-105.224423,39.255878],[-105.224561,39.255867],[-105.224929,39.255976],[-105.225392,39.256113],[-105.225447,39.256129],[-105.225768,39.256224],[-105.225809,39.256236],[-105.225836,39.256257],[-105.226006,39.256387],[-105.226157,39.256503],[-105.226278,39.256502],[-105.226405,39.256502],[-105.226572,39.256501],[-105.226801,39.256439],[-105.226985,39.25639],[-105.227259,39.256173],[-105.227314,39.256043],[-105.227343,39.255972],[-105.227366,39.255918],[-105.227373,39.2559],[-105.227394,39.255849],[-105.227393,39.255743],[-105.227393,39.255728],[-105.227392,39.25567],[-105.227384,39.254823],[-105.227381,39.254557],[-105.227446,39.254182],[-105.227514,39.254017],[-105.22772,39.253908],[-105.227811,39.253896],[-105.228295,39.25383],[-105.228548,39.253795],[-105.230898,39.253834],[-105.231716,39.253935],[-105.231728,39.253936],[-105.231754,39.253946],[-105.231826,39.253974],[-105.232283,39.254148],[-105.23373,39.255157],[-105.233814,39.255215],[-105.233833,39.255222],[-105.233902,39.255244],[-105.233937,39.255255],[-105.23418,39.255335],[-105.234193,39.255339],[-105.234284,39.255369],[-105.234299,39.255374],[-105.234356,39.255363],[-105.234575,39.255318],[-105.234711,39.255102],[-105.234844,39.254562],[-105.234807,39.254067],[-105.23479,39.253834],[-105.234764,39.253486],[-105.234486,39.253061],[-105.234368,39.252881],[-105.234342,39.252842],[-105.234331,39.252812],[-105.2342,39.252466],[-105.2342,39.252413],[-105.234198,39.25226],[-105.234198,39.252247],[-105.234197,39.252143],[-105.234333,39.251927],[-105.234812,39.251493],[-105.235179,39.25136],[-105.23557,39.251219],[-105.236996,39.250987],[-105.237294,39.250938],[-105.237401,39.250938],[-105.23757,39.250937],[-105.237707,39.250828],[-105.237705,39.25067],[-105.237698,39.250647],[-105.237434,39.24999],[-105.23743,39.249976],[-105.237421,39.249926],[-105.2374,39.249783],[-105.237386,39.249686],[-105.237367,39.249558],[-105.237363,39.249529],[-105.237357,39.249491],[-105.237288,39.249465],[-105.237081,39.249385],[-105.236666,39.249386],[-105.236321,39.249495],[-105.236046,39.249657],[-105.235562,39.249713],[-105.23519,39.249631],[-105.235137,39.249619],[-105.235079,39.249606],[-105.234802,39.249445],[-105.234787,39.249304],[-105.234776,39.249196],[-105.234751,39.248952],[-105.23473,39.248745],[-105.234242,39.247453],[-105.233964,39.246969],[-105.233825,39.246593],[-105.233961,39.246161],[-105.234265,39.245779],[-105.234305,39.245729],[-105.234718,39.245351],[-105.235337,39.244864],[-105.235612,39.244378],[-105.235957,39.244216],[-105.236371,39.244107],[-105.237085,39.244012],[-105.237199,39.243996],[-105.237665,39.243969],[-105.237719,39.243966],[-105.237769,39.243963],[-105.238016,39.243948],[-105.238042,39.243947],[-105.23812,39.243942],[-105.238166,39.24394],[-105.238855,39.243776],[-105.239081,39.243736],[-105.239381,39.243683],[-105.239477,39.243666],[-105.239554,39.243686],[-105.239681,39.243719],[-105.239891,39.243773],[-105.240103,39.243989],[-105.240307,39.244095],[-105.240418,39.244095],[-105.240583,39.244094],[-105.240927,39.243824],[-105.240953,39.243793],[-105.241137,39.243576],[-105.241189,39.243515],[-105.241202,39.243499],[-105.241253,39.243477],[-105.242174,39.243063],[-105.24223,39.243037],[-105.242436,39.242945],[-105.242465,39.242932],[-105.24265,39.242849],[-105.243151,39.24276],[-105.243271,39.242739],[-105.243306,39.242695],[-105.243615,39.242307],[-105.243753,39.242199],[-105.244235,39.242035],[-105.244399,39.241901],[-105.244922,39.241472],[-105.245819,39.240737],[-105.24598,39.240647],[-105.246202,39.240522],[-105.246301,39.240467],[-105.246498,39.240415],[-105.246715,39.240358],[-105.246803,39.240381],[-105.246818,39.240385],[-105.248097,39.24073],[-105.248324,39.240853],[-105.248461,39.240927],[-105.248706,39.24106],[-105.248789,39.241105],[-105.248999,39.24143],[-105.249137,39.241643],[-105.249243,39.241719],[-105.249737,39.24207],[-105.250579,39.242669],[-105.250618,39.242688],[-105.251475,39.243106],[-105.251554,39.243145],[-105.251636,39.243207],[-105.251974,39.243464],[-105.252391,39.243621],[-105.252668,39.243619],[-105.253218,39.243452],[-105.253457,39.243185],[-105.253558,39.243072],[-105.253609,39.242977],[-105.25376,39.242693],[-105.253678,39.241938],[-105.253584,39.24182],[-105.253468,39.241673],[-105.253525,39.241511],[-105.2536,39.241298],[-105.253609,39.24129],[-105.254281,39.240753],[-105.254421,39.240641],[-105.2549,39.240314],[-105.255042,39.240124],[-105.255103,39.240043],[-105.255028,39.239667],[-105.254752,39.239267],[-105.254513,39.23892],[-105.254295,39.238564],[-105.25425,39.23849],[-105.254246,39.238244],[-105.254245,39.238167],[-105.254368,39.23787],[-105.254379,39.237843],[-105.254548,39.237626],[-105.254718,39.237409],[-105.255095,39.237065],[-105.255195,39.236973],[-105.255501,39.236167],[-105.255665,39.235734],[-105.255727,39.235569],[-105.255931,39.235352],[-105.256503,39.234861],[-105.256819,39.23459],[-105.257017,39.233996],[-105.257198,39.233631],[-105.257259,39.233507],[-105.257285,39.233455],[-105.257523,39.233201],[-105.257694,39.23302],[-105.258312,39.232745],[-105.258787,39.232617],[-105.259344,39.232467],[-105.260032,39.232191],[-105.260376,39.23208],[-105.260637,39.232009],[-105.260789,39.231968],[-105.261405,39.231586],[-105.261885,39.231312],[-105.261996,39.231102],[-105.262086,39.230933],[-105.262342,39.230657],[-105.262997,39.22995],[-105.263243,39.229684],[-105.263288,39.229574],[-105.263443,39.229198],[-105.263496,39.228832],[-105.263505,39.228767],[-105.26338,39.228352],[-105.263365,39.2283],[-105.26336,39.228283],[-105.263282,39.228212],[-105.263265,39.228196],[-105.263223,39.228157],[-105.26266,39.227636],[-105.262638,39.227615],[-105.261747,39.226791],[-105.261536,39.226524],[-105.261528,39.225991],[-105.261524,39.225762],[-105.261524,39.225717],[-105.26159,39.225555],[-105.261797,39.225499],[-105.261895,39.225498],[-105.262004,39.225497],[-105.262178,39.225218],[-105.262221,39.22515],[-105.262342,39.224955],[-105.262406,39.224632],[-105.262373,39.224466],[-105.262368,39.224439],[-105.262331,39.224256],[-105.262187,39.22388],[-105.261699,39.223562],[-105.261592,39.223449],[-105.261506,39.223357],[-105.261475,39.223325],[-105.261347,39.223188],[-105.26141,39.222873],[-105.261412,39.222865],[-105.261419,39.222857],[-105.261616,39.222647],[-105.261858,39.222531],[-105.262224,39.222355],[-105.262302,39.222318],[-105.262437,39.222102],[-105.262504,39.221993],[-105.263122,39.221718],[-105.263217,39.221662],[-105.263372,39.221569],[-105.263396,39.221554],[-105.26353,39.221284],[-105.263594,39.220906],[-105.263521,39.220711],[-105.26328,39.220065],[-105.263234,39.21994],[-105.263012,39.219559],[-105.26275,39.219107],[-105.262737,39.219084],[-105.262675,39.219053],[-105.262319,39.218873],[-105.262108,39.218605],[-105.261688,39.218286],[-105.261669,39.21818],[-105.261652,39.218084],[-105.261612,39.217857],[-105.261338,39.217579],[-105.261201,39.217439],[-105.261191,39.21743],[-105.261087,39.217311],[-105.261072,39.217293],[-105.26091,39.217109],[-105.260834,39.217037],[-105.26063,39.216843],[-105.260588,39.216635],[-105.260555,39.216467],[-105.260678,39.216167],[-105.260775,39.215932],[-105.260955,39.215494],[-105.261157,39.215169],[-105.261192,39.21513],[-105.261497,39.214788],[-105.261527,39.214704],[-105.26163,39.214411],[-105.261512,39.214022],[-105.261488,39.213942],[-105.261484,39.213928],[-105.26147,39.21391],[-105.261317,39.213717],[-105.261273,39.213661],[-105.260747,39.213261],[-105.260713,39.213235],[-105.260393,39.212951],[-105.260293,39.212862],[-105.260267,39.212823],[-105.260081,39.212542],[-105.26001,39.212434],[-105.260008,39.212274],[-105.260005,39.212058],[-105.259951,39.211957],[-105.259862,39.21179],[-105.259853,39.211778],[-105.259787,39.211695],[-105.259779,39.211685],[-105.259772,39.211676],[-105.259651,39.211523],[-105.259664,39.211398],[-105.259666,39.211375],[-105.259674,39.211296],[-105.259704,39.210999],[-105.259711,39.21093],[-105.259775,39.210827],[-105.259949,39.210548],[-105.259981,39.210497],[-105.260253,39.210225],[-105.260388,39.210179],[-105.260735,39.210059],[-105.261425,39.209999],[-105.261908,39.209994],[-105.262114,39.209885],[-105.262454,39.209505],[-105.262556,39.209355],[-105.26286,39.208908],[-105.262918,39.208208],[-105.262985,39.208046],[-105.263329,39.207935],[-105.26371,39.207931],[-105.263743,39.207931],[-105.264297,39.208034],[-105.264855,39.208351],[-105.265103,39.208477],[-105.265484,39.208669],[-105.265691,39.208774],[-105.265978,39.208824],[-105.266869,39.208978],[-105.267424,39.209134],[-105.267701,39.209186],[-105.267831,39.209184],[-105.267887,39.209184],[-105.267908,39.209184],[-105.267924,39.209181],[-105.268253,39.209127],[-105.268599,39.209177],[-105.268808,39.209283],[-105.269225,39.209386],[-105.269984,39.209325],[-105.270535,39.209212],[-105.270802,39.20909],[-105.27087,39.209059],[-105.271015,39.208993],[-105.27126,39.208749],[-105.271288,39.208721],[-105.271556,39.20818],[-105.271826,39.2078],[-105.272268,39.207714],[-105.272289,39.207705],[-105.27237,39.20767],[-105.272583,39.207578],[-105.274381,39.207668],[-105.275141,39.207661],[-105.275674,39.20758],[-105.2759,39.207546],[-105.276242,39.207328],[-105.276514,39.207056],[-105.276647,39.206732],[-105.276703,39.205816],[-105.276655,39.205515],[-105.276626,39.205332],[-105.276827,39.204953],[-105.277028,39.204825],[-105.277042,39.204816],[-105.277112,39.204771],[-105.277123,39.204764],[-105.27717,39.204735],[-105.277193,39.204688],[-105.2772,39.204674],[-105.277219,39.204636],[-105.277438,39.204194],[-105.277691,39.202856],[-105.277694,39.202846],[-105.277693,39.202833],[-105.277693,39.202801],[-105.277687,39.202415],[-105.278166,39.202087],[-105.278563,39.201954],[-105.278951,39.201824],[-105.278991,39.20181],[-105.280321,39.201849],[-105.280373,39.201851],[-105.281064,39.201844],[-105.28182,39.201568],[-105.282365,39.201078],[-105.282905,39.200265],[-105.28294,39.200144],[-105.283133,39.19946],[-105.283144,39.199422],[-105.283364,39.198646],[-105.283477,39.198129],[-105.283493,39.198053],[-105.283762,39.197565],[-105.284573,39.195488],[-105.284749,39.195037],[-105.285026,39.194377],[-105.285156,39.193837],[-105.285114,39.19363],[-105.285081,39.193461],[-105.284812,39.19276],[-105.284793,39.192711],[-105.284706,39.192515],[-105.28465,39.192389],[-105.284712,39.192074],[-105.284714,39.192065],[-105.284729,39.19203],[-105.284742,39.191999],[-105.285142,39.191058],[-105.285191,39.190942],[-105.285326,39.190626],[-105.28538,39.190498],[-105.285784,39.189794],[-105.285916,39.189362],[-105.28591,39.189294],[-105.285829,39.188232],[-105.285954,39.18737],[-105.286118,39.186639],[-105.286148,39.186507],[-105.286485,39.185965],[-105.286893,39.185531],[-105.288193,39.184764],[-105.288729,39.184507],[-105.288879,39.184435],[-105.289289,39.184162],[-105.289355,39.183946],[-105.289297,39.183772],[-105.289283,39.183731],[-105.289069,39.183302],[-105.288865,39.18316],[-105.288142,39.182554],[-105.288019,39.182451],[-105.287599,39.182078],[-105.287385,39.181596],[-105.287343,39.18128],[-105.287337,39.181235],[-105.287306,39.181004],[-105.287362,39.180143],[-105.287355,39.179714],[-105.287351,39.179443],[-105.287479,39.178796],[-105.288092,39.178198],[-105.289327,39.177599],[-105.290369,39.177093],[-105.290697,39.176934],[-105.291245,39.176606],[-105.291518,39.176388],[-105.294327,39.174961],[-105.294738,39.174688],[-105.294765,39.174644],[-105.294795,39.174596],[-105.294805,39.174579],[-105.294805,39.174546],[-105.294804,39.174536],[-105.294803,39.174448],[-105.294803,39.174418],[-105.294523,39.174205],[-105.294284,39.174097],[-105.293827,39.173889],[-105.293548,39.173676],[-105.293665,39.173292],[-105.293679,39.173245],[-105.293882,39.172973],[-105.295047,39.172962],[-105.295402,39.172958],[-105.29602,39.172737],[-105.296396,39.172649],[-105.296501,39.172625],[-105.296847,39.172622],[-105.297355,39.172676],[-105.297387,39.172679],[-105.297426,39.172683],[-105.297877,39.172732],[-105.29823,39.17277],[-105.29885,39.172656],[-105.299469,39.172488],[-105.299938,39.171568],[-105.300348,39.171241],[-105.301168,39.170695],[-105.301909,39.169504],[-105.301995,39.16922],[-105.302041,39.169072],[-105.301829,39.168804],[-105.301064,39.168489],[-105.300297,39.168012],[-105.300265,39.167831],[-105.300222,39.167582],[-105.300381,39.167326],[-105.300393,39.167306],[-105.300424,39.167257],[-105.300477,39.167193],[-105.300507,39.167156],[-105.300515,39.167147],[-105.300695,39.166931],[-105.301008,39.166788],[-105.301024,39.16678],[-105.301034,39.166776],[-105.301175,39.166711],[-105.301726,39.166652],[-105.302141,39.166648],[-105.302379,39.166599],[-105.302416,39.166591],[-105.302553,39.166482],[-105.302762,39.166281],[-105.302893,39.166156],[-105.303837,39.164973],[-105.304451,39.164203],[-105.304656,39.164093],[-105.304824,39.164092],[-105.305139,39.164088],[-105.305319,39.164115],[-105.305485,39.164139],[-105.305695,39.164298],[-105.306043,39.164679],[-105.306174,39.164824],[-105.306328,39.164992],[-105.306677,39.165258],[-105.307024,39.165362],[-105.307101,39.165361],[-105.307438,39.165358],[-105.307783,39.165301],[-105.307989,39.165245],[-105.308165,39.164866],[-105.308178,39.164838],[-105.308344,39.164479],[-105.30839,39.164379],[-105.308593,39.164108],[-105.308798,39.163999],[-105.30921,39.163833],[-105.309624,39.163775],[-105.309829,39.163665],[-105.309843,39.163647],[-105.310014,39.163418],[-105.310032,39.163394],[-105.310492,39.161936],[-105.310495,39.161926],[-105.310557,39.161666],[-105.310759,39.161341],[-105.311101,39.161123],[-105.311597,39.160874],[-105.312025,39.16066],[-105.312197,39.160573],[-105.31295,39.160135],[-105.313291,39.159863],[-105.313358,39.159701],[-105.313474,39.159416],[-105.313491,39.159376],[-105.313521,39.159223],[-105.313537,39.159143],[-105.313563,39.159007],[-105.313618,39.158729],[-105.313539,39.15858],[-105.313445,39.158403],[-105.31328,39.158093],[-105.313191,39.157926],[-105.313166,39.157751],[-105.313157,39.15769],[-105.313114,39.157388],[-105.313039,39.157012],[-105.313145,39.156708],[-105.313171,39.156634],[-105.313253,39.156516],[-105.313313,39.156431],[-105.313469,39.156209],[-105.313779,39.155767],[-105.31412,39.155494],[-105.31501,39.155055],[-105.315283,39.154837],[-105.315417,39.154566],[-105.31548,39.154189],[-105.315335,39.153759],[-105.315352,39.153659],[-105.315398,39.153382],[-105.315529,39.15295],[-105.315699,39.152151],[-105.315851,39.151439],[-105.315938,39.151151],[-105.315982,39.151007],[-105.315779,39.150527],[-105.315552,39.149989],[-105.315583,39.149857],[-105.315616,39.149719],[-105.315616,39.149685],[-105.315614,39.149558],[-105.315787,39.149384],[-105.315886,39.149286],[-105.315987,39.149122],[-105.31602,39.149069],[-105.316197,39.148833],[-105.316223,39.148798],[-105.31622,39.148788],[-105.316211,39.148755],[-105.31615,39.148529],[-105.316104,39.148427],[-105.316007,39.148208],[-105.315955,39.148149],[-105.315931,39.148122],[-105.315725,39.147888],[-105.315371,39.147299],[-105.315359,39.147211],[-105.315292,39.146708],[-105.31542,39.14606],[-105.315713,39.145684],[-105.315759,39.145626],[-105.31588,39.145604],[-105.316307,39.145526],[-105.316378,39.145512],[-105.317511,39.145659],[-105.318315,39.145762],[-105.319007,39.145809],[-105.319283,39.145807],[-105.319903,39.145747],[-105.320317,39.145742],[-105.320595,39.145847],[-105.321082,39.146058],[-105.321428,39.146108],[-105.321841,39.14605],[-105.322415,39.145945],[-105.322461,39.145936],[-105.322604,39.14586],[-105.322872,39.145717],[-105.323144,39.145445],[-105.323277,39.145175],[-105.323204,39.144906],[-105.323188,39.144871],[-105.323061,39.144585],[-105.322809,39.144345],[-105.32278,39.144318],[-105.322758,39.144274],[-105.322424,39.143622],[-105.322329,39.143432],[-105.322296,39.143365],[-105.322271,39.143316],[-105.32221,39.143193],[-105.322191,39.143084],[-105.322186,39.143057],[-105.322157,39.142894],[-105.322134,39.142764],[-105.322198,39.14244],[-105.322363,39.142077],[-105.322665,39.141412],[-105.322791,39.140888],[-105.322794,39.140873],[-105.322794,39.14083],[-105.322788,39.140496],[-105.322736,39.140267],[-105.322714,39.140174],[-105.3225,39.139956],[-105.322293,39.139747],[-105.32187,39.139159],[-105.321806,39.139016],[-105.321751,39.138893],[-105.321655,39.138677],[-105.321711,39.137869],[-105.321903,39.136898],[-105.322166,39.136088],[-105.322779,39.135474],[-105.322981,39.135272],[-105.323546,39.13482],[-105.324481,39.134073],[-105.324933,39.133666],[-105.325025,39.133583],[-105.325295,39.13315],[-105.325458,39.13299],[-105.326858,39.131626],[-105.327221,39.131116],[-105.32729,39.131019],[-105.327354,39.130929],[-105.327395,39.130871],[-105.327518,39.130773],[-105.327807,39.13054],[-105.328146,39.13016],[-105.328248,39.130058],[-105.328418,39.129888],[-105.328542,39.12969],[-105.328757,39.129348],[-105.328771,39.129348],[-105.330438,39.129368],[-105.336014,39.129437],[-105.340926,39.129498],[-105.341067,39.1295],[-105.343107,39.129522],[-105.350141,39.129599],[-105.353536,39.129603],[-105.356165,39.129606],[-105.357161,39.129607],[-105.360651,39.12961],[-105.360743,39.12961],[-105.366429,39.129593],[-105.36698,39.129591],[-105.367181,39.12959],[-105.370826,39.129579],[-105.380674,39.129608],[-105.380693,39.129608],[-105.381111,39.129604],[-105.386778,39.129554],[-105.39015,39.129523],[-105.390185,39.129523],[-105.397827,39.129435],[-105.397827,39.129456],[-105.397827,39.129564],[-105.397827,39.130319],[-105.397827,39.130385],[-105.39783,39.136813],[-105.39783,39.137707],[-105.397831,39.140516],[-105.397832,39.143775],[-105.397835,39.150203],[-105.397835,39.150594],[-105.397835,39.151152],[-105.397835,39.151701],[-105.397836,39.152731],[-105.397837,39.156535],[-105.397837,39.157253],[-105.397837,39.157641],[-105.39784,39.164589],[-105.39784,39.164799],[-105.397842,39.172236],[-105.397846,39.179602],[-105.397849,39.186831],[-105.397851,39.194034],[-105.397852,39.197351],[-105.397852,39.197454],[-105.397853,39.201399],[-105.397854,39.203265],[-105.397855,39.205139],[-105.397855,39.205334],[-105.397856,39.208587],[-105.397857,39.211975],[-105.397859,39.214808],[-105.397859,39.21582],[-105.397861,39.222239],[-105.397863,39.225806],[-105.397864,39.228694],[-105.397865,39.231314],[-105.397866,39.235808],[-105.397869,39.241445],[-105.397869,39.242921],[-105.397871,39.250347],[-105.397872,39.250431],[-105.397875,39.25798],[-105.397877,39.264667],[-105.397878,39.265186],[-105.39788,39.272527],[-105.397883,39.279412],[-105.397886,39.286525],[-105.397888,39.293375],[-105.397888,39.294421],[-105.397891,39.300788],[-105.397893,39.307966],[-105.397895,39.314343],[-105.397895,39.315143],[-105.397896,39.315765],[-105.397896,39.315776],[-105.397898,39.322343],[-105.397901,39.32944],[-105.397901,39.329545],[-105.397902,39.333074],[-105.397904,39.336532],[-105.397904,39.336718],[-105.397904,39.336786],[-105.397905,39.339874],[-105.397907,39.343889],[-105.397909,39.350735],[-105.397909,39.351561],[-105.397858,39.355275],[-105.397848,39.359245],[-105.397855,39.360682],[-105.397863,39.362614],[-105.39786,39.363373],[-105.397858,39.363689],[-105.397855,39.364387],[-105.39785,39.365536],[-105.397848,39.366032],[-105.397855,39.366287],[-105.397923,39.36891],[-105.397938,39.369478],[-105.397972,39.370803],[-105.398024,39.372807],[-105.398215,39.380198],[-105.398284,39.382852],[-105.398312,39.383947],[-105.398407,39.387587],[-105.398017,39.387594],[-105.397996,39.387594],[-105.397827,39.387597],[-105.397832,39.390681],[-105.397835,39.392563],[-105.397839,39.394877],[-105.397839,39.395281],[-105.397837,39.398756],[-105.397836,39.399525],[-105.397834,39.402561],[-105.397816,39.406127],[-105.397827,39.408667],[-105.397826,39.409272],[-105.397788,39.413257],[-105.397753,39.416891],[-105.397799,39.41967],[-105.397813,39.420566],[-105.397824,39.421204],[-105.397867,39.423853],[-105.397874,39.424246],[-105.397896,39.424821],[-105.3979,39.424946],[-105.398002,39.427594],[-105.398053,39.428887],[-105.398119,39.430638],[-105.398175,39.431547],[-105.398141,39.433538],[-105.398066,39.438045],[-105.398052,39.438851],[-105.398052,39.438913],[-105.398008,39.444427],[-105.397996,39.44582],[-105.398004,39.448049],[-105.398015,39.451223],[-105.398018,39.452064],[-105.398023,39.453424],[-105.398092,39.457079],[-105.398151,39.460154],[-105.398161,39.460647],[-105.398166,39.460896],[-105.398165,39.460947],[-105.398158,39.461756],[-105.398137,39.463998],[-105.398134,39.464343],[-105.398129,39.464928],[-105.39812,39.465911],[-105.398107,39.467315],[-105.3981,39.468105],[-105.398099,39.46812],[-105.398093,39.468812],[-105.398072,39.470999],[-105.39807,39.47129],[-105.398064,39.47186],[-105.398054,39.47294],[-105.398045,39.473912],[-105.398026,39.475875],[-105.398027,39.477587],[-105.398029,39.481428],[-105.39803,39.483023],[-105.398029,39.486167],[-105.398029,39.487947],[-105.398029,39.488678],[-105.398028,39.490346],[-105.398087,39.494932],[-105.398096,39.497647],[-105.398098,39.498314],[-105.3981,39.499095],[-105.398105,39.500542],[-105.398109,39.501852],[-105.398113,39.503051],[-105.39812,39.505083],[-105.39812,39.505167],[-105.398121,39.505609],[-105.398132,39.508863],[-105.398143,39.512437],[-105.398148,39.513798],[-105.398167,39.519992],[-105.398181,39.523607],[-105.398186,39.524886],[-105.398188,39.525717],[-105.398189,39.526413],[-105.39819,39.527147],[-105.398192,39.527743],[-105.398213,39.534305],[-105.398272,39.534305],[-105.398271,39.537033],[-105.398285,39.54093],[-105.398285,39.540958],[-105.398288,39.541885],[-105.398289,39.542711],[-105.398311,39.54664],[-105.398305,39.547843],[-105.398298,39.549094],[-105.398289,39.553716],[-105.398285,39.556862],[-105.398288,39.557428],[-105.398289,39.557987],[-105.398296,39.560208],[-105.398299,39.561159],[-105.398278,39.565109],[-105.398273,39.566081],[-105.398262,39.568197],[-105.397826,39.650562],[-105.397824,39.650917],[-105.397845,39.654182],[-105.39787,39.658088],[-105.397887,39.660593],[-105.397917,39.665256],[-105.39793,39.667167],[-105.39795,39.670254],[-105.397954,39.670903],[-105.397962,39.672186],[-105.397963,39.672351],[-105.397972,39.673692],[-105.397986,39.675808],[-105.397996,39.677271],[-105.398001,39.678041],[-105.39801,39.679504],[-105.398033,39.682922],[-105.398053,39.685905],[-105.398054,39.686092],[-105.398058,39.68674],[-105.398059,39.686838],[-105.398056,39.688055],[-105.398055,39.688685],[-105.39805,39.690714],[-105.398044,39.69331],[-105.398043,39.693369],[-105.398042,39.69378],[-105.398041,39.694309],[-105.398037,39.695714],[-105.398036,39.696298],[-105.398033,39.697574],[-105.398025,39.700538],[-105.398025,39.700875],[-105.398024,39.700993],[-105.39802,39.702851],[-105.398018,39.703746],[-105.398015,39.70472],[-105.398015,39.704787],[-105.398012,39.706039],[-105.398011,39.706477],[-105.398009,39.707483],[-105.398007,39.708365],[-105.397998,39.709934],[-105.397993,39.710808],[-105.397992,39.710991],[-105.397989,39.711544],[-105.397983,39.71258],[-105.397979,39.713236],[-105.397978,39.713417],[-105.397973,39.714268],[-105.397969,39.715031],[-105.39796,39.716655],[-105.397959,39.716907],[-105.397957,39.717267],[-105.397953,39.717968],[-105.397948,39.718936],[-105.397941,39.72009],[-105.397932,39.721718],[-105.397927,39.722623],[-105.397919,39.72409],[-105.397917,39.724476],[-105.397898,39.727692],[-105.397886,39.72993],[-105.397884,39.730237],[-105.39787,39.731],[-105.397867,39.731156],[-105.397865,39.73125],[-105.397845,39.732305],[-105.397837,39.732739],[-105.397871,39.732735],[-105.397868,39.733285],[-105.397831,39.74001],[-105.397825,39.741182],[-105.397825,39.741222],[-105.397824,39.745313],[-105.397823,39.745603],[-105.397823,39.745702],[-105.397823,39.745753],[-105.397823,39.745775],[-105.397823,39.747041],[-105.397823,39.747076],[-105.397823,39.747281],[-105.397823,39.747509],[-105.397823,39.747788],[-105.397823,39.748328],[-105.397823,39.748722],[-105.397823,39.748806],[-105.397823,39.749395],[-105.397823,39.749525],[-105.397823,39.750093],[-105.397823,39.750167],[-105.397823,39.75102],[-105.397823,39.752574],[-105.397824,39.755322],[-105.396953,39.755298],[-105.396942,39.757638],[-105.396937,39.758727],[-105.396921,39.762409],[-105.396917,39.7631],[-105.396906,39.764856],[-105.3969,39.765915],[-105.396879,39.767758],[-105.396918,39.770173],[-105.396913,39.770818],[-105.396847,39.776772],[-105.396846,39.776908],[-105.396834,39.780511],[-105.396826,39.78297],[-105.396824,39.783652],[-105.396823,39.78408],[-105.396804,39.787419],[-105.396786,39.790819],[-105.396763,39.794476],[-105.39674,39.798121],[-105.396738,39.798315],[-105.396701,39.801742],[-105.396661,39.805362],[-105.396613,39.808968],[-105.396601,39.809903],[-105.396564,39.812576],[-105.396531,39.815571],[-105.396498,39.818634],[-105.396489,39.819366],[-105.396413,39.826263],[-105.39656,39.82626],[-105.396561,39.826287],[-105.396766,39.833415],[-105.396822,39.836877],[-105.396883,39.84064],[-105.396884,39.841317],[-105.396884,39.841325],[-105.396892,39.844198],[-105.396901,39.847642],[-105.396909,39.851229],[-105.396915,39.853364],[-105.396916,39.853869],[-105.396916,39.85427],[-105.396916,39.854283],[-105.396916,39.854299],[-105.396917,39.854588],[-105.396918,39.854734],[-105.396918,39.854853],[-105.396982,39.856938],[-105.397034,39.858659],[-105.397051,39.859172],[-105.397101,39.86071],[-105.397106,39.860879],[-105.397108,39.860967],[-105.397125,39.861518],[-105.397138,39.861962],[-105.397198,39.864],[-105.397229,39.865036],[-105.397229,39.865044],[-105.397244,39.865536],[-105.397351,39.869108],[-105.397345,39.870105],[-105.397336,39.871814],[-105.39733,39.872786],[-105.397329,39.872937],[-105.397313,39.875823],[-105.397317,39.876504],[-105.397325,39.876677],[-105.39737,39.877608],[-105.397377,39.877748],[-105.397456,39.879392],[-105.3975,39.880298],[-105.397564,39.881619],[-105.397638,39.88318],[-105.397654,39.883496],[-105.397659,39.883589],[-105.397766,39.888753],[-105.397811,39.890923],[-105.397861,39.892719],[-105.398019,39.898261],[-105.398082,39.902028],[-105.398119,39.904233],[-105.398141,39.905619],[-105.398154,39.906199],[-105.398155,39.906254],[-105.398162,39.906577],[-105.398191,39.907846],[-105.398198,39.90817],[-105.398203,39.908381],[-105.398219,39.909109],[-105.398304,39.912936],[-105.398124,39.912939],[-105.397846,39.912943],[-105.396529,39.912964],[-105.395238,39.912984],[-105.393477,39.913013],[-105.389962,39.913073],[-105.388862,39.913091],[-105.385136,39.913132],[-105.382916,39.913156],[-105.382029,39.913165],[-105.379786,39.913189],[-105.379576,39.91319],[-105.379023,39.913192],[-105.378017,39.913196],[-105.376918,39.9132],[-105.375796,39.913205],[-105.374294,39.913223],[-105.372942,39.913238],[-105.371266,39.913258],[-105.370431,39.913283],[-105.370351,39.913286],[-105.370074,39.913294],[-105.368115,39.913328],[-105.367518,39.913338],[-105.363551,39.913406],[-105.357855,39.913502],[-105.357681,39.913505],[-105.357446,39.913509],[-105.35551,39.913541],[-105.35436,39.91356],[-105.351691,39.913604],[-105.351327,39.91361],[-105.351089,39.913612],[-105.349602,39.913628],[-105.348985,39.913635],[-105.346035,39.913665],[-105.344515,39.913681],[-105.342256,39.913704],[-105.340789,39.913718],[-105.339717,39.913728],[-105.339602,39.913728],[-105.338914,39.913734],[-105.338461,39.913737],[-105.335825,39.913758],[-105.334572,39.913767],[-105.33295,39.91378],[-105.332237,39.913781],[-105.331977,39.913782],[-105.329767,39.913779],[-105.327796,39.913776],[-105.323787,39.91377],[-105.323213,39.913769],[-105.321965,39.913766],[-105.318491,39.913759],[-105.31423,39.913749],[-105.313881,39.913748],[-105.311529,39.91374],[-105.304601,39.913713],[-105.295323,39.913676],[-105.293052,39.913671],[-105.285987,39.913654],[-105.285875,39.913654],[-105.285132,39.91366],[-105.285118,39.91366],[-105.269199,39.9138],[-105.239738,39.914053],[-105.239414,39.914055],[-105.239165,39.914056],[-105.239062,39.914056],[-105.239007,39.914056],[-105.238649,39.914053],[-105.236493,39.914045],[-105.231746,39.914044],[-105.227114,39.914047],[-105.225848,39.914048],[-105.222213,39.91405],[-105.221228,39.914056],[-105.215191,39.91409],[-105.214422,39.914095],[-105.212915,39.914103],[-105.212778,39.914104],[-105.207855,39.914119],[-105.207635,39.914119],[-105.203278,39.914132],[-105.200513,39.914128],[-105.197776,39.914123],[-105.197004,39.914122],[-105.19386,39.914116],[-105.193213,39.914121],[-105.192066,39.914129],[-105.191057,39.914137],[-105.190036,39.914144],[-105.188463,39.914156],[-105.187669,39.914161],[-105.186645,39.914169],[-105.184483,39.914185],[-105.184295,39.914184],[-105.181181,39.914178],[-105.180041,39.914176],[-105.179195,39.914174],[-105.175111,39.914165],[-105.171811,39.914159],[-105.16828,39.914154],[-105.166726,39.91415],[-105.166034,39.914146],[-105.165149,39.914143],[-105.164618,39.91414],[-105.161547,39.914114],[-105.159912,39.9141],[-105.15919,39.914094],[-105.156244,39.914069],[-105.153767,39.914089],[-105.152971,39.914096],[-105.151418,39.914109],[-105.151176,39.914111],[-105.147338,39.914143],[-105.147165,39.914144],[-105.147113,39.914145],[-105.147079,39.914117],[-105.146622,39.914117],[-105.146276,39.914117],[-105.146072,39.914117],[-105.14536,39.914117],[-105.14267,39.914115],[-105.140066,39.914118],[-105.13854,39.914119],[-105.138225,39.914117],[-105.137717,39.914114],[-105.137716,39.914141],[-105.137327,39.914141],[-105.135253,39.914138],[-105.133453,39.914135],[-105.130424,39.91413],[-105.130385,39.91413],[-105.129561,39.914129],[-105.128941,39.914128],[-105.128417,39.914127],[-105.12488,39.914151],[-105.121629,39.914174],[-105.120041,39.914183],[-105.118876,39.91419],[-105.116802,39.914204],[-105.114408,39.91422],[-105.114299,39.914221],[-105.113625,39.914224],[-105.113491,39.914225],[-105.111213,39.914241],[-105.110113,39.914249],[-105.109442,39.914254],[-105.108766,39.914255],[-105.108659,39.914255],[-105.108559,39.914255],[-105.106823,39.914258],[-105.106622,39.914258],[-105.104119,39.914261],[-105.102655,39.914263],[-105.101863,39.914265],[-105.100036,39.914265],[-105.099807,39.914265],[-105.099284,39.914266],[-105.098664,39.914267],[-105.096745,39.914271],[-105.096713,39.914271],[-105.0965,39.914271],[-105.09611,39.914272],[-105.095826,39.914272],[-105.095383,39.914273],[-105.095279,39.914273],[-105.094368,39.914274],[-105.093058,39.914276],[-105.092068,39.914277],[-105.091911,39.914278],[-105.091717,39.914278],[-105.09128,39.914278],[-105.091152,39.914278],[-105.091067,39.914279],[-105.088447,39.914283],[-105.088226,39.914283],[-105.087522,39.914284],[-105.085899,39.914286],[-105.083632,39.914289],[-105.082354,39.914291],[-105.081218,39.914293],[-105.081154,39.914293],[-105.081144,39.914293],[-105.080657,39.914293],[-105.080503,39.914294],[-105.08035,39.914294],[-105.078199,39.914297],[-105.077227,39.914298],[-105.076533,39.914299],[-105.075348,39.9143],[-105.074184,39.914302],[-105.073002,39.914303],[-105.072569,39.914304],[-105.07181,39.914305],[-105.070443,39.9143],[-105.06954,39.914297],[-105.068191,39.914293],[-105.067133,39.91429],[-105.066974,39.914289],[-105.066757,39.914289],[-105.06607,39.914287],[-105.065735,39.914286],[-105.06484,39.914283],[-105.064141,39.914281],[-105.062446,39.914276],[-105.062364,39.914276],[-105.062242,39.914275],[-105.062168,39.914275],[-105.061776,39.914273],[-105.061639,39.914273],[-105.061453,39.914272],[-105.060553,39.914269],[-105.060338,39.914268],[-105.059076,39.914263],[-105.059022,39.914263],[-105.059005,39.914263],[-105.058343,39.91426],[-105.058,39.914259],[-105.057978,39.914259],[-105.057796,39.914258],[-105.055106,39.914248],[-105.052957,39.91424],[-105.052943,39.91424],[-105.052943,39.914224],[-105.052943,39.914149],[-105.052943,39.914124],[-105.052944,39.914077],[-105.052945,39.913848],[-105.052952,39.913795],[-105.052961,39.913734],[-105.052962,39.913621],[-105.052962,39.913602],[-105.052963,39.913179],[-105.052968,39.91168],[-105.052968,39.911667],[-105.052969,39.91139],[-105.052972,39.910286],[-105.052977,39.908967],[-105.052977,39.908849],[-105.052977,39.908822],[-105.052984,39.907116],[-105.052985,39.907048],[-105.052985,39.906938],[-105.052999,39.906642],[-105.052999,39.906259],[-105.052995,39.90578],[-105.052991,39.905209],[-105.05299,39.905113],[-105.052983,39.904145],[-105.052982,39.903999],[-105.052986,39.90305],[-105.052987,39.902752],[-105.052988,39.902525],[-105.05299,39.901809],[-105.052991,39.901528],[-105.052991,39.901392],[-105.052996,39.899943],[-105.052996,39.899806],[-105.053001,39.899767],[-105.053001,39.899712],[-105.053003,39.899102],[-105.053003,39.899024],[-105.05301,39.897624],[-105.053013,39.89689],[-105.053034,39.892737],[-105.053035,39.892644],[-105.053035,39.892521],[-105.053037,39.892187],[-105.053051,39.889555],[-105.05307,39.885935],[-105.053073,39.885356],[-105.053074,39.885276],[-105.053078,39.885218],[-105.053093,39.885002],[-105.0531,39.884902],[-105.053101,39.884891],[-105.053201,39.883487],[-105.053206,39.881649],[-105.053216,39.87801],[-105.053227,39.874405],[-105.053232,39.872608],[-105.053232,39.872588],[-105.05323,39.872435],[-105.053213,39.870826],[-105.053208,39.870355],[-105.053198,39.869397],[-105.053196,39.869192],[-105.05318,39.867693],[-105.053138,39.863618],[-105.053137,39.863537],[-105.053138,39.863413],[-105.053149,39.861905],[-105.053164,39.859999],[-105.053177,39.858384],[-105.053177,39.858355],[-105.053184,39.857363],[-105.053187,39.857026],[-105.053189,39.856834],[-105.05319,39.856678],[-105.05319,39.856601],[-105.053193,39.856293],[-105.053218,39.856294],[-105.053218,39.856285],[-105.053218,39.856268],[-105.053219,39.856228],[-105.053221,39.856182],[-105.053222,39.856148],[-105.053223,39.856115],[-105.053224,39.856064],[-105.053225,39.856023],[-105.053227,39.855971],[-105.053228,39.855936],[-105.053229,39.855886],[-105.05323,39.855866],[-105.053234,39.85571],[-105.053241,39.855466],[-105.053247,39.855244],[-105.053256,39.854944],[-105.05326,39.854773],[-105.053262,39.854715],[-105.053266,39.854587],[-105.053267,39.854548],[-105.053273,39.854307],[-105.053267,39.854223],[-105.053269,39.854053],[-105.053271,39.853923],[-105.053274,39.853457],[-105.053275,39.85337],[-105.053275,39.853317],[-105.053272,39.85326],[-105.053267,39.85318],[-105.053253,39.852931],[-105.053219,39.852333],[-105.05321,39.852173],[-105.053201,39.852001],[-105.053201,39.851981],[-105.053201,39.851655],[-105.053202,39.85137],[-105.053205,39.849649],[-105.053206,39.849033],[-105.053214,39.847367],[-105.053222,39.845763],[-105.053225,39.845266],[-105.053227,39.844805],[-105.053231,39.844052],[-105.053233,39.843499],[-105.053241,39.841829],[-105.053241,39.841807],[-105.053242,39.841794],[-105.053242,39.84178],[-105.053242,39.841707],[-105.053244,39.841065],[-105.05325,39.839601],[-105.053251,39.839144],[-105.053254,39.838316],[-105.053255,39.838146],[-105.053268,39.834523],[-105.053275,39.832355],[-105.05328,39.830924],[-105.05328,39.830906],[-105.05328,39.83089],[-105.05328,39.83083],[-105.05328,39.830514],[-105.05328,39.830074],[-105.053281,39.82988],[-105.053282,39.829551],[-105.053284,39.829011],[-105.053285,39.828601],[-105.053287,39.828059],[-105.053288,39.827528],[-105.053289,39.827416],[-105.053289,39.827287],[-105.053289,39.827273],[-105.053288,39.826979],[-105.053287,39.826542],[-105.053286,39.825666],[-105.053284,39.824864],[-105.053283,39.824181],[-105.053282,39.823664],[-105.053282,39.823582],[-105.053282,39.823573],[-105.053281,39.823135],[-105.05328,39.821859],[-105.05328,39.821821],[-105.05328,39.821627],[-105.053279,39.821034],[-105.053277,39.820028],[-105.053274,39.818262],[-105.053274,39.818207],[-105.053272,39.816412],[-105.05327,39.812793],[-105.05327,39.81277],[-105.05327,39.812311],[-105.053268,39.810566],[-105.053268,39.810385],[-105.053266,39.809194],[-105.053266,39.809184],[-105.053263,39.80683],[-105.053263,39.806497],[-105.053263,39.806297],[-105.053262,39.805984],[-105.053262,39.805563],[-105.053262,39.805547],[-105.05326,39.803102],[-105.05326,39.802821],[-105.053259,39.802655],[-105.053259,39.802574],[-105.053259,39.802449],[-105.053259,39.802355],[-105.053258,39.801291],[-105.053257,39.800927],[-105.053257,39.800739],[-105.053256,39.799826],[-105.053256,39.799429],[-105.053255,39.799242],[-105.053255,39.79911],[-105.053254,39.798309],[-105.053254,39.798271],[-105.053254,39.798034],[-105.053254,39.797907],[-105.053253,39.797403],[-105.053253,39.797227],[-105.053252,39.796595],[-105.053252,39.796418],[-105.053252,39.796244],[-105.053252,39.79623],[-105.053252,39.795965],[-105.053251,39.795451],[-105.053251,39.795143],[-105.053251,39.794996],[-105.05325,39.794415],[-105.053248,39.792839],[-105.053246,39.791078],[-105.053246,39.791064],[-105.054093,39.791065],[-105.057698,39.79107],[-105.058147,39.791071],[-105.060264,39.791074],[-105.06129,39.791076],[-105.061479,39.791076],[-105.061533,39.791076],[-105.061563,39.791033],[-105.061707,39.790823],[-105.061736,39.790781],[-105.061747,39.790764],[-105.061769,39.790732],[-105.061797,39.790651],[-105.061807,39.790619],[-105.061866,39.790444],[-105.061888,39.790378],[-105.062286,39.790379],[-105.06254,39.79038],[-105.062632,39.790381],[-105.062631,39.790433],[-105.062627,39.790943],[-105.062626,39.790984],[-105.062679,39.790984],[-105.062931,39.790985],[-105.063305,39.790986],[-105.064258,39.790989],[-105.064398,39.79099],[-105.06441,39.790618],[-105.06442,39.790329],[-105.064549,39.790329],[-105.065005,39.790328],[-105.065017,39.789745],[-105.065019,39.789683],[-105.065026,39.789326],[-105.065036,39.788856],[-105.065046,39.788367],[-105.065015,39.788367],[-105.062649,39.788359],[-105.06265,39.787463],[-105.062651,39.787195],[-105.062651,39.787],[-105.062654,39.786187],[-105.062655,39.785822],[-105.062655,39.785666],[-105.062658,39.784707],[-105.062659,39.784112],[-105.062659,39.784059],[-105.06266,39.7839],[-105.06266,39.783849],[-105.062425,39.783849],[-105.062176,39.783848],[-105.061848,39.783846],[-105.061711,39.783846],[-105.060765,39.783842],[-105.060576,39.783842],[-105.05982,39.783839],[-105.058863,39.783835],[-105.057912,39.783832],[-105.057894,39.783832],[-105.05675,39.783827],[-105.055588,39.783823],[-105.054442,39.783819],[-105.053244,39.783814],[-105.053244,39.783798],[-105.053244,39.783676],[-105.053244,39.783514],[-105.053244,39.78219],[-105.053244,39.782075],[-105.053244,39.781904],[-105.053244,39.781861],[-105.053243,39.781732],[-105.053243,39.78169],[-105.053243,39.778384],[-105.053243,39.778023],[-105.053243,39.777521],[-105.053243,39.777296],[-105.053243,39.776941],[-105.053243,39.776583],[-105.053243,39.776568],[-105.053243,39.776219],[-105.053243,39.775704],[-105.053242,39.775127],[-105.053242,39.774797],[-105.053242,39.774763],[-105.053242,39.774398],[-105.053242,39.773303],[-105.053242,39.772942],[-105.053242,39.772909],[-105.053242,39.77286],[-105.053242,39.772577],[-105.053242,39.771134],[-105.053242,39.770769],[-105.053241,39.770525],[-105.053241,39.769778],[-105.053241,39.769741],[-105.053241,39.769435],[-105.053241,39.769425],[-105.053241,39.769333],[-105.053241,39.769322],[-105.053241,39.768968],[-105.053241,39.768536],[-105.053242,39.767876],[-105.053242,39.767512],[-105.053242,39.767409],[-105.053242,39.767361],[-105.053242,39.767278],[-105.053242,39.76724],[-105.053242,39.766695],[-105.053242,39.766622],[-105.053243,39.765989],[-105.053243,39.765697],[-105.053243,39.764991],[-105.053243,39.764814],[-105.053243,39.764631],[-105.053243,39.764085],[-105.053244,39.763903],[-105.053244,39.76372],[-105.053244,39.763171],[-105.053244,39.762989],[-105.053244,39.762807],[-105.053244,39.762265],[-105.053244,39.762085],[-105.053244,39.761867],[-105.053244,39.761725],[-105.053244,39.761558],[-105.053243,39.761448],[-105.053242,39.760651],[-105.053242,39.760293],[-105.053241,39.759928],[-105.05324,39.758836],[-105.053239,39.758472],[-105.053239,39.758463],[-105.053239,39.758436],[-105.05324,39.758371],[-105.053239,39.758283],[-105.053239,39.758165],[-105.053238,39.757352],[-105.053238,39.757289],[-105.053238,39.757245],[-105.053238,39.756939],[-105.053236,39.755787],[-105.053236,39.755553],[-105.053235,39.754935],[-105.053234,39.754849],[-105.053231,39.753046],[-105.053231,39.752934],[-105.05323,39.752686],[-105.053228,39.751608],[-105.053228,39.751479],[-105.053227,39.751249],[-105.053227,39.75089],[-105.053224,39.749458],[-105.053221,39.748157],[-105.053221,39.74799],[-105.053221,39.747803],[-105.053221,39.747771],[-105.05322,39.747687],[-105.05322,39.747616],[-105.05322,39.747604],[-105.05322,39.747441],[-105.05322,39.74741],[-105.053215,39.745224],[-105.053215,39.745187],[-105.053214,39.744815],[-105.053214,39.744645],[-105.053212,39.743979],[-105.053212,39.743881],[-105.053211,39.743584],[-105.053211,39.743486],[-105.053211,39.743339],[-105.05321,39.742781],[-105.05321,39.742697],[-105.05321,39.742648],[-105.053209,39.742405],[-105.053209,39.742203],[-105.053205,39.740557],[-105.053205,39.740357],[-105.053206,39.740162],[-105.053206,39.740112],[-105.053207,39.739987],[-105.053215,39.738498],[-105.053221,39.737295],[-105.053222,39.737115],[-105.053223,39.73677],[-105.053224,39.736738],[-105.053225,39.736537],[-105.053227,39.736081],[-105.053228,39.735841],[-105.053229,39.735609],[-105.05323,39.735544],[-105.05323,39.735529],[-105.053231,39.735349],[-105.053231,39.735284],[-105.053231,39.735259],[-105.053232,39.735185],[-105.053232,39.735161],[-105.053232,39.735112],[-105.053233,39.734965],[-105.053235,39.734536],[-105.053235,39.734524],[-105.053236,39.734442],[-105.054154,39.734445],[-105.054422,39.734445],[-105.055053,39.734445],[-105.055572,39.734451],[-105.055594,39.734451],[-105.055589,39.733169],[-105.055539,39.733169],[-105.055011,39.73317],[-105.055013,39.733724],[-105.054977,39.733724],[-105.054676,39.733725],[-105.054675,39.733551],[-105.054426,39.733552],[-105.054426,39.733489],[-105.054425,39.733103],[-105.054398,39.733104],[-105.054164,39.733104],[-105.054113,39.733104],[-105.053884,39.733105],[-105.053852,39.733105],[-105.053664,39.733106],[-105.053242,39.733107],[-105.053242,39.733098],[-105.053245,39.731294],[-105.053248,39.729539],[-105.05325,39.728637],[-105.05325,39.728576],[-105.05325,39.728522],[-105.053252,39.727349],[-105.053252,39.727064],[-105.053252,39.726759],[-105.053253,39.726562],[-105.053253,39.726184],[-105.053254,39.72585],[-105.053254,39.725828],[-105.053254,39.7258],[-105.053254,39.725742],[-105.053259,39.72448],[-105.05326,39.724083],[-105.053264,39.723133],[-105.053266,39.722719],[-105.05327,39.721477],[-105.053272,39.721064],[-105.053272,39.720933],[-105.053274,39.720544],[-105.053274,39.720414],[-105.053276,39.720056],[-105.05328,39.719071],[-105.05328,39.718984],[-105.053281,39.718627],[-105.053281,39.718601],[-105.05328,39.718233],[-105.053273,39.715004],[-105.053272,39.714969],[-105.053269,39.713181],[-105.053268,39.712829],[-105.053265,39.711813],[-105.053265,39.71142],[-105.053264,39.711346],[-105.053257,39.710842],[-105.053248,39.7103],[-105.053241,39.709799],[-105.053255,39.709608],[-105.053257,39.709582],[-105.053261,39.70953],[-105.053261,39.709416],[-105.05326,39.70929],[-105.05326,39.709247],[-105.05326,39.709141],[-105.053259,39.708841],[-105.053259,39.708812],[-105.053259,39.70865],[-105.053259,39.708621],[-105.053258,39.708501],[-105.053258,39.708463],[-105.053257,39.707902],[-105.053257,39.707801],[-105.053257,39.707716],[-105.053256,39.707224],[-105.053253,39.705861],[-105.053253,39.705815],[-105.053252,39.705418],[-105.053251,39.70505],[-105.05325,39.704542],[-105.05325,39.704306],[-105.053249,39.704079],[-105.053249,39.703985],[-105.053247,39.703268],[-105.053247,39.703126],[-105.053246,39.702866],[-105.053246,39.702703],[-105.053245,39.702562],[-105.053245,39.702269],[-105.053242,39.70116],[-105.053241,39.700772],[-105.05324,39.700438],[-105.05324,39.700417],[-105.053239,39.699909],[-105.053237,39.699218],[-105.053236,39.699078],[-105.053231,39.69687],[-105.053231,39.69681],[-105.053231,39.696768],[-105.053232,39.694988],[-105.053233,39.693176],[-105.053233,39.692813],[-105.053234,39.691364],[-105.053234,39.690347],[-105.053234,39.689687],[-105.053234,39.689555],[-105.053234,39.689357],[-105.053235,39.688229],[-105.053235,39.687556],[-105.053235,39.687342],[-105.053235,39.685996],[-105.053235,39.685628],[-105.053235,39.685167],[-105.053235,39.683461],[-105.053235,39.682295],[-105.054281,39.682289],[-105.0572,39.682272],[-105.057265,39.682272],[-105.057547,39.68227],[-105.057763,39.682269],[-105.057794,39.682124],[-105.057797,39.68146],[-105.057798,39.681326],[-105.0578,39.680671],[-105.057803,39.679782],[-105.0578,39.679318],[-105.057794,39.678697],[-105.058125,39.678614],[-105.058617,39.678494],[-105.059254,39.678339],[-105.05948,39.67826],[-105.059851,39.678126],[-105.060234,39.67799],[-105.060335,39.677954],[-105.060617,39.67799],[-105.061006,39.678041],[-105.061312,39.678201],[-105.061395,39.678266],[-105.061843,39.678616],[-105.061877,39.678645],[-105.062088,39.678832],[-105.062652,39.679335],[-105.062648,39.675055],[-105.062551,39.675055],[-105.062622,39.675008],[-105.062082,39.67501],[-105.062024,39.67501],[-105.061524,39.675012],[-105.060617,39.675014],[-105.05971,39.675017],[-105.059052,39.675019],[-105.058901,39.67502],[-105.05836,39.675021],[-105.057258,39.675025],[-105.057152,39.675025],[-105.055751,39.675029],[-105.055685,39.67503],[-105.054746,39.675032],[-105.05391,39.675035],[-105.053255,39.675039],[-105.05329,39.673099],[-105.053289,39.673088],[-105.053236,39.667785],[-105.053256,39.667784],[-105.053388,39.667784],[-105.053784,39.667784],[-105.053916,39.667784],[-105.054106,39.667784],[-105.054676,39.667784],[-105.054866,39.667784],[-105.055072,39.667784],[-105.055128,39.667784],[-105.05647,39.667783],[-105.056594,39.667783],[-105.056932,39.667783],[-105.056995,39.667783],[-105.057974,39.667783],[-105.058071,39.667783],[-105.059005,39.667783],[-105.059032,39.667783],[-105.060109,39.667783],[-105.060541,39.667783],[-105.060823,39.667782],[-105.062558,39.667782],[-105.062612,39.667782],[-105.062962,39.667782],[-105.063161,39.667782],[-105.063202,39.667782],[-105.065111,39.667781],[-105.066558,39.667781],[-105.067306,39.667781],[-105.068508,39.66778],[-105.071451,39.667779],[-105.071964,39.667779],[-105.071991,39.667779],[-105.072003,39.669339],[-105.072201,39.669367],[-105.072537,39.669413],[-105.072568,39.669477],[-105.072646,39.669641],[-105.072691,39.669734],[-105.072716,39.669787],[-105.072728,39.669787],[-105.072815,39.669788],[-105.072853,39.669789],[-105.07306,39.669792],[-105.074466,39.670236],[-105.074935,39.670494],[-105.07527,39.670082],[-105.07589,39.669992],[-105.075983,39.669334],[-105.076094,39.669352],[-105.076664,39.669441],[-105.076668,39.669208],[-105.07667,39.669061],[-105.076949,39.669107],[-105.077284,39.669163],[-105.077543,39.669208],[-105.077897,39.66925],[-105.078157,39.669291],[-105.078551,39.669344],[-105.078555,39.669327],[-105.079213,39.66934],[-105.0792,39.669481],[-105.079185,39.66966],[-105.079183,39.669727],[-105.079486,39.669732],[-105.079565,39.66974],[-105.079762,39.669758],[-105.079837,39.669767],[-105.080031,39.669791],[-105.08029,39.669832],[-105.080548,39.669887],[-105.080803,39.669954],[-105.081093,39.670048],[-105.081266,39.670104],[-105.081348,39.670132],[-105.081365,39.670138],[-105.081365,39.670097],[-105.081367,39.66989],[-105.081379,39.668578],[-105.081386,39.667743],[-105.081387,39.667731],[-105.081392,39.665551],[-105.081393,39.66505],[-105.081393,39.66502],[-105.081393,39.664838],[-105.081394,39.66411],[-105.081394,39.663263],[-105.081394,39.662892],[-105.081393,39.662284],[-105.081393,39.662077],[-105.081393,39.662057],[-105.081228,39.662066],[-105.080239,39.662052],[-105.079983,39.662048],[-105.079789,39.662041],[-105.079717,39.662041],[-105.079611,39.662041],[-105.079163,39.662041],[-105.078876,39.661556],[-105.078803,39.661475],[-105.078752,39.661419],[-105.078703,39.661364],[-105.078301,39.660918],[-105.078285,39.660899],[-105.078159,39.660759],[-105.077361,39.66029],[-105.076677,39.659888],[-105.076677,39.659876],[-105.076677,39.659585],[-105.076676,39.659337],[-105.076676,39.659312],[-105.075461,39.659515],[-105.074342,39.659703],[-105.07238,39.659969],[-105.071984,39.660022],[-105.071973,39.660024],[-105.071973,39.659949],[-105.071971,39.659608],[-105.07149,39.659476],[-105.071404,39.659453],[-105.071359,39.659441],[-105.070067,39.659085],[-105.070015,39.659071],[-105.070087,39.657993],[-105.070141,39.657488],[-105.070146,39.657435],[-105.070166,39.657298],[-105.070157,39.657127],[-105.070144,39.656873],[-105.069341,39.656875],[-105.068559,39.656876],[-105.067288,39.656878],[-105.067287,39.656588],[-105.067285,39.655062],[-105.067284,39.654813],[-105.067282,39.653584],[-105.067282,39.653503],[-105.067282,39.653338],[-105.067283,39.653319],[-105.067288,39.653176],[-105.067289,39.653137],[-105.06729,39.65298],[-105.067291,39.652892],[-105.067291,39.652775],[-105.067289,39.652479],[-105.067905,39.652479],[-105.068035,39.652479],[-105.068047,39.652479],[-105.068047,39.652465],[-105.068048,39.652409],[-105.068051,39.652192],[-105.068218,39.65219],[-105.068723,39.651682],[-105.069076,39.651326],[-105.069126,39.651169],[-105.069614,39.650476],[-105.069696,39.65028],[-105.069808,39.650014],[-105.069945,39.650013],[-105.070834,39.650005],[-105.070834,39.649974],[-105.070838,39.64961],[-105.067733,39.649619],[-105.06398,39.64963],[-105.063926,39.64963],[-105.063905,39.64963],[-105.063885,39.650259],[-105.063884,39.65029],[-105.062692,39.650285],[-105.062692,39.650308],[-105.062673,39.650309],[-105.062666,39.650593],[-105.062654,39.651077],[-105.06265,39.651242],[-105.062643,39.651493],[-105.062595,39.651493],[-105.062577,39.651493],[-105.06258,39.651527],[-105.062505,39.651529],[-105.062136,39.651526],[-105.061897,39.651524],[-105.061895,39.651384],[-105.061894,39.65125],[-105.061173,39.651247],[-105.060669,39.651246],[-105.059393,39.651242],[-105.058546,39.651239],[-105.058222,39.651238],[-105.058219,39.651281],[-105.058206,39.651467],[-105.058205,39.65148],[-105.058174,39.65148],[-105.058025,39.651478],[-105.058041,39.652496],[-105.058047,39.652849],[-105.05789,39.652845],[-105.057404,39.652851],[-105.057227,39.652853],[-105.057138,39.652854],[-105.057015,39.652855],[-105.057012,39.652273],[-105.05701,39.652089],[-105.05701,39.651979],[-105.055206,39.651974],[-105.055111,39.651859],[-105.055002,39.651757],[-105.05499,39.651749],[-105.054968,39.651735],[-105.054872,39.651669],[-105.054714,39.651594],[-105.054599,39.651554],[-105.054337,39.651499],[-105.054195,39.651488],[-105.053704,39.651373],[-105.053696,39.651362],[-105.053636,39.651227],[-105.053605,39.651158],[-105.055655,39.651173],[-105.055654,39.651212],[-105.055653,39.651233],[-105.057041,39.651248],[-105.057043,39.651202],[-105.057072,39.650519],[-105.057085,39.650234],[-105.057108,39.649699],[-105.057126,39.649699],[-105.059884,39.649692],[-105.062504,39.649686],[-105.062536,39.649678],[-105.062617,39.649657],[-105.062704,39.649634],[-105.062756,39.649634],[-105.063195,39.649632],[-105.063195,39.649592],[-105.063201,39.648863],[-105.063223,39.645992],[-105.063539,39.645992],[-105.063749,39.645992],[-105.065494,39.645991],[-105.07004,39.645988],[-105.071921,39.645986],[-105.071957,39.645804],[-105.071988,39.645651],[-105.072035,39.645541],[-105.072075,39.645469],[-105.07216,39.645357],[-105.072263,39.645254],[-105.072322,39.645207],[-105.07245,39.645123],[-105.072592,39.645053],[-105.073785,39.64455],[-105.073873,39.644504],[-105.07396,39.644452],[-105.074039,39.644396],[-105.074114,39.644333],[-105.074243,39.644202],[-105.074348,39.644064],[-105.075573,39.642138],[-105.075649,39.641992],[-105.075687,39.641872],[-105.075697,39.641841],[-105.075716,39.641701],[-105.075717,39.641469],[-105.075724,39.641341],[-105.075778,39.641079],[-105.075831,39.640949],[-105.076437,39.63987],[-105.076481,39.639792],[-105.076522,39.639719],[-105.076589,39.639568],[-105.076637,39.639412],[-105.076665,39.639254],[-105.076675,39.639093],[-105.076664,39.638736],[-105.076664,39.638722],[-105.075346,39.638725],[-105.074349,39.638727],[-105.074255,39.638727],[-105.073985,39.638728],[-105.073274,39.638729],[-105.07328,39.637903],[-105.073283,39.637459],[-105.073289,39.636876],[-105.07329,39.63682],[-105.073285,39.636558],[-105.073346,39.636571],[-105.07419,39.636745],[-105.074773,39.636603],[-105.074794,39.636679],[-105.075222,39.636515],[-105.075346,39.636512],[-105.075826,39.636516],[-105.075918,39.636506],[-105.076428,39.63645],[-105.076552,39.636436],[-105.07704,39.636421],[-105.077147,39.636412],[-105.077688,39.636472],[-105.078217,39.636575],[-105.078867,39.636692],[-105.079007,39.636717],[-105.079243,39.636722],[-105.079448,39.636727],[-105.079731,39.63668],[-105.07995,39.636643],[-105.080118,39.636431],[-105.080168,39.636368],[-105.080294,39.636211],[-105.080616,39.636149],[-105.080855,39.636146],[-105.081281,39.636169],[-105.081469,39.63624],[-105.081518,39.63624],[-105.081651,39.63624],[-105.081684,39.63624],[-105.081679,39.636473],[-105.081679,39.636509],[-105.081674,39.636723],[-105.081667,39.637108],[-105.081662,39.637324],[-105.081646,39.638167],[-105.081636,39.638638],[-105.081636,39.63871],[-105.081719,39.63871],[-105.083592,39.638708],[-105.083735,39.638708],[-105.083749,39.638708],[-105.084414,39.638708],[-105.085383,39.638707],[-105.087804,39.638705],[-105.088352,39.638704],[-105.088493,39.638704],[-105.088508,39.638704],[-105.089074,39.638704],[-105.089422,39.638703],[-105.091102,39.638702],[-105.091106,39.637708],[-105.091111,39.636195],[-105.091115,39.635247],[-105.091115,39.635089],[-105.091183,39.635089],[-105.091671,39.635091],[-105.091908,39.635092],[-105.09241,39.635092],[-105.093485,39.635092],[-105.094506,39.635092],[-105.094787,39.635092],[-105.095552,39.63509],[-105.096663,39.635087],[-105.096799,39.635087],[-105.097325,39.635087],[-105.097855,39.635086],[-105.098025,39.635086],[-105.09843,39.635086],[-105.098526,39.635086],[-105.099002,39.635084],[-105.099288,39.635084],[-105.099553,39.635085],[-105.10024,39.635085],[-105.100423,39.635086],[-105.100529,39.635086],[-105.100542,39.635086],[-105.100641,39.635088],[-105.100774,39.635087],[-105.10266,39.635084],[-105.10495,39.63508],[-105.104968,39.63508],[-105.107977,39.635074],[-105.109558,39.635071],[-105.109875,39.635056],[-105.109914,39.635054],[-105.109921,39.634061],[-105.109921,39.634],[-105.109933,39.632201],[-105.109934,39.632108],[-105.109937,39.631546],[-105.109938,39.631448],[-105.109942,39.630797],[-105.109956,39.628724],[-105.109968,39.627089],[-105.109926,39.627089],[-105.109612,39.627089],[-105.108474,39.627085],[-105.10776,39.627083],[-105.107553,39.627082],[-105.107562,39.626469],[-105.107567,39.626041],[-105.107578,39.624357],[-105.107567,39.624272],[-105.107568,39.624215],[-105.105396,39.624213],[-105.091658,39.624201],[-105.091547,39.624201],[-105.091256,39.624201],[-105.091186,39.624201],[-105.091178,39.625158],[-105.091176,39.625412],[-105.091173,39.625873],[-105.091164,39.6269],[-105.090485,39.626908],[-105.090363,39.627091],[-105.089996,39.627091],[-105.089589,39.62709],[-105.088365,39.627088],[-105.087661,39.627087],[-105.087373,39.627087],[-105.087375,39.626463],[-105.087376,39.626052],[-105.087377,39.626043],[-105.087112,39.626049],[-105.087028,39.62605],[-105.085607,39.626081],[-105.085605,39.626261],[-105.085603,39.626465],[-105.085596,39.626882],[-105.085588,39.627521],[-105.085585,39.627784],[-105.08558,39.628155],[-105.085575,39.628501],[-105.085574,39.628534],[-105.085496,39.628534],[-105.083855,39.62853],[-105.083774,39.628529],[-105.083799,39.627581],[-105.083805,39.627379],[-105.083806,39.627321],[-105.083667,39.62732],[-105.081827,39.627316],[-105.081824,39.627568],[-105.081824,39.627624],[-105.081818,39.628225],[-105.081815,39.628453],[-105.081797,39.63015],[-105.081797,39.630224],[-105.081796,39.630234],[-105.08185,39.630234],[-105.082551,39.630237],[-105.083094,39.630238],[-105.08353,39.63024],[-105.083703,39.630241],[-105.083697,39.631324],[-105.083545,39.631324],[-105.081776,39.631333],[-105.081637,39.631329],[-105.08151,39.631325],[-105.081429,39.631322],[-105.080993,39.631308],[-105.080978,39.631308],[-105.080908,39.631305],[-105.080834,39.631117],[-105.080701,39.630779],[-105.080597,39.630505],[-105.080558,39.630399],[-105.080445,39.630094],[-105.080344,39.629838],[-105.080181,39.629419],[-105.079177,39.628325],[-105.077404,39.626392],[-105.077218,39.626189],[-105.077058,39.625997],[-105.076278,39.624962],[-105.075398,39.624486],[-105.074917,39.624227],[-105.076,39.624225],[-105.075818,39.62414],[-105.075473,39.623977],[-105.074706,39.623614],[-105.073559,39.623073],[-105.072432,39.6227],[-105.071113,39.622297],[-105.070105,39.621989],[-105.06833,39.621404],[-105.066404,39.620769],[-105.065602,39.620322],[-105.065323,39.620128],[-105.065025,39.619919],[-105.064909,39.619839],[-105.065041,39.619829],[-105.065079,39.619826],[-105.065079,39.619624],[-105.06508,39.619037],[-105.06508,39.61851],[-105.065165,39.61851],[-105.06569,39.61851],[-105.066283,39.618509],[-105.066327,39.618509],[-105.067118,39.618507],[-105.06776,39.618505],[-105.06804,39.618505],[-105.069235,39.618505],[-105.071134,39.618505],[-105.072275,39.61847],[-105.072488,39.618463],[-105.072844,39.618466],[-105.073663,39.618473],[-105.073833,39.618475],[-105.074328,39.618474],[-105.074536,39.618474],[-105.075296,39.618474],[-105.075521,39.618475],[-105.075828,39.618475],[-105.077157,39.618476],[-105.077646,39.618476],[-105.078564,39.618476],[-105.078799,39.618477],[-105.078847,39.618477],[-105.079811,39.618477],[-105.079941,39.618477],[-105.080094,39.618477],[-105.081594,39.618478],[-105.081846,39.618478],[-105.084563,39.618482],[-105.084674,39.618482],[-105.085609,39.618484],[-105.086026,39.618484],[-105.086133,39.618484],[-105.086671,39.618485],[-105.08745,39.618486],[-105.089863,39.618489],[-105.090364,39.618481],[-105.091244,39.618467],[-105.091351,39.618469],[-105.09159,39.618474],[-105.092723,39.618474],[-105.092768,39.618534],[-105.092839,39.618534],[-105.093071,39.618536],[-105.094803,39.618532],[-105.095268,39.618531],[-105.095372,39.618531],[-105.095981,39.618529],[-105.0967,39.618527],[-105.097008,39.618526],[-105.097009,39.618436],[-105.097027,39.618436],[-105.097027,39.617984],[-105.097027,39.617483],[-105.097026,39.616581],[-105.097026,39.616053],[-105.097026,39.616024],[-105.097026,39.614615],[-105.096911,39.614615],[-105.096855,39.614616],[-105.094749,39.614625],[-105.09472,39.614625],[-105.094466,39.614624],[-105.094033,39.614612],[-105.093601,39.614589],[-105.092837,39.614538],[-105.092466,39.614518],[-105.092068,39.614509],[-105.091641,39.614507],[-105.091404,39.614498],[-105.091285,39.614494],[-105.091285,39.614456],[-105.091286,39.614404],[-105.091286,39.614391],[-105.091257,39.614388],[-105.090956,39.614383],[-105.090871,39.614381],[-105.090583,39.614379],[-105.090386,39.614377],[-105.089655,39.614361],[-105.08528,39.614371],[-105.08425,39.614375],[-105.082754,39.614381],[-105.081894,39.614356],[-105.080497,39.614368],[-105.07848,39.614385],[-105.076548,39.614383],[-105.072836,39.61438],[-105.072526,39.614379],[-105.072474,39.614379],[-105.072034,39.61438],[-105.069921,39.614388],[-105.069315,39.614391],[-105.069155,39.614391],[-105.068072,39.614397],[-105.068002,39.614396],[-105.067714,39.614381],[-105.067541,39.614382],[-105.066148,39.614387],[-105.064526,39.614398],[-105.064182,39.614397],[-105.063884,39.614397],[-105.063697,39.614396],[-105.063054,39.614393],[-105.062634,39.614391],[-105.061526,39.614385],[-105.060699,39.614396],[-105.059176,39.614417],[-105.059078,39.614418],[-105.058153,39.614371],[-105.058088,39.614368],[-105.058089,39.614887],[-105.058091,39.617047],[-105.058085,39.617277],[-105.058081,39.617482],[-105.058009,39.61761],[-105.057118,39.619205],[-105.057057,39.619315],[-105.057003,39.619365],[-105.056899,39.619544],[-105.056811,39.619617],[-105.056796,39.619631],[-105.056628,39.61977],[-105.056436,39.61993],[-105.056364,39.61999],[-105.056356,39.619997],[-105.056252,39.620082],[-105.056922,39.620532],[-105.057139,39.620678],[-105.057031,39.620972],[-105.056994,39.621072],[-105.056082,39.621397],[-105.055145,39.62132],[-105.054225,39.621097],[-105.053781,39.62111],[-105.053518,39.621117],[-105.053519,39.620974],[-105.053553,39.617767],[-105.053555,39.617588],[-105.053559,39.61722],[-105.053562,39.61697],[-105.053562,39.616946],[-105.053572,39.615902],[-105.053572,39.615856],[-105.053587,39.614219],[-105.053589,39.613976],[-105.053589,39.613948],[-105.053618,39.610706],[-105.053625,39.60986],[-105.053626,39.609757],[-105.053627,39.609728],[-105.053627,39.609665],[-105.053628,39.60961],[-105.053633,39.609102],[-105.053636,39.608802],[-105.053638,39.608631],[-105.053643,39.608176],[-105.053657,39.606802],[-105.053668,39.605706],[-105.053687,39.603829],[-105.053701,39.602486],[-105.053715,39.600845],[-105.053716,39.600827],[-105.053717,39.600691],[-105.053734,39.598855],[-105.053737,39.598538],[-105.053755,39.59654],[-105.053766,39.595254],[-105.053767,39.595219],[-105.05379,39.593505],[-105.053798,39.592878],[-105.053802,39.592586],[-105.053803,39.59248],[-105.053811,39.591878],[-105.053821,39.591073],[-105.053822,39.590973],[-105.053824,39.590872],[-105.053824,39.590834],[-105.053828,39.590567],[-105.053834,39.590095],[-105.053845,39.589226],[-105.053846,39.589179],[-105.053847,39.589068],[-105.053847,39.589056],[-105.05385,39.588859],[-105.053856,39.588338],[-105.053864,39.587733],[-105.053866,39.587617],[-105.053868,39.587454],[-105.053868,39.587407],[-105.05387,39.5873],[-105.053871,39.587235],[-105.05392,39.583415],[-105.053935,39.582215],[-105.053936,39.582191],[-105.053936,39.582127],[-105.053952,39.580899],[-105.053954,39.580751],[-105.053954,39.580739],[-105.053954,39.580717],[-105.053961,39.580125],[-105.053998,39.576785],[-105.054009,39.575824],[-105.054013,39.575491],[-105.054021,39.574733],[-105.054026,39.574342],[-105.054036,39.573456],[-105.054045,39.572654],[-105.05406,39.571266],[-105.054065,39.570809],[-105.054086,39.568843],[-105.05409,39.568489],[-105.054098,39.567719],[-105.054101,39.567502],[-105.054105,39.567098],[-105.054107,39.566913],[-105.054115,39.566195],[-105.054075,39.566195],[-105.051756,39.566194],[-105.051383,39.566193],[-105.051389,39.566174],[-105.051416,39.566087],[-105.05142,39.566076],[-105.051461,39.565946],[-105.051538,39.565741],[-105.051697,39.565316],[-105.052266,39.564307],[-105.052539,39.563872],[-105.052798,39.5635],[-105.053015,39.563307],[-105.053172,39.563297],[-105.053626,39.563347],[-105.053941,39.563371],[-105.054301,39.563282],[-105.054552,39.563156],[-105.054675,39.56313],[-105.055146,39.563028],[-105.055768,39.562995],[-105.056431,39.562864],[-105.056842,39.562458],[-105.05686,39.562397],[-105.056864,39.562384],[-105.057298,39.562197],[-105.057335,39.562146],[-105.057645,39.56172],[-105.057679,39.561561],[-105.057704,39.561438],[-105.057792,39.561024],[-105.058128,39.560482],[-105.058228,39.560435],[-105.058404,39.560353],[-105.058494,39.560311],[-105.058616,39.560315],[-105.058749,39.560319],[-105.058912,39.560323],[-105.059299,39.560264],[-105.05987,39.560105],[-105.059887,39.560088],[-105.060083,39.559896],[-105.06016,39.559568],[-105.060084,39.5592],[-105.060078,39.559043],[-105.060074,39.55848],[-105.06022,39.558114],[-105.060398,39.557913],[-105.060676,39.557816],[-105.060697,39.557808],[-105.061007,39.557594],[-105.06113,39.557365],[-105.061168,39.557121],[-105.06119,39.556922],[-105.061196,39.556865],[-105.0612,39.556831],[-105.061265,39.556461],[-105.061345,39.556343],[-105.061621,39.556233],[-105.061965,39.55615],[-105.062261,39.556069],[-105.062527,39.556033],[-105.062652,39.556016],[-105.063072,39.555961],[-105.063469,39.555821],[-105.063828,39.555701],[-105.064009,39.555542],[-105.064197,39.555375],[-105.06423,39.555326],[-105.064243,39.555307],[-105.064293,39.555231],[-105.064299,39.555222],[-105.064335,39.555169],[-105.064272,39.554841],[-105.064136,39.554667],[-105.064057,39.554473],[-105.064053,39.554461],[-105.064179,39.55416],[-105.06419,39.554134],[-105.064407,39.553957],[-105.064614,39.553812],[-105.06471,39.553747],[-105.064918,39.553625],[-105.065293,39.553408],[-105.065727,39.553173],[-105.065754,39.553138],[-105.06601,39.552809],[-105.066071,39.552463],[-105.066108,39.552271],[-105.06612,39.55221],[-105.066267,39.551455],[-105.066433,39.55059],[-105.066586,39.550506],[-105.066993,39.550237],[-105.067473,39.549943],[-105.067587,39.549855],[-105.067977,39.549562],[-105.068284,39.54914],[-105.068521,39.548841],[-105.068566,39.548777],[-105.068865,39.5485],[-105.070043,39.548068],[-105.070207,39.547857],[-105.070333,39.547668],[-105.070665,39.547053],[-105.070963,39.54651],[-105.071154,39.546252],[-105.071233,39.546194],[-105.071285,39.546159],[-105.071376,39.5461],[-105.0715,39.546015],[-105.071665,39.545913],[-105.072628,39.545537],[-105.073102,39.545211],[-105.073254,39.545107],[-105.073373,39.544958],[-105.073471,39.544835],[-105.073812,39.544408],[-105.074022,39.543709],[-105.074162,39.543333],[-105.074302,39.543118],[-105.074165,39.542687],[-105.074166,39.542256],[-105.074583,39.541774],[-105.074724,39.541611],[-105.075211,39.541289],[-105.075558,39.541181],[-105.075836,39.540967],[-105.076324,39.540322],[-105.076673,39.539892],[-105.076743,39.539623],[-105.07675,39.539519],[-105.076778,39.539134],[-105.076788,39.538989],[-105.076816,39.5386],[-105.076818,39.538169],[-105.077436,39.537374],[-105.077443,39.537362],[-105.077453,39.537337],[-105.077656,39.536717],[-105.077657,39.536448],[-105.077518,39.536286],[-105.077242,39.536016],[-105.076896,39.5358],[-105.076619,39.535585],[-105.076412,39.535261],[-105.076414,39.534669],[-105.076072,39.533484],[-105.075935,39.532891],[-105.075936,39.532514],[-105.076078,39.531815],[-105.076512,39.531193],[-105.076566,39.531116],[-105.077477,39.528695],[-105.077548,39.52821],[-105.077549,39.527941],[-105.077342,39.527618],[-105.077205,39.52724],[-105.077205,39.527025],[-105.077345,39.526864],[-105.077484,39.526756],[-105.077761,39.526757],[-105.078317,39.526596],[-105.078734,39.526382],[-105.079082,39.52606],[-105.079223,39.52536],[-105.079296,39.524444],[-105.079204,39.523981],[-105.079204,39.523967],[-105.079161,39.523314],[-105.078955,39.522883],[-105.078947,39.522815],[-105.078922,39.522813],[-105.078767,39.522122],[-105.078727,39.521944],[-105.078717,39.521899],[-105.078753,39.52178],[-105.078765,39.521739],[-105.078847,39.521621],[-105.079055,39.521446],[-105.079104,39.521256],[-105.07909,39.520957],[-105.079072,39.52079],[-105.079055,39.52062],[-105.078955,39.520298],[-105.078937,39.520198],[-105.078971,39.520009],[-105.078991,39.519897],[-105.078995,39.519668],[-105.078914,39.519405],[-105.078605,39.519272],[-105.07859,39.519243],[-105.078469,39.519195],[-105.078334,39.519059],[-105.078151,39.518807],[-105.078081,39.518711],[-105.078007,39.518555],[-105.077979,39.5183],[-105.078009,39.51825],[-105.078035,39.518209],[-105.078245,39.518049],[-105.078286,39.518018],[-105.078395,39.517936],[-105.078482,39.517807],[-105.078501,39.517601],[-105.078519,39.517552],[-105.078562,39.517435],[-105.078817,39.516781],[-105.078728,39.516587],[-105.078565,39.516442],[-105.078398,39.516189],[-105.078385,39.516168],[-105.078343,39.516106],[-105.078304,39.515985],[-105.078203,39.515674],[-105.078194,39.515428],[-105.078078,39.514903],[-105.078069,39.514716],[-105.078083,39.514541],[-105.078089,39.514461],[-105.078251,39.514162],[-105.078316,39.513971],[-105.078336,39.513826],[-105.078323,39.513495],[-105.0784,39.513444],[-105.078617,39.513332],[-105.078766,39.513255],[-105.078848,39.513002],[-105.078719,39.512784],[-105.078334,39.512209],[-105.078266,39.512],[-105.078244,39.51179],[-105.07829,39.511601],[-105.07831,39.511522],[-105.078497,39.511182],[-105.078572,39.511071],[-105.078617,39.511005],[-105.078637,39.510974],[-105.078711,39.510865],[-105.078821,39.510736],[-105.078827,39.51072],[-105.078842,39.510681],[-105.078863,39.510623],[-105.078879,39.510581],[-105.078958,39.510352],[-105.079124,39.510176],[-105.079256,39.510089],[-105.079461,39.509942],[-105.079681,39.509831],[-105.080011,39.509889],[-105.080063,39.509956],[-105.080077,39.509974],[-105.080214,39.509992],[-105.080344,39.509894],[-105.081725,39.508843],[-105.081982,39.50858],[-105.082143,39.508399],[-105.082365,39.508215],[-105.082796,39.508027],[-105.08334,39.507734],[-105.083459,39.507658],[-105.083494,39.507636],[-105.08359,39.507492],[-105.083938,39.507008],[-105.084564,39.506524],[-105.085052,39.505825],[-105.085212,39.505377],[-105.085262,39.505233],[-105.085246,39.505099],[-105.085195,39.504694],[-105.085034,39.504338],[-105.084959,39.504171],[-105.084782,39.503778],[-105.084714,39.503509],[-105.084714,39.503348],[-105.084924,39.503025],[-105.08494,39.502807],[-105.084959,39.502561],[-105.084971,39.5024],[-105.084997,39.502056],[-105.084997,39.502013],[-105.084998,39.501733],[-105.085068,39.501463],[-105.085208,39.501141],[-105.085279,39.500818],[-105.085291,39.500785],[-105.085412,39.500461],[-105.085419,39.500441],[-105.085472,39.500406],[-105.086023,39.500042],[-105.086301,39.499719],[-105.086509,39.499342],[-105.086578,39.499073],[-105.086439,39.498696],[-105.086335,39.498533],[-105.086231,39.498373],[-105.086161,39.49805],[-105.086161,39.497987],[-105.086161,39.49775],[-105.086161,39.497727],[-105.086189,39.497705],[-105.0863,39.497619],[-105.086455,39.497529],[-105.086855,39.497296],[-105.086991,39.497169],[-105.08703,39.497133],[-105.087053,39.497112],[-105.087159,39.497012],[-105.087173,39.497],[-105.087202,39.496972],[-105.08721,39.496955],[-105.087392,39.49653],[-105.08741,39.496488],[-105.087353,39.496287],[-105.087271,39.496003],[-105.086924,39.495734],[-105.086439,39.495411],[-105.086161,39.494927],[-105.086161,39.494335],[-105.086401,39.493989],[-105.086562,39.493756],[-105.086646,39.493635],[-105.087142,39.493162],[-105.087362,39.492953],[-105.088119,39.492529],[-105.088735,39.492099],[-105.089461,39.491262],[-105.089689,39.491088],[-105.089839,39.490973],[-105.089896,39.49093],[-105.089961,39.490876],[-105.090196,39.490681],[-105.090406,39.490474],[-105.090601,39.490243],[-105.090661,39.490158],[-105.090761,39.490015],[-105.090809,39.489946],[-105.090929,39.489774],[-105.091137,39.48947],[-105.0913,39.489285],[-105.091613,39.488987],[-105.091966,39.488658],[-105.091986,39.488646],[-105.092445,39.488374],[-105.092806,39.4882],[-105.092965,39.488163],[-105.093085,39.488135],[-105.093338,39.488104],[-105.093375,39.488093],[-105.093669,39.487999],[-105.093876,39.487909],[-105.094031,39.487842]]],[[[-105.053458,39.626301],[-105.053475,39.624949],[-105.053482,39.624383],[-105.053484,39.624252],[-105.053495,39.624252],[-105.053939,39.62425],[-105.055232,39.624242],[-105.05583,39.624238],[-105.055818,39.625992],[-105.053439,39.627754],[-105.053454,39.626575],[-105.053458,39.626301]]],[[[-105.057219,39.631663],[-105.058528,39.633146],[-105.058869,39.633544],[-105.059375,39.634134],[-105.059591,39.634431],[-105.059838,39.634771],[-105.059204,39.638275],[-105.059116,39.63876],[-105.058815,39.638761],[-105.057391,39.638763],[-105.054632,39.638769],[-105.053458,39.638771],[-105.053343,39.638771],[-105.053351,39.637582],[-105.053357,39.636711],[-105.053364,39.635657],[-105.053366,39.63537],[-105.053368,39.63505],[-105.053369,39.63497],[-105.053369,39.634887],[-105.05337,39.634736],[-105.053379,39.633444],[-105.053383,39.632817],[-105.053389,39.631947],[-105.053392,39.631586],[-105.053392,39.631514],[-105.053405,39.630488],[-105.053417,39.629507],[-105.053417,39.629498],[-105.053419,39.629329],[-105.053442,39.629342],[-105.056988,39.631471],[-105.057115,39.631564],[-105.057219,39.631663]]],[[[-105.081482,39.635702],[-105.080864,39.635698],[-105.080835,39.635698],[-105.080837,39.635358],[-105.080824,39.635054],[-105.080823,39.635009],[-105.081495,39.635006],[-105.081495,39.635041],[-105.081484,39.635612],[-105.081482,39.635702]]],[[[-105.062659,39.652635],[-105.062661,39.652386],[-105.062661,39.652357],[-105.062666,39.651884],[-105.063611,39.651879],[-105.063606,39.652901],[-105.063539,39.652901],[-105.062655,39.652902],[-105.062659,39.652635]]],[[[-105.063897,39.653526],[-105.064714,39.653526],[-105.064715,39.653733],[-105.063898,39.653733],[-105.063898,39.653659],[-105.063897,39.653526]]]]}}]}